[{"path":"build.gradle","fileType":"other","lines":[{"lineNumber":1,"author":{"gitId":"-"},"content":"plugins {"},{"lineNumber":2,"author":{"gitId":"-"},"content":"    id \u0027java\u0027"},{"lineNumber":3,"author":{"gitId":"-"},"content":"    id \u0027application\u0027"},{"lineNumber":4,"author":{"gitId":"-"},"content":"    id \u0027checkstyle\u0027"},{"lineNumber":5,"author":{"gitId":"-"},"content":"    id \u0027com.github.johnrengelman.shadow\u0027 version \u00275.1.0\u0027"},{"lineNumber":6,"author":{"gitId":"-"},"content":"}"},{"lineNumber":7,"author":{"gitId":"-"},"content":""},{"lineNumber":8,"author":{"gitId":"-"},"content":"repositories {"},{"lineNumber":9,"author":{"gitId":"-"},"content":"    mavenCentral()"},{"lineNumber":10,"author":{"gitId":"-"},"content":"}"},{"lineNumber":11,"author":{"gitId":"-"},"content":""},{"lineNumber":12,"author":{"gitId":"-"},"content":"dependencies {"},{"lineNumber":13,"author":{"gitId":"-"},"content":"    testImplementation group: \u0027org.junit.jupiter\u0027, name: \u0027junit-jupiter-api\u0027, version: \u00275.5.0\u0027"},{"lineNumber":14,"author":{"gitId":"-"},"content":"    testRuntimeOnly group: \u0027org.junit.jupiter\u0027, name: \u0027junit-jupiter-engine\u0027, version: \u00275.5.0\u0027"},{"lineNumber":15,"author":{"gitId":"yanli1215"},"content":"    implementation group: \u0027com.googlecode.json-simple\u0027, name: \u0027json-simple\u0027, version: \u00271.1.1\u0027"},{"lineNumber":16,"author":{"gitId":"-"},"content":"}"},{"lineNumber":17,"author":{"gitId":"-"},"content":""},{"lineNumber":18,"author":{"gitId":"-"},"content":"test {"},{"lineNumber":19,"author":{"gitId":"-"},"content":"    useJUnitPlatform()"},{"lineNumber":20,"author":{"gitId":"-"},"content":""},{"lineNumber":21,"author":{"gitId":"-"},"content":"    testLogging {"},{"lineNumber":22,"author":{"gitId":"-"},"content":"        events \"passed\", \"skipped\", \"failed\""},{"lineNumber":23,"author":{"gitId":"-"},"content":""},{"lineNumber":24,"author":{"gitId":"-"},"content":"        showExceptions true"},{"lineNumber":25,"author":{"gitId":"-"},"content":"        exceptionFormat \"full\""},{"lineNumber":26,"author":{"gitId":"-"},"content":"        showCauses true"},{"lineNumber":27,"author":{"gitId":"-"},"content":"        showStackTraces true"},{"lineNumber":28,"author":{"gitId":"-"},"content":"        showStandardStreams \u003d false"},{"lineNumber":29,"author":{"gitId":"-"},"content":"    }"},{"lineNumber":30,"author":{"gitId":"-"},"content":"}"},{"lineNumber":31,"author":{"gitId":"-"},"content":""},{"lineNumber":32,"author":{"gitId":"-"},"content":"application {"},{"lineNumber":33,"author":{"gitId":"-"},"content":"    mainClassName \u003d \"seedu.duke.Duke\""},{"lineNumber":34,"author":{"gitId":"-"},"content":"}"},{"lineNumber":35,"author":{"gitId":"-"},"content":""},{"lineNumber":36,"author":{"gitId":"-"},"content":"shadowJar {"},{"lineNumber":37,"author":{"gitId":"-"},"content":"    archiveBaseName \u003d \"duke\""},{"lineNumber":38,"author":{"gitId":"-"},"content":"    archiveClassifier \u003d null"},{"lineNumber":39,"author":{"gitId":"-"},"content":"}"},{"lineNumber":40,"author":{"gitId":"-"},"content":""},{"lineNumber":41,"author":{"gitId":"-"},"content":"checkstyle {"},{"lineNumber":42,"author":{"gitId":"-"},"content":"    toolVersion \u003d \u00278.23\u0027"},{"lineNumber":43,"author":{"gitId":"-"},"content":"}"},{"lineNumber":44,"author":{"gitId":"-"},"content":""},{"lineNumber":45,"author":{"gitId":"-"},"content":"run{"},{"lineNumber":46,"author":{"gitId":"-"},"content":"    standardInput \u003d System.in"},{"lineNumber":47,"author":{"gitId":"-"},"content":"}"}],"authorContributionMap":{"yanli1215":1,"-":46}},{"path":"data/test.json","fileType":"other","lines":[{"lineNumber":1,"author":{"gitId":"yanli1215"},"content":"{"},{"lineNumber":2,"author":{"gitId":"yanli1215"},"content":"  \"account\": \"12312@gmail.com\","},{"lineNumber":3,"author":{"gitId":"yanli1215"},"content":"  \"password\": \"12312\","},{"lineNumber":4,"author":{"gitId":"yanli1215"},"content":"  \"inbox\":["},{"lineNumber":5,"author":{"gitId":"yanli1215"},"content":"    {\"from\": \"21312@gmail.com\","},{"lineNumber":6,"author":{"gitId":"yanli1215"},"content":"      \"to\":  \"12312@gmail.com\","},{"lineNumber":7,"author":{"gitId":"yanli1215"},"content":"      \"subject\":  \"This is subject 1\","},{"lineNumber":8,"author":{"gitId":"yanli1215"},"content":"      \"time\":  \"2020-4-23+01:00\","},{"lineNumber":9,"author":{"gitId":"yanli1215"},"content":"      \"content\": \"This is content for s1.\""},{"lineNumber":10,"author":{"gitId":"yanli1215"},"content":"    },"},{"lineNumber":11,"author":{"gitId":"yanli1215"},"content":"    {\"from\": \"21312@gmail.com\","},{"lineNumber":12,"author":{"gitId":"yanli1215"},"content":"      \"to\":  \"12312@gmail.com\","},{"lineNumber":13,"author":{"gitId":"yanli1215"},"content":"      \"subject\":  \"This is subject 2\","},{"lineNumber":14,"author":{"gitId":"yanli1215"},"content":"      \"time\":  \"2020-4-23+02:00\","},{"lineNumber":15,"author":{"gitId":"yanli1215"},"content":"      \"content\": \"This is content for s2.\""},{"lineNumber":16,"author":{"gitId":"yanli1215"},"content":"    }"},{"lineNumber":17,"author":{"gitId":"yanli1215"},"content":"  ],"},{"lineNumber":18,"author":{"gitId":"yanli1215"},"content":"  \"drafts\":["},{"lineNumber":19,"author":{"gitId":"yanli1215"},"content":"    {\"from\": \"21312@gmail.com\","},{"lineNumber":20,"author":{"gitId":"yanli1215"},"content":"      \"to\":  \"12312@gmail.com\","},{"lineNumber":21,"author":{"gitId":"yanli1215"},"content":"      \"subject\":  \"This is subject 3\","},{"lineNumber":22,"author":{"gitId":"yanli1215"},"content":"      \"time\":  \"2020-4-23+03:00\","},{"lineNumber":23,"author":{"gitId":"yanli1215"},"content":"      \"content\": \"This is content for s3.\""},{"lineNumber":24,"author":{"gitId":"yanli1215"},"content":"    },"},{"lineNumber":25,"author":{"gitId":"yanli1215"},"content":"    {\"from\": \"21312@gmail.com\","},{"lineNumber":26,"author":{"gitId":"yanli1215"},"content":"      \"to\":  \"12312@gmail.com\","},{"lineNumber":27,"author":{"gitId":"yanli1215"},"content":"      \"subject\":  \"This is subject 4\","},{"lineNumber":28,"author":{"gitId":"yanli1215"},"content":"      \"time\":  \"2020-4-23+04:00\","},{"lineNumber":29,"author":{"gitId":"yanli1215"},"content":"      \"content\": \"This is content for s4.\""},{"lineNumber":30,"author":{"gitId":"yanli1215"},"content":"    }"},{"lineNumber":31,"author":{"gitId":"yanli1215"},"content":"  ],"},{"lineNumber":32,"author":{"gitId":"yanli1215"},"content":"  \"archive\": ["},{"lineNumber":33,"author":{"gitId":"yanli1215"},"content":"    {\"from\": \"21312@gmail.com\","},{"lineNumber":34,"author":{"gitId":"yanli1215"},"content":"      \"to\":  \"12312@gmail.com\","},{"lineNumber":35,"author":{"gitId":"yanli1215"},"content":"      \"subject\":  \"This is subject 5\","},{"lineNumber":36,"author":{"gitId":"yanli1215"},"content":"      \"time\":  \"2020-4-23+05:00\","},{"lineNumber":37,"author":{"gitId":"yanli1215"},"content":"      \"content\": \"This is content for s5.\""},{"lineNumber":38,"author":{"gitId":"yanli1215"},"content":"    },"},{"lineNumber":39,"author":{"gitId":"yanli1215"},"content":"    {\"from\": \"21312@gmail.com\","},{"lineNumber":40,"author":{"gitId":"yanli1215"},"content":"      \"to\":  \"12312@gmail.com\","},{"lineNumber":41,"author":{"gitId":"yanli1215"},"content":"      \"subject\":  \"This is subject 6\","},{"lineNumber":42,"author":{"gitId":"yanli1215"},"content":"      \"time\":  \"2020-4-23+06:00\","},{"lineNumber":43,"author":{"gitId":"yanli1215"},"content":"      \"content\": \"This is content for s6.\""},{"lineNumber":44,"author":{"gitId":"yanli1215"},"content":"    }"},{"lineNumber":45,"author":{"gitId":"yanli1215"},"content":"  ],"},{"lineNumber":46,"author":{"gitId":"yanli1215"},"content":"  \"sent\": ["},{"lineNumber":47,"author":{"gitId":"yanli1215"},"content":"    {\"from\": \"12312@gmail.com\","},{"lineNumber":48,"author":{"gitId":"yanli1215"},"content":"      \"to\":  \"12332@gmail.com\","},{"lineNumber":49,"author":{"gitId":"yanli1215"},"content":"      \"subject\":  \"This is subject 7\","},{"lineNumber":50,"author":{"gitId":"yanli1215"},"content":"      \"time\":  \"2020-4-23+07:00\","},{"lineNumber":51,"author":{"gitId":"yanli1215"},"content":"      \"content\": \"This is content for s7.\""},{"lineNumber":52,"author":{"gitId":"yanli1215"},"content":"    },"},{"lineNumber":53,"author":{"gitId":"yanli1215"},"content":"    {\"from\": \"12312@gmail.com\","},{"lineNumber":54,"author":{"gitId":"yanli1215"},"content":"      \"to\":  \"11111@gmail.com\","},{"lineNumber":55,"author":{"gitId":"yanli1215"},"content":"      \"subject\":  \"This is subject 8\","},{"lineNumber":56,"author":{"gitId":"yanli1215"},"content":"      \"time\":  \"2020-4-23+08:00\","},{"lineNumber":57,"author":{"gitId":"yanli1215"},"content":"      \"content\": \"This is content for s8.\""},{"lineNumber":58,"author":{"gitId":"yanli1215"},"content":"    }"},{"lineNumber":59,"author":{"gitId":"yanli1215"},"content":"  ],"},{"lineNumber":60,"author":{"gitId":"yanli1215"},"content":"  \"deleted\": ["},{"lineNumber":61,"author":{"gitId":"yanli1215"},"content":"    {\"from\": \"21312@gmail.com\","},{"lineNumber":62,"author":{"gitId":"yanli1215"},"content":"      \"to\":  \"12312@gmail.com\","},{"lineNumber":63,"author":{"gitId":"yanli1215"},"content":"      \"subject\":  \"This is subject 9\","},{"lineNumber":64,"author":{"gitId":"yanli1215"},"content":"      \"time\":  \"2020-4-23+09:00\","},{"lineNumber":65,"author":{"gitId":"yanli1215"},"content":"      \"content\": \"This is content for s9.\""},{"lineNumber":66,"author":{"gitId":"yanli1215"},"content":"    },"},{"lineNumber":67,"author":{"gitId":"yanli1215"},"content":"    {\"from\": \"21312@gmail.com\","},{"lineNumber":68,"author":{"gitId":"yanli1215"},"content":"      \"to\":  \"12312@gmail.com\","},{"lineNumber":69,"author":{"gitId":"yanli1215"},"content":"      \"subject\":  \"This is subject 10\","},{"lineNumber":70,"author":{"gitId":"yanli1215"},"content":"      \"time\":  \"2020-4-23+10:00\","},{"lineNumber":71,"author":{"gitId":"yanli1215"},"content":"      \"content\": \"This is content for s1. \""},{"lineNumber":72,"author":{"gitId":"yanli1215"},"content":"    }"},{"lineNumber":73,"author":{"gitId":"yanli1215"},"content":"  ],"},{"lineNumber":74,"author":{"gitId":"yanli1215"},"content":"  \"junk\":["},{"lineNumber":75,"author":{"gitId":"yanli1215"},"content":"    {\"from\": \"21312@gmail.com\","},{"lineNumber":76,"author":{"gitId":"yanli1215"},"content":"      \"to\":  \"12312@gmail.com\","},{"lineNumber":77,"author":{"gitId":"yanli1215"},"content":"      \"subject\":  \"This is subject 11\","},{"lineNumber":78,"author":{"gitId":"yanli1215"},"content":"      \"time\":  \"2020-4-23+11:00\","},{"lineNumber":79,"author":{"gitId":"yanli1215"},"content":"      \"content\": \"This is content for s1. \""},{"lineNumber":80,"author":{"gitId":"yanli1215"},"content":"    }"},{"lineNumber":81,"author":{"gitId":"yanli1215"},"content":"  ]"},{"lineNumber":82,"author":{"gitId":"yanli1215"},"content":"}"},{"lineNumber":83,"author":{"gitId":"yanli1215"},"content":""},{"lineNumber":84,"author":{"gitId":"yanli1215"},"content":""}],"authorContributionMap":{"yanli1215":84}},{"path":"docs/AboutUs.md","fileType":"docs","lines":[{"lineNumber":1,"author":{"gitId":"-"},"content":"# About us"},{"lineNumber":2,"author":{"gitId":"-"},"content":""},{"lineNumber":3,"author":{"gitId":"-"},"content":"Display | Name | Github Profile | Portfolio "},{"lineNumber":4,"author":{"gitId":"-"},"content":"--------|:----:|:--------------:|:---------:"},{"lineNumber":5,"author":{"gitId":"-"},"content":"![](https://via.placeholder.com/100.png?text\u003dPhoto) | Chi Hui | [Github](https://github.com/chihui8199) | [Portfolio](docs/team/johndoe.md)"},{"lineNumber":6,"author":{"gitId":"-"},"content":"![](https://via.placeholder.com/100.png?text\u003dPhoto) | Liu Yanli | [Github](https://github.com/yanli1215) | [Portfolio](docs/team/johndoe.md)"},{"lineNumber":7,"author":{"gitId":"FarmZH98"},"content":"![](https://via.placeholder.com/100.png?text\u003dPhoto) | Farm Zheng Hao | [Github](https://github.com/FarmZH98) | [Portfolio](docs/team/johndoe.md)"},{"lineNumber":8,"author":{"gitId":"jalvinchan"},"content":"![](https://via.placeholder.com/100.png?text\u003dPhoto) | Jalvin Chan Jia Xiang | [Github](https://github.com/jalvinchan) | [Portfolio](docs/team/johndoe.md)"},{"lineNumber":9,"author":{"gitId":"-"},"content":"![](https://via.placeholder.com/100.png?text\u003dPhoto) | Don Roe | [Github](https://github.com/) | [Portfolio](docs/team/johndoe.md)"}],"authorContributionMap":{"FarmZH98":1,"jalvinchan":1,"-":7}},{"path":"src/main/java/seedu/duke/Duke.java","fileType":"functional-code","lines":[{"lineNumber":1,"author":{"gitId":"-"},"content":"package seedu.duke;"},{"lineNumber":2,"author":{"gitId":"-"},"content":""},{"lineNumber":3,"author":{"gitId":"yanli1215"},"content":"import org.json.simple.parser.ParseException;"},{"lineNumber":4,"author":{"gitId":"yanli1215"},"content":""},{"lineNumber":5,"author":{"gitId":"yanli1215"},"content":"import java.io.IOException;"},{"lineNumber":6,"author":{"gitId":"-"},"content":""},{"lineNumber":7,"author":{"gitId":"-"},"content":"public class Duke {"},{"lineNumber":8,"author":{"gitId":"-"},"content":"    /**"},{"lineNumber":9,"author":{"gitId":"-"},"content":"     * Main entry-point for the java.duke.Duke application."},{"lineNumber":10,"author":{"gitId":"-"},"content":"     */"},{"lineNumber":11,"author":{"gitId":"jalvinchan"},"content":""},{"lineNumber":12,"author":{"gitId":"yanli1215"},"content":"    private static Ui ui;"},{"lineNumber":13,"author":{"gitId":"yanli1215"},"content":"    private static EmailManager emails;"},{"lineNumber":14,"author":{"gitId":"yanli1215"},"content":"    private static Parser p;"},{"lineNumber":15,"author":{"gitId":"yanli1215"},"content":"    private Storage storage;"},{"lineNumber":16,"author":{"gitId":"jalvinchan"},"content":""},{"lineNumber":17,"author":{"gitId":"yanli1215"},"content":"    public Duke(String filePath) {"},{"lineNumber":18,"author":{"gitId":"yanli1215"},"content":"        ui \u003d new Ui();"},{"lineNumber":19,"author":{"gitId":"yanli1215"},"content":"        storage \u003d new Storage(filePath);"},{"lineNumber":20,"author":{"gitId":"yanli1215"},"content":"        try {"},{"lineNumber":21,"author":{"gitId":"yanli1215"},"content":"            emails \u003d new EmailManager(storage.load());"},{"lineNumber":22,"author":{"gitId":"yanli1215"},"content":"        } catch (IOException e) {"},{"lineNumber":23,"author":{"gitId":"yanli1215"},"content":"            emails \u003d new EmailManager();"},{"lineNumber":24,"author":{"gitId":"yanli1215"},"content":"            e.printStackTrace();"},{"lineNumber":25,"author":{"gitId":"yanli1215"},"content":"        } catch (ParseException e) {"},{"lineNumber":26,"author":{"gitId":"yanli1215"},"content":"            emails \u003d new EmailManager();"},{"lineNumber":27,"author":{"gitId":"yanli1215"},"content":"            e.printStackTrace();"},{"lineNumber":28,"author":{"gitId":"yanli1215"},"content":"        }"},{"lineNumber":29,"author":{"gitId":"yanli1215"},"content":"        p \u003d new Parser();"},{"lineNumber":30,"author":{"gitId":"yanli1215"},"content":"    }"},{"lineNumber":31,"author":{"gitId":"jalvinchan"},"content":""},{"lineNumber":32,"author":{"gitId":"yanli1215"},"content":"    public void run() {"},{"lineNumber":33,"author":{"gitId":"Chihui8199"},"content":"        ui.printMenu();"},{"lineNumber":34,"author":{"gitId":"jalvinchan"},"content":"        while (true) {"},{"lineNumber":35,"author":{"gitId":"yanli1215"},"content":"            String userCommand \u003d ui.getUserInput();"},{"lineNumber":36,"author":{"gitId":"yanli1215"},"content":"            p.parse(userCommand.trim());"},{"lineNumber":37,"author":{"gitId":"yanli1215"},"content":"            p.getCmd().execute(emails, ui, storage);"},{"lineNumber":38,"author":{"gitId":"jalvinchan"},"content":"        }"},{"lineNumber":39,"author":{"gitId":"jalvinchan"},"content":"    }"},{"lineNumber":40,"author":{"gitId":"jalvinchan"},"content":""},{"lineNumber":41,"author":{"gitId":"-"},"content":"    public static void main(String[] args) {"},{"lineNumber":42,"author":{"gitId":"yanli1215"},"content":"        new Duke(\"test.json\").run();"},{"lineNumber":43,"author":{"gitId":"-"},"content":"    }"},{"lineNumber":44,"author":{"gitId":"-"},"content":"}"},{"lineNumber":45,"author":{"gitId":"jalvinchan"},"content":""},{"lineNumber":46,"author":{"gitId":"jalvinchan"},"content":""}],"authorContributionMap":{"Chihui8199":1,"jalvinchan":9,"yanli1215":26,"-":10}},{"path":"src/main/java/seedu/duke/EmailManager.java","fileType":"functional-code","lines":[{"lineNumber":1,"author":{"gitId":"Chihui8199"},"content":"package seedu.duke;"},{"lineNumber":2,"author":{"gitId":"Chihui8199"},"content":""},{"lineNumber":3,"author":{"gitId":"Chihui8199"},"content":"import seedu.duke.email.*;"},{"lineNumber":4,"author":{"gitId":"yanli1215"},"content":""},{"lineNumber":5,"author":{"gitId":"jalvinchan"},"content":"import java.util.ArrayList;"},{"lineNumber":6,"author":{"gitId":"jalvinchan"},"content":""},{"lineNumber":7,"author":{"gitId":"Chihui8199"},"content":"public class EmailManager {"},{"lineNumber":8,"author":{"gitId":"Chihui8199"},"content":"    private static ArrayList\u003cEmail\u003e emailsList \u003d new ArrayList\u003c\u003e();"},{"lineNumber":9,"author":{"gitId":"yanli1215"},"content":""},{"lineNumber":10,"author":{"gitId":"Chihui8199"},"content":""},{"lineNumber":11,"author":{"gitId":"Chihui8199"},"content":"    public EmailManager(ArrayList\u003cEmail\u003e emailsList) {"},{"lineNumber":12,"author":{"gitId":"Chihui8199"},"content":"        this.emailsList \u003d emailsList;"},{"lineNumber":13,"author":{"gitId":"yanli1215"},"content":"    }"},{"lineNumber":14,"author":{"gitId":"jalvinchan"},"content":""},{"lineNumber":15,"author":{"gitId":"yanli1215"},"content":"    public EmailManager() {"},{"lineNumber":16,"author":{"gitId":"Chihui8199"},"content":"        this.emailsList \u003d new ArrayList\u003c\u003e();"},{"lineNumber":17,"author":{"gitId":"yanli1215"},"content":"    }"},{"lineNumber":18,"author":{"gitId":"yanli1215"},"content":""},{"lineNumber":19,"author":{"gitId":"Chihui8199"},"content":"    public void printEmailByType(ArrayList emailTypeToPrint) {"},{"lineNumber":20,"author":{"gitId":"Chihui8199"},"content":"        for (int i \u003d 0; i \u003c emailTypeToPrint.size(); i++) {"},{"lineNumber":21,"author":{"gitId":"Chihui8199"},"content":"            System.out.println(i + 1 + \". \" + emailTypeToPrint.get(i));"},{"lineNumber":22,"author":{"gitId":"yanli1215"},"content":"            System.out.println(\"\\n\");"},{"lineNumber":23,"author":{"gitId":"yanli1215"},"content":"        }"},{"lineNumber":24,"author":{"gitId":"Chihui8199"},"content":"        System.out.println(\"Enter Command: \");"},{"lineNumber":25,"author":{"gitId":"yanli1215"},"content":"    }"},{"lineNumber":26,"author":{"gitId":"Chihui8199"},"content":""},{"lineNumber":27,"author":{"gitId":"Chihui8199"},"content":"    public static ArrayList\u003cEmail\u003e getArchivedEmails() {"},{"lineNumber":28,"author":{"gitId":"Chihui8199"},"content":"        ArrayList\u003cEmail\u003e archivesList \u003d new ArrayList\u003c\u003e();"},{"lineNumber":29,"author":{"gitId":"Chihui8199"},"content":"        for (Email email : emailsList) {"},{"lineNumber":30,"author":{"gitId":"Chihui8199"},"content":"            if (email instanceof Archive) {"},{"lineNumber":31,"author":{"gitId":"Chihui8199"},"content":"                archivesList.add(email);"},{"lineNumber":32,"author":{"gitId":"Chihui8199"},"content":"            }"},{"lineNumber":33,"author":{"gitId":"Chihui8199"},"content":"        }"},{"lineNumber":34,"author":{"gitId":"Chihui8199"},"content":"        return archivesList;"},{"lineNumber":35,"author":{"gitId":"Chihui8199"},"content":"    }"},{"lineNumber":36,"author":{"gitId":"Chihui8199"},"content":""},{"lineNumber":37,"author":{"gitId":"Chihui8199"},"content":"    public static ArrayList\u003cEmail\u003e getDeletedEmails() {"},{"lineNumber":38,"author":{"gitId":"Chihui8199"},"content":"        ArrayList\u003cEmail\u003e deletedList \u003d new ArrayList\u003c\u003e();"},{"lineNumber":39,"author":{"gitId":"Chihui8199"},"content":"        for (Email email : emailsList) {"},{"lineNumber":40,"author":{"gitId":"Chihui8199"},"content":"            if (email instanceof Deleted) {"},{"lineNumber":41,"author":{"gitId":"Chihui8199"},"content":"                deletedList.add(email);"},{"lineNumber":42,"author":{"gitId":"Chihui8199"},"content":"            }"},{"lineNumber":43,"author":{"gitId":"Chihui8199"},"content":"        }"},{"lineNumber":44,"author":{"gitId":"Chihui8199"},"content":"        return deletedList;"},{"lineNumber":45,"author":{"gitId":"Chihui8199"},"content":"    }"},{"lineNumber":46,"author":{"gitId":"Chihui8199"},"content":""},{"lineNumber":47,"author":{"gitId":"Chihui8199"},"content":"    public static ArrayList\u003cEmail\u003e getDraftEmails() {"},{"lineNumber":48,"author":{"gitId":"Chihui8199"},"content":"        ArrayList\u003cEmail\u003e draftsList \u003d new ArrayList\u003c\u003e();"},{"lineNumber":49,"author":{"gitId":"Chihui8199"},"content":"        for (Email email : emailsList) {"},{"lineNumber":50,"author":{"gitId":"Chihui8199"},"content":"            if (email instanceof Draft) {"},{"lineNumber":51,"author":{"gitId":"Chihui8199"},"content":"                draftsList.add(email);"},{"lineNumber":52,"author":{"gitId":"Chihui8199"},"content":"            }"},{"lineNumber":53,"author":{"gitId":"Chihui8199"},"content":"        }"},{"lineNumber":54,"author":{"gitId":"Chihui8199"},"content":"        return draftsList;"},{"lineNumber":55,"author":{"gitId":"Chihui8199"},"content":"    }"},{"lineNumber":56,"author":{"gitId":"Chihui8199"},"content":""},{"lineNumber":57,"author":{"gitId":"Chihui8199"},"content":"    public static ArrayList\u003cEmail\u003e getInboxEmails() {"},{"lineNumber":58,"author":{"gitId":"Chihui8199"},"content":"        ArrayList\u003cEmail\u003e inboxList \u003d new ArrayList\u003c\u003e();"},{"lineNumber":59,"author":{"gitId":"Chihui8199"},"content":"        for (Email email : emailsList) {"},{"lineNumber":60,"author":{"gitId":"Chihui8199"},"content":"            if (email instanceof Inbox) {"},{"lineNumber":61,"author":{"gitId":"Chihui8199"},"content":"                inboxList.add(email);"},{"lineNumber":62,"author":{"gitId":"Chihui8199"},"content":"            }"},{"lineNumber":63,"author":{"gitId":"Chihui8199"},"content":"        }"},{"lineNumber":64,"author":{"gitId":"Chihui8199"},"content":"        return inboxList;"},{"lineNumber":65,"author":{"gitId":"Chihui8199"},"content":"    }"},{"lineNumber":66,"author":{"gitId":"Chihui8199"},"content":""},{"lineNumber":67,"author":{"gitId":"Chihui8199"},"content":"    public static ArrayList\u003cEmail\u003e getJunkEmails() {"},{"lineNumber":68,"author":{"gitId":"Chihui8199"},"content":"        ArrayList\u003cEmail\u003e junkList \u003d new ArrayList\u003c\u003e();"},{"lineNumber":69,"author":{"gitId":"Chihui8199"},"content":"        for (Email email : emailsList) {"},{"lineNumber":70,"author":{"gitId":"Chihui8199"},"content":"            if (email instanceof Junk) {"},{"lineNumber":71,"author":{"gitId":"Chihui8199"},"content":"                junkList.add(email);"},{"lineNumber":72,"author":{"gitId":"Chihui8199"},"content":"            }"},{"lineNumber":73,"author":{"gitId":"Chihui8199"},"content":"        }"},{"lineNumber":74,"author":{"gitId":"Chihui8199"},"content":"        return junkList;"},{"lineNumber":75,"author":{"gitId":"Chihui8199"},"content":"    }"},{"lineNumber":76,"author":{"gitId":"Chihui8199"},"content":""},{"lineNumber":77,"author":{"gitId":"Chihui8199"},"content":"    public static ArrayList\u003cEmail\u003e getSentEmails() {"},{"lineNumber":78,"author":{"gitId":"Chihui8199"},"content":"        ArrayList\u003cEmail\u003e sentList \u003d new ArrayList\u003c\u003e();"},{"lineNumber":79,"author":{"gitId":"Chihui8199"},"content":"        for (Email email : emailsList) {"},{"lineNumber":80,"author":{"gitId":"Chihui8199"},"content":"            if (email instanceof Sent) {"},{"lineNumber":81,"author":{"gitId":"Chihui8199"},"content":"                sentList.add(email);"},{"lineNumber":82,"author":{"gitId":"Chihui8199"},"content":"            }"},{"lineNumber":83,"author":{"gitId":"Chihui8199"},"content":"        }"},{"lineNumber":84,"author":{"gitId":"Chihui8199"},"content":"        return sentList;"},{"lineNumber":85,"author":{"gitId":"Chihui8199"},"content":"    }"},{"lineNumber":86,"author":{"gitId":"Chihui8199"},"content":""},{"lineNumber":87,"author":{"gitId":"Chihui8199"},"content":"    public static ArrayList\u003cEmail\u003e getAllEmails() {"},{"lineNumber":88,"author":{"gitId":"Chihui8199"},"content":"        return emailsList;"},{"lineNumber":89,"author":{"gitId":"Chihui8199"},"content":"    }"},{"lineNumber":90,"author":{"gitId":"Chihui8199"},"content":"}"}],"authorContributionMap":{"Chihui8199":78,"jalvinchan":3,"yanli1215":9}},{"path":"src/main/java/seedu/duke/Exception.java","fileType":"functional-code","lines":[{"lineNumber":1,"author":{"gitId":"Chihui8199"},"content":"package seedu.duke;"},{"lineNumber":2,"author":{"gitId":"Chihui8199"},"content":""},{"lineNumber":3,"author":{"gitId":"Chihui8199"},"content":"public class Exception {"},{"lineNumber":4,"author":{"gitId":"Chihui8199"},"content":"}"}],"authorContributionMap":{"Chihui8199":4}},{"path":"src/main/java/seedu/duke/Parser.java","fileType":"functional-code","lines":[{"lineNumber":1,"author":{"gitId":"Chihui8199"},"content":"package seedu.duke;"},{"lineNumber":2,"author":{"gitId":"Chihui8199"},"content":""},{"lineNumber":3,"author":{"gitId":"yanli1215"},"content":"import seedu.duke.command.Command;"},{"lineNumber":4,"author":{"gitId":"yanli1215"},"content":"import seedu.duke.command.ExitCommand;"},{"lineNumber":5,"author":{"gitId":"Chihui8199"},"content":"import seedu.duke.command.HelpCommand;"},{"lineNumber":6,"author":{"gitId":"yanli1215"},"content":"import seedu.duke.command.ListCommand;"},{"lineNumber":7,"author":{"gitId":"Chihui8199"},"content":"import seedu.duke.email.Email;"},{"lineNumber":8,"author":{"gitId":"Chihui8199"},"content":""},{"lineNumber":9,"author":{"gitId":"Chihui8199"},"content":"import java.util.ArrayList;"},{"lineNumber":10,"author":{"gitId":"yanli1215"},"content":""},{"lineNumber":11,"author":{"gitId":"Chihui8199"},"content":"public class Parser {"},{"lineNumber":12,"author":{"gitId":"yanli1215"},"content":"    private Command cmd;"},{"lineNumber":13,"author":{"gitId":"Chihui8199"},"content":"    private static EmailManager emailManager;"},{"lineNumber":14,"author":{"gitId":"yanli1215"},"content":""},{"lineNumber":15,"author":{"gitId":"yanli1215"},"content":"    public Parser() {"},{"lineNumber":16,"author":{"gitId":"yanli1215"},"content":"        cmd \u003d null;"},{"lineNumber":17,"author":{"gitId":"yanli1215"},"content":"    }"},{"lineNumber":18,"author":{"gitId":"yanli1215"},"content":""},{"lineNumber":19,"author":{"gitId":"Chihui8199"},"content":"    public static ArrayList\u003cEmail\u003e getTypeToList(String userInput) {"},{"lineNumber":20,"author":{"gitId":"Chihui8199"},"content":"        String emailType \u003d userInput.replaceAll(\"list\", \"\").strip();"},{"lineNumber":21,"author":{"gitId":"Chihui8199"},"content":"        ArrayList emailsToPrint \u003d null;"},{"lineNumber":22,"author":{"gitId":"Chihui8199"},"content":"        switch (emailType) {"},{"lineNumber":23,"author":{"gitId":"Chihui8199"},"content":"        case (\"emails\"):"},{"lineNumber":24,"author":{"gitId":"Chihui8199"},"content":"            emailsToPrint \u003d emailManager.getAllEmails();"},{"lineNumber":25,"author":{"gitId":"Chihui8199"},"content":"            break;"},{"lineNumber":26,"author":{"gitId":"Chihui8199"},"content":"        case (\"archive\"):"},{"lineNumber":27,"author":{"gitId":"Chihui8199"},"content":"            emailsToPrint \u003d emailManager.getArchivedEmails();"},{"lineNumber":28,"author":{"gitId":"Chihui8199"},"content":"            break;"},{"lineNumber":29,"author":{"gitId":"Chihui8199"},"content":"        case (\"deleted\"):"},{"lineNumber":30,"author":{"gitId":"Chihui8199"},"content":"            emailsToPrint \u003d emailManager.getDeletedEmails();"},{"lineNumber":31,"author":{"gitId":"Chihui8199"},"content":"            break;"},{"lineNumber":32,"author":{"gitId":"Chihui8199"},"content":"        case (\"draft\"):"},{"lineNumber":33,"author":{"gitId":"Chihui8199"},"content":"            emailsToPrint \u003d emailManager.getDraftEmails();"},{"lineNumber":34,"author":{"gitId":"Chihui8199"},"content":"            break;"},{"lineNumber":35,"author":{"gitId":"Chihui8199"},"content":"        case (\"inbox\"):"},{"lineNumber":36,"author":{"gitId":"Chihui8199"},"content":"            emailsToPrint \u003d emailManager.getInboxEmails();"},{"lineNumber":37,"author":{"gitId":"Chihui8199"},"content":"            break;"},{"lineNumber":38,"author":{"gitId":"Chihui8199"},"content":"        case (\"junk\"):"},{"lineNumber":39,"author":{"gitId":"Chihui8199"},"content":"            emailsToPrint \u003d emailManager.getJunkEmails();"},{"lineNumber":40,"author":{"gitId":"Chihui8199"},"content":"            break;"},{"lineNumber":41,"author":{"gitId":"Chihui8199"},"content":"        case (\"sent\"):"},{"lineNumber":42,"author":{"gitId":"Chihui8199"},"content":"            emailsToPrint \u003d emailManager.getSentEmails();"},{"lineNumber":43,"author":{"gitId":"Chihui8199"},"content":"            break;"},{"lineNumber":44,"author":{"gitId":"Chihui8199"},"content":"        }"},{"lineNumber":45,"author":{"gitId":"Chihui8199"},"content":"        return emailsToPrint;"},{"lineNumber":46,"author":{"gitId":"Chihui8199"},"content":"    }"},{"lineNumber":47,"author":{"gitId":"Chihui8199"},"content":""},{"lineNumber":48,"author":{"gitId":"Chihui8199"},"content":"    public Command getCmd() {"},{"lineNumber":49,"author":{"gitId":"Chihui8199"},"content":"        return cmd;"},{"lineNumber":50,"author":{"gitId":"Chihui8199"},"content":"    }"},{"lineNumber":51,"author":{"gitId":"Chihui8199"},"content":""},{"lineNumber":52,"author":{"gitId":"yanli1215"},"content":"    public void parse(String userInputString) {"},{"lineNumber":53,"author":{"gitId":"Chihui8199"},"content":"        if (userInputString.toLowerCase().contains(\"list\")) {"},{"lineNumber":54,"author":{"gitId":"yanli1215"},"content":"            cmd \u003d new ListCommand(userInputString);"},{"lineNumber":55,"author":{"gitId":"Chihui8199"},"content":"        } else if (userInputString.equalsIgnoreCase(\"BYE\")) {"},{"lineNumber":56,"author":{"gitId":"yanli1215"},"content":"            cmd \u003d new ExitCommand(userInputString);"},{"lineNumber":57,"author":{"gitId":"Chihui8199"},"content":"        } else if (userInputString.equalsIgnoreCase(\"HELP\")) {"},{"lineNumber":58,"author":{"gitId":"Chihui8199"},"content":"            cmd \u003d new HelpCommand(userInputString);"},{"lineNumber":59,"author":{"gitId":"yanli1215"},"content":"        } else {"},{"lineNumber":60,"author":{"gitId":"yanli1215"},"content":"            cmd \u003d null;"},{"lineNumber":61,"author":{"gitId":"yanli1215"},"content":"        }"},{"lineNumber":62,"author":{"gitId":"jalvinchan"},"content":"    }"},{"lineNumber":63,"author":{"gitId":"Chihui8199"},"content":"}"}],"authorContributionMap":{"Chihui8199":46,"jalvinchan":1,"yanli1215":16}},{"path":"src/main/java/seedu/duke/Storage.java","fileType":"functional-code","lines":[{"lineNumber":1,"author":{"gitId":"Chihui8199"},"content":"package seedu.duke;"},{"lineNumber":2,"author":{"gitId":"Chihui8199"},"content":""},{"lineNumber":3,"author":{"gitId":"yanli1215"},"content":"import java.io.File;"},{"lineNumber":4,"author":{"gitId":"yanli1215"},"content":"import java.io.FileNotFoundException;"},{"lineNumber":5,"author":{"gitId":"yanli1215"},"content":"import java.io.FileReader;"},{"lineNumber":6,"author":{"gitId":"yanli1215"},"content":"import java.io.IOException;"},{"lineNumber":7,"author":{"gitId":"yanli1215"},"content":"import java.nio.file.Files;"},{"lineNumber":8,"author":{"gitId":"yanli1215"},"content":"import java.nio.file.Path;"},{"lineNumber":9,"author":{"gitId":"yanli1215"},"content":"import java.nio.file.Paths;"},{"lineNumber":10,"author":{"gitId":"yanli1215"},"content":"import java.util.ArrayList;"},{"lineNumber":11,"author":{"gitId":"yanli1215"},"content":"import java.util.Iterator;"},{"lineNumber":12,"author":{"gitId":"yanli1215"},"content":"import java.util.Map;"},{"lineNumber":13,"author":{"gitId":"yanli1215"},"content":""},{"lineNumber":14,"author":{"gitId":"yanli1215"},"content":"import org.json.simple.JSONArray;"},{"lineNumber":15,"author":{"gitId":"yanli1215"},"content":"import org.json.simple.JSONObject;"},{"lineNumber":16,"author":{"gitId":"yanli1215"},"content":"import org.json.simple.parser.JSONParser;"},{"lineNumber":17,"author":{"gitId":"yanli1215"},"content":"import org.json.simple.parser.ParseException;"},{"lineNumber":18,"author":{"gitId":"yanli1215"},"content":""},{"lineNumber":19,"author":{"gitId":"yanli1215"},"content":"import seedu.duke.email.Email;"},{"lineNumber":20,"author":{"gitId":"yanli1215"},"content":"import seedu.duke.email.Archive;"},{"lineNumber":21,"author":{"gitId":"yanli1215"},"content":"import seedu.duke.email.Draft;"},{"lineNumber":22,"author":{"gitId":"yanli1215"},"content":"import seedu.duke.email.Deleted;"},{"lineNumber":23,"author":{"gitId":"yanli1215"},"content":"import seedu.duke.email.Inbox;"},{"lineNumber":24,"author":{"gitId":"yanli1215"},"content":"import seedu.duke.email.Junk;"},{"lineNumber":25,"author":{"gitId":"yanli1215"},"content":"import seedu.duke.email.Sent;"},{"lineNumber":26,"author":{"gitId":"yanli1215"},"content":""},{"lineNumber":27,"author":{"gitId":"Chihui8199"},"content":"public class Storage {"},{"lineNumber":28,"author":{"gitId":"yanli1215"},"content":"    private String fileName;"},{"lineNumber":29,"author":{"gitId":"yanli1215"},"content":"    private String filePath;"},{"lineNumber":30,"author":{"gitId":"yanli1215"},"content":""},{"lineNumber":31,"author":{"gitId":"yanli1215"},"content":"    public Storage(String fileName) {"},{"lineNumber":32,"author":{"gitId":"yanli1215"},"content":"        this.fileName \u003d fileName;"},{"lineNumber":33,"author":{"gitId":"yanli1215"},"content":"        this.filePath \u003d System.getProperty(\"user.dir\") + File.separator + \"data\" + File.separator + fileName;"},{"lineNumber":34,"author":{"gitId":"yanli1215"},"content":""},{"lineNumber":35,"author":{"gitId":"yanli1215"},"content":"    }"},{"lineNumber":36,"author":{"gitId":"yanli1215"},"content":""},{"lineNumber":37,"author":{"gitId":"yanli1215"},"content":"    public ArrayList\u003cEmail\u003e load() throws IOException, ParseException {"},{"lineNumber":38,"author":{"gitId":"yanli1215"},"content":"        JSONObject accountInfo \u003d readJson();"},{"lineNumber":39,"author":{"gitId":"yanli1215"},"content":"        ArrayList\u003cEmail\u003e emailList \u003d parse(accountInfo);"},{"lineNumber":40,"author":{"gitId":"yanli1215"},"content":"        return emailList;"},{"lineNumber":41,"author":{"gitId":"yanli1215"},"content":"    }"},{"lineNumber":42,"author":{"gitId":"yanli1215"},"content":""},{"lineNumber":43,"author":{"gitId":"yanli1215"},"content":"    public JSONObject readJson() throws IOException, ParseException {"},{"lineNumber":44,"author":{"gitId":"yanli1215"},"content":"        String localDir \u003d System.getProperty(\"user.dir\");"},{"lineNumber":45,"author":{"gitId":"yanli1215"},"content":"        Path dirPath \u003d Paths.get(localDir, \"data\");"},{"lineNumber":46,"author":{"gitId":"yanli1215"},"content":"        if (!Files.exists(dirPath)) {"},{"lineNumber":47,"author":{"gitId":"yanli1215"},"content":"            try {"},{"lineNumber":48,"author":{"gitId":"yanli1215"},"content":"                Files.createDirectory(dirPath);"},{"lineNumber":49,"author":{"gitId":"yanli1215"},"content":"            } catch (IOException e) {"},{"lineNumber":50,"author":{"gitId":"yanli1215"},"content":"                System.err.println(\"Failed to create directory \u0027data\u0027!\" + e.getMessage());"},{"lineNumber":51,"author":{"gitId":"yanli1215"},"content":"            }"},{"lineNumber":52,"author":{"gitId":"yanli1215"},"content":"        }"},{"lineNumber":53,"author":{"gitId":"yanli1215"},"content":""},{"lineNumber":54,"author":{"gitId":"yanli1215"},"content":"        JSONParser parser \u003d new JSONParser();"},{"lineNumber":55,"author":{"gitId":"yanli1215"},"content":"        Object obj \u003d parser.parse(new FileReader(filePath));"},{"lineNumber":56,"author":{"gitId":"yanli1215"},"content":"        JSONObject jsonObject \u003d (JSONObject) obj;"},{"lineNumber":57,"author":{"gitId":"yanli1215"},"content":"        return jsonObject;"},{"lineNumber":58,"author":{"gitId":"yanli1215"},"content":""},{"lineNumber":59,"author":{"gitId":"yanli1215"},"content":"    }"},{"lineNumber":60,"author":{"gitId":"yanli1215"},"content":""},{"lineNumber":61,"author":{"gitId":"yanli1215"},"content":"    public ArrayList\u003cEmail\u003e parse(JSONObject jsonObject) {"},{"lineNumber":62,"author":{"gitId":"yanli1215"},"content":"        ArrayList\u003cEmail\u003e allEmails \u003d new ArrayList\u003c\u003e();"},{"lineNumber":63,"author":{"gitId":"yanli1215"},"content":"        ArrayList\u003cString\u003e emailType \u003d new ArrayList\u003c\u003e();"},{"lineNumber":64,"author":{"gitId":"yanli1215"},"content":"        for (Object key : jsonObject.keySet()) {"},{"lineNumber":65,"author":{"gitId":"yanli1215"},"content":"            if (!key.toString().equals(\"account\") \u0026\u0026 !key.toString().equals(\"password\")) {"},{"lineNumber":66,"author":{"gitId":"yanli1215"},"content":"                emailType.add(key.toString());"},{"lineNumber":67,"author":{"gitId":"yanli1215"},"content":"            }"},{"lineNumber":68,"author":{"gitId":"yanli1215"},"content":"        }"},{"lineNumber":69,"author":{"gitId":"yanli1215"},"content":"        for (String type : emailType) {"},{"lineNumber":70,"author":{"gitId":"yanli1215"},"content":"            JSONArray companyList \u003d (JSONArray) jsonObject.get(type);"},{"lineNumber":71,"author":{"gitId":"yanli1215"},"content":"            Iterator\u003cJSONObject\u003e iterator \u003d companyList.iterator();"},{"lineNumber":72,"author":{"gitId":"yanli1215"},"content":"            while (iterator.hasNext()) {"},{"lineNumber":73,"author":{"gitId":"yanli1215"},"content":"                Map e \u003d iterator.next();"},{"lineNumber":74,"author":{"gitId":"yanli1215"},"content":"                switch (type) {"},{"lineNumber":75,"author":{"gitId":"yanli1215"},"content":"                case \"inbox\":"},{"lineNumber":76,"author":{"gitId":"yanli1215"},"content":"                    Inbox inboxEmail \u003d new Inbox(e.get(\"from\").toString(), e.get(\"to\").toString(),"},{"lineNumber":77,"author":{"gitId":"yanli1215"},"content":"                            e.get(\"subject\").toString(), e.get(\"time\").toString(), e.get(\"content\").toString());"},{"lineNumber":78,"author":{"gitId":"yanli1215"},"content":"                    allEmails.add(inboxEmail);"},{"lineNumber":79,"author":{"gitId":"yanli1215"},"content":"                    break;"},{"lineNumber":80,"author":{"gitId":"yanli1215"},"content":"                case \"drafts\":"},{"lineNumber":81,"author":{"gitId":"yanli1215"},"content":"                    Draft draftEmail \u003d new Draft(e.get(\"from\").toString(), e.get(\"to\").toString(),"},{"lineNumber":82,"author":{"gitId":"yanli1215"},"content":"                            e.get(\"subject\").toString(), e.get(\"time\").toString(), e.get(\"content\").toString());"},{"lineNumber":83,"author":{"gitId":"yanli1215"},"content":"                    allEmails.add(draftEmail);"},{"lineNumber":84,"author":{"gitId":"yanli1215"},"content":"                    break;"},{"lineNumber":85,"author":{"gitId":"yanli1215"},"content":"                case \"archive\":"},{"lineNumber":86,"author":{"gitId":"yanli1215"},"content":"                    Archive archiveEmail \u003d new Archive(e.get(\"from\").toString(), e.get(\"to\").toString(),"},{"lineNumber":87,"author":{"gitId":"yanli1215"},"content":"                            e.get(\"subject\").toString(), e.get(\"time\").toString(), e.get(\"content\").toString());"},{"lineNumber":88,"author":{"gitId":"yanli1215"},"content":"                    allEmails.add(archiveEmail);"},{"lineNumber":89,"author":{"gitId":"yanli1215"},"content":"                    break;"},{"lineNumber":90,"author":{"gitId":"yanli1215"},"content":"                case \"sent\":"},{"lineNumber":91,"author":{"gitId":"yanli1215"},"content":"                    Sent sentEmail \u003d new Sent(e.get(\"from\").toString(), e.get(\"to\").toString(),"},{"lineNumber":92,"author":{"gitId":"yanli1215"},"content":"                            e.get(\"subject\").toString(), e.get(\"time\").toString(), e.get(\"content\").toString());"},{"lineNumber":93,"author":{"gitId":"yanli1215"},"content":"                    allEmails.add(sentEmail);"},{"lineNumber":94,"author":{"gitId":"yanli1215"},"content":"                    break;"},{"lineNumber":95,"author":{"gitId":"yanli1215"},"content":"                case \"deleted\":"},{"lineNumber":96,"author":{"gitId":"yanli1215"},"content":"                    Deleted deletedEmail \u003d new Deleted(e.get(\"from\").toString(), e.get(\"to\").toString(),"},{"lineNumber":97,"author":{"gitId":"yanli1215"},"content":"                            e.get(\"subject\").toString(), e.get(\"time\").toString(), e.get(\"content\").toString());"},{"lineNumber":98,"author":{"gitId":"yanli1215"},"content":"                    allEmails.add(deletedEmail);"},{"lineNumber":99,"author":{"gitId":"yanli1215"},"content":"                    break;"},{"lineNumber":100,"author":{"gitId":"yanli1215"},"content":"                case \"junk\":"},{"lineNumber":101,"author":{"gitId":"yanli1215"},"content":"                    Junk junkEmail \u003d new Junk(e.get(\"from\").toString(), e.get(\"to\").toString(),"},{"lineNumber":102,"author":{"gitId":"yanli1215"},"content":"                            e.get(\"subject\").toString(), e.get(\"time\").toString(), e.get(\"content\").toString());"},{"lineNumber":103,"author":{"gitId":"yanli1215"},"content":"                    allEmails.add(junkEmail);"},{"lineNumber":104,"author":{"gitId":"yanli1215"},"content":"                    break;"},{"lineNumber":105,"author":{"gitId":"yanli1215"},"content":"                default:"},{"lineNumber":106,"author":{"gitId":"yanli1215"},"content":"                    break;"},{"lineNumber":107,"author":{"gitId":"yanli1215"},"content":"                }"},{"lineNumber":108,"author":{"gitId":"yanli1215"},"content":""},{"lineNumber":109,"author":{"gitId":"yanli1215"},"content":"            }"},{"lineNumber":110,"author":{"gitId":"yanli1215"},"content":"        }"},{"lineNumber":111,"author":{"gitId":"yanli1215"},"content":"        return allEmails;"},{"lineNumber":112,"author":{"gitId":"yanli1215"},"content":"    }"},{"lineNumber":113,"author":{"gitId":"yanli1215"},"content":""},{"lineNumber":114,"author":{"gitId":"yanli1215"},"content":""},{"lineNumber":115,"author":{"gitId":"yanli1215"},"content":""},{"lineNumber":116,"author":{"gitId":"Chihui8199"},"content":"}"}],"authorContributionMap":{"Chihui8199":4,"yanli1215":112}},{"path":"src/main/java/seedu/duke/Ui.java","fileType":"functional-code","lines":[{"lineNumber":1,"author":{"gitId":"Chihui8199"},"content":"package seedu.duke;"},{"lineNumber":2,"author":{"gitId":"Chihui8199"},"content":""},{"lineNumber":3,"author":{"gitId":"yanli1215"},"content":"import java.io.InputStream;"},{"lineNumber":4,"author":{"gitId":"yanli1215"},"content":"import java.io.PrintStream;"},{"lineNumber":5,"author":{"gitId":"jalvinchan"},"content":"import java.util.Scanner;"},{"lineNumber":6,"author":{"gitId":"jalvinchan"},"content":""},{"lineNumber":7,"author":{"gitId":"Chihui8199"},"content":"public class Ui {"},{"lineNumber":8,"author":{"gitId":"yanli1215"},"content":"    private final Scanner in;"},{"lineNumber":9,"author":{"gitId":"yanli1215"},"content":"    private final PrintStream out;"},{"lineNumber":10,"author":{"gitId":"Chihui8199"},"content":"    private static final String logo \u003d \" _________   _____   _____   _____\\n\""},{"lineNumber":11,"author":{"gitId":"Chihui8199"},"content":"            + \"|  _   _  | |  _  | |_   _| |  _  |\\n\""},{"lineNumber":12,"author":{"gitId":"Chihui8199"},"content":"            + \"| | | | | | | | | |   | |   | | | |\\n\""},{"lineNumber":13,"author":{"gitId":"Chihui8199"},"content":"            + \"| | | | | | | |_| |  _| |   | |_| |\\n\""},{"lineNumber":14,"author":{"gitId":"Chihui8199"},"content":"            + \"|_| |_| |_| |_____| |___|   |_____|\\n\";"},{"lineNumber":15,"author":{"gitId":"Chihui8199"},"content":""},{"lineNumber":16,"author":{"gitId":"yanli1215"},"content":""},{"lineNumber":17,"author":{"gitId":"yanli1215"},"content":"    public Ui() {"},{"lineNumber":18,"author":{"gitId":"yanli1215"},"content":"        this(System.in, System.out);"},{"lineNumber":19,"author":{"gitId":"yanli1215"},"content":"    }"},{"lineNumber":20,"author":{"gitId":"yanli1215"},"content":""},{"lineNumber":21,"author":{"gitId":"yanli1215"},"content":"    public Ui(InputStream in, PrintStream out) {"},{"lineNumber":22,"author":{"gitId":"yanli1215"},"content":"        this.in \u003d new Scanner(in);"},{"lineNumber":23,"author":{"gitId":"yanli1215"},"content":"        this.out \u003d out;"},{"lineNumber":24,"author":{"gitId":"yanli1215"},"content":"    }"},{"lineNumber":25,"author":{"gitId":"jalvinchan"},"content":""},{"lineNumber":26,"author":{"gitId":"jalvinchan"},"content":"    public String getUserInput() {"},{"lineNumber":27,"author":{"gitId":"yanli1215"},"content":"        String inputLine \u003d in.nextLine();"},{"lineNumber":28,"author":{"gitId":"yanli1215"},"content":"        while (inputLine.trim().isEmpty()) {"},{"lineNumber":29,"author":{"gitId":"yanli1215"},"content":"            inputLine \u003d in.nextLine();"},{"lineNumber":30,"author":{"gitId":"yanli1215"},"content":"        }"},{"lineNumber":31,"author":{"gitId":"yanli1215"},"content":"        return inputLine;"},{"lineNumber":32,"author":{"gitId":"jalvinchan"},"content":"    }"},{"lineNumber":33,"author":{"gitId":"jalvinchan"},"content":""},{"lineNumber":34,"author":{"gitId":"jalvinchan"},"content":"    private void printDivider() {"},{"lineNumber":35,"author":{"gitId":"jalvinchan"},"content":"        System.out.println(\"____________________________________________________________\");"},{"lineNumber":36,"author":{"gitId":"jalvinchan"},"content":"    }"},{"lineNumber":37,"author":{"gitId":"jalvinchan"},"content":""},{"lineNumber":38,"author":{"gitId":"jalvinchan"},"content":"    public void printFeedback(String feedback) {"},{"lineNumber":39,"author":{"gitId":"jalvinchan"},"content":"        System.out.println(feedback);"},{"lineNumber":40,"author":{"gitId":"jalvinchan"},"content":"        printDivider();"},{"lineNumber":41,"author":{"gitId":"jalvinchan"},"content":"    }"},{"lineNumber":42,"author":{"gitId":"yanli1215"},"content":""},{"lineNumber":43,"author":{"gitId":"Chihui8199"},"content":"    public void printMenu() {"},{"lineNumber":44,"author":{"gitId":"Chihui8199"},"content":"        System.out.println(\"Hello! I\u0027m MojoHR\\n\" + logo + \"What can I do for you?\");"},{"lineNumber":45,"author":{"gitId":"Chihui8199"},"content":"        System.out.println(\"\u003e Use the keyword \\\"LIST (type) \\\" to print the emails by types\");"},{"lineNumber":46,"author":{"gitId":"Chihui8199"},"content":"        System.out.println(\"\u003e Use the keyword \\\"HELP\\\" to print the menu\");"},{"lineNumber":47,"author":{"gitId":"Chihui8199"},"content":"        System.out.println(\"\u003e Use the keyword \\\"BYE\\\" to exit\");"},{"lineNumber":48,"author":{"gitId":"Chihui8199"},"content":"        System.out.println(\"Enter your command: \");"},{"lineNumber":49,"author":{"gitId":"yanli1215"},"content":"    }"},{"lineNumber":50,"author":{"gitId":"Chihui8199"},"content":"}"}],"authorContributionMap":{"Chihui8199":16,"jalvinchan":14,"yanli1215":20}},{"path":"src/main/java/seedu/duke/command/ArchiveCommand.java","fileType":"functional-code","lines":[{"lineNumber":1,"author":{"gitId":"yanli1215"},"content":"package seedu.duke.command;"},{"lineNumber":2,"author":{"gitId":"Chihui8199"},"content":""},{"lineNumber":3,"author":{"gitId":"Chihui8199"},"content":"public class ArchiveCommand {"},{"lineNumber":4,"author":{"gitId":"Chihui8199"},"content":"}"}],"authorContributionMap":{"Chihui8199":3,"yanli1215":1}},{"path":"src/main/java/seedu/duke/command/Command.java","fileType":"functional-code","lines":[{"lineNumber":1,"author":{"gitId":"yanli1215"},"content":"package seedu.duke.command;"},{"lineNumber":2,"author":{"gitId":"Chihui8199"},"content":""},{"lineNumber":3,"author":{"gitId":"yanli1215"},"content":"import seedu.duke.EmailManager;"},{"lineNumber":4,"author":{"gitId":"yanli1215"},"content":"import seedu.duke.Storage;"},{"lineNumber":5,"author":{"gitId":"yanli1215"},"content":"import seedu.duke.Ui;"},{"lineNumber":6,"author":{"gitId":"yanli1215"},"content":"import seedu.duke.email.Email;"},{"lineNumber":7,"author":{"gitId":"yanli1215"},"content":""},{"lineNumber":8,"author":{"gitId":"Chihui8199"},"content":"public abstract class Command {"},{"lineNumber":9,"author":{"gitId":"yanli1215"},"content":"    protected String userInput;"},{"lineNumber":10,"author":{"gitId":"yanli1215"},"content":""},{"lineNumber":11,"author":{"gitId":"yanli1215"},"content":"    public String getUserInput() {"},{"lineNumber":12,"author":{"gitId":"yanli1215"},"content":"        return userInput;"},{"lineNumber":13,"author":{"gitId":"yanli1215"},"content":"    }"},{"lineNumber":14,"author":{"gitId":"yanli1215"},"content":""},{"lineNumber":15,"author":{"gitId":"yanli1215"},"content":"    public void setUserInput(String userInput) {"},{"lineNumber":16,"author":{"gitId":"yanli1215"},"content":"        this.userInput \u003d userInput;"},{"lineNumber":17,"author":{"gitId":"yanli1215"},"content":"    }"},{"lineNumber":18,"author":{"gitId":"Chihui8199"},"content":""},{"lineNumber":19,"author":{"gitId":"yanli1215"},"content":"    public Command(String s) {"},{"lineNumber":20,"author":{"gitId":"yanli1215"},"content":"        userInput \u003d s;"},{"lineNumber":21,"author":{"gitId":"yanli1215"},"content":"    }"},{"lineNumber":22,"author":{"gitId":"yanli1215"},"content":""},{"lineNumber":23,"author":{"gitId":"yanli1215"},"content":"    public void execute(EmailManager tasks, Ui ui, Storage storage) {"},{"lineNumber":24,"author":{"gitId":"yanli1215"},"content":""},{"lineNumber":25,"author":{"gitId":"yanli1215"},"content":"    }"},{"lineNumber":26,"author":{"gitId":"Chihui8199"},"content":"}"}],"authorContributionMap":{"Chihui8199":4,"yanli1215":22}},{"path":"src/main/java/seedu/duke/command/DeleteCommand.java","fileType":"functional-code","lines":[{"lineNumber":1,"author":{"gitId":"yanli1215"},"content":"package seedu.duke.command;"},{"lineNumber":2,"author":{"gitId":"yanli1215"},"content":""},{"lineNumber":3,"author":{"gitId":"yanli1215"},"content":"public class DeleteCommand {"},{"lineNumber":4,"author":{"gitId":"yanli1215"},"content":""},{"lineNumber":5,"author":{"gitId":"yanli1215"},"content":"}"}],"authorContributionMap":{"yanli1215":5}},{"path":"src/main/java/seedu/duke/command/ExitCommand.java","fileType":"functional-code","lines":[{"lineNumber":1,"author":{"gitId":"yanli1215"},"content":"package seedu.duke.command;"},{"lineNumber":2,"author":{"gitId":"yanli1215"},"content":""},{"lineNumber":3,"author":{"gitId":"yanli1215"},"content":"import seedu.duke.EmailManager;"},{"lineNumber":4,"author":{"gitId":"yanli1215"},"content":"import seedu.duke.Storage;"},{"lineNumber":5,"author":{"gitId":"yanli1215"},"content":"import seedu.duke.Ui;"},{"lineNumber":6,"author":{"gitId":"yanli1215"},"content":"import seedu.duke.email.Email;"},{"lineNumber":7,"author":{"gitId":"yanli1215"},"content":""},{"lineNumber":8,"author":{"gitId":"yanli1215"},"content":"public class ExitCommand extends Command {"},{"lineNumber":9,"author":{"gitId":"yanli1215"},"content":"    public ExitCommand(String s) {"},{"lineNumber":10,"author":{"gitId":"yanli1215"},"content":"        super(s);"},{"lineNumber":11,"author":{"gitId":"yanli1215"},"content":"    }"},{"lineNumber":12,"author":{"gitId":"yanli1215"},"content":""},{"lineNumber":13,"author":{"gitId":"yanli1215"},"content":"    public void execute(EmailManager tasks, Ui ui, Storage storage) {"},{"lineNumber":14,"author":{"gitId":"yanli1215"},"content":"        System.exit(0);"},{"lineNumber":15,"author":{"gitId":"yanli1215"},"content":"    }"},{"lineNumber":16,"author":{"gitId":"yanli1215"},"content":"}"}],"authorContributionMap":{"yanli1215":16}},{"path":"src/main/java/seedu/duke/command/HelpCommand.java","fileType":"functional-code","lines":[{"lineNumber":1,"author":{"gitId":"Chihui8199"},"content":"package seedu.duke.command;"},{"lineNumber":2,"author":{"gitId":"Chihui8199"},"content":""},{"lineNumber":3,"author":{"gitId":"Chihui8199"},"content":"import seedu.duke.EmailManager;"},{"lineNumber":4,"author":{"gitId":"Chihui8199"},"content":"import seedu.duke.Storage;"},{"lineNumber":5,"author":{"gitId":"Chihui8199"},"content":"import seedu.duke.Ui;"},{"lineNumber":6,"author":{"gitId":"Chihui8199"},"content":""},{"lineNumber":7,"author":{"gitId":"Chihui8199"},"content":"public class HelpCommand extends Command {"},{"lineNumber":8,"author":{"gitId":"Chihui8199"},"content":""},{"lineNumber":9,"author":{"gitId":"Chihui8199"},"content":"    public HelpCommand(String s) {"},{"lineNumber":10,"author":{"gitId":"Chihui8199"},"content":"        super(s);"},{"lineNumber":11,"author":{"gitId":"Chihui8199"},"content":"    }"},{"lineNumber":12,"author":{"gitId":"Chihui8199"},"content":""},{"lineNumber":13,"author":{"gitId":"Chihui8199"},"content":"    public void execute(EmailManager emails, Ui ui, Storage storage) {"},{"lineNumber":14,"author":{"gitId":"Chihui8199"},"content":"        ui.printMenu();"},{"lineNumber":15,"author":{"gitId":"Chihui8199"},"content":"    }"},{"lineNumber":16,"author":{"gitId":"Chihui8199"},"content":""},{"lineNumber":17,"author":{"gitId":"Chihui8199"},"content":"}"}],"authorContributionMap":{"Chihui8199":17}},{"path":"src/main/java/seedu/duke/command/ListCommand.java","fileType":"functional-code","lines":[{"lineNumber":1,"author":{"gitId":"yanli1215"},"content":"package seedu.duke.command;"},{"lineNumber":2,"author":{"gitId":"Chihui8199"},"content":""},{"lineNumber":3,"author":{"gitId":"yanli1215"},"content":"import seedu.duke.EmailManager;"},{"lineNumber":4,"author":{"gitId":"Chihui8199"},"content":"import seedu.duke.Parser;"},{"lineNumber":5,"author":{"gitId":"yanli1215"},"content":"import seedu.duke.Storage;"},{"lineNumber":6,"author":{"gitId":"yanli1215"},"content":"import seedu.duke.Ui;"},{"lineNumber":7,"author":{"gitId":"Chihui8199"},"content":""},{"lineNumber":8,"author":{"gitId":"Chihui8199"},"content":"import java.util.ArrayList;"},{"lineNumber":9,"author":{"gitId":"yanli1215"},"content":""},{"lineNumber":10,"author":{"gitId":"yanli1215"},"content":"public class ListCommand extends Command {"},{"lineNumber":11,"author":{"gitId":"yanli1215"},"content":"    public ListCommand(String s) {"},{"lineNumber":12,"author":{"gitId":"yanli1215"},"content":"        super(s);"},{"lineNumber":13,"author":{"gitId":"yanli1215"},"content":"    }"},{"lineNumber":14,"author":{"gitId":"yanli1215"},"content":""},{"lineNumber":15,"author":{"gitId":"yanli1215"},"content":"    public void execute(EmailManager emails, Ui ui, Storage storage) {"},{"lineNumber":16,"author":{"gitId":"Chihui8199"},"content":"        ArrayList emailTypeToPrint \u003d Parser.getTypeToList(super.getUserInput());"},{"lineNumber":17,"author":{"gitId":"Chihui8199"},"content":"        emails.printEmailByType(emailTypeToPrint);"},{"lineNumber":18,"author":{"gitId":"yanli1215"},"content":"    }"},{"lineNumber":19,"author":{"gitId":"Chihui8199"},"content":"}"}],"authorContributionMap":{"Chihui8199":7,"yanli1215":12}},{"path":"src/main/java/seedu/duke/command/ReadCommand.java","fileType":"functional-code","lines":[{"lineNumber":1,"author":{"gitId":"yanli1215"},"content":"package seedu.duke.command;"},{"lineNumber":2,"author":{"gitId":"Chihui8199"},"content":""},{"lineNumber":3,"author":{"gitId":"Chihui8199"},"content":"public class ReadCommand {"},{"lineNumber":4,"author":{"gitId":"Chihui8199"},"content":"}"}],"authorContributionMap":{"Chihui8199":3,"yanli1215":1}},{"path":"src/main/java/seedu/duke/command/SendCommand.java","fileType":"functional-code","lines":[{"lineNumber":1,"author":{"gitId":"yanli1215"},"content":"package seedu.duke.command;"},{"lineNumber":2,"author":{"gitId":"Chihui8199"},"content":""},{"lineNumber":3,"author":{"gitId":"Chihui8199"},"content":"public class SendCommand {"},{"lineNumber":4,"author":{"gitId":"Chihui8199"},"content":"}"}],"authorContributionMap":{"Chihui8199":3,"yanli1215":1}},{"path":"src/main/java/seedu/duke/email/Archive.java","fileType":"functional-code","lines":[{"lineNumber":1,"author":{"gitId":"yanli1215"},"content":"package seedu.duke.email;"},{"lineNumber":2,"author":{"gitId":"yanli1215"},"content":""},{"lineNumber":3,"author":{"gitId":"yanli1215"},"content":"public class Archive extends Email {"},{"lineNumber":4,"author":{"gitId":"yanli1215"},"content":"    public Archive(String from, String to, String subject, String time, String content) {"},{"lineNumber":5,"author":{"gitId":"yanli1215"},"content":"        super(from, to, subject, time, content);"},{"lineNumber":6,"author":{"gitId":"yanli1215"},"content":"    }"},{"lineNumber":7,"author":{"gitId":"yanli1215"},"content":""},{"lineNumber":8,"author":{"gitId":"yanli1215"},"content":"    @Override"},{"lineNumber":9,"author":{"gitId":"yanli1215"},"content":"    public String toString() {"},{"lineNumber":10,"author":{"gitId":"yanli1215"},"content":"        return \"[Archive]\" + super.toString();"},{"lineNumber":11,"author":{"gitId":"yanli1215"},"content":"    }"},{"lineNumber":12,"author":{"gitId":"yanli1215"},"content":"}"}],"authorContributionMap":{"yanli1215":12}},{"path":"src/main/java/seedu/duke/email/Deleted.java","fileType":"functional-code","lines":[{"lineNumber":1,"author":{"gitId":"yanli1215"},"content":"package seedu.duke.email;"},{"lineNumber":2,"author":{"gitId":"yanli1215"},"content":""},{"lineNumber":3,"author":{"gitId":"yanli1215"},"content":"public class Deleted extends Email {"},{"lineNumber":4,"author":{"gitId":"yanli1215"},"content":"    public Deleted(String from, String to, String subject, String time, String content) {"},{"lineNumber":5,"author":{"gitId":"yanli1215"},"content":"        super(from, to, subject, time, content);"},{"lineNumber":6,"author":{"gitId":"yanli1215"},"content":"    }"},{"lineNumber":7,"author":{"gitId":"yanli1215"},"content":""},{"lineNumber":8,"author":{"gitId":"yanli1215"},"content":"    @Override"},{"lineNumber":9,"author":{"gitId":"yanli1215"},"content":"    public String toString() {"},{"lineNumber":10,"author":{"gitId":"yanli1215"},"content":"        return \"[Deleted]\" + super.toString();"},{"lineNumber":11,"author":{"gitId":"yanli1215"},"content":"    }"},{"lineNumber":12,"author":{"gitId":"yanli1215"},"content":""},{"lineNumber":13,"author":{"gitId":"yanli1215"},"content":"}"}],"authorContributionMap":{"yanli1215":13}},{"path":"src/main/java/seedu/duke/email/Draft.java","fileType":"functional-code","lines":[{"lineNumber":1,"author":{"gitId":"yanli1215"},"content":"package seedu.duke.email;"},{"lineNumber":2,"author":{"gitId":"yanli1215"},"content":""},{"lineNumber":3,"author":{"gitId":"yanli1215"},"content":"public class Draft extends Email {"},{"lineNumber":4,"author":{"gitId":"yanli1215"},"content":"    public Draft(String from, String to, String subject, String time, String content) {"},{"lineNumber":5,"author":{"gitId":"yanli1215"},"content":"        super(from, to, subject, time, content);"},{"lineNumber":6,"author":{"gitId":"yanli1215"},"content":"    }"},{"lineNumber":7,"author":{"gitId":"yanli1215"},"content":""},{"lineNumber":8,"author":{"gitId":"yanli1215"},"content":"    @Override"},{"lineNumber":9,"author":{"gitId":"yanli1215"},"content":"    public String toString() {"},{"lineNumber":10,"author":{"gitId":"yanli1215"},"content":"        return \"[Draft]\" + super.toString();"},{"lineNumber":11,"author":{"gitId":"yanli1215"},"content":"    }"},{"lineNumber":12,"author":{"gitId":"yanli1215"},"content":"}"}],"authorContributionMap":{"yanli1215":12}},{"path":"src/main/java/seedu/duke/email/Email.java","fileType":"functional-code","lines":[{"lineNumber":1,"author":{"gitId":"yanli1215"},"content":"package seedu.duke.email;"},{"lineNumber":2,"author":{"gitId":"Chihui8199"},"content":""},{"lineNumber":3,"author":{"gitId":"Chihui8199"},"content":"public class Email {"},{"lineNumber":4,"author":{"gitId":"jalvinchan"},"content":"    private String from;"},{"lineNumber":5,"author":{"gitId":"jalvinchan"},"content":"    private String to;"},{"lineNumber":6,"author":{"gitId":"jalvinchan"},"content":"    private String subject;"},{"lineNumber":7,"author":{"gitId":"jalvinchan"},"content":"    private String time;"},{"lineNumber":8,"author":{"gitId":"jalvinchan"},"content":"    private String content;"},{"lineNumber":9,"author":{"gitId":"yanli1215"},"content":"    private boolean isRead;"},{"lineNumber":10,"author":{"gitId":"yanli1215"},"content":""},{"lineNumber":11,"author":{"gitId":"yanli1215"},"content":"    public boolean isRead() {"},{"lineNumber":12,"author":{"gitId":"yanli1215"},"content":"        return isRead;"},{"lineNumber":13,"author":{"gitId":"yanli1215"},"content":"    }"},{"lineNumber":14,"author":{"gitId":"yanli1215"},"content":""},{"lineNumber":15,"author":{"gitId":"yanli1215"},"content":"    public void setRead(boolean read) {"},{"lineNumber":16,"author":{"gitId":"yanli1215"},"content":"        isRead \u003d read;"},{"lineNumber":17,"author":{"gitId":"yanli1215"},"content":"    }"},{"lineNumber":18,"author":{"gitId":"yanli1215"},"content":""},{"lineNumber":19,"author":{"gitId":"yanli1215"},"content":"    public Email(String from, String to, String subject, String time, String content) {"},{"lineNumber":20,"author":{"gitId":"yanli1215"},"content":"        this.from \u003d from;"},{"lineNumber":21,"author":{"gitId":"yanli1215"},"content":"        this.to \u003d to;"},{"lineNumber":22,"author":{"gitId":"yanli1215"},"content":"        this.subject \u003d subject;"},{"lineNumber":23,"author":{"gitId":"yanli1215"},"content":"        this.time \u003d time;"},{"lineNumber":24,"author":{"gitId":"yanli1215"},"content":"        this.content \u003d content;"},{"lineNumber":25,"author":{"gitId":"yanli1215"},"content":"        this.isRead \u003d false;"},{"lineNumber":26,"author":{"gitId":"yanli1215"},"content":"    }"},{"lineNumber":27,"author":{"gitId":"yanli1215"},"content":""},{"lineNumber":28,"author":{"gitId":"yanli1215"},"content":"    public String getFrom() {"},{"lineNumber":29,"author":{"gitId":"yanli1215"},"content":"        return from;"},{"lineNumber":30,"author":{"gitId":"yanli1215"},"content":"    }"},{"lineNumber":31,"author":{"gitId":"yanli1215"},"content":""},{"lineNumber":32,"author":{"gitId":"yanli1215"},"content":"    public void setFrom(String from) {"},{"lineNumber":33,"author":{"gitId":"yanli1215"},"content":"        this.from \u003d from;"},{"lineNumber":34,"author":{"gitId":"yanli1215"},"content":"    }"},{"lineNumber":35,"author":{"gitId":"yanli1215"},"content":""},{"lineNumber":36,"author":{"gitId":"yanli1215"},"content":"    public String getTo() {"},{"lineNumber":37,"author":{"gitId":"yanli1215"},"content":"        return to;"},{"lineNumber":38,"author":{"gitId":"yanli1215"},"content":"    }"},{"lineNumber":39,"author":{"gitId":"yanli1215"},"content":""},{"lineNumber":40,"author":{"gitId":"yanli1215"},"content":"    public void setTo(String to) {"},{"lineNumber":41,"author":{"gitId":"yanli1215"},"content":"        this.to \u003d to;"},{"lineNumber":42,"author":{"gitId":"yanli1215"},"content":"    }"},{"lineNumber":43,"author":{"gitId":"yanli1215"},"content":""},{"lineNumber":44,"author":{"gitId":"yanli1215"},"content":"    public String getSubject() {"},{"lineNumber":45,"author":{"gitId":"yanli1215"},"content":"        return subject;"},{"lineNumber":46,"author":{"gitId":"yanli1215"},"content":"    }"},{"lineNumber":47,"author":{"gitId":"yanli1215"},"content":""},{"lineNumber":48,"author":{"gitId":"yanli1215"},"content":"    public void setSubject(String subject) {"},{"lineNumber":49,"author":{"gitId":"yanli1215"},"content":"        this.subject \u003d subject;"},{"lineNumber":50,"author":{"gitId":"yanli1215"},"content":"    }"},{"lineNumber":51,"author":{"gitId":"yanli1215"},"content":""},{"lineNumber":52,"author":{"gitId":"yanli1215"},"content":"    public String getTime() {"},{"lineNumber":53,"author":{"gitId":"yanli1215"},"content":"        return time;"},{"lineNumber":54,"author":{"gitId":"yanli1215"},"content":"    }"},{"lineNumber":55,"author":{"gitId":"yanli1215"},"content":""},{"lineNumber":56,"author":{"gitId":"yanli1215"},"content":"    public void setTime(String time) {"},{"lineNumber":57,"author":{"gitId":"yanli1215"},"content":"        this.time \u003d time;"},{"lineNumber":58,"author":{"gitId":"yanli1215"},"content":"    }"},{"lineNumber":59,"author":{"gitId":"yanli1215"},"content":""},{"lineNumber":60,"author":{"gitId":"yanli1215"},"content":"    public String getContent() {"},{"lineNumber":61,"author":{"gitId":"yanli1215"},"content":"        return content;"},{"lineNumber":62,"author":{"gitId":"yanli1215"},"content":"    }"},{"lineNumber":63,"author":{"gitId":"yanli1215"},"content":""},{"lineNumber":64,"author":{"gitId":"yanli1215"},"content":"    public void setContent(String content) {"},{"lineNumber":65,"author":{"gitId":"yanli1215"},"content":"        this.content \u003d content;"},{"lineNumber":66,"author":{"gitId":"yanli1215"},"content":"    }"},{"lineNumber":67,"author":{"gitId":"yanli1215"},"content":""},{"lineNumber":68,"author":{"gitId":"yanli1215"},"content":"    private String getStatus() {"},{"lineNumber":69,"author":{"gitId":"yanli1215"},"content":"        return isRead ? \"READ\" : \"UNREAD\";"},{"lineNumber":70,"author":{"gitId":"yanli1215"},"content":"    }"},{"lineNumber":71,"author":{"gitId":"yanli1215"},"content":""},{"lineNumber":72,"author":{"gitId":"yanli1215"},"content":"    public String toString() {"},{"lineNumber":73,"author":{"gitId":"yanli1215"},"content":"        return \"[\" + getStatus() + \"]\" + \"\\n|| Subject: \" + getSubject() + \"\\n|| From: \" + getFrom() + \" --\u003e To: \""},{"lineNumber":74,"author":{"gitId":"yanli1215"},"content":"                + getTo() + \"\\n|| Content: \" + getContent();"},{"lineNumber":75,"author":{"gitId":"yanli1215"},"content":"    }"},{"lineNumber":76,"author":{"gitId":"Chihui8199"},"content":"}"}],"authorContributionMap":{"Chihui8199":3,"jalvinchan":5,"yanli1215":68}},{"path":"src/main/java/seedu/duke/email/Inbox.java","fileType":"functional-code","lines":[{"lineNumber":1,"author":{"gitId":"yanli1215"},"content":"package seedu.duke.email;"},{"lineNumber":2,"author":{"gitId":"yanli1215"},"content":""},{"lineNumber":3,"author":{"gitId":"yanli1215"},"content":"import seedu.duke.email.Email;"},{"lineNumber":4,"author":{"gitId":"yanli1215"},"content":""},{"lineNumber":5,"author":{"gitId":"yanli1215"},"content":"public class Inbox extends Email {"},{"lineNumber":6,"author":{"gitId":"yanli1215"},"content":"    public Inbox(String from, String to, String subject, String time, String content) {"},{"lineNumber":7,"author":{"gitId":"yanli1215"},"content":"        super(from, to, subject, time, content);"},{"lineNumber":8,"author":{"gitId":"yanli1215"},"content":"    }"},{"lineNumber":9,"author":{"gitId":"yanli1215"},"content":""},{"lineNumber":10,"author":{"gitId":"yanli1215"},"content":"    @Override"},{"lineNumber":11,"author":{"gitId":"yanli1215"},"content":"    public String toString() {"},{"lineNumber":12,"author":{"gitId":"yanli1215"},"content":"        return \"[Inbox]\" + super.toString();"},{"lineNumber":13,"author":{"gitId":"yanli1215"},"content":"    }"},{"lineNumber":14,"author":{"gitId":"yanli1215"},"content":""},{"lineNumber":15,"author":{"gitId":"yanli1215"},"content":"}"}],"authorContributionMap":{"yanli1215":15}},{"path":"src/main/java/seedu/duke/email/Junk.java","fileType":"functional-code","lines":[{"lineNumber":1,"author":{"gitId":"yanli1215"},"content":"package seedu.duke.email;"},{"lineNumber":2,"author":{"gitId":"yanli1215"},"content":""},{"lineNumber":3,"author":{"gitId":"yanli1215"},"content":"import seedu.duke.email.Email;"},{"lineNumber":4,"author":{"gitId":"yanli1215"},"content":""},{"lineNumber":5,"author":{"gitId":"yanli1215"},"content":"public class Junk extends Email {"},{"lineNumber":6,"author":{"gitId":"yanli1215"},"content":"    public Junk(String from, String to, String subject, String time, String content) {"},{"lineNumber":7,"author":{"gitId":"yanli1215"},"content":"        super(from, to, subject, time, content);"},{"lineNumber":8,"author":{"gitId":"yanli1215"},"content":"    }"},{"lineNumber":9,"author":{"gitId":"yanli1215"},"content":""},{"lineNumber":10,"author":{"gitId":"yanli1215"},"content":"    @Override"},{"lineNumber":11,"author":{"gitId":"yanli1215"},"content":"    public String toString() {"},{"lineNumber":12,"author":{"gitId":"yanli1215"},"content":"        return \"[Junk]\" + super.toString();"},{"lineNumber":13,"author":{"gitId":"yanli1215"},"content":"    }"},{"lineNumber":14,"author":{"gitId":"yanli1215"},"content":""},{"lineNumber":15,"author":{"gitId":"yanli1215"},"content":"}"}],"authorContributionMap":{"yanli1215":15}},{"path":"src/main/java/seedu/duke/email/Sent.java","fileType":"functional-code","lines":[{"lineNumber":1,"author":{"gitId":"yanli1215"},"content":"package seedu.duke.email;"},{"lineNumber":2,"author":{"gitId":"yanli1215"},"content":""},{"lineNumber":3,"author":{"gitId":"yanli1215"},"content":"import seedu.duke.email.Email;"},{"lineNumber":4,"author":{"gitId":"yanli1215"},"content":""},{"lineNumber":5,"author":{"gitId":"yanli1215"},"content":"public class Sent extends Email {"},{"lineNumber":6,"author":{"gitId":"yanli1215"},"content":"    public Sent(String from, String to, String subject, String time, String content) {"},{"lineNumber":7,"author":{"gitId":"yanli1215"},"content":"        super(from, to, subject, time, content);"},{"lineNumber":8,"author":{"gitId":"yanli1215"},"content":"    }"},{"lineNumber":9,"author":{"gitId":"yanli1215"},"content":""},{"lineNumber":10,"author":{"gitId":"yanli1215"},"content":"    @Override"},{"lineNumber":11,"author":{"gitId":"yanli1215"},"content":"    public String toString() {"},{"lineNumber":12,"author":{"gitId":"yanli1215"},"content":"        return \"[Sent]\" + super.toString();"},{"lineNumber":13,"author":{"gitId":"yanli1215"},"content":"    }"},{"lineNumber":14,"author":{"gitId":"yanli1215"},"content":""},{"lineNumber":15,"author":{"gitId":"yanli1215"},"content":"}"}],"authorContributionMap":{"yanli1215":15}},{"path":"text-ui-test/data/test.json","fileType":"other","lines":[{"lineNumber":1,"author":{"gitId":"yanli1215"},"content":"{"},{"lineNumber":2,"author":{"gitId":"yanli1215"},"content":"  \"account\": \"12312@gmail.com\","},{"lineNumber":3,"author":{"gitId":"yanli1215"},"content":"  \"password\": \"12312\","},{"lineNumber":4,"author":{"gitId":"yanli1215"},"content":"  \"inbox\":["},{"lineNumber":5,"author":{"gitId":"yanli1215"},"content":"    {\"from\": \"21312@gmail.com\","},{"lineNumber":6,"author":{"gitId":"yanli1215"},"content":"      \"to\":  \"12312@gmail.com\","},{"lineNumber":7,"author":{"gitId":"yanli1215"},"content":"      \"subject\":  \"This is subject 1\","},{"lineNumber":8,"author":{"gitId":"yanli1215"},"content":"      \"time\":  \"2020-4-23+01:00\","},{"lineNumber":9,"author":{"gitId":"yanli1215"},"content":"      \"content\": \"This is content for s1.\""},{"lineNumber":10,"author":{"gitId":"yanli1215"},"content":"    },"},{"lineNumber":11,"author":{"gitId":"yanli1215"},"content":"    {\"from\": \"21312@gmail.com\","},{"lineNumber":12,"author":{"gitId":"yanli1215"},"content":"      \"to\":  \"12312@gmail.com\","},{"lineNumber":13,"author":{"gitId":"yanli1215"},"content":"      \"subject\":  \"This is subject 2\","},{"lineNumber":14,"author":{"gitId":"yanli1215"},"content":"      \"time\":  \"2020-4-23+02:00\","},{"lineNumber":15,"author":{"gitId":"yanli1215"},"content":"      \"content\": \"This is content for s2.\""},{"lineNumber":16,"author":{"gitId":"yanli1215"},"content":"    }"},{"lineNumber":17,"author":{"gitId":"yanli1215"},"content":"  ],"},{"lineNumber":18,"author":{"gitId":"yanli1215"},"content":"  \"drafts\":["},{"lineNumber":19,"author":{"gitId":"yanli1215"},"content":"    {\"from\": \"21312@gmail.com\","},{"lineNumber":20,"author":{"gitId":"yanli1215"},"content":"      \"to\":  \"12312@gmail.com\","},{"lineNumber":21,"author":{"gitId":"yanli1215"},"content":"      \"subject\":  \"This is subject 3\","},{"lineNumber":22,"author":{"gitId":"yanli1215"},"content":"      \"time\":  \"2020-4-23+03:00\","},{"lineNumber":23,"author":{"gitId":"yanli1215"},"content":"      \"content\": \"This is content for s3.\""},{"lineNumber":24,"author":{"gitId":"yanli1215"},"content":"    },"},{"lineNumber":25,"author":{"gitId":"yanli1215"},"content":"    {\"from\": \"21312@gmail.com\","},{"lineNumber":26,"author":{"gitId":"yanli1215"},"content":"      \"to\":  \"12312@gmail.com\","},{"lineNumber":27,"author":{"gitId":"yanli1215"},"content":"      \"subject\":  \"This is subject 4\","},{"lineNumber":28,"author":{"gitId":"yanli1215"},"content":"      \"time\":  \"2020-4-23+04:00\","},{"lineNumber":29,"author":{"gitId":"yanli1215"},"content":"      \"content\": \"This is content for s4.\""},{"lineNumber":30,"author":{"gitId":"yanli1215"},"content":"    }"},{"lineNumber":31,"author":{"gitId":"yanli1215"},"content":"  ],"},{"lineNumber":32,"author":{"gitId":"yanli1215"},"content":"  \"archive\": ["},{"lineNumber":33,"author":{"gitId":"yanli1215"},"content":"    {\"from\": \"21312@gmail.com\","},{"lineNumber":34,"author":{"gitId":"yanli1215"},"content":"      \"to\":  \"12312@gmail.com\","},{"lineNumber":35,"author":{"gitId":"yanli1215"},"content":"      \"subject\":  \"This is subject 5\","},{"lineNumber":36,"author":{"gitId":"yanli1215"},"content":"      \"time\":  \"2020-4-23+05:00\","},{"lineNumber":37,"author":{"gitId":"yanli1215"},"content":"      \"content\": \"This is content for s5.\""},{"lineNumber":38,"author":{"gitId":"yanli1215"},"content":"    },"},{"lineNumber":39,"author":{"gitId":"yanli1215"},"content":"    {\"from\": \"21312@gmail.com\","},{"lineNumber":40,"author":{"gitId":"yanli1215"},"content":"      \"to\":  \"12312@gmail.com\","},{"lineNumber":41,"author":{"gitId":"yanli1215"},"content":"      \"subject\":  \"This is subject 6\","},{"lineNumber":42,"author":{"gitId":"yanli1215"},"content":"      \"time\":  \"2020-4-23+06:00\","},{"lineNumber":43,"author":{"gitId":"yanli1215"},"content":"      \"content\": \"This is content for s6.\""},{"lineNumber":44,"author":{"gitId":"yanli1215"},"content":"    }"},{"lineNumber":45,"author":{"gitId":"yanli1215"},"content":"  ],"},{"lineNumber":46,"author":{"gitId":"yanli1215"},"content":"  \"sent\": ["},{"lineNumber":47,"author":{"gitId":"yanli1215"},"content":"    {\"from\": \"12312@gmail.com\","},{"lineNumber":48,"author":{"gitId":"yanli1215"},"content":"      \"to\":  \"12332@gmail.com\","},{"lineNumber":49,"author":{"gitId":"yanli1215"},"content":"      \"subject\":  \"This is subject 7\","},{"lineNumber":50,"author":{"gitId":"yanli1215"},"content":"      \"time\":  \"2020-4-23+07:00\","},{"lineNumber":51,"author":{"gitId":"yanli1215"},"content":"      \"content\": \"This is content for s7.\""},{"lineNumber":52,"author":{"gitId":"yanli1215"},"content":"    },"},{"lineNumber":53,"author":{"gitId":"yanli1215"},"content":"    {\"from\": \"12312@gmail.com\","},{"lineNumber":54,"author":{"gitId":"yanli1215"},"content":"      \"to\":  \"11111@gmail.com\","},{"lineNumber":55,"author":{"gitId":"yanli1215"},"content":"      \"subject\":  \"This is subject 8\","},{"lineNumber":56,"author":{"gitId":"yanli1215"},"content":"      \"time\":  \"2020-4-23+08:00\","},{"lineNumber":57,"author":{"gitId":"yanli1215"},"content":"      \"content\": \"This is content for s8.\""},{"lineNumber":58,"author":{"gitId":"yanli1215"},"content":"    }"},{"lineNumber":59,"author":{"gitId":"yanli1215"},"content":"  ],"},{"lineNumber":60,"author":{"gitId":"yanli1215"},"content":"  \"deleted\": ["},{"lineNumber":61,"author":{"gitId":"yanli1215"},"content":"    {\"from\": \"21312@gmail.com\","},{"lineNumber":62,"author":{"gitId":"yanli1215"},"content":"      \"to\":  \"12312@gmail.com\","},{"lineNumber":63,"author":{"gitId":"yanli1215"},"content":"      \"subject\":  \"This is subject 9\","},{"lineNumber":64,"author":{"gitId":"yanli1215"},"content":"      \"time\":  \"2020-4-23+09:00\","},{"lineNumber":65,"author":{"gitId":"yanli1215"},"content":"      \"content\": \"This is content for s9.\""},{"lineNumber":66,"author":{"gitId":"yanli1215"},"content":"    },"},{"lineNumber":67,"author":{"gitId":"yanli1215"},"content":"    {\"from\": \"21312@gmail.com\","},{"lineNumber":68,"author":{"gitId":"yanli1215"},"content":"      \"to\":  \"12312@gmail.com\","},{"lineNumber":69,"author":{"gitId":"yanli1215"},"content":"      \"subject\":  \"This is subject 10\","},{"lineNumber":70,"author":{"gitId":"yanli1215"},"content":"      \"time\":  \"2020-4-23+10:00\","},{"lineNumber":71,"author":{"gitId":"yanli1215"},"content":"      \"content\": \"This is content for s1. \""},{"lineNumber":72,"author":{"gitId":"yanli1215"},"content":"    }"},{"lineNumber":73,"author":{"gitId":"yanli1215"},"content":"  ],"},{"lineNumber":74,"author":{"gitId":"yanli1215"},"content":"  \"junk\":["},{"lineNumber":75,"author":{"gitId":"yanli1215"},"content":"    {\"from\": \"21312@gmail.com\","},{"lineNumber":76,"author":{"gitId":"yanli1215"},"content":"      \"to\":  \"12312@gmail.com\","},{"lineNumber":77,"author":{"gitId":"yanli1215"},"content":"      \"subject\":  \"This is subject 11\","},{"lineNumber":78,"author":{"gitId":"yanli1215"},"content":"      \"time\":  \"2020-4-23+11:00\","},{"lineNumber":79,"author":{"gitId":"yanli1215"},"content":"      \"content\": \"This is content for s1. \""},{"lineNumber":80,"author":{"gitId":"yanli1215"},"content":"    }"},{"lineNumber":81,"author":{"gitId":"yanli1215"},"content":"  ]"},{"lineNumber":82,"author":{"gitId":"yanli1215"},"content":"}"},{"lineNumber":83,"author":{"gitId":"yanli1215"},"content":""},{"lineNumber":84,"author":{"gitId":"yanli1215"},"content":""}],"authorContributionMap":{"yanli1215":84}}]
