{"authorDailyContributionsMap":{"Chihui8199":[{"date":"2021-03-10","commitResults":[{"hash":"acb318bd41cead4cc936776592031a75a1ee74e7","messageTitle":"update skeleton classes","messageBody":"","fileTypesAndContributionMap":{"functional-code":{"insertions":49,"deletions":0}}}]},{"date":"2021-03-12","commitResults":[{"hash":"d86934271191c8bed27868d5e469c2ac5e6cc67a","messageTitle":"Added HelpCommand and minute changes to Ui","messageBody":"","fileTypesAndContributionMap":{"functional-code":{"insertions":35,"deletions":13}}},{"hash":"e5461187a2588d804870f5209f62ce80484d1161","messageTitle":"Added ListCommand to print the emails by type","messageBody":"","fileTypesAndContributionMap":{"functional-code":{"insertions":119,"deletions":18}}}]},{"date":"2021-03-16","commitResults":[{"hash":"cda10c21cf7d66c10d1b09bb52629fdc88ec61c4","messageTitle":"Added Junit test for list command","messageBody":"","fileTypesAndContributionMap":{"test-code":{"insertions":113,"deletions":0}}},{"hash":"d6ae64e09ed20bdd0d9c4afa5f45ac6f267bf298","messageTitle":"Fix code quality issues","messageBody":"","fileTypesAndContributionMap":{"test-code":{"insertions":11,"deletions":3}}},{"hash":"80939c60d509bae3c0f51019b43d0333030aa23b","messageTitle":"fix code quality","messageBody":"","fileTypesAndContributionMap":{"test-code":{"insertions":1,"deletions":1}}},{"hash":"c057b25a05e67bd38edc2a7a57a34c9216868483","messageTitle":"Remove strip method to try to make gradle pass","messageBody":"","fileTypesAndContributionMap":{"functional-code":{"insertions":1,"deletions":1}}},{"hash":"e831f3be4a9756df62f1857575ef84e71cc71def","messageTitle":"edit parser after removing strip method","messageBody":"","fileTypesAndContributionMap":{"functional-code":{"insertions":2,"deletions":1}}}]},{"date":"2021-03-17","commitResults":[{"hash":"c668170aa0593f78ccbc154808d8ab3678fc3f90","messageTitle":"Change /n to to line separator","messageBody":"","fileTypesAndContributionMap":{"test-code":{"insertions":2,"deletions":1}}}]},{"date":"2021-03-27","commitResults":[{"hash":"e3d0b54fa3e6bc9c9ba2b41603546ad8d0e84cf5","messageTitle":"Allow user to log in through log in Ui","messageBody":"","fileTypesAndContributionMap":{"functional-code":{"insertions":148,"deletions":0}}}]},{"date":"2021-03-28","commitResults":[{"hash":"e7ed04658c5de26dc68d36e46c706f4c555b5564","messageTitle":"Load respective file base on user","messageBody":"","fileTypesAndContributionMap":{"functional-code":{"insertions":20,"deletions":3},"other":{"insertions":84,"deletions":0}}},{"hash":"2e98698e1b5df940ddf15e62aa098928ef6cfd7b","messageTitle":"Load correct file base on user","messageBody":"","fileTypesAndContributionMap":{"functional-code":{"insertions":51,"deletions":20}}},{"hash":"b6840b1fa3d04864f5482e1f64ea0d0365945b43","messageTitle":"1. Fix unsafe operations by specifying arrayList type in List Command 2. Remove use of instance reference in List Command 3. Fix CheckStyle Errors","messageBody":"","fileTypesAndContributionMap":{"functional-code":{"insertions":33,"deletions":14}}},{"hash":"a1073fda9177d0eeb50bf494cde19706b803fe81","messageTitle":"Remove features to read encrypted password","messageBody":"","fileTypesAndContributionMap":{"functional-code":{"insertions":0,"deletions":6}}},{"hash":"06980714d91106d890c98d2e1eb74a0f978090d4","messageTitle":"Move files into packages","messageBody":"","fileTypesAndContributionMap":{"functional-code":{"insertions":61,"deletions":89},"other":{"insertions":12,"deletions":23},"test-code":{"insertions":21,"deletions":21}}}]},{"date":"2021-03-29","commitResults":[{"hash":"f39fdd5be6ee83b78b5b64c7d02988e16f578794","messageTitle":"Fix the part where it doesn\u0027t show the menu if user enters a wrong email address or password","messageBody":"","fileTypesAndContributionMap":{"functional-code":{"insertions":9,"deletions":4},"other":{"insertions":1,"deletions":0}}},{"hash":"0446045b9bae26a765d16a6e51db2690f421a617","messageTitle":"1. Fixed errors such that menu is not shown when wrong information is entered 2. Register new users","messageBody":"","fileTypesAndContributionMap":{"functional-code":{"insertions":78,"deletions":8},"other":{"insertions":2,"deletions":0}}},{"hash":"b8d615cc775500a5e2160112625b322084910094","messageTitle":"1. Cleaned up txt and json files 2. Move getLoginInfo to LoginUi from LoginController 3. Get user to use log in function instead of create new account when the account already exists","messageBody":"","fileTypesAndContributionMap":{"functional-code":{"insertions":34,"deletions":31},"other":{"insertions":0,"deletions":2}}},{"hash":"8ef7b86d13ad41ad42d204792060fa4e783d0c46","messageTitle":"Improve code quality","messageBody":"","fileTypesAndContributionMap":{"functional-code":{"insertions":8,"deletions":8},"docs":{"insertions":40,"deletions":0}}},{"hash":"4d3e302f5e461f3f00ba07e0dc077361a5c4ecfd","messageTitle":"Edit UML diagram","messageBody":"","fileTypesAndContributionMap":{"docs":{"insertions":56,"deletions":2}}}]},{"date":"2021-03-30","commitResults":[{"hash":"eb474a35dbe232f10a4bc1b79f9a016481d8a329","messageTitle":"Fix buggy part. When log in user will not be informed if they already have an account. They will only know either user name or password is wrong","messageBody":"","fileTypesAndContributionMap":{"functional-code":{"insertions":1,"deletions":6}}},{"hash":"439234879de0ab982f300d794aa7b3c7938d3a1c","messageTitle":"Added some stuff for loginUi","messageBody":"","fileTypesAndContributionMap":{"functional-code":{"insertions":3,"deletions":1}}},{"hash":"e5c5ee2ad4b16f6ca113d4e5bb0da3f5a9ba1c7b","messageTitle":"1. Remove unnecessary line 2. Update uml diagram","messageBody":"","fileTypesAndContributionMap":{"functional-code":{"insertions":0,"deletions":1},"docs":{"insertions":1,"deletions":1}}},{"hash":"c4c1e4e55f8a242fbf8cf32cb6513c5f3204d932","messageTitle":"Fix checkstyle errors","messageBody":"","fileTypesAndContributionMap":{"functional-code":{"insertions":19,"deletions":16}}},{"hash":"9c5a317672e801a14202559bd11342665bf307ad","messageTitle":"Updated the Login Component of the Developer Guide","messageBody":"","fileTypesAndContributionMap":{"docs":{"insertions":14,"deletions":0}}},{"hash":"675db8fd48b77f328e3b12fc131139f7aea97fbc","messageTitle":"Insert diagram into Login Component developer guide","messageBody":"","fileTypesAndContributionMap":{"docs":{"insertions":1,"deletions":1}}},{"hash":"ec7b69c96aa409150f2ad78982c4fd83ae015aea","messageTitle":"Add how list command works","messageBody":"","fileTypesAndContributionMap":{"docs":{"insertions":19,"deletions":1}}},{"hash":"5f80915dcee0723fd98fd3562303a1795cc8f22c","messageTitle":"Update Sequence Diagram for ListCommand","messageBody":"","fileTypesAndContributionMap":{"docs":{"insertions":23,"deletions":2}}}]},{"date":"2021-04-02","commitResults":[{"hash":"22dadea3e976f34aef2c32e0ff6abd6f07241ab8","messageTitle":"Clean some parts","messageBody":"","fileTypesAndContributionMap":{"functional-code":{"insertions":0,"deletions":2},"docs":{"insertions":0,"deletions":2}}},{"hash":"8ca4a6a79310dcbbd38b4143e361a2197418a9dd","messageTitle":"no message","messageBody":"","fileTypesAndContributionMap":{"functional-code":{"insertions":28,"deletions":12}}},{"hash":"c63766037087013bbaed8ab4804265d1fba89ed3","messageTitle":"Edits such that when user enters the wrong information it returns to the main login page","messageBody":"","fileTypesAndContributionMap":{"functional-code":{"insertions":1,"deletions":1}}},{"hash":"401597f1322ecc83f54adf01e5ecf9feb3497bd0","messageTitle":"Update error message","messageBody":"","fileTypesAndContributionMap":{"functional-code":{"insertions":1,"deletions":1}}},{"hash":"fcfcfc9a4890e94ccf8455555436866de70eba78","messageTitle":"Added Log off message to ExitCommand","messageBody":"","fileTypesAndContributionMap":{"functional-code":{"insertions":1,"deletions":0}}},{"hash":"48e44e7ba22cbc952bd81eab7305bf1d36a40182","messageTitle":"Add some assertion","messageBody":"","fileTypesAndContributionMap":{"functional-code":{"insertions":3,"deletions":0}}},{"hash":"c790a4b3bbf025f3577a67eb3f50cd71f908221e","messageTitle":"Update mistakes in sequence Diagrams","messageBody":"","fileTypesAndContributionMap":{"docs":{"insertions":15,"deletions":11}}}]},{"date":"2021-04-03","commitResults":[{"hash":"0754f27a80df5ec59e61d757530a05a639423c32","messageTitle":"Update Implementation Section of developer guide","messageBody":"","fileTypesAndContributionMap":{"docs":{"insertions":70,"deletions":1}}},{"hash":"1a48ef53dacc5257c44ffee760efe8ecf87a2262","messageTitle":"Update loginUi menu","messageBody":"","fileTypesAndContributionMap":{"functional-code":{"insertions":1,"deletions":1}}},{"hash":"622524077fce91c62ea7a9344c9b71d904cf84f9","messageTitle":"Further updates to implementation portion (login) of developer guide","messageBody":"","fileTypesAndContributionMap":{"docs":{"insertions":84,"deletions":17}}},{"hash":"edc8d26459209606c713f1fadc74f414b41e0548","messageTitle":"Update loginUi user interface","messageBody":"","fileTypesAndContributionMap":{"functional-code":{"insertions":1,"deletions":0}}},{"hash":"60f46e84c953f8968987b470ba90abf43fc9a084","messageTitle":"Update user guide","messageBody":"","fileTypesAndContributionMap":{"docs":{"insertions":130,"deletions":2}}},{"hash":"d308568a0432410f561b8818feb1d5359376a4bd","messageTitle":"Update portfolio page","messageBody":"","fileTypesAndContributionMap":{"docs":{"insertions":36,"deletions":0}}},{"hash":"543271381905a11e15bbc145a5dd81fab3d12b2a","messageTitle":"this commit fixes issue #107 on Navigalibility","messageBody":"","fileTypesAndContributionMap":{"functional-code":{"insertions":2,"deletions":1},"docs":{"insertions":5,"deletions":1}}},{"hash":"e9de32e3d92987b372f1c05f0f391b49ee640122","messageTitle":"This commit resolves issue #98","messageBody":"fix bug\n","fileTypesAndContributionMap":{"functional-code":{"insertions":3,"deletions":1}}}]},{"date":"2021-04-04","commitResults":[{"hash":"595d8cc6bb2ae210a1cedf1445ad63d8bef7b4f3","messageTitle":"Allow user to enter email types in list command as capital letters","messageBody":"This commit fixes issue #111\n","fileTypesAndContributionMap":{"functional-code":{"insertions":1,"deletions":1}}}]},{"date":"2021-04-05","commitResults":[{"hash":"bcb04f7250f4f0a5b012de4ca1ea0103e6e31c2f","messageTitle":"Clean up and update the PPP","messageBody":"","fileTypesAndContributionMap":{"docs":{"insertions":22,"deletions":15}}},{"hash":"cb4bc5312b248466956124008609665155dc1241","messageTitle":"This commit fixed issue #76","messageBody":"Updated value proposition of the developer guide\n","fileTypesAndContributionMap":{"docs":{"insertions":4,"deletions":1}}},{"hash":"9d2b37adfc531e50d93aa42ad4b70f188e126151","messageTitle":"This commit fixes issue #76","messageBody":"Included product name in developer guide tittle\n","fileTypesAndContributionMap":{"docs":{"insertions":1,"deletions":1}}},{"hash":"35feb1d59f0d5a436f2ba06d2b060451b342e41b","messageTitle":"This commit fixes issue #76","messageBody":"Fixed formatting issue of Compose Command\n","fileTypesAndContributionMap":{"docs":{"insertions":1,"deletions":1}}},{"hash":"3c0431aa7f6fcba4e718ef99929a12240a5c94f8","messageTitle":"Some formatting errors","messageBody":"","fileTypesAndContributionMap":{"docs":{"insertions":2,"deletions":1}}},{"hash":"3f58a77b075a1b63b80b99cb36b96c9bb333e1c1","messageTitle":"Fix CheckStyle errors","messageBody":"","fileTypesAndContributionMap":{"functional-code":{"insertions":8,"deletions":8}}},{"hash":"902d5dcb84b2381961567150b74e1b014946c9b8","messageTitle":"Change list emails to list allemails  as suggested during the practical dry run","messageBody":"","fileTypesAndContributionMap":{"functional-code":{"insertions":3,"deletions":3},"test-code":{"insertions":2,"deletions":2}}},{"hash":"5ccce1fadfe5b5ff1f57efbb85c8003d6f5cdd9e","messageTitle":"Fix the developer guide and userguide from emails to allemails","messageBody":"","fileTypesAndContributionMap":{"docs":{"insertions":5,"deletions":2}}},{"hash":"7e6c95a67a949558187b395643c8a0169fc0b5f0","messageTitle":"Created and updated use command summary table","messageBody":"","fileTypesAndContributionMap":{"docs":{"insertions":19,"deletions":0}}}]},{"date":"2021-04-08","commitResults":[{"hash":"582be59216758096cd31a8980654ca7c45fef5d6","messageTitle":"1. Remove test file for outlook - no longer using domain @outlook.com 2. Change error message for wrong email account 3. Only allows users to create account from one of the 4 domains agreed upon","messageBody":"","fileTypesAndContributionMap":{"functional-code":{"insertions":22,"deletions":14},"other":{"insertions":1,"deletions":1}}}]}],"FarmZH98":[{"date":"2021-03-09","commitResults":[{"hash":"572ea16113afca8ca9640a7f9a1b63b4fc535d97","messageTitle":"Updated AboutUs","messageBody":"","fileTypesAndContributionMap":{"docs":{"insertions":1,"deletions":1}}}]},{"date":"2021-03-11","commitResults":[{"hash":"8c266d31fde1da102d131fe9772c9fe765eb191d","messageTitle":"Implemented abstract email and its extended classes","messageBody":"","fileTypesAndContributionMap":{"functional-code":{"insertions":63,"deletions":6}}},{"hash":"aba00e91e05e19c9359f5147de399c6d489210f1","messageTitle":"fixed minor code style violation","messageBody":"","fileTypesAndContributionMap":{"functional-code":{"insertions":1,"deletions":1}}}]},{"date":"2021-03-13","commitResults":[{"hash":"918902e35291e8b6d6672ed1561906291cce5b7b","messageTitle":"refactor Duke to Mojo","messageBody":"","fileTypesAndContributionMap":{"other":{"insertions":3,"deletions":3}}}]},{"date":"2021-03-14","commitResults":[{"hash":"723557dd7c7e7e5bea71017c1238e96bb74f4a66","messageTitle":"Implemented compose feature where mail will be saved to draft, and minor code refactoring","messageBody":"","fileTypesAndContributionMap":{"functional-code":{"insertions":79,"deletions":13}}},{"hash":"a66b18686b9506e847ef3c2231c2b956878a6988","messageTitle":"fixed minor code violations","messageBody":"","fileTypesAndContributionMap":{"functional-code":{"insertions":12,"deletions":2}}},{"hash":"7daa031668d06fa94605ab9e9af9a7115d28515c","messageTitle":"implemented send method","messageBody":"","fileTypesAndContributionMap":{"functional-code":{"insertions":51,"deletions":7}}},{"hash":"aa44bf14636d1a167501fbdccdc99ee6ae705dbb","messageTitle":"fixed minor code violations","messageBody":"","fileTypesAndContributionMap":{"functional-code":{"insertions":0,"deletions":1}}},{"hash":"3ac40395736ae6c066af44c4bcf42ed453e2e2b1","messageTitle":"made changes to buildgradle due to change in class name","messageBody":"","fileTypesAndContributionMap":{"other":{"insertions":1,"deletions":1}}},{"hash":"e17f59e1d710c9f1dcbbadb40b8dd96af9575678","messageTitle":"added draft test class","messageBody":"","fileTypesAndContributionMap":{"test-code":{"insertions":60,"deletions":0}}},{"hash":"f58b35215c5f87e659363a3cc09adebcb32b2078","messageTitle":"fixed minor code violation","messageBody":"","fileTypesAndContributionMap":{"test-code":{"insertions":2,"deletions":2}}}]},{"date":"2021-03-15","commitResults":[{"hash":"db69d64aca8269afdba2aa12e08df87e0bbdce55","messageTitle":"implemented count number of emails feature \u0026 skeleteon Junit test","messageBody":"","fileTypesAndContributionMap":{"functional-code":{"insertions":130,"deletions":10},"test-code":{"insertions":9,"deletions":0}}},{"hash":"446294802b8b63b70cb0bcdf33a86a1d3341306d","messageTitle":"fixed bug in compose command","messageBody":"","fileTypesAndContributionMap":{"functional-code":{"insertions":3,"deletions":2}}},{"hash":"c5c4a5ee3ef146edd325b3da11b74ea961e6c643","messageTitle":"fixed minor code violations","messageBody":"","fileTypesAndContributionMap":{"functional-code":{"insertions":20,"deletions":11},"test-code":{"insertions":1,"deletions":2}}},{"hash":"60f9d3bc7cb3c4e1c8558d41faad7d4eab376724","messageTitle":"fixed minor code violations #2","messageBody":"","fileTypesAndContributionMap":{"functional-code":{"insertions":1,"deletions":1}}},{"hash":"80f92367f381f6de22ee537868f9d0de65f03909","messageTitle":"code violation","messageBody":"","fileTypesAndContributionMap":{"functional-code":{"insertions":1,"deletions":0}}}]},{"date":"2021-03-16","commitResults":[{"hash":"b7fbf305863d870c684180051916b355d9e44966","messageTitle":"fixed bugs in compose","messageBody":"","fileTypesAndContributionMap":{"functional-code":{"insertions":6,"deletions":2}}},{"hash":"794ddf7294d49059d74f08758805399d71408c04","messageTitle":"added JUnit tests","messageBody":"","fileTypesAndContributionMap":{"functional-code":{"insertions":5,"deletions":9},"test-code":{"insertions":100,"deletions":8}}},{"hash":"553694253e801702987953c36e200bab6c2b9efd","messageTitle":"fixed minor code style violation","messageBody":"","fileTypesAndContributionMap":{"test-code":{"insertions":1,"deletions":1}}}]},{"date":"2021-03-28","commitResults":[{"hash":"df5a9b646b59851c2b27781336e274eb321b7183","messageTitle":"Added sorting feature, time when listing out emails, and changed format of time","messageBody":"","fileTypesAndContributionMap":{"functional-code":{"insertions":79,"deletions":20},"other":{"insertions":12,"deletions":12}}},{"hash":"1a9b0c6c50d56c3ad760a24c08c6ce99abbb0205","messageTitle":"added skeleton for SortCommandTest","messageBody":"","fileTypesAndContributionMap":{"test-code":{"insertions":5,"deletions":0}}},{"hash":"23e173786f30f41799471d66fb367ba2353a2020","messageTitle":"added edit email feature","messageBody":"","fileTypesAndContributionMap":{"functional-code":{"insertions":86,"deletions":0},"test-code":{"insertions":1,"deletions":1}}},{"hash":"8be89bac5595b7e5116cd33a47adb13efb1128a5","messageTitle":"refactored code","messageBody":"","fileTypesAndContributionMap":{"functional-code":{"insertions":17,"deletions":16}}},{"hash":"026677855a18a96169b7f798365754d4bd24bb8b","messageTitle":"improved code to prevent user from making mistake","messageBody":"","fileTypesAndContributionMap":{"functional-code":{"insertions":23,"deletions":2}}},{"hash":"c5a1498446ae95332922c5768919e520b7e3f936","messageTitle":"fixed minor code violations","messageBody":"","fileTypesAndContributionMap":{"functional-code":{"insertions":2,"deletions":2}}},{"hash":"40ec25ee44d65d05a87f56b2d7ec35bec40aff77","messageTitle":"fixed more code violations","messageBody":"","fileTypesAndContributionMap":{"functional-code":{"insertions":16,"deletions":5}}},{"hash":"4765d7fc44a927109f295f53e45172f42b81cbd9","messageTitle":"added SortCommandTest","messageBody":"","fileTypesAndContributionMap":{"test-code":{"insertions":31,"deletions":0}}}]},{"date":"2021-03-30","commitResults":[{"hash":"5be7edd5297f5335ddaffffcc2377b25815b658f","messageTitle":"fixed EditCommand to be able edit to multiple receivers","messageBody":"","fileTypesAndContributionMap":{"functional-code":{"insertions":5,"deletions":16}}},{"hash":"c068c1c23ade28ab006940a335311d3bd990c378","messageTitle":"minor code change","messageBody":"","fileTypesAndContributionMap":{"functional-code":{"insertions":1,"deletions":3}}},{"hash":"04c73783888965d1fcfe8653180e488d85221a97","messageTitle":"added call method to commands that require update in storage","messageBody":"","fileTypesAndContributionMap":{"functional-code":{"insertions":7,"deletions":1}}},{"hash":"db6aab49576b20628b76f5019209e75b6acf4e32","messageTitle":"added assertion","messageBody":"","fileTypesAndContributionMap":{"functional-code":{"insertions":4,"deletions":1}}},{"hash":"4f055b9c49252e0225b859475a1561fc3ba28451","messageTitle":"added some logging to track errors","messageBody":"","fileTypesAndContributionMap":{"functional-code":{"insertions":31,"deletions":3},"other":{"insertions":1,"deletions":1}}},{"hash":"4a2c251aa78d6cbbc7d28d04f4710127be118ad1","messageTitle":"Added Junit Tests and fixed minor bugs and code violations","messageBody":"","fileTypesAndContributionMap":{"functional-code":{"insertions":3,"deletions":14},"test-code":{"insertions":89,"deletions":1}}},{"hash":"0d2d0d3db99ba26059f27d4942cad69571de77e1","messageTitle":"fixed bug in edit and send command","messageBody":"","fileTypesAndContributionMap":{"functional-code":{"insertions":12,"deletions":4}}},{"hash":"c46dfbbde1b02accde9c96743db21a3fb8136e47","messageTitle":"Added JunitTest to EditCommand","messageBody":"","fileTypesAndContributionMap":{"functional-code":{"insertions":2,"deletions":2},"test-code":{"insertions":5,"deletions":3}}},{"hash":"9ce02e9d4746548006ad25c75f22b4b6bffbea37","messageTitle":"draft email class diagram","messageBody":"","fileTypesAndContributionMap":{"other":{"insertions":1,"deletions":1},"docs":{"insertions":19,"deletions":0}}}]},{"date":"2021-03-31","commitResults":[{"hash":"d67a43ee4e6754eb70e95c6e822887b15c8a97a7","messageTitle":"Updated EmailClassDiagram and NFR in DG","messageBody":"","fileTypesAndContributionMap":{"functional-code":{"insertions":6,"deletions":12},"docs":{"insertions":117,"deletions":9}}},{"hash":"ead9922741f5451b5f1a30175448bb727adb83eb","messageTitle":"added Implementation for ComposeCommand","messageBody":"","fileTypesAndContributionMap":{"docs":{"insertions":78,"deletions":1}}}]},{"date":"2021-04-02","commitResults":[{"hash":"4a22bffbfbbe4c5ae45e6e66b4936ed9dffbe9f7","messageTitle":"Updated User Guide","messageBody":"","fileTypesAndContributionMap":{"docs":{"insertions":174,"deletions":0}}}]},{"date":"2021-04-06","commitResults":[{"hash":"d02c9088e2c60d3aee4e85a5c89a31ec082bbf85","messageTitle":"solve issue #108","messageBody":"","fileTypesAndContributionMap":{"functional-code":{"insertions":1,"deletions":0}}},{"hash":"18c67b6b324c573792f2b30a531efdc7636b592a","messageTitle":"implemented check email validity based on 4 email ID (gmail, yahoo, outlook, hotmail)","messageBody":"","fileTypesAndContributionMap":{"functional-code":{"insertions":14,"deletions":0}}}]},{"date":"2021-04-07","commitResults":[{"hash":"087fd1b29bc2c29756d12b615fc93579cec37416","messageTitle":"checks for validity in email address, subject and content when composing email, fires up warning if error is found (fix #84)","messageBody":"","fileTypesAndContributionMap":{"functional-code":{"insertions":68,"deletions":20}}},{"hash":"67796842b280c17fd9d5194fd955cc6643f9bc30","messageTitle":"similar to compose, show warning message for edit command","messageBody":"","fileTypesAndContributionMap":{"functional-code":{"insertions":36,"deletions":15}}},{"hash":"fc7fcdef7d76b604c0bb4418233bfada969f003c","messageTitle":"Fixed bugs for SendCommand and made Send and EditCommand more error proof","messageBody":"","fileTypesAndContributionMap":{"functional-code":{"insertions":3,"deletions":2}}},{"hash":"b09132238809aee7729d06676f4543cc08b5dc18","messageTitle":"fixed code style violations","messageBody":"","fileTypesAndContributionMap":{"functional-code":{"insertions":6,"deletions":6}}},{"hash":"781cf99523c742ded792e23065bfdb836657e230","messageTitle":"will not send if email address is not valid. Can still compose and edit with invalid email address but will fire up warning. Can still send if content and subject is empty but will fire up warning.","messageBody":"","fileTypesAndContributionMap":{"functional-code":{"insertions":7,"deletions":5}}},{"hash":"b7549d3c58914c1962aee41444974c4b6fb321d2","messageTitle":"fixed minor code violation","messageBody":"","fileTypesAndContributionMap":{"functional-code":{"insertions":2,"deletions":2}}}]},{"date":"2021-04-08","commitResults":[{"hash":"b750b4664815f1ad5210b04b7b220c185fec6f4b","messageTitle":"PPP","messageBody":"","fileTypesAndContributionMap":{"docs":{"insertions":45,"deletions":0}}},{"hash":"4a8df7045f61bc08bca81e07989cf891ad8862bf","messageTitle":"added user stories and fixed minor formatting issues","messageBody":"","fileTypesAndContributionMap":{"docs":{"insertions":11,"deletions":6}}},{"hash":"dd7c0644bd1f0193b180b512955874783934d1d4","messageTitle":"added documentation and fixed bug in sort time comparator","messageBody":"","fileTypesAndContributionMap":{"functional-code":{"insertions":29,"deletions":11}}}]},{"date":"2021-04-09","commitResults":[{"hash":"1504a06c2a8cc3ba60597c5cbd006921a24be42e","messageTitle":"Added sort and sendCommand tests","messageBody":"","fileTypesAndContributionMap":{"test-code":{"insertions":72,"deletions":25}}},{"hash":"7ded571436cf788cda85a5d1c7f6983859e9e51d","messageTitle":"fixed documentation violations","messageBody":"","fileTypesAndContributionMap":{"functional-code":{"insertions":5,"deletions":5}}},{"hash":"6af6624f6a8a28bb08ccdcaf7ab1951beafb42c6","messageTitle":"fixed minor documentation violation","messageBody":"","fileTypesAndContributionMap":{"functional-code":{"insertions":1,"deletions":1}}},{"hash":"2f15e379cd069f233e6df3943d60fc8cd6fd5e12","messageTitle":"fixed coding violations","messageBody":"","fileTypesAndContributionMap":{"test-code":{"insertions":3,"deletions":1}}},{"hash":"91efbbffa6167ba2154f43dc156cb1dd6a7abe9a","messageTitle":"fixed coding violations","messageBody":"","fileTypesAndContributionMap":{"test-code":{"insertions":7,"deletions":2}}},{"hash":"0166bdc6a853edc9f038f2766b70fc39b70a6b53","messageTitle":"linked AboutUs to PPP","messageBody":"","fileTypesAndContributionMap":{"docs":{"insertions":3,"deletions":3}}},{"hash":"23ce78e3a2b337e6bffc6f9aea3a200007183323","messageTitle":"updated PPP","messageBody":"","fileTypesAndContributionMap":{"docs":{"insertions":10,"deletions":6}}},{"hash":"dbb7a96ae0c64ef28752c3a887a2839941d638a7","messageTitle":"refactored methods to improve readability","messageBody":"","fileTypesAndContributionMap":{"functional-code":{"insertions":34,"deletions":33}}},{"hash":"3090adb5e033426960b8eeae0dccc2c0384ddb74","messageTitle":"fix #133","messageBody":"","fileTypesAndContributionMap":{"functional-code":{"insertions":1,"deletions":1}}},{"hash":"df7b18240c4608ee9b9e308649732ba0313027e3","messageTitle":"fix #134, and added edit and sort commands.","messageBody":"","fileTypesAndContributionMap":{"functional-code":{"insertions":5,"deletions":0}}},{"hash":"cd5ecee3216185efe3bfc4a6a0b36441d368368d","messageTitle":"modified help menu for multiple indices in sendCommand (fixed #137 in previous commit too)","messageBody":"","fileTypesAndContributionMap":{"functional-code":{"insertions":5,"deletions":4}}},{"hash":"212e2dde3f5624ee23fbf1bc3092dbe209d996f7","messageTitle":"fixed code violation","messageBody":"","fileTypesAndContributionMap":{"functional-code":{"insertions":2,"deletions":2}}},{"hash":"2dedc28b4afbdb490789a9b95fb109d24cee49ca","messageTitle":"fixed minor bug in numberCommand","messageBody":"","fileTypesAndContributionMap":{"functional-code":{"insertions":5,"deletions":1}}},{"hash":"511672682e7237bce71c142c5c1109cb28bb1693","messageTitle":"minor change in help menu for sendComand","messageBody":"","fileTypesAndContributionMap":{"functional-code":{"insertions":1,"deletions":1}}}]}],"jalvinchan":[{"date":"2021-03-09","commitResults":[{"hash":"0024619e3cedb7b6811584029646e72bd291598e","messageTitle":"Add jalvin profile","messageBody":"","fileTypesAndContributionMap":{"docs":{"insertions":1,"deletions":1}}}]},{"date":"2021-03-11","commitResults":[{"hash":"bbdfaac39531f88d4000134795c3ce6036ffea08","messageTitle":"Add skeleton code","messageBody":"","fileTypesAndContributionMap":{"functional-code":{"insertions":64,"deletions":0}}},{"hash":"3877b2e3110411c5e08b0fcd627456d5634c51d8","messageTitle":"Change logo to mojo","messageBody":"","fileTypesAndContributionMap":{"functional-code":{"insertions":6,"deletions":9}}}]},{"date":"2021-03-12","commitResults":[{"hash":"432f4ce826bb5b03730f7b6e0bb72d773859c67e","messageTitle":"Make execute method abstract","messageBody":"","fileTypesAndContributionMap":{"functional-code":{"insertions":1,"deletions":3}}},{"hash":"84c15a228f0584fe41d10c453f13df80df10938d","messageTitle":"Add override to excute","messageBody":"","fileTypesAndContributionMap":{"functional-code":{"insertions":1,"deletions":0}}},{"hash":"fa3422beb7169fb7a6e302b91b597b447795b894","messageTitle":"Add read command","messageBody":"","fileTypesAndContributionMap":{"functional-code":{"insertions":40,"deletions":6}}},{"hash":"6388b3997e79f0b0eeca7a64fed36cd169b1a4cf","messageTitle":"Mark email as read after opening.","messageBody":"","fileTypesAndContributionMap":{"functional-code":{"insertions":4,"deletions":2}}},{"hash":"dfbe4b8b4cfbfdf4449618b22281351bceff57aa","messageTitle":"List email now does not show content.","messageBody":"The content will only be shown when the user opens the email using the read command.\n","fileTypesAndContributionMap":{"functional-code":{"insertions":7,"deletions":3}}},{"hash":"87b7963ffc72b8c858ed1c6ec2067b1f526080bd","messageTitle":"Fix code style errors.","messageBody":"Replace import *.\nPlace + on next line.\n","fileTypesAndContributionMap":{"functional-code":{"insertions":16,"deletions":5}}}]},{"date":"2021-03-13","commitResults":[{"hash":"8643b6bf3f6f8e1b4be3fe51eb867add53d1dae2","messageTitle":"Update help command","messageBody":"Include every command into the help menu\n","fileTypesAndContributionMap":{"functional-code":{"insertions":4,"deletions":0}}}]},{"date":"2021-03-15","commitResults":[{"hash":"c0f4570fa174b91233319e07cb4a18ddb1240371","messageTitle":"Add junit test for readCommand","messageBody":"","fileTypesAndContributionMap":{"test-code":{"insertions":58,"deletions":0}}},{"hash":"4ae2efc32754ce4a73135bf4576330ebc42b9af7","messageTitle":"Fix codestyle violations","messageBody":"","fileTypesAndContributionMap":{"test-code":{"insertions":4,"deletions":4}}}]},{"date":"2021-03-16","commitResults":[{"hash":"2d52c27e648c796571b8fb1d1450cfd9fa825173","messageTitle":"Update help menu with compose and send command","messageBody":"","fileTypesAndContributionMap":{"functional-code":{"insertions":2,"deletions":1}}}]},{"date":"2021-03-23","commitResults":[{"hash":"fa93688afd7a93315291f3ab6b3f84773bedfcae","messageTitle":"Add feature to send multiple drafts at one go.","messageBody":"The command \"send 2 3 4\" allows you to send draft emails 2,3 and 4 together.\n","fileTypesAndContributionMap":{"functional-code":{"insertions":31,"deletions":7}}},{"hash":"57cf4823cd079ffc56d70e95f27fb7295c76c6d4","messageTitle":"Update help menu to include the feature to send to multiple recipient","messageBody":"","fileTypesAndContributionMap":{"functional-code":{"insertions":2,"deletions":0}}}]},{"date":"2021-03-24","commitResults":[{"hash":"621098734292b0c9db543b82d7cd943cd3b9115a","messageTitle":"Update readCommandTest with new tests","messageBody":"","fileTypesAndContributionMap":{"functional-code":{"insertions":1,"deletions":1},"test-code":{"insertions":13,"deletions":2}}},{"hash":"4194cd642f31b2836250f17f4597e125bd55f757","messageTitle":"There can now be more than one recipient for the email.","messageBody":"Change recipient from String to ArrayList\u003cString\u003e\nOverload Email constructor to take in both single recipient and a list of recipients\n","fileTypesAndContributionMap":{"functional-code":{"insertions":85,"deletions":20},"test-code":{"insertions":9,"deletions":9}}},{"hash":"b6e5149817ea51806ae66ffff6d47be10b229cd9","messageTitle":"Fix coding style","messageBody":"","fileTypesAndContributionMap":{"functional-code":{"insertions":11,"deletions":8},"test-code":{"insertions":5,"deletions":5}}}]},{"date":"2021-03-25","commitResults":[{"hash":"523500d0cfc30fe67ddc4f32c84ea6b5b03dbd38","messageTitle":"Add tag feature, tag command","messageBody":"","fileTypesAndContributionMap":{"functional-code":{"insertions":126,"deletions":24},"test-code":{"insertions":15,"deletions":7}}},{"hash":"b9c15e8092c9cbcaad37e0385319be2b66865f7c","messageTitle":"Fix code style problems","messageBody":"","fileTypesAndContributionMap":{"functional-code":{"insertions":10,"deletions":6}}},{"hash":"235124d9001b004a184b6bb18652836d4192f3b9","messageTitle":"Fix codestyle 2","messageBody":"","fileTypesAndContributionMap":{"functional-code":{"insertions":13,"deletions":9}}}]},{"date":"2021-03-28","commitResults":[{"hash":"566c3871424bdf0799697012859096b29275575e","messageTitle":"Add class diagrams","messageBody":"","fileTypesAndContributionMap":{"functional-code":{"insertions":8,"deletions":0},"docs":{"insertions":258,"deletions":1}}}]},{"date":"2021-03-29","commitResults":[{"hash":"0fc296cb22658282bb6033f5bc7b3fcfcf00541d","messageTitle":"Simplify some code, create file if not exist","messageBody":"","fileTypesAndContributionMap":{"functional-code":{"insertions":53,"deletions":22},"docs":{"insertions":0,"deletions":54}}},{"hash":"f2b0081ad6e32f32ca32a7b1501a9e72d5800087","messageTitle":"update junit tests","messageBody":"","fileTypesAndContributionMap":{"functional-code":{"insertions":8,"deletions":12},"test-code":{"insertions":9,"deletions":6}}}]},{"date":"2021-03-30","commitResults":[{"hash":"2e59d3dd54903e3cc1ba741f55d017304405c8e0","messageTitle":"Update user guide","messageBody":"","fileTypesAndContributionMap":{"functional-code":{"insertions":1,"deletions":2},"docs":{"insertions":111,"deletions":0}}},{"hash":"6aa526c0a845f7517a81750b443b903789bb1753","messageTitle":"FIx code style errors","messageBody":"","fileTypesAndContributionMap":{"functional-code":{"insertions":15,"deletions":2}}},{"hash":"8ba60710ad492ce458808725e8ab1403d46ad453","messageTitle":"Update storage after tag","messageBody":"","fileTypesAndContributionMap":{"functional-code":{"insertions":2,"deletions":1}}},{"hash":"5a07448a09f29d676c7e561548f45270d8482b18","messageTitle":"Fix checkstyle errors","messageBody":"","fileTypesAndContributionMap":{"test-code":{"insertions":7,"deletions":5}}}]},{"date":"2021-03-31","commitResults":[{"hash":"6a2c7f5a9c29b51e2695bcfb07c3beea0e9e966b","messageTitle":"Update developer guide with architect explanation, tag implementation.","messageBody":"","fileTypesAndContributionMap":{"docs":{"insertions":147,"deletions":43}}}]},{"date":"2021-04-04","commitResults":[{"hash":"4c63e4a866b8eee1e55901450ec0079a5ca9cde5","messageTitle":"Enable assertions, fix checkstyle","messageBody":"","fileTypesAndContributionMap":{"functional-code":{"insertions":17,"deletions":16},"other":{"insertions":1,"deletions":0}}},{"hash":"fbc220aa0f6f4312f464bfa9ee84f9646078e1e2","messageTitle":"Add read to storage.","messageBody":"Fix issue #109\n","fileTypesAndContributionMap":{"functional-code":{"insertions":52,"deletions":79},"test-code":{"insertions":53,"deletions":33}}},{"hash":"7d30f306d683ecb415e0b5aa881b9f30e0cde944","messageTitle":"Update data file to include read","messageBody":"","fileTypesAndContributionMap":{"other":{"insertions":12,"deletions":1}}},{"hash":"b429723769e7ac1fb59be449384ab1829bad6ae6","messageTitle":"Update storage to include read","messageBody":"","fileTypesAndContributionMap":{"functional-code":{"insertions":1,"deletions":0}}}]},{"date":"2021-04-05","commitResults":[{"hash":"ff301c9bb0975a5181c5b055a770a9c13fffecc4","messageTitle":"Change tag command to single step","messageBody":"Change tag command logic.\nUpdate user guide for single step tag\nFix #110\n\nUpdate User guide to inform user to list before read/tag\nFix #102\n","fileTypesAndContributionMap":{"functional-code":{"insertions":21,"deletions":63},"docs":{"insertions":10,"deletions":5}}}]},{"date":"2021-04-06","commitResults":[{"hash":"e739cc0617ea524fc3bf6189685e610f2342820f","messageTitle":"Add content page, simplify diagrams","messageBody":"","fileTypesAndContributionMap":{"docs":{"insertions":140,"deletions":139}}},{"hash":"cb92d67dca33d8596dbf87c88e84c104ce9e3398","messageTitle":"Check recipient emails are in the storage before sending","messageBody":"","fileTypesAndContributionMap":{"functional-code":{"insertions":49,"deletions":7}}},{"hash":"45a9216124a59248cedc42dd87ba17f05b4943d2","messageTitle":"tags are saved in storage now","messageBody":"","fileTypesAndContributionMap":{"functional-code":{"insertions":35,"deletions":26},"other":{"insertions":23,"deletions":12}}},{"hash":"c71010e9bcfc037ff3ef3c1189afe0603d4dee4e","messageTitle":"Fix bugs with sending multiple emails containing duplicate index","messageBody":"","fileTypesAndContributionMap":{"functional-code":{"insertions":10,"deletions":3}}},{"hash":"d09ff6478676a1e3d2ad0b70f3e71c8f1f58727d","messageTitle":"updated user guide, add ppp","messageBody":"","fileTypesAndContributionMap":{"functional-code":{"insertions":3,"deletions":4},"docs":{"insertions":74,"deletions":41}}}]},{"date":"2021-04-07","commitResults":[{"hash":"240c6aaa217c76e507fcf39fc79244c5f3df7c73","messageTitle":"Fix login bug, fix checkstyle","messageBody":"","fileTypesAndContributionMap":{"functional-code":{"insertions":10,"deletions":9}}}]},{"date":"2021-04-08","commitResults":[{"hash":"008f6bc4ba4e37bb219a329eeccb6ae0ab395278","messageTitle":"Update recipient inbox in storage after send","messageBody":"","fileTypesAndContributionMap":{"functional-code":{"insertions":41,"deletions":4},"other":{"insertions":2,"deletions":2}}},{"hash":"b9f6827ed8867dc6680f1bf45a97ed520be389fe","messageTitle":"Fix read bug, fix codestyle","messageBody":"Fix #124\n","fileTypesAndContributionMap":{"functional-code":{"insertions":5,"deletions":8}}}]},{"date":"2021-04-09","commitResults":[{"hash":"041bae85de81622392212f84287736940535b471","messageTitle":"Remove static keyword","messageBody":"Guys please dont use static keywords unless it is parser\nFix issue #129 part 1\n","fileTypesAndContributionMap":{"functional-code":{"insertions":34,"deletions":30},"test-code":{"insertions":4,"deletions":3}}},{"hash":"c6348e59c992aac91f5fd2ad5d81ba72a9156ae4","messageTitle":"Fix issue #129 part 2","messageBody":"","fileTypesAndContributionMap":{"functional-code":{"insertions":1,"deletions":0}}}]}],"yanli1215":[{"date":"2021-03-09","commitResults":[{"hash":"5f7b005a8afe19096f4b1212b82277b1a899b6b4","messageTitle":"change access to runtest.sh","messageBody":"","fileTypesAndContributionMap":{"other":{"insertions":0,"deletions":0}}}]},{"date":"2021-03-11","commitResults":[{"hash":"f7fabc2c69950239ec946da8b67a13bb8c366265","messageTitle":"rename the test data","messageBody":"","fileTypesAndContributionMap":{"other":{"insertions":84,"deletions":0}}},{"hash":"1beea3fc1aedb50e589e0e554059791ab454a4c4","messageTitle":"add storage class to load data","messageBody":"","fileTypesAndContributionMap":{"functional-code":{"insertions":126,"deletions":37},"other":{"insertions":1,"deletions":0}}}]},{"date":"2021-03-12","commitResults":[{"hash":"77c265f3bfc7cd78baee7b288d0075432ee12abd","messageTitle":"implement the storage class","messageBody":"able to load data from Json file and list all emails in the account\n","fileTypesAndContributionMap":{"functional-code":{"insertions":173,"deletions":26},"other":{"insertions":28,"deletions":7}}},{"hash":"8b6e28bf8d577b728274204825ec9595a0ef8a4e","messageTitle":"fix some checkStyles bugs","messageBody":"","fileTypesAndContributionMap":{"functional-code":{"insertions":48,"deletions":28}}},{"hash":"b76d83901ede3d602b534fc51aa82e0ac0da7e59","messageTitle":"add a list and exit command","messageBody":"","fileTypesAndContributionMap":{"functional-code":{"insertions":97,"deletions":21},"other":{"insertions":84,"deletions":0}}}]},{"date":"2021-03-13","commitResults":[{"hash":"42ff4df76a4c412ab0e7cdfb01514567ff6572b5","messageTitle":"Implement archive and delete","messageBody":"","fileTypesAndContributionMap":{"functional-code":{"insertions":106,"deletions":21}}},{"hash":"7841964ca0eec4cfc034e29cf6dac87b49843757","messageTitle":"work on Exceptoin class","messageBody":"","fileTypesAndContributionMap":{"functional-code":{"insertions":37,"deletions":4}}},{"hash":"d36649f1efe3f3193e9b65930bb1b4ec62382f0a","messageTitle":"fix the text-ui-test bugs","messageBody":"","fileTypesAndContributionMap":{"functional-code":{"insertions":1,"deletions":1}}},{"hash":"2f3c217786267891c5e8986a0372f783429ca24b","messageTitle":"add error handling to READ command","messageBody":"","fileTypesAndContributionMap":{"functional-code":{"insertions":14,"deletions":6}}}]},{"date":"2021-03-15","commitResults":[{"hash":"84e30f2a3e9c858237a214cb33b54b6a3db3c900","messageTitle":"Add JUnit tests for DeleteCommand class and ArchiveCommand class","messageBody":"","fileTypesAndContributionMap":{"functional-code":{"insertions":10,"deletions":0},"test-code":{"insertions":130,"deletions":0}}}]},{"date":"2021-03-16","commitResults":[{"hash":"dcb7103b532bf6975f1899d71df50b54ddaec2ac","messageTitle":"fix the bug in parser","messageBody":"","fileTypesAndContributionMap":{"functional-code":{"insertions":1,"deletions":1}}},{"hash":"e2d0e2b80369a55c4b947f5f72972b41a9e30eb0","messageTitle":"fix the archive bugs","messageBody":"","fileTypesAndContributionMap":{"functional-code":{"insertions":3,"deletions":3}}}]},{"date":"2021-03-23","commitResults":[{"hash":"a9e2e99563e1b573f8f659cdf4a51025764277c2","messageTitle":"Add some Assertions","messageBody":"","fileTypesAndContributionMap":{"functional-code":{"insertions":5,"deletions":4}}}]},{"date":"2021-03-28","commitResults":[{"hash":"303e7e5711701220f2aa201309d9a16a1c7302cb","messageTitle":"add FindCommand to find emails by keywords","messageBody":"","fileTypesAndContributionMap":{"functional-code":{"insertions":53,"deletions":11}}},{"hash":"8214138785dc73f5219d13ce80ff5279d662c4ba","messageTitle":"add find to the help command","messageBody":"","fileTypesAndContributionMap":{"functional-code":{"insertions":24,"deletions":0}}},{"hash":"47a17473087bcd636f25e803eeee9f0c1badafc3","messageTitle":"Add reset command to reset password","messageBody":"","fileTypesAndContributionMap":{"functional-code":{"insertions":74,"deletions":19}}},{"hash":"d5439e7146b825fd8885ac6727f56e6749cc6733","messageTitle":"add reset in help command","messageBody":"","fileTypesAndContributionMap":{"functional-code":{"insertions":1,"deletions":0}}},{"hash":"606e25e20e6b1d06edcdffd9f051419302344318","messageTitle":"update the LoginInfo.txt after reset the password","messageBody":"","fileTypesAndContributionMap":{"functional-code":{"insertions":59,"deletions":7},"other":{"insertions":1,"deletions":84}}}]},{"date":"2021-03-29","commitResults":[{"hash":"0731006ebb80eafd4e81b453e26b384cd4f6cc21","messageTitle":"fix some bugs in loginInfoManager","messageBody":"","fileTypesAndContributionMap":{"functional-code":{"insertions":2,"deletions":4}}},{"hash":"09ec4861cab444811ba443cc16b61b68e4d86d70","messageTitle":"fix style errors","messageBody":"","fileTypesAndContributionMap":{"functional-code":{"insertions":55,"deletions":58},"other":{"insertions":47,"deletions":22},"test-code":{"insertions":14,"deletions":14}}},{"hash":"d7450520e85a11c98eb1d64f430ee7941d738fbe","messageTitle":"update UG feature delete, archive, find, reset","messageBody":"","fileTypesAndContributionMap":{"docs":{"insertions":161,"deletions":10}}},{"hash":"7c660da4674444225e5c4aec6a01f5e8e2620478","messageTitle":"update the test file: 12312@gmail.com","messageBody":"change field \"to\" to an array of String\n","fileTypesAndContributionMap":{"other":{"insertions":1,"deletions":1}}},{"hash":"35d288a8bc9105c411a4ef9e73f5009d4b370b5e","messageTitle":"Save the emails in the hard disk automatically whenever the email list changes.","messageBody":"","fileTypesAndContributionMap":{"functional-code":{"insertions":77,"deletions":10}}},{"hash":"4fec4ba44ae2d465736978de3b762350ef5d826a","messageTitle":"Apply save to Delete and Archive command","messageBody":"","fileTypesAndContributionMap":{"functional-code":{"insertions":4,"deletions":2}}},{"hash":"e7d837506ce8361d4f56cf132858e89da4db8107","messageTitle":"create an a json file with a sketches as below for new users","messageBody":"{\n  \"password\": \"XXX\",\n  \"deleted\": [ ],\n  \"junk\": [ ],\n  \"archive\": [ ],\n  \"drafts\": [ ],\n  \"inbox\": [ ],\n  \"sent\": [ ],\n  \"account\": \"XXX@XXX.com\"\n}\n","fileTypesAndContributionMap":{"functional-code":{"insertions":25,"deletions":9}}}]},{"date":"2021-03-30","commitResults":[{"hash":"8e147cdc9d8dcfa598d4caaf1aa82e434f623dfe","messageTitle":"add comment","messageBody":"","fileTypesAndContributionMap":{"functional-code":{"insertions":3,"deletions":0}}},{"hash":"69ba96c9675ea22252162b9547c35a17f0a96a23","messageTitle":"add utilities diagram","messageBody":"","fileTypesAndContributionMap":{"docs":{"insertions":58,"deletions":0}}},{"hash":"867ca18f8a5fa0d935071cb397c29925ec512877","messageTitle":"Add FindCommand test","messageBody":"","fileTypesAndContributionMap":{"functional-code":{"insertions":18,"deletions":23},"docs":{"insertions":4,"deletions":4},"test-code":{"insertions":62,"deletions":0}}},{"hash":"d3df3109843491fe64e43967f3ae85b1ee6d08e1","messageTitle":"add Utility component and manual testing instructions","messageBody":"","fileTypesAndContributionMap":{"functional-code":{"insertions":2,"deletions":4},"docs":{"insertions":94,"deletions":10}}},{"hash":"35d4d7ad6aad89e38ed77799679570f6406bbf6a","messageTitle":"fix style errors","messageBody":"","fileTypesAndContributionMap":{"functional-code":{"insertions":1,"deletions":1}}}]},{"date":"2021-04-03","commitResults":[{"hash":"0550b0f92d097948e02b8a3a035b6d1c8100f34f","messageTitle":"update introduction and quick start","messageBody":"","fileTypesAndContributionMap":{"docs":{"insertions":8,"deletions":7}}}]},{"date":"2021-04-04","commitResults":[{"hash":"d693141509d4c211df515157ad23a4a27bb9e7f8","messageTitle":"solve json data format issue","messageBody":"","fileTypesAndContributionMap":{"functional-code":{"insertions":56,"deletions":46}}},{"hash":"a10bbc868d7d2a70e98f35eec7fb47d93b774f9f","messageTitle":"add get to start in UG","messageBody":"","fileTypesAndContributionMap":{"docs":{"insertions":12,"deletions":3}}}]},{"date":"2021-04-05","commitResults":[{"hash":"a5eb8893af445a8bbc40809182d11c5062b1b6c2","messageTitle":"update command summary and FAQ","messageBody":"","fileTypesAndContributionMap":{"docs":{"insertions":17,"deletions":2}}}]},{"date":"2021-04-06","commitResults":[{"hash":"ce028d88c49007038a908fcefcb3a263d89a45df","messageTitle":"add V2 user stories","messageBody":"","fileTypesAndContributionMap":{"docs":{"insertions":8,"deletions":1}}},{"hash":"591146c522620f9b1f0600f4ce87c16b74a1df90","messageTitle":"fix merge confict","messageBody":"","fileTypesAndContributionMap":{"functional-code":{"insertions":0,"deletions":8}}},{"hash":"63f571264adb5e22c091d57e9d77f35c45a312a6","messageTitle":"fix ./runtest.sh bugs","messageBody":"","fileTypesAndContributionMap":{"functional-code":{"insertions":3,"deletions":3}}},{"hash":"6d6ca01f9bff13fee6afacad34b0164981cb17b5","messageTitle":"createEmailObject lack a \"tag\" field","messageBody":"","fileTypesAndContributionMap":{"functional-code":{"insertions":1,"deletions":0}}},{"hash":"32f61c8995117fb9974648ec20735d22214d3a74","messageTitle":"fix checkStyle bugs","messageBody":"","fileTypesAndContributionMap":{"functional-code":{"insertions":3,"deletions":3}}}]}]},"authorFileTypeContributionMap":{"Chihui8199":{"docs":363,"functional-code":419,"test-code":114,"other":9},"FarmZH98":{"docs":316,"functional-code":602,"test-code":301,"other":1},"jalvinchan":{"docs":250,"functional-code":422,"test-code":155,"other":35},"yanli1215":{"docs":269,"functional-code":834,"test-code":190,"other":150}},"authorContributionVariance":{"Chihui8199":11606.47,"FarmZH98":9079.918,"jalvinchan":13412.799,"yanli1215":19157.133},"authorDisplayNameMap":{"Chihui8199":"CS2113-W10-2 NG C.. HUI","FarmZH98":"CS2113-W10-2 FARM.. HAO","jalvinchan":"CS2113-W10-2 JALV..IANG","yanli1215":"CS2113-W10-2 LIU ..ANLI"}}
