[{"path":"README.md","fileType":"docs","lines":[{"lineNumber":1,"author":{"gitId":"-"},"content":"# Duke project template"},{"lineNumber":2,"author":{"gitId":"-"},"content":""},{"lineNumber":3,"author":{"gitId":"-"},"content":"This is a project template for a greenfield Java project. It\u0027s named after the Java mascot _Duke_. Given below are instructions on how to use it."},{"lineNumber":4,"author":{"gitId":"-"},"content":""},{"lineNumber":5,"author":{"gitId":"-"},"content":"## Setting up in Intellij"},{"lineNumber":6,"author":{"gitId":"-"},"content":""},{"lineNumber":7,"author":{"gitId":"-"},"content":"Prerequisites: JDK 11 (use the exact version), update Intellij to the most recent version."},{"lineNumber":8,"author":{"gitId":"-"},"content":""},{"lineNumber":9,"author":{"gitId":"-"},"content":"1. **Configure Intellij for JDK 11**, as described [here](https://se-education.org/guides/tutorials/intellijJdk.html)."},{"lineNumber":10,"author":{"gitId":"-"},"content":"1. **Import the project _as a Gradle project_**, as described [here](https://se-education.org/guides/tutorials/intellijImportGradleProject.html)."},{"lineNumber":11,"author":{"gitId":"-"},"content":"1. **Verify the set up**: After the importing is complete, locate the `src/main/java/seedu/duke/Duke.java` file, right-click it, and choose `Run Duke.main()`. If the setup is correct, you should see something like the below:"},{"lineNumber":12,"author":{"gitId":"-"},"content":"   ```"},{"lineNumber":13,"author":{"gitId":"-"},"content":"   \u003e Task :compileJava"},{"lineNumber":14,"author":{"gitId":"-"},"content":"   \u003e Task :processResources NO-SOURCE"},{"lineNumber":15,"author":{"gitId":"-"},"content":"   \u003e Task :classes"},{"lineNumber":16,"author":{"gitId":"-"},"content":"   "},{"lineNumber":17,"author":{"gitId":"-"},"content":"   \u003e Task :Duke.main()"},{"lineNumber":18,"author":{"gitId":"-"},"content":"   Hello from"},{"lineNumber":19,"author":{"gitId":"-"},"content":"    ____        _        "},{"lineNumber":20,"author":{"gitId":"-"},"content":"   |  _ \\ _   _| | _____ "},{"lineNumber":21,"author":{"gitId":"-"},"content":"   | | | | | | | |/ / _ \\"},{"lineNumber":22,"author":{"gitId":"-"},"content":"   | |_| | |_| |   \u003c  __/"},{"lineNumber":23,"author":{"gitId":"-"},"content":"   |____/ \\__,_|_|\\_\\___|"},{"lineNumber":24,"author":{"gitId":"-"},"content":"   "},{"lineNumber":25,"author":{"gitId":"-"},"content":"   What is your name?"},{"lineNumber":26,"author":{"gitId":"-"},"content":"   ```"},{"lineNumber":27,"author":{"gitId":"-"},"content":"   Type some word and press enter to let the execution proceed to the end."},{"lineNumber":28,"author":{"gitId":"-"},"content":""},{"lineNumber":29,"author":{"gitId":"-"},"content":"## Build automation using Gradle"},{"lineNumber":30,"author":{"gitId":"-"},"content":""},{"lineNumber":31,"author":{"gitId":"-"},"content":"* This project uses Gradle for build automation and dependency management. It includes a basic build script as well (i.e. the `build.gradle` file)."},{"lineNumber":32,"author":{"gitId":"-"},"content":"* If you are new to Gradle, refer to the [Gradle Tutorial at se-education.org/guides](https://se-education.org/guides/tutorials/gradle.html)."},{"lineNumber":33,"author":{"gitId":"-"},"content":""},{"lineNumber":34,"author":{"gitId":"-"},"content":"## Testing"},{"lineNumber":35,"author":{"gitId":"-"},"content":""},{"lineNumber":36,"author":{"gitId":"-"},"content":"### I/O redirection tests"},{"lineNumber":37,"author":{"gitId":"-"},"content":""},{"lineNumber":38,"author":{"gitId":"-"},"content":"* To run _I/O redirection_ tests (aka _Text UI tests_), navigate to the `text-ui-test` and run the `runtest(.bat/.sh)` script."},{"lineNumber":39,"author":{"gitId":"-"},"content":""},{"lineNumber":40,"author":{"gitId":"-"},"content":"### JUnit tests"},{"lineNumber":41,"author":{"gitId":"-"},"content":""},{"lineNumber":42,"author":{"gitId":"-"},"content":"* A skeleton JUnit test (`src/test/java/seedu/duke/DukeTest.java`) is provided with this project template. "},{"lineNumber":43,"author":{"gitId":"-"},"content":"* If you are new to JUnit, refer to the [JUnit Tutorial at se-education.org/guides](https://se-education.org/guides/tutorials/junit.html)."},{"lineNumber":44,"author":{"gitId":"-"},"content":""},{"lineNumber":45,"author":{"gitId":"-"},"content":"## Checkstyle"},{"lineNumber":46,"author":{"gitId":"-"},"content":""},{"lineNumber":47,"author":{"gitId":"-"},"content":"* A sample CheckStyle rule configuration is provided in this project."},{"lineNumber":48,"author":{"gitId":"-"},"content":"* If you are new to Checkstyle, refer to the [Checkstyle Tutorial at se-education.org/guides](https://se-education.org/guides/tutorials/checkstyle.html)."},{"lineNumber":49,"author":{"gitId":"-"},"content":""},{"lineNumber":50,"author":{"gitId":"-"},"content":"## CI using GitHub Actions"},{"lineNumber":51,"author":{"gitId":"-"},"content":""},{"lineNumber":52,"author":{"gitId":"-"},"content":"The project uses [GitHub actions](https://github.com/features/actions) for CI. When you push a commit to this repo or PR against it, GitHub actions will run automatically to build and verify the code as updated by the commit/PR."},{"lineNumber":53,"author":{"gitId":"-"},"content":""},{"lineNumber":54,"author":{"gitId":"-"},"content":"## Documentation"},{"lineNumber":55,"author":{"gitId":"-"},"content":""},{"lineNumber":56,"author":{"gitId":"-"},"content":"`/docs` folder contains a skeleton version of the project documentation."},{"lineNumber":57,"author":{"gitId":"-"},"content":""},{"lineNumber":58,"author":{"gitId":"-"},"content":"Steps for publishing documentation to the public: "},{"lineNumber":59,"author":{"gitId":"-"},"content":"1. If you are using this project template for an individual project, go your fork on GitHub.\u003cbr\u003e"},{"lineNumber":60,"author":{"gitId":"-"},"content":"   If you are using this project template for a team project, go to the team fork on GitHub."},{"lineNumber":61,"author":{"gitId":"-"},"content":"1. Click on the `settings` tab."},{"lineNumber":62,"author":{"gitId":"-"},"content":"1. Scroll down to the `GitHub Pages` section."},{"lineNumber":63,"author":{"gitId":"-"},"content":"1. Set the `source` as `master branch /docs folder`."},{"lineNumber":64,"author":{"gitId":"-"},"content":"1. Optionally, use the `choose a theme` button to choose a theme for your documentation."},{"lineNumber":65,"author":{"gitId":"jadenwjh"},"content":""},{"lineNumber":66,"author":{"gitId":"jadenwjh"},"content":"Jaden was here"}],"authorContributionMap":{"-":64,"jadenwjh":2}},{"path":"build.gradle","fileType":"other","lines":[{"lineNumber":1,"author":{"gitId":"-"},"content":"plugins {"},{"lineNumber":2,"author":{"gitId":"-"},"content":"    id \u0027java\u0027"},{"lineNumber":3,"author":{"gitId":"-"},"content":"    id \u0027application\u0027"},{"lineNumber":4,"author":{"gitId":"-"},"content":"    id \u0027checkstyle\u0027"},{"lineNumber":5,"author":{"gitId":"-"},"content":"    id \u0027com.github.johnrengelman.shadow\u0027 version \u00275.1.0\u0027"},{"lineNumber":6,"author":{"gitId":"-"},"content":"}"},{"lineNumber":7,"author":{"gitId":"-"},"content":""},{"lineNumber":8,"author":{"gitId":"-"},"content":"repositories {"},{"lineNumber":9,"author":{"gitId":"-"},"content":"    mavenCentral()"},{"lineNumber":10,"author":{"gitId":"-"},"content":"}"},{"lineNumber":11,"author":{"gitId":"-"},"content":""},{"lineNumber":12,"author":{"gitId":"-"},"content":"dependencies {"},{"lineNumber":13,"author":{"gitId":"jadenwjh"},"content":"    implementation \u0027junit:junit:4.12\u0027"},{"lineNumber":14,"author":{"gitId":"-"},"content":"    testImplementation group: \u0027org.junit.jupiter\u0027, name: \u0027junit-jupiter-api\u0027, version: \u00275.5.0\u0027"},{"lineNumber":15,"author":{"gitId":"-"},"content":"    testRuntimeOnly group: \u0027org.junit.jupiter\u0027, name: \u0027junit-jupiter-engine\u0027, version: \u00275.5.0\u0027"},{"lineNumber":16,"author":{"gitId":"-"},"content":"}"},{"lineNumber":17,"author":{"gitId":"-"},"content":""},{"lineNumber":18,"author":{"gitId":"-"},"content":"test {"},{"lineNumber":19,"author":{"gitId":"-"},"content":"    useJUnitPlatform()"},{"lineNumber":20,"author":{"gitId":"-"},"content":""},{"lineNumber":21,"author":{"gitId":"-"},"content":"    testLogging {"},{"lineNumber":22,"author":{"gitId":"-"},"content":"        events \"passed\", \"skipped\", \"failed\""},{"lineNumber":23,"author":{"gitId":"-"},"content":""},{"lineNumber":24,"author":{"gitId":"-"},"content":"        showExceptions true"},{"lineNumber":25,"author":{"gitId":"-"},"content":"        exceptionFormat \"full\""},{"lineNumber":26,"author":{"gitId":"-"},"content":"        showCauses true"},{"lineNumber":27,"author":{"gitId":"-"},"content":"        showStackTraces true"},{"lineNumber":28,"author":{"gitId":"-"},"content":"        showStandardStreams \u003d false"},{"lineNumber":29,"author":{"gitId":"-"},"content":"    }"},{"lineNumber":30,"author":{"gitId":"-"},"content":"}"},{"lineNumber":31,"author":{"gitId":"-"},"content":""},{"lineNumber":32,"author":{"gitId":"-"},"content":"application {"},{"lineNumber":33,"author":{"gitId":"jadenwjh"},"content":"    mainClassName \u003d \"seedu.hdbuy.HdBuy\""},{"lineNumber":34,"author":{"gitId":"-"},"content":"}"},{"lineNumber":35,"author":{"gitId":"-"},"content":""},{"lineNumber":36,"author":{"gitId":"-"},"content":"shadowJar {"},{"lineNumber":37,"author":{"gitId":"jadenwjh"},"content":"    archiveBaseName \u003d \"hdbuy\""},{"lineNumber":38,"author":{"gitId":"-"},"content":"    archiveClassifier \u003d null"},{"lineNumber":39,"author":{"gitId":"-"},"content":"}"},{"lineNumber":40,"author":{"gitId":"-"},"content":""},{"lineNumber":41,"author":{"gitId":"-"},"content":"checkstyle {"},{"lineNumber":42,"author":{"gitId":"-"},"content":"    toolVersion \u003d \u00278.23\u0027"},{"lineNumber":43,"author":{"gitId":"-"},"content":"}"},{"lineNumber":44,"author":{"gitId":"-"},"content":""},{"lineNumber":45,"author":{"gitId":"-"},"content":"run{"},{"lineNumber":46,"author":{"gitId":"-"},"content":"    standardInput \u003d System.in"},{"lineNumber":47,"author":{"gitId":"-"},"content":"}"}],"authorContributionMap":{"-":44,"jadenwjh":3}},{"path":"docs/AboutUs.md","fileType":"docs","lines":[{"lineNumber":1,"author":{"gitId":"-"},"content":"# About us"},{"lineNumber":2,"author":{"gitId":"-"},"content":""},{"lineNumber":3,"author":{"gitId":"-"},"content":"Display | Name | Github Profile | Portfolio "},{"lineNumber":4,"author":{"gitId":"-"},"content":"--------|:----:|:--------------:|:---------:"},{"lineNumber":5,"author":{"gitId":"heyjinwei"},"content":"![](https://via.placeholder.com/100.png?text\u003dPhoto) | Jin Wei | [Github](https://github.com/heyjinwei/) | [Portfolio](docs/team/heyjinwei.md)"},{"lineNumber":6,"author":{"gitId":"jadenwjh"},"content":"![](https://via.placeholder.com/100.png?text\u003dPhoto) | Wong Jun Hong Jaden | [Github](https://github.com/jadenwjh) | [Portfolio](docs/team/jadenwjh.md)"},{"lineNumber":7,"author":{"gitId":"-"},"content":"![](https://via.placeholder.com/100.png?text\u003dPhoto) | Ron John | [Github](https://github.com/) | [Portfolio](docs/team/johndoe.md)"},{"lineNumber":8,"author":{"gitId":"-"},"content":"![](https://via.placeholder.com/100.png?text\u003dPhoto) | John Roe | [Github](https://github.com/) | [Portfolio](docs/team/johndoe.md)"},{"lineNumber":9,"author":{"gitId":"-"},"content":"![](https://via.placeholder.com/100.png?text\u003dPhoto) | Don Roe | [Github](https://github.com/) | [Portfolio](docs/team/johndoe.md)"}],"authorContributionMap":{"heyjinwei":1,"-":7,"jadenwjh":1}},{"path":"src/main/java/seedu/hdbuy/HdBuy.java","fileType":"functional-code","lines":[{"lineNumber":1,"author":{"gitId":"jadenwjh"},"content":"package seedu.hdbuy;"},{"lineNumber":2,"author":{"gitId":"-"},"content":""},{"lineNumber":3,"author":{"gitId":"heyjinwei"},"content":"import seedu.hdbuy.command.Command;"},{"lineNumber":4,"author":{"gitId":"jadenwjh"},"content":"import seedu.hdbuy.data.QueryKey;"},{"lineNumber":5,"author":{"gitId":"heyjinwei"},"content":"import seedu.hdbuy.parser.Parser;"},{"lineNumber":6,"author":{"gitId":"heyjinwei"},"content":"import seedu.hdbuy.ui.TextUi;"},{"lineNumber":7,"author":{"gitId":"jadenwjh"},"content":""},{"lineNumber":8,"author":{"gitId":"CabbageTime"},"content":"import java.util.HashMap;"},{"lineNumber":9,"author":{"gitId":"CabbageTime"},"content":""},{"lineNumber":10,"author":{"gitId":"jadenwjh"},"content":"public class HdBuy {"},{"lineNumber":11,"author":{"gitId":"heyjinwei"},"content":""},{"lineNumber":12,"author":{"gitId":"CabbageTime"},"content":"    private static final HashMap\u003cQueryKey, String\u003e inputs \u003d new HashMap\u003c\u003e();"},{"lineNumber":13,"author":{"gitId":"CabbageTime"},"content":""},{"lineNumber":14,"author":{"gitId":"-"},"content":"    /**"},{"lineNumber":15,"author":{"gitId":"-"},"content":"     * Main entry-point for the java.duke.Duke application."},{"lineNumber":16,"author":{"gitId":"-"},"content":"     */"},{"lineNumber":17,"author":{"gitId":"heyjinwei"},"content":""},{"lineNumber":18,"author":{"gitId":"-"},"content":"    public static void main(String[] args) {"},{"lineNumber":19,"author":{"gitId":"jadenwjh"},"content":"        TextUi.showWelcome();"},{"lineNumber":20,"author":{"gitId":"jadenwjh"},"content":"        receiveCommand(false);"},{"lineNumber":21,"author":{"gitId":"heyjinwei"},"content":"        /*"},{"lineNumber":22,"author":{"gitId":"heyjinwei"},"content":"          Example IO"},{"lineNumber":23,"author":{"gitId":"heyjinwei"},"content":"        System.out.println(\"Parameters: location \u003d jurong, type \u003d 4 room, lease \u003d 95 years\\n\");"},{"lineNumber":24,"author":{"gitId":"heyjinwei"},"content":"        HashMap\u003cQueryKey,String\u003e inputsExample \u003d new HashMap\u003c\u003e();"},{"lineNumber":25,"author":{"gitId":"jadenwjh"},"content":"        inputs.put(QueryKey.LOCATION, \"jurong\");"},{"lineNumber":26,"author":{"gitId":"jadenwjh"},"content":"        inputs.put(QueryKey.TYPE, \"4 room\");"},{"lineNumber":27,"author":{"gitId":"jadenwjh"},"content":"        inputs.put(QueryKey.LEASE_REMAINING, \"95\");"},{"lineNumber":28,"author":{"gitId":"heyjinwei"},"content":"        HashMap\u003cInteger, Unit\u003e units \u003d ApiRepository.fetchUnits(inputsExample);"},{"lineNumber":29,"author":{"gitId":"heyjinwei"},"content":"         */"},{"lineNumber":30,"author":{"gitId":"-"},"content":"    }"},{"lineNumber":31,"author":{"gitId":"heyjinwei"},"content":""},{"lineNumber":32,"author":{"gitId":"jadenwjh"},"content":"    private static void receiveCommand(boolean isExit) {"},{"lineNumber":33,"author":{"gitId":"jadenwjh"},"content":"        if (!isExit) {"},{"lineNumber":34,"author":{"gitId":"jadenwjh"},"content":"            String fullCommand \u003d TextUi.readCommand();"},{"lineNumber":35,"author":{"gitId":"jadenwjh"},"content":"            TextUi.showSeparator();"},{"lineNumber":36,"author":{"gitId":"jadenwjh"},"content":"            Command command \u003d Parser.parse(fullCommand);"},{"lineNumber":37,"author":{"gitId":"jadenwjh"},"content":"            command.execute(inputs);"},{"lineNumber":38,"author":{"gitId":"jadenwjh"},"content":"            TextUi.showSeparator();"},{"lineNumber":39,"author":{"gitId":"jadenwjh"},"content":"            receiveCommand(command.isExit());"},{"lineNumber":40,"author":{"gitId":"jadenwjh"},"content":"        }"},{"lineNumber":41,"author":{"gitId":"heyjinwei"},"content":"    }"},{"lineNumber":42,"author":{"gitId":"-"},"content":"}"}],"authorContributionMap":{"CabbageTime":4,"heyjinwei":13,"-":7,"jadenwjh":18}},{"path":"src/main/java/seedu/hdbuy/api/ApiRepository.java","fileType":"functional-code","lines":[{"lineNumber":1,"author":{"gitId":"jadenwjh"},"content":"package seedu.hdbuy.api;"},{"lineNumber":2,"author":{"gitId":"jadenwjh"},"content":""},{"lineNumber":3,"author":{"gitId":"jadenwjh"},"content":"import seedu.hdbuy.data.QueryKey;"},{"lineNumber":4,"author":{"gitId":"jadenwjh"},"content":"import seedu.hdbuy.data.Unit;"},{"lineNumber":5,"author":{"gitId":"jadenwjh"},"content":"import seedu.hdbuy.data.exception.EmptyResponseException;"},{"lineNumber":6,"author":{"gitId":"jadenwjh"},"content":""},{"lineNumber":7,"author":{"gitId":"CabbageTime"},"content":"import java.util.HashMap;"},{"lineNumber":8,"author":{"gitId":"CabbageTime"},"content":""},{"lineNumber":9,"author":{"gitId":"jadenwjh"},"content":"public class ApiRepository {"},{"lineNumber":10,"author":{"gitId":"jadenwjh"},"content":""},{"lineNumber":11,"author":{"gitId":"jadenwjh"},"content":"    /**"},{"lineNumber":12,"author":{"gitId":"jadenwjh"},"content":"     * Gets all units from database matching user\u0027s filter criteria."},{"lineNumber":13,"author":{"gitId":"jadenwjh"},"content":"     * If there are no units retrieved, returns empty map."},{"lineNumber":14,"author":{"gitId":"CabbageTime"},"content":"     *"},{"lineNumber":15,"author":{"gitId":"jadenwjh"},"content":"     * @param inputs User\u0027s filter criteria."},{"lineNumber":16,"author":{"gitId":"jadenwjh"},"content":"     * @return Map of units, each unit has a unique ID generated by hashcode."},{"lineNumber":17,"author":{"gitId":"jadenwjh"},"content":"     */"},{"lineNumber":18,"author":{"gitId":"jadenwjh"},"content":"    public static HashMap\u003cInteger, Unit\u003e fetchUnits(HashMap\u003cQueryKey, String\u003e inputs) {"},{"lineNumber":19,"author":{"gitId":"jadenwjh"},"content":"        String query \u003d QueryFormatter.formQuery(inputs);"},{"lineNumber":20,"author":{"gitId":"jadenwjh"},"content":"        try {"},{"lineNumber":21,"author":{"gitId":"jadenwjh"},"content":"            return GetRequest.getResponse(query);"},{"lineNumber":22,"author":{"gitId":"jadenwjh"},"content":"        } catch (EmptyResponseException emptyResponseException) {"},{"lineNumber":23,"author":{"gitId":"jadenwjh"},"content":"            System.out.println(emptyResponseException.getMessage());"},{"lineNumber":24,"author":{"gitId":"jadenwjh"},"content":"            return new HashMap\u003c\u003e();"},{"lineNumber":25,"author":{"gitId":"jadenwjh"},"content":"        }"},{"lineNumber":26,"author":{"gitId":"jadenwjh"},"content":"    }"},{"lineNumber":27,"author":{"gitId":"jadenwjh"},"content":"}"}],"authorContributionMap":{"CabbageTime":3,"jadenwjh":24}},{"path":"src/main/java/seedu/hdbuy/api/GetRequest.java","fileType":"functional-code","lines":[{"lineNumber":1,"author":{"gitId":"jadenwjh"},"content":"package seedu.hdbuy.api;"},{"lineNumber":2,"author":{"gitId":"jadenwjh"},"content":""},{"lineNumber":3,"author":{"gitId":"CabbageTime"},"content":"import seedu.hdbuy.data.Unit;"},{"lineNumber":4,"author":{"gitId":"CabbageTime"},"content":"import seedu.hdbuy.data.exception.EmptyResponseException;"},{"lineNumber":5,"author":{"gitId":"CabbageTime"},"content":"import seedu.hdbuy.data.exception.GatewayException;"},{"lineNumber":6,"author":{"gitId":"CabbageTime"},"content":""},{"lineNumber":7,"author":{"gitId":"jadenwjh"},"content":"import java.io.IOException;"},{"lineNumber":8,"author":{"gitId":"jadenwjh"},"content":"import java.net.HttpURLConnection;"},{"lineNumber":9,"author":{"gitId":"jadenwjh"},"content":"import java.net.URL;"},{"lineNumber":10,"author":{"gitId":"jadenwjh"},"content":"import java.util.HashMap;"},{"lineNumber":11,"author":{"gitId":"jadenwjh"},"content":""},{"lineNumber":12,"author":{"gitId":"jadenwjh"},"content":"public class GetRequest {"},{"lineNumber":13,"author":{"gitId":"jadenwjh"},"content":""},{"lineNumber":14,"author":{"gitId":"CabbageTime"},"content":"    private static final String URL \u003d"},{"lineNumber":15,"author":{"gitId":"CabbageTime"},"content":"            \"https://data.gov.sg/api/action/datastore_search\" + \"?resource_id\u003d42ff9cfe-abe5-4b54-beda-c88f9bb438ee\u0026q\u003d\";"},{"lineNumber":16,"author":{"gitId":"CabbageTime"},"content":"    private static final String REQUEST_PROPERTY \u003d"},{"lineNumber":17,"author":{"gitId":"CabbageTime"},"content":"            \"Mozilla/5.0 (Windows NT 6.1; WOW64) AppleWebKit/537.11 (KHTML, like Gecko)\""},{"lineNumber":18,"author":{"gitId":"CabbageTime"},"content":"                    + \" Chrome/23.0.1271.95 Safari/537.11\";"},{"lineNumber":19,"author":{"gitId":"jadenwjh"},"content":"    private static final String REQUEST_PROPERTY_HEADER \u003d \"User-Agent\";"},{"lineNumber":20,"author":{"gitId":"jadenwjh"},"content":"    private static final String REQUEST_METHOD \u003d \"GET\";"},{"lineNumber":21,"author":{"gitId":"jadenwjh"},"content":""},{"lineNumber":22,"author":{"gitId":"jadenwjh"},"content":"    /**"},{"lineNumber":23,"author":{"gitId":"jadenwjh"},"content":"     * Connects to database and sends a GET request to get units matching query."},{"lineNumber":24,"author":{"gitId":"CabbageTime"},"content":"     *"},{"lineNumber":25,"author":{"gitId":"jadenwjh"},"content":"     * @param query Combination of user\u0027s filter criteria."},{"lineNumber":26,"author":{"gitId":"jadenwjh"},"content":"     * @return Units decoded from response body."},{"lineNumber":27,"author":{"gitId":"jadenwjh"},"content":"     * @throws EmptyResponseException When there are no units matching user\u0027s filter criteria."},{"lineNumber":28,"author":{"gitId":"jadenwjh"},"content":"     */"},{"lineNumber":29,"author":{"gitId":"jadenwjh"},"content":"    public static HashMap\u003cInteger, Unit\u003e getResponse(String query) throws EmptyResponseException {"},{"lineNumber":30,"author":{"gitId":"jadenwjh"},"content":"        try {"},{"lineNumber":31,"author":{"gitId":"jadenwjh"},"content":"            URL url \u003d new URL(URL + query);"},{"lineNumber":32,"author":{"gitId":"jadenwjh"},"content":"            HttpURLConnection connection \u003d (HttpURLConnection) url.openConnection();"},{"lineNumber":33,"author":{"gitId":"jadenwjh"},"content":"            connection.setRequestProperty(REQUEST_PROPERTY_HEADER, REQUEST_PROPERTY);"},{"lineNumber":34,"author":{"gitId":"jadenwjh"},"content":"            connection.setRequestMethod(REQUEST_METHOD);"},{"lineNumber":35,"author":{"gitId":"jadenwjh"},"content":"            connection.connect();"},{"lineNumber":36,"author":{"gitId":"CabbageTime"},"content":"            HashMap\u003cInteger, Unit\u003e units \u003d ResponseDecoder.decodeResponse(connection.getInputStream());"},{"lineNumber":37,"author":{"gitId":"jadenwjh"},"content":"            connection.disconnect();"},{"lineNumber":38,"author":{"gitId":"jadenwjh"},"content":"            return units;"},{"lineNumber":39,"author":{"gitId":"jadenwjh"},"content":"        } catch (GatewayException | IOException exception) {"},{"lineNumber":40,"author":{"gitId":"jadenwjh"},"content":"            System.out.println(exception.getMessage());"},{"lineNumber":41,"author":{"gitId":"jadenwjh"},"content":"            return new HashMap\u003c\u003e();"},{"lineNumber":42,"author":{"gitId":"jadenwjh"},"content":"        }"},{"lineNumber":43,"author":{"gitId":"jadenwjh"},"content":"    }"},{"lineNumber":44,"author":{"gitId":"jadenwjh"},"content":"}"}],"authorContributionMap":{"CabbageTime":11,"jadenwjh":33}},{"path":"src/main/java/seedu/hdbuy/api/QueryFormatter.java","fileType":"functional-code","lines":[{"lineNumber":1,"author":{"gitId":"jadenwjh"},"content":"package seedu.hdbuy.api;"},{"lineNumber":2,"author":{"gitId":"jadenwjh"},"content":""},{"lineNumber":3,"author":{"gitId":"CabbageTime"},"content":"import seedu.hdbuy.data.QueryKey;"},{"lineNumber":4,"author":{"gitId":"CabbageTime"},"content":""},{"lineNumber":5,"author":{"gitId":"jadenwjh"},"content":"import java.util.HashMap;"},{"lineNumber":6,"author":{"gitId":"jadenwjh"},"content":"import java.util.Map;"},{"lineNumber":7,"author":{"gitId":"jadenwjh"},"content":""},{"lineNumber":8,"author":{"gitId":"jadenwjh"},"content":"public class QueryFormatter {"},{"lineNumber":9,"author":{"gitId":"jadenwjh"},"content":""},{"lineNumber":10,"author":{"gitId":"jadenwjh"},"content":"    /**"},{"lineNumber":11,"author":{"gitId":"jadenwjh"},"content":"     * Converts user inputs into query string to be sent to database."},{"lineNumber":12,"author":{"gitId":"CabbageTime"},"content":"     *"},{"lineNumber":13,"author":{"gitId":"jadenwjh"},"content":"     * @param parameters User inputs in map format."},{"lineNumber":14,"author":{"gitId":"jadenwjh"},"content":"     * @return Valid query string."},{"lineNumber":15,"author":{"gitId":"jadenwjh"},"content":"     */"},{"lineNumber":16,"author":{"gitId":"jadenwjh"},"content":"    public static String formQuery(HashMap\u003cQueryKey, String\u003e parameters) {"},{"lineNumber":17,"author":{"gitId":"jadenwjh"},"content":"        StringBuilder queryBody \u003d new StringBuilder();"},{"lineNumber":18,"author":{"gitId":"jadenwjh"},"content":"        for (Map.Entry\u003cQueryKey, String\u003e parameter : parameters.entrySet()) {"},{"lineNumber":19,"author":{"gitId":"jadenwjh"},"content":"            QueryKey key \u003d parameter.getKey();"},{"lineNumber":20,"author":{"gitId":"jadenwjh"},"content":"            String value \u003d parameter.getValue();"},{"lineNumber":21,"author":{"gitId":"jadenwjh"},"content":"            switch (key) {"},{"lineNumber":22,"author":{"gitId":"jadenwjh"},"content":"            case TYPE:"},{"lineNumber":23,"author":{"gitId":"jadenwjh"},"content":"                String type \u003d String.format(\"\\\"flat_type\\\":\\\"%s\\\"\", value);"},{"lineNumber":24,"author":{"gitId":"jadenwjh"},"content":"                queryBody.append(type);"},{"lineNumber":25,"author":{"gitId":"jadenwjh"},"content":"                break;"},{"lineNumber":26,"author":{"gitId":"jadenwjh"},"content":"            case LOCATION:"},{"lineNumber":27,"author":{"gitId":"jadenwjh"},"content":"                String location \u003d String.format(\"\\\"town\\\":\\\"%s\\\"\", value);"},{"lineNumber":28,"author":{"gitId":"jadenwjh"},"content":"                queryBody.append(location);"},{"lineNumber":29,"author":{"gitId":"jadenwjh"},"content":"                break;"},{"lineNumber":30,"author":{"gitId":"jadenwjh"},"content":"            case LEASE_REMAINING:"},{"lineNumber":31,"author":{"gitId":"jadenwjh"},"content":"                String lease \u003d String.format(\"\\\"remaining_lease\\\":\\\"%s\\\"\", value);"},{"lineNumber":32,"author":{"gitId":"jadenwjh"},"content":"                queryBody.append(lease);"},{"lineNumber":33,"author":{"gitId":"jadenwjh"},"content":"                break;"},{"lineNumber":34,"author":{"gitId":"jadenwjh"},"content":"            default:"},{"lineNumber":35,"author":{"gitId":"jadenwjh"},"content":"                continue;"},{"lineNumber":36,"author":{"gitId":"jadenwjh"},"content":"            }"},{"lineNumber":37,"author":{"gitId":"jadenwjh"},"content":"            queryBody.append(\",\");"},{"lineNumber":38,"author":{"gitId":"jadenwjh"},"content":"        }"},{"lineNumber":39,"author":{"gitId":"jadenwjh"},"content":"        queryBody.deleteCharAt(queryBody.length() - 1);"},{"lineNumber":40,"author":{"gitId":"jadenwjh"},"content":"        return String.format(\"{%s}\", queryBody.toString());"},{"lineNumber":41,"author":{"gitId":"jadenwjh"},"content":"    }"},{"lineNumber":42,"author":{"gitId":"jadenwjh"},"content":"}"}],"authorContributionMap":{"CabbageTime":3,"jadenwjh":39}},{"path":"src/main/java/seedu/hdbuy/api/ResponseDecoder.java","fileType":"functional-code","lines":[{"lineNumber":1,"author":{"gitId":"jadenwjh"},"content":"package seedu.hdbuy.api;"},{"lineNumber":2,"author":{"gitId":"jadenwjh"},"content":""},{"lineNumber":3,"author":{"gitId":"CabbageTime"},"content":"import seedu.hdbuy.data.Unit;"},{"lineNumber":4,"author":{"gitId":"CabbageTime"},"content":"import seedu.hdbuy.data.exception.EmptyResponseException;"},{"lineNumber":5,"author":{"gitId":"CabbageTime"},"content":"import seedu.hdbuy.data.exception.GatewayException;"},{"lineNumber":6,"author":{"gitId":"CabbageTime"},"content":""},{"lineNumber":7,"author":{"gitId":"jadenwjh"},"content":"import java.io.BufferedReader;"},{"lineNumber":8,"author":{"gitId":"jadenwjh"},"content":"import java.io.IOException;"},{"lineNumber":9,"author":{"gitId":"jadenwjh"},"content":"import java.io.InputStream;"},{"lineNumber":10,"author":{"gitId":"jadenwjh"},"content":"import java.io.InputStreamReader;"},{"lineNumber":11,"author":{"gitId":"jadenwjh"},"content":"import java.util.HashMap;"},{"lineNumber":12,"author":{"gitId":"jadenwjh"},"content":""},{"lineNumber":13,"author":{"gitId":"jadenwjh"},"content":"public class ResponseDecoder {"},{"lineNumber":14,"author":{"gitId":"jadenwjh"},"content":""},{"lineNumber":15,"author":{"gitId":"jadenwjh"},"content":"    /**"},{"lineNumber":16,"author":{"gitId":"jadenwjh"},"content":"     * Converts response body into units mapped by a unique ID from hashcode."},{"lineNumber":17,"author":{"gitId":"CabbageTime"},"content":"     *"},{"lineNumber":18,"author":{"gitId":"jadenwjh"},"content":"     * @param inputStream Response body."},{"lineNumber":19,"author":{"gitId":"jadenwjh"},"content":"     * @return Units mapped by a unique ID."},{"lineNumber":20,"author":{"gitId":"jadenwjh"},"content":"     * @throws EmptyResponseException When no units are retrieved."},{"lineNumber":21,"author":{"gitId":"jadenwjh"},"content":"     * @throws GatewayException       When there is an error connecting to database."},{"lineNumber":22,"author":{"gitId":"jadenwjh"},"content":"     */"},{"lineNumber":23,"author":{"gitId":"CabbageTime"},"content":"    public static HashMap\u003cInteger, Unit\u003e decodeResponse(InputStream inputStream)"},{"lineNumber":24,"author":{"gitId":"CabbageTime"},"content":"            throws EmptyResponseException, GatewayException {"},{"lineNumber":25,"author":{"gitId":"jadenwjh"},"content":"        BufferedReader in \u003d new BufferedReader(new InputStreamReader(inputStream));"},{"lineNumber":26,"author":{"gitId":"jadenwjh"},"content":"        try {"},{"lineNumber":27,"author":{"gitId":"jadenwjh"},"content":"            String response \u003d in.readLine();"},{"lineNumber":28,"author":{"gitId":"jadenwjh"},"content":"            in.close();"},{"lineNumber":29,"author":{"gitId":"jadenwjh"},"content":"            return UnitsGenerator.getUnits(response);"},{"lineNumber":30,"author":{"gitId":"jadenwjh"},"content":"        } catch (IOException ioException) {"},{"lineNumber":31,"author":{"gitId":"jadenwjh"},"content":"            throw new GatewayException();"},{"lineNumber":32,"author":{"gitId":"jadenwjh"},"content":"        } catch (ArrayIndexOutOfBoundsException arrayIndexOutOfBoundsException) {"},{"lineNumber":33,"author":{"gitId":"jadenwjh"},"content":"            throw new EmptyResponseException();"},{"lineNumber":34,"author":{"gitId":"jadenwjh"},"content":"        }"},{"lineNumber":35,"author":{"gitId":"jadenwjh"},"content":"    }"},{"lineNumber":36,"author":{"gitId":"jadenwjh"},"content":"}"}],"authorContributionMap":{"CabbageTime":7,"jadenwjh":29}},{"path":"src/main/java/seedu/hdbuy/api/UnitsGenerator.java","fileType":"functional-code","lines":[{"lineNumber":1,"author":{"gitId":"jadenwjh"},"content":"package seedu.hdbuy.api;"},{"lineNumber":2,"author":{"gitId":"jadenwjh"},"content":""},{"lineNumber":3,"author":{"gitId":"jadenwjh"},"content":"import seedu.hdbuy.data.Unit;"},{"lineNumber":4,"author":{"gitId":"jadenwjh"},"content":""},{"lineNumber":5,"author":{"gitId":"CabbageTime"},"content":"import java.util.HashMap;"},{"lineNumber":6,"author":{"gitId":"CabbageTime"},"content":""},{"lineNumber":7,"author":{"gitId":"jadenwjh"},"content":"public class UnitsGenerator {"},{"lineNumber":8,"author":{"gitId":"jadenwjh"},"content":""},{"lineNumber":9,"author":{"gitId":"jadenwjh"},"content":"    /**"},{"lineNumber":10,"author":{"gitId":"jadenwjh"},"content":"     * Sifts through response string to get details on units and generate each of them."},{"lineNumber":11,"author":{"gitId":"CabbageTime"},"content":"     *"},{"lineNumber":12,"author":{"gitId":"jadenwjh"},"content":"     * @param response Response from database containing raw information on units."},{"lineNumber":13,"author":{"gitId":"jadenwjh"},"content":"     * @return Units mapped to their unique IDs."},{"lineNumber":14,"author":{"gitId":"jadenwjh"},"content":"     */"},{"lineNumber":15,"author":{"gitId":"jadenwjh"},"content":"    public static HashMap\u003cInteger, Unit\u003e getUnits(String response) {"},{"lineNumber":16,"author":{"gitId":"jadenwjh"},"content":"        HashMap\u003cInteger, Unit\u003e map \u003d new HashMap\u003c\u003e();"},{"lineNumber":17,"author":{"gitId":"jadenwjh"},"content":"        String records \u003d response.substring(response.indexOf(\"records\") - 1);"},{"lineNumber":18,"author":{"gitId":"jadenwjh"},"content":"        String trimmed \u003d records.substring(records.indexOf(\"[\") + 1, records.indexOf(\"]\"));"},{"lineNumber":19,"author":{"gitId":"jadenwjh"},"content":"        String[] unitContents \u003d trimmed.split(\"},\");"},{"lineNumber":20,"author":{"gitId":"jadenwjh"},"content":"        for (String unitContent : unitContents) {"},{"lineNumber":21,"author":{"gitId":"jadenwjh"},"content":"            unitContent \u003d unitContent.replaceAll(\"\\\\{\", \"\");"},{"lineNumber":22,"author":{"gitId":"jadenwjh"},"content":"            unitContent \u003d unitContent.replaceAll(\"}\", \"\");"},{"lineNumber":23,"author":{"gitId":"jadenwjh"},"content":"            unitContent \u003d unitContent.replaceAll(\"\\\"\", \"\");"},{"lineNumber":24,"author":{"gitId":"jadenwjh"},"content":"            String[] unitDetails \u003d unitContent.split(\",\");"},{"lineNumber":25,"author":{"gitId":"jadenwjh"},"content":"            Unit unit \u003d getUnit(unitDetails);"},{"lineNumber":26,"author":{"gitId":"jadenwjh"},"content":"            map.put(unit.getId(), unit);"},{"lineNumber":27,"author":{"gitId":"jadenwjh"},"content":"            System.out.println(unit.toString());"},{"lineNumber":28,"author":{"gitId":"jadenwjh"},"content":"        }"},{"lineNumber":29,"author":{"gitId":"jadenwjh"},"content":"        return map;"},{"lineNumber":30,"author":{"gitId":"jadenwjh"},"content":"    }"},{"lineNumber":31,"author":{"gitId":"jadenwjh"},"content":""},{"lineNumber":32,"author":{"gitId":"jadenwjh"},"content":"    private static Unit getUnit(String[] details) {"},{"lineNumber":33,"author":{"gitId":"jadenwjh"},"content":"        String location \u003d \"\";"},{"lineNumber":34,"author":{"gitId":"jadenwjh"},"content":"        String type \u003d \"\";"},{"lineNumber":35,"author":{"gitId":"jadenwjh"},"content":"        int price \u003d 0;"},{"lineNumber":36,"author":{"gitId":"jadenwjh"},"content":"        String lease \u003d \"\";"},{"lineNumber":37,"author":{"gitId":"jadenwjh"},"content":"        String address \u003d \"\";"},{"lineNumber":38,"author":{"gitId":"jadenwjh"},"content":"        String block \u003d \"\";"},{"lineNumber":39,"author":{"gitId":"jadenwjh"},"content":"        int leaseValue \u003d 0;"},{"lineNumber":40,"author":{"gitId":"jadenwjh"},"content":"        for (String detail : details) {"},{"lineNumber":41,"author":{"gitId":"jadenwjh"},"content":"            String[] keyValue \u003d detail.split(\":\");"},{"lineNumber":42,"author":{"gitId":"jadenwjh"},"content":"            String key \u003d keyValue[0].trim();"},{"lineNumber":43,"author":{"gitId":"jadenwjh"},"content":"            String value \u003d keyValue[1];"},{"lineNumber":44,"author":{"gitId":"jadenwjh"},"content":""},{"lineNumber":45,"author":{"gitId":"jadenwjh"},"content":"            if (key.equals(\"town\")) {"},{"lineNumber":46,"author":{"gitId":"jadenwjh"},"content":"                location \u003d value.trim();"},{"lineNumber":47,"author":{"gitId":"jadenwjh"},"content":"            }"},{"lineNumber":48,"author":{"gitId":"jadenwjh"},"content":""},{"lineNumber":49,"author":{"gitId":"jadenwjh"},"content":"            if (key.equals(\"flat_type\")) {"},{"lineNumber":50,"author":{"gitId":"jadenwjh"},"content":"                type \u003d value.trim();"},{"lineNumber":51,"author":{"gitId":"jadenwjh"},"content":"            }"},{"lineNumber":52,"author":{"gitId":"jadenwjh"},"content":""},{"lineNumber":53,"author":{"gitId":"jadenwjh"},"content":"            if (key.equals(\"resale_price\")) {"},{"lineNumber":54,"author":{"gitId":"jadenwjh"},"content":"                price \u003d Integer.parseInt(value.trim());"},{"lineNumber":55,"author":{"gitId":"jadenwjh"},"content":"            }"},{"lineNumber":56,"author":{"gitId":"jadenwjh"},"content":""},{"lineNumber":57,"author":{"gitId":"jadenwjh"},"content":"            if (key.equals(\"remaining_lease\")) {"},{"lineNumber":58,"author":{"gitId":"jadenwjh"},"content":"                lease \u003d value;"},{"lineNumber":59,"author":{"gitId":"jadenwjh"},"content":"                String[] times \u003d value.split(\" \");"},{"lineNumber":60,"author":{"gitId":"jadenwjh"},"content":"                int years \u003d Integer.parseInt(times[1]);"},{"lineNumber":61,"author":{"gitId":"jadenwjh"},"content":"                leaseValue \u003d years * 12;"},{"lineNumber":62,"author":{"gitId":"jadenwjh"},"content":"                if (times.length \u003e 3) {"},{"lineNumber":63,"author":{"gitId":"jadenwjh"},"content":"                    int months \u003d Integer.parseInt(times[3]);"},{"lineNumber":64,"author":{"gitId":"jadenwjh"},"content":"                    leaseValue +\u003d months;"},{"lineNumber":65,"author":{"gitId":"jadenwjh"},"content":"                }"},{"lineNumber":66,"author":{"gitId":"jadenwjh"},"content":"            }"},{"lineNumber":67,"author":{"gitId":"jadenwjh"},"content":""},{"lineNumber":68,"author":{"gitId":"jadenwjh"},"content":"            if (key.equals(\"block\")) {"},{"lineNumber":69,"author":{"gitId":"jadenwjh"},"content":"                block \u003d value.trim();"},{"lineNumber":70,"author":{"gitId":"jadenwjh"},"content":"            }"},{"lineNumber":71,"author":{"gitId":"jadenwjh"},"content":""},{"lineNumber":72,"author":{"gitId":"jadenwjh"},"content":"            if (key.equals(\"street_name\")) {"},{"lineNumber":73,"author":{"gitId":"jadenwjh"},"content":"                address \u003d value.trim();"},{"lineNumber":74,"author":{"gitId":"jadenwjh"},"content":"            }"},{"lineNumber":75,"author":{"gitId":"jadenwjh"},"content":"        }"},{"lineNumber":76,"author":{"gitId":"jadenwjh"},"content":"        address \u003d block + \" \" + address;"},{"lineNumber":77,"author":{"gitId":"jadenwjh"},"content":"        return new Unit(location, type, price, leaseValue, lease, address, address.hashCode());"},{"lineNumber":78,"author":{"gitId":"jadenwjh"},"content":"    }"},{"lineNumber":79,"author":{"gitId":"jadenwjh"},"content":"}"}],"authorContributionMap":{"CabbageTime":3,"jadenwjh":76}},{"path":"src/main/java/seedu/hdbuy/command/CloseCommand.java","fileType":"functional-code","lines":[{"lineNumber":1,"author":{"gitId":"jadenwjh"},"content":"package seedu.hdbuy.command;"},{"lineNumber":2,"author":{"gitId":"jadenwjh"},"content":""},{"lineNumber":3,"author":{"gitId":"heyjinwei"},"content":"import seedu.hdbuy.data.QueryKey;"},{"lineNumber":4,"author":{"gitId":"heyjinwei"},"content":"import seedu.hdbuy.ui.TextUi;"},{"lineNumber":5,"author":{"gitId":"heyjinwei"},"content":""},{"lineNumber":6,"author":{"gitId":"heyjinwei"},"content":"import java.util.HashMap;"},{"lineNumber":7,"author":{"gitId":"heyjinwei"},"content":""},{"lineNumber":8,"author":{"gitId":"heyjinwei"},"content":"public class CloseCommand extends Command {"},{"lineNumber":9,"author":{"gitId":"heyjinwei"},"content":""},{"lineNumber":10,"author":{"gitId":"CabbageTime"},"content":"    @Override public void execute(HashMap\u003cQueryKey, String\u003e inputs) {"},{"lineNumber":11,"author":{"gitId":"jadenwjh"},"content":"        TextUi.showExit();"},{"lineNumber":12,"author":{"gitId":"heyjinwei"},"content":"    }"},{"lineNumber":13,"author":{"gitId":"jadenwjh"},"content":"}"}],"authorContributionMap":{"CabbageTime":1,"heyjinwei":8,"jadenwjh":4}},{"path":"src/main/java/seedu/hdbuy/command/Command.java","fileType":"functional-code","lines":[{"lineNumber":1,"author":{"gitId":"heyjinwei"},"content":"package seedu.hdbuy.command;"},{"lineNumber":2,"author":{"gitId":"heyjinwei"},"content":""},{"lineNumber":3,"author":{"gitId":"heyjinwei"},"content":"import seedu.hdbuy.data.QueryKey;"},{"lineNumber":4,"author":{"gitId":"heyjinwei"},"content":""},{"lineNumber":5,"author":{"gitId":"heyjinwei"},"content":"import java.util.HashMap;"},{"lineNumber":6,"author":{"gitId":"heyjinwei"},"content":""},{"lineNumber":7,"author":{"gitId":"heyjinwei"},"content":"public abstract class Command {"},{"lineNumber":8,"author":{"gitId":"heyjinwei"},"content":""},{"lineNumber":9,"author":{"gitId":"jadenwjh"},"content":"    public abstract void execute(HashMap\u003cQueryKey, String\u003e inputs);"},{"lineNumber":10,"author":{"gitId":"heyjinwei"},"content":""},{"lineNumber":11,"author":{"gitId":"heyjinwei"},"content":"    public boolean isExit() {"},{"lineNumber":12,"author":{"gitId":"jadenwjh"},"content":"        return this instanceof CloseCommand;"},{"lineNumber":13,"author":{"gitId":"heyjinwei"},"content":"    }"},{"lineNumber":14,"author":{"gitId":"heyjinwei"},"content":"}"}],"authorContributionMap":{"heyjinwei":12,"jadenwjh":2}},{"path":"src/main/java/seedu/hdbuy/command/DefaultCommand.java","fileType":"functional-code","lines":[{"lineNumber":1,"author":{"gitId":"heyjinwei"},"content":"package seedu.hdbuy.command;"},{"lineNumber":2,"author":{"gitId":"heyjinwei"},"content":""},{"lineNumber":3,"author":{"gitId":"heyjinwei"},"content":"import seedu.hdbuy.data.QueryKey;"},{"lineNumber":4,"author":{"gitId":"heyjinwei"},"content":"import seedu.hdbuy.ui.TextUi;"},{"lineNumber":5,"author":{"gitId":"heyjinwei"},"content":""},{"lineNumber":6,"author":{"gitId":"heyjinwei"},"content":"import java.util.HashMap;"},{"lineNumber":7,"author":{"gitId":"heyjinwei"},"content":""},{"lineNumber":8,"author":{"gitId":"heyjinwei"},"content":"/**"},{"lineNumber":9,"author":{"gitId":"heyjinwei"},"content":" * This command is used when the user inputs an invalid command."},{"lineNumber":10,"author":{"gitId":"heyjinwei"},"content":" * The user will be notified of their wrong input.]"},{"lineNumber":11,"author":{"gitId":"heyjinwei"},"content":" */"},{"lineNumber":12,"author":{"gitId":"heyjinwei"},"content":"public class DefaultCommand extends Command {"},{"lineNumber":13,"author":{"gitId":"heyjinwei"},"content":""},{"lineNumber":14,"author":{"gitId":"heyjinwei"},"content":"    protected String input;"},{"lineNumber":15,"author":{"gitId":"heyjinwei"},"content":""},{"lineNumber":16,"author":{"gitId":"heyjinwei"},"content":"    public DefaultCommand(String input) {"},{"lineNumber":17,"author":{"gitId":"heyjinwei"},"content":"        this.input \u003d input;"},{"lineNumber":18,"author":{"gitId":"heyjinwei"},"content":"    }"},{"lineNumber":19,"author":{"gitId":"heyjinwei"},"content":""},{"lineNumber":20,"author":{"gitId":"CabbageTime"},"content":"    @Override public void execute(HashMap\u003cQueryKey, String\u003e inputs) {"},{"lineNumber":21,"author":{"gitId":"jadenwjh"},"content":"        TextUi.showInvalidInput(input);"},{"lineNumber":22,"author":{"gitId":"heyjinwei"},"content":"    }"},{"lineNumber":23,"author":{"gitId":"heyjinwei"},"content":"}"}],"authorContributionMap":{"CabbageTime":1,"heyjinwei":21,"jadenwjh":1}},{"path":"src/main/java/seedu/hdbuy/command/FilterCommand.java","fileType":"functional-code","lines":[{"lineNumber":1,"author":{"gitId":"heyjinwei"},"content":"package seedu.hdbuy.command;"},{"lineNumber":2,"author":{"gitId":"heyjinwei"},"content":""},{"lineNumber":3,"author":{"gitId":"heyjinwei"},"content":"import seedu.hdbuy.data.QueryKey;"},{"lineNumber":4,"author":{"gitId":"heyjinwei"},"content":"import seedu.hdbuy.ui.TextUi;"},{"lineNumber":5,"author":{"gitId":"heyjinwei"},"content":""},{"lineNumber":6,"author":{"gitId":"heyjinwei"},"content":"import java.util.HashMap;"},{"lineNumber":7,"author":{"gitId":"heyjinwei"},"content":""},{"lineNumber":8,"author":{"gitId":"heyjinwei"},"content":"public class FilterCommand extends Command {"},{"lineNumber":9,"author":{"gitId":"heyjinwei"},"content":""},{"lineNumber":10,"author":{"gitId":"heyjinwei"},"content":"    protected String criteria;"},{"lineNumber":11,"author":{"gitId":"heyjinwei"},"content":"    protected String value;"},{"lineNumber":12,"author":{"gitId":"heyjinwei"},"content":""},{"lineNumber":13,"author":{"gitId":"heyjinwei"},"content":"    public FilterCommand(String criteria, String value) {"},{"lineNumber":14,"author":{"gitId":"heyjinwei"},"content":"        this.criteria \u003d criteria;"},{"lineNumber":15,"author":{"gitId":"heyjinwei"},"content":"        this.value \u003d value;"},{"lineNumber":16,"author":{"gitId":"heyjinwei"},"content":"    }"},{"lineNumber":17,"author":{"gitId":"heyjinwei"},"content":""},{"lineNumber":18,"author":{"gitId":"heyjinwei"},"content":""},{"lineNumber":19,"author":{"gitId":"CabbageTime"},"content":"    @Override public void execute(HashMap\u003cQueryKey, String\u003e inputs) {"},{"lineNumber":20,"author":{"gitId":"heyjinwei"},"content":"        switch (criteria) {"},{"lineNumber":21,"author":{"gitId":"heyjinwei"},"content":"        case \"location\":"},{"lineNumber":22,"author":{"gitId":"heyjinwei"},"content":"            inputs.put(QueryKey.LOCATION, value);"},{"lineNumber":23,"author":{"gitId":"heyjinwei"},"content":"            break;"},{"lineNumber":24,"author":{"gitId":"heyjinwei"},"content":"        case \"type\":"},{"lineNumber":25,"author":{"gitId":"heyjinwei"},"content":"            inputs.put(QueryKey.TYPE, value);"},{"lineNumber":26,"author":{"gitId":"heyjinwei"},"content":"            break;"},{"lineNumber":27,"author":{"gitId":"heyjinwei"},"content":"        case \"lease_remaining\":"},{"lineNumber":28,"author":{"gitId":"heyjinwei"},"content":"            inputs.put(QueryKey.LEASE_REMAINING, value);"},{"lineNumber":29,"author":{"gitId":"heyjinwei"},"content":"            break;"},{"lineNumber":30,"author":{"gitId":"heyjinwei"},"content":"        default:"},{"lineNumber":31,"author":{"gitId":"jadenwjh"},"content":"            TextUi.showInvalidFilter(criteria);"},{"lineNumber":32,"author":{"gitId":"heyjinwei"},"content":"            break;"},{"lineNumber":33,"author":{"gitId":"heyjinwei"},"content":"        }"},{"lineNumber":34,"author":{"gitId":"jadenwjh"},"content":"        TextUi.showParameters(inputs);"},{"lineNumber":35,"author":{"gitId":"heyjinwei"},"content":"    }"},{"lineNumber":36,"author":{"gitId":"heyjinwei"},"content":"}"}],"authorContributionMap":{"CabbageTime":1,"heyjinwei":33,"jadenwjh":2}},{"path":"src/main/java/seedu/hdbuy/command/FindCommand.java","fileType":"functional-code","lines":[{"lineNumber":1,"author":{"gitId":"heyjinwei"},"content":"package seedu.hdbuy.command;"},{"lineNumber":2,"author":{"gitId":"heyjinwei"},"content":""},{"lineNumber":3,"author":{"gitId":"heyjinwei"},"content":"import seedu.hdbuy.api.ApiRepository;"},{"lineNumber":4,"author":{"gitId":"heyjinwei"},"content":"import seedu.hdbuy.data.QueryKey;"},{"lineNumber":5,"author":{"gitId":"heyjinwei"},"content":"import seedu.hdbuy.data.Unit;"},{"lineNumber":6,"author":{"gitId":"heyjinwei"},"content":"import seedu.hdbuy.ui.TextUi;"},{"lineNumber":7,"author":{"gitId":"heyjinwei"},"content":""},{"lineNumber":8,"author":{"gitId":"heyjinwei"},"content":"import java.util.HashMap;"},{"lineNumber":9,"author":{"gitId":"heyjinwei"},"content":""},{"lineNumber":10,"author":{"gitId":"heyjinwei"},"content":"public class FindCommand extends Command {"},{"lineNumber":11,"author":{"gitId":"CabbageTime"},"content":"    @Override public void execute(HashMap\u003cQueryKey, String\u003e inputs) {"},{"lineNumber":12,"author":{"gitId":"jadenwjh"},"content":"        TextUi.showParameters(inputs);"},{"lineNumber":13,"author":{"gitId":"heyjinwei"},"content":"        HashMap\u003cInteger, Unit\u003e units \u003d ApiRepository.fetchUnits(inputs);"},{"lineNumber":14,"author":{"gitId":"heyjinwei"},"content":"    }"},{"lineNumber":15,"author":{"gitId":"heyjinwei"},"content":"}"}],"authorContributionMap":{"CabbageTime":1,"heyjinwei":13,"jadenwjh":1}},{"path":"src/main/java/seedu/hdbuy/command/HelpCommand.java","fileType":"functional-code","lines":[{"lineNumber":1,"author":{"gitId":"heyjinwei"},"content":"package seedu.hdbuy.command;"},{"lineNumber":2,"author":{"gitId":"heyjinwei"},"content":""},{"lineNumber":3,"author":{"gitId":"heyjinwei"},"content":"import seedu.hdbuy.data.QueryKey;"},{"lineNumber":4,"author":{"gitId":"heyjinwei"},"content":"import seedu.hdbuy.ui.TextUi;"},{"lineNumber":5,"author":{"gitId":"heyjinwei"},"content":""},{"lineNumber":6,"author":{"gitId":"heyjinwei"},"content":"import java.util.HashMap;"},{"lineNumber":7,"author":{"gitId":"heyjinwei"},"content":""},{"lineNumber":8,"author":{"gitId":"heyjinwei"},"content":"public class HelpCommand extends Command {"},{"lineNumber":9,"author":{"gitId":"CabbageTime"},"content":"    @Override public void execute(HashMap\u003cQueryKey, String\u003e inputs) {"},{"lineNumber":10,"author":{"gitId":"jadenwjh"},"content":"        TextUi.showHelp();"},{"lineNumber":11,"author":{"gitId":"heyjinwei"},"content":"    }"},{"lineNumber":12,"author":{"gitId":"heyjinwei"},"content":"}"}],"authorContributionMap":{"CabbageTime":1,"heyjinwei":10,"jadenwjh":1}},{"path":"src/main/java/seedu/hdbuy/data/CommandKey.java","fileType":"functional-code","lines":[{"lineNumber":1,"author":{"gitId":"jadenwjh"},"content":"package seedu.hdbuy.data;"},{"lineNumber":2,"author":{"gitId":"jadenwjh"},"content":""},{"lineNumber":3,"author":{"gitId":"jadenwjh"},"content":"public class CommandKey {"},{"lineNumber":4,"author":{"gitId":"jadenwjh"},"content":""},{"lineNumber":5,"author":{"gitId":"jadenwjh"},"content":"    private final String criteria;"},{"lineNumber":6,"author":{"gitId":"jadenwjh"},"content":"    private final String value;"},{"lineNumber":7,"author":{"gitId":"jadenwjh"},"content":"    private final String command;"},{"lineNumber":8,"author":{"gitId":"jadenwjh"},"content":""},{"lineNumber":9,"author":{"gitId":"jadenwjh"},"content":"    public CommandKey(String criteria, String value, String command) {"},{"lineNumber":10,"author":{"gitId":"jadenwjh"},"content":"        this.criteria \u003d criteria;"},{"lineNumber":11,"author":{"gitId":"jadenwjh"},"content":"        this.value \u003d value;"},{"lineNumber":12,"author":{"gitId":"jadenwjh"},"content":"        this.command \u003d command;"},{"lineNumber":13,"author":{"gitId":"jadenwjh"},"content":"    }"},{"lineNumber":14,"author":{"gitId":"jadenwjh"},"content":""},{"lineNumber":15,"author":{"gitId":"jadenwjh"},"content":"    public CommandKey(String command) {"},{"lineNumber":16,"author":{"gitId":"jadenwjh"},"content":"        this.command \u003d command;"},{"lineNumber":17,"author":{"gitId":"jadenwjh"},"content":"        this.value \u003d \"\";"},{"lineNumber":18,"author":{"gitId":"jadenwjh"},"content":"        this.criteria \u003d \"\";"},{"lineNumber":19,"author":{"gitId":"jadenwjh"},"content":"    }"},{"lineNumber":20,"author":{"gitId":"jadenwjh"},"content":""},{"lineNumber":21,"author":{"gitId":"jadenwjh"},"content":"    public String getCriteria() {"},{"lineNumber":22,"author":{"gitId":"jadenwjh"},"content":"        return criteria;"},{"lineNumber":23,"author":{"gitId":"jadenwjh"},"content":"    }"},{"lineNumber":24,"author":{"gitId":"jadenwjh"},"content":""},{"lineNumber":25,"author":{"gitId":"jadenwjh"},"content":"    public String getValue() {"},{"lineNumber":26,"author":{"gitId":"jadenwjh"},"content":"        return value;"},{"lineNumber":27,"author":{"gitId":"jadenwjh"},"content":"    }"},{"lineNumber":28,"author":{"gitId":"jadenwjh"},"content":""},{"lineNumber":29,"author":{"gitId":"jadenwjh"},"content":"    public String getCommand() {"},{"lineNumber":30,"author":{"gitId":"jadenwjh"},"content":"        return command;"},{"lineNumber":31,"author":{"gitId":"jadenwjh"},"content":"    }"},{"lineNumber":32,"author":{"gitId":"jadenwjh"},"content":"}"}],"authorContributionMap":{"jadenwjh":32}},{"path":"src/main/java/seedu/hdbuy/data/QueryKey.java","fileType":"functional-code","lines":[{"lineNumber":1,"author":{"gitId":"jadenwjh"},"content":"package seedu.hdbuy.data;"},{"lineNumber":2,"author":{"gitId":"jadenwjh"},"content":""},{"lineNumber":3,"author":{"gitId":"jadenwjh"},"content":"public enum QueryKey {"},{"lineNumber":4,"author":{"gitId":"CabbageTime"},"content":"    LOCATION, TYPE, LEASE_REMAINING"},{"lineNumber":5,"author":{"gitId":"jadenwjh"},"content":"}"}],"authorContributionMap":{"CabbageTime":1,"jadenwjh":4}},{"path":"src/main/java/seedu/hdbuy/data/Unit.java","fileType":"functional-code","lines":[{"lineNumber":1,"author":{"gitId":"jadenwjh"},"content":"package seedu.hdbuy.data;"},{"lineNumber":2,"author":{"gitId":"jadenwjh"},"content":""},{"lineNumber":3,"author":{"gitId":"jadenwjh"},"content":"public class Unit {"},{"lineNumber":4,"author":{"gitId":"jadenwjh"},"content":""},{"lineNumber":5,"author":{"gitId":"jadenwjh"},"content":"    private final String location;"},{"lineNumber":6,"author":{"gitId":"jadenwjh"},"content":"    private final String type;"},{"lineNumber":7,"author":{"gitId":"jadenwjh"},"content":"    private final int price;"},{"lineNumber":8,"author":{"gitId":"jadenwjh"},"content":"    private final int leaseValue;"},{"lineNumber":9,"author":{"gitId":"jadenwjh"},"content":"    private final String lease;"},{"lineNumber":10,"author":{"gitId":"jadenwjh"},"content":"    private final String address;"},{"lineNumber":11,"author":{"gitId":"jadenwjh"},"content":"    private final int id;"},{"lineNumber":12,"author":{"gitId":"jadenwjh"},"content":""},{"lineNumber":13,"author":{"gitId":"CabbageTime"},"content":"    public Unit(String location, String type, int price, int leaseValue, String lease, String address, int id) {"},{"lineNumber":14,"author":{"gitId":"jadenwjh"},"content":"        this.location \u003d location;"},{"lineNumber":15,"author":{"gitId":"jadenwjh"},"content":"        this.type \u003d type;"},{"lineNumber":16,"author":{"gitId":"jadenwjh"},"content":"        this.price \u003d price;"},{"lineNumber":17,"author":{"gitId":"jadenwjh"},"content":"        this.leaseValue \u003d leaseValue;"},{"lineNumber":18,"author":{"gitId":"jadenwjh"},"content":"        this.lease \u003d lease;"},{"lineNumber":19,"author":{"gitId":"jadenwjh"},"content":"        this.address \u003d address;"},{"lineNumber":20,"author":{"gitId":"jadenwjh"},"content":"        this.id \u003d id;"},{"lineNumber":21,"author":{"gitId":"jadenwjh"},"content":"    }"},{"lineNumber":22,"author":{"gitId":"jadenwjh"},"content":""},{"lineNumber":23,"author":{"gitId":"jadenwjh"},"content":"    public String getLocation() {"},{"lineNumber":24,"author":{"gitId":"jadenwjh"},"content":"        return location;"},{"lineNumber":25,"author":{"gitId":"jadenwjh"},"content":"    }"},{"lineNumber":26,"author":{"gitId":"jadenwjh"},"content":""},{"lineNumber":27,"author":{"gitId":"jadenwjh"},"content":"    public String getType() {"},{"lineNumber":28,"author":{"gitId":"jadenwjh"},"content":"        return type;"},{"lineNumber":29,"author":{"gitId":"jadenwjh"},"content":"    }"},{"lineNumber":30,"author":{"gitId":"jadenwjh"},"content":""},{"lineNumber":31,"author":{"gitId":"jadenwjh"},"content":"    public int getPrice() {"},{"lineNumber":32,"author":{"gitId":"jadenwjh"},"content":"        return price;"},{"lineNumber":33,"author":{"gitId":"jadenwjh"},"content":"    }"},{"lineNumber":34,"author":{"gitId":"jadenwjh"},"content":""},{"lineNumber":35,"author":{"gitId":"jadenwjh"},"content":"    public String getAddress() {"},{"lineNumber":36,"author":{"gitId":"jadenwjh"},"content":"        return address;"},{"lineNumber":37,"author":{"gitId":"jadenwjh"},"content":"    }"},{"lineNumber":38,"author":{"gitId":"jadenwjh"},"content":""},{"lineNumber":39,"author":{"gitId":"jadenwjh"},"content":"    public int getId() {"},{"lineNumber":40,"author":{"gitId":"jadenwjh"},"content":"        return id;"},{"lineNumber":41,"author":{"gitId":"jadenwjh"},"content":"    }"},{"lineNumber":42,"author":{"gitId":"jadenwjh"},"content":""},{"lineNumber":43,"author":{"gitId":"jadenwjh"},"content":"    public int getLeaseValue() {"},{"lineNumber":44,"author":{"gitId":"jadenwjh"},"content":"        return leaseValue;"},{"lineNumber":45,"author":{"gitId":"jadenwjh"},"content":"    }"},{"lineNumber":46,"author":{"gitId":"jadenwjh"},"content":""},{"lineNumber":47,"author":{"gitId":"jadenwjh"},"content":"    public String getLease() {"},{"lineNumber":48,"author":{"gitId":"jadenwjh"},"content":"        return lease;"},{"lineNumber":49,"author":{"gitId":"jadenwjh"},"content":"    }"},{"lineNumber":50,"author":{"gitId":"jadenwjh"},"content":""},{"lineNumber":51,"author":{"gitId":"CabbageTime"},"content":"    @Override public String toString() {"},{"lineNumber":52,"author":{"gitId":"CabbageTime"},"content":"        return \"Hash ID: \" + getId() + \" - Address: \" + getAddress() + \" - Type: \" + getType() + \" - Lease: \""},{"lineNumber":53,"author":{"gitId":"CabbageTime"},"content":"                + getLease() + \" -  Price: $\" + getPrice();"},{"lineNumber":54,"author":{"gitId":"jadenwjh"},"content":"    }"},{"lineNumber":55,"author":{"gitId":"jadenwjh"},"content":"}"}],"authorContributionMap":{"CabbageTime":4,"jadenwjh":51}},{"path":"src/main/java/seedu/hdbuy/data/exception/EmptyResponseException.java","fileType":"functional-code","lines":[{"lineNumber":1,"author":{"gitId":"jadenwjh"},"content":"package seedu.hdbuy.data.exception;"},{"lineNumber":2,"author":{"gitId":"jadenwjh"},"content":""},{"lineNumber":3,"author":{"gitId":"jadenwjh"},"content":"public class EmptyResponseException extends Exception {"},{"lineNumber":4,"author":{"gitId":"jadenwjh"},"content":""},{"lineNumber":5,"author":{"gitId":"jadenwjh"},"content":"    public EmptyResponseException() {"},{"lineNumber":6,"author":{"gitId":"jadenwjh"},"content":"        super(\"There are no flats matching your demands.\");"},{"lineNumber":7,"author":{"gitId":"jadenwjh"},"content":"    }"},{"lineNumber":8,"author":{"gitId":"jadenwjh"},"content":"}"}],"authorContributionMap":{"jadenwjh":8}},{"path":"src/main/java/seedu/hdbuy/data/exception/GatewayException.java","fileType":"functional-code","lines":[{"lineNumber":1,"author":{"gitId":"jadenwjh"},"content":"package seedu.hdbuy.data.exception;"},{"lineNumber":2,"author":{"gitId":"jadenwjh"},"content":""},{"lineNumber":3,"author":{"gitId":"jadenwjh"},"content":"public class GatewayException extends Exception {"},{"lineNumber":4,"author":{"gitId":"jadenwjh"},"content":""},{"lineNumber":5,"author":{"gitId":"jadenwjh"},"content":"    public GatewayException() {"},{"lineNumber":6,"author":{"gitId":"jadenwjh"},"content":"        super(\"Server seems to be down, or was it your Internet connection?\");"},{"lineNumber":7,"author":{"gitId":"jadenwjh"},"content":"    }"},{"lineNumber":8,"author":{"gitId":"jadenwjh"},"content":"}"}],"authorContributionMap":{"jadenwjh":8}},{"path":"src/main/java/seedu/hdbuy/data/exception/InvalidParameterException.java","fileType":"functional-code","lines":[{"lineNumber":1,"author":{"gitId":"CabbageTime"},"content":"package seedu.hdbuy.data.exception;"},{"lineNumber":2,"author":{"gitId":"CabbageTime"},"content":""},{"lineNumber":3,"author":{"gitId":"CabbageTime"},"content":"public class InvalidParameterException extends Exception {"},{"lineNumber":4,"author":{"gitId":"CabbageTime"},"content":"    public InvalidParameterException() {"},{"lineNumber":5,"author":{"gitId":"CabbageTime"},"content":"        super(\"You must enter at least 1 more parameter.\");"},{"lineNumber":6,"author":{"gitId":"CabbageTime"},"content":"    }"},{"lineNumber":7,"author":{"gitId":"CabbageTime"},"content":"}"}],"authorContributionMap":{"CabbageTime":7}},{"path":"src/main/java/seedu/hdbuy/parser/Parser.java","fileType":"functional-code","lines":[{"lineNumber":1,"author":{"gitId":"jadenwjh"},"content":"package seedu.hdbuy.parser;"},{"lineNumber":2,"author":{"gitId":"jadenwjh"},"content":""},{"lineNumber":3,"author":{"gitId":"CabbageTime"},"content":"import seedu.hdbuy.command.CloseCommand;"},{"lineNumber":4,"author":{"gitId":"CabbageTime"},"content":"import seedu.hdbuy.command.Command;"},{"lineNumber":5,"author":{"gitId":"CabbageTime"},"content":"import seedu.hdbuy.command.DefaultCommand;"},{"lineNumber":6,"author":{"gitId":"CabbageTime"},"content":"import seedu.hdbuy.command.FilterCommand;"},{"lineNumber":7,"author":{"gitId":"CabbageTime"},"content":"import seedu.hdbuy.command.FindCommand;"},{"lineNumber":8,"author":{"gitId":"CabbageTime"},"content":"import seedu.hdbuy.command.HelpCommand;"},{"lineNumber":9,"author":{"gitId":"jadenwjh"},"content":"import seedu.hdbuy.data.CommandKey;"},{"lineNumber":10,"author":{"gitId":"CabbageTime"},"content":"import seedu.hdbuy.data.exception.InvalidParameterException;"},{"lineNumber":11,"author":{"gitId":"CabbageTime"},"content":"import seedu.hdbuy.ui.TextUi;"},{"lineNumber":12,"author":{"gitId":"CabbageTime"},"content":""},{"lineNumber":13,"author":{"gitId":"CabbageTime"},"content":"import java.util.Arrays;"},{"lineNumber":14,"author":{"gitId":"heyjinwei"},"content":""},{"lineNumber":15,"author":{"gitId":"jadenwjh"},"content":"public class Parser {"},{"lineNumber":16,"author":{"gitId":"heyjinwei"},"content":"    private static final String HELP \u003d \"help\";"},{"lineNumber":17,"author":{"gitId":"heyjinwei"},"content":"    private static final String FILTER \u003d \"filter\";"},{"lineNumber":18,"author":{"gitId":"heyjinwei"},"content":"    private static final String FIND \u003d \"find\";"},{"lineNumber":19,"author":{"gitId":"heyjinwei"},"content":"    private static final String EXIT \u003d \"exit\";"},{"lineNumber":20,"author":{"gitId":"heyjinwei"},"content":""},{"lineNumber":21,"author":{"gitId":"jadenwjh"},"content":"    public static Command parse(String fullLine) {"},{"lineNumber":22,"author":{"gitId":"heyjinwei"},"content":"        Command command \u003d new DefaultCommand(fullLine);"},{"lineNumber":23,"author":{"gitId":"CabbageTime"},"content":"        try {"},{"lineNumber":24,"author":{"gitId":"jadenwjh"},"content":"            CommandKey keyCommand \u003d extractInfo(fullLine);"},{"lineNumber":25,"author":{"gitId":"jadenwjh"},"content":"            switch (keyCommand.getCommand()) {"},{"lineNumber":26,"author":{"gitId":"heyjinwei"},"content":"            case HELP:"},{"lineNumber":27,"author":{"gitId":"heyjinwei"},"content":"                command \u003d new HelpCommand();"},{"lineNumber":28,"author":{"gitId":"heyjinwei"},"content":"                break;"},{"lineNumber":29,"author":{"gitId":"heyjinwei"},"content":"            case FILTER:"},{"lineNumber":30,"author":{"gitId":"jadenwjh"},"content":"                String criteria \u003d keyCommand.getCriteria();"},{"lineNumber":31,"author":{"gitId":"jadenwjh"},"content":"                String value \u003d keyCommand.getValue();"},{"lineNumber":32,"author":{"gitId":"heyjinwei"},"content":"                command \u003d new FilterCommand(criteria, value);"},{"lineNumber":33,"author":{"gitId":"heyjinwei"},"content":"                break;"},{"lineNumber":34,"author":{"gitId":"heyjinwei"},"content":"            case FIND:"},{"lineNumber":35,"author":{"gitId":"heyjinwei"},"content":"                command \u003d new FindCommand();"},{"lineNumber":36,"author":{"gitId":"heyjinwei"},"content":"                break;"},{"lineNumber":37,"author":{"gitId":"heyjinwei"},"content":"            case EXIT:"},{"lineNumber":38,"author":{"gitId":"heyjinwei"},"content":"                command \u003d new CloseCommand();"},{"lineNumber":39,"author":{"gitId":"heyjinwei"},"content":"                break;"},{"lineNumber":40,"author":{"gitId":"heyjinwei"},"content":"            default:"},{"lineNumber":41,"author":{"gitId":"heyjinwei"},"content":"                break;"},{"lineNumber":42,"author":{"gitId":"heyjinwei"},"content":"            }"},{"lineNumber":43,"author":{"gitId":"CabbageTime"},"content":"        } catch (InvalidParameterException e) {"},{"lineNumber":44,"author":{"gitId":"CabbageTime"},"content":"            TextUi.showInvalidParameter(e);"},{"lineNumber":45,"author":{"gitId":"CabbageTime"},"content":"        } finally {"},{"lineNumber":46,"author":{"gitId":"heyjinwei"},"content":"            return command;"},{"lineNumber":47,"author":{"gitId":"heyjinwei"},"content":"        }"},{"lineNumber":48,"author":{"gitId":"CabbageTime"},"content":"    }"},{"lineNumber":49,"author":{"gitId":"heyjinwei"},"content":""},{"lineNumber":50,"author":{"gitId":"CabbageTime"},"content":"    public static CommandKey extractInfo(String fullLine) throws InvalidParameterException {"},{"lineNumber":51,"author":{"gitId":"heyjinwei"},"content":"        String[] lineParts;"},{"lineNumber":52,"author":{"gitId":"heyjinwei"},"content":"        lineParts \u003d fullLine.split(\" \");"},{"lineNumber":53,"author":{"gitId":"jadenwjh"},"content":"        String keyCommand \u003d lineParts[0];"},{"lineNumber":54,"author":{"gitId":"CabbageTime"},"content":"        switch (keyCommand) {"},{"lineNumber":55,"author":{"gitId":"CabbageTime"},"content":"        case FILTER:"},{"lineNumber":56,"author":{"gitId":"CabbageTime"},"content":"            if (lineParts.length \u003c 3) {"},{"lineNumber":57,"author":{"gitId":"CabbageTime"},"content":"                throw new InvalidParameterException();"},{"lineNumber":58,"author":{"gitId":"CabbageTime"},"content":"            } else {"},{"lineNumber":59,"author":{"gitId":"jadenwjh"},"content":"                String criteria \u003d lineParts[1];"},{"lineNumber":60,"author":{"gitId":"CabbageTime"},"content":"                String value \u003d String.join(\" \", Arrays.asList(lineParts).subList(2, lineParts.length));"},{"lineNumber":61,"author":{"gitId":"jadenwjh"},"content":"                return new CommandKey(criteria, value, keyCommand);"},{"lineNumber":62,"author":{"gitId":"heyjinwei"},"content":"            }"},{"lineNumber":63,"author":{"gitId":"CabbageTime"},"content":"        case FIND:"},{"lineNumber":64,"author":{"gitId":"CabbageTime"},"content":"            if (lineParts.length \u003c 2) {"},{"lineNumber":65,"author":{"gitId":"CabbageTime"},"content":"                throw new InvalidParameterException();"},{"lineNumber":66,"author":{"gitId":"CabbageTime"},"content":"            }"},{"lineNumber":67,"author":{"gitId":"CabbageTime"},"content":"            break;"},{"lineNumber":68,"author":{"gitId":"CabbageTime"},"content":"        case EXIT:"},{"lineNumber":69,"author":{"gitId":"CabbageTime"},"content":"            // Fallthrough"},{"lineNumber":70,"author":{"gitId":"CabbageTime"},"content":"        case HELP:"},{"lineNumber":71,"author":{"gitId":"CabbageTime"},"content":"            // Fallthrough"},{"lineNumber":72,"author":{"gitId":"CabbageTime"},"content":"        default:"},{"lineNumber":73,"author":{"gitId":"CabbageTime"},"content":"            break;"},{"lineNumber":74,"author":{"gitId":"CabbageTime"},"content":"        }"},{"lineNumber":75,"author":{"gitId":"jadenwjh"},"content":"        return new CommandKey(keyCommand);"},{"lineNumber":76,"author":{"gitId":"heyjinwei"},"content":"    }"},{"lineNumber":77,"author":{"gitId":"jadenwjh"},"content":"}"}],"authorContributionMap":{"CabbageTime":34,"heyjinwei":29,"jadenwjh":14}},{"path":"src/main/java/seedu/hdbuy/storage/Read.java","fileType":"functional-code","lines":[{"lineNumber":1,"author":{"gitId":"jadenwjh"},"content":"package seedu.hdbuy.storage;"},{"lineNumber":2,"author":{"gitId":"jadenwjh"},"content":""},{"lineNumber":3,"author":{"gitId":"jadenwjh"},"content":"public class Read {"},{"lineNumber":4,"author":{"gitId":"jadenwjh"},"content":"}"}],"authorContributionMap":{"jadenwjh":4}},{"path":"src/main/java/seedu/hdbuy/storage/Write.java","fileType":"functional-code","lines":[{"lineNumber":1,"author":{"gitId":"jadenwjh"},"content":"package seedu.hdbuy.storage;"},{"lineNumber":2,"author":{"gitId":"jadenwjh"},"content":""},{"lineNumber":3,"author":{"gitId":"jadenwjh"},"content":"public class Write {"},{"lineNumber":4,"author":{"gitId":"jadenwjh"},"content":"}"}],"authorContributionMap":{"jadenwjh":4}},{"path":"src/main/java/seedu/hdbuy/ui/TextUi.java","fileType":"functional-code","lines":[{"lineNumber":1,"author":{"gitId":"jadenwjh"},"content":"package seedu.hdbuy.ui;"},{"lineNumber":2,"author":{"gitId":"jadenwjh"},"content":""},{"lineNumber":3,"author":{"gitId":"heyjinwei"},"content":"import seedu.hdbuy.data.QueryKey;"},{"lineNumber":4,"author":{"gitId":"CabbageTime"},"content":"import seedu.hdbuy.data.exception.InvalidParameterException;"},{"lineNumber":5,"author":{"gitId":"heyjinwei"},"content":""},{"lineNumber":6,"author":{"gitId":"heyjinwei"},"content":"import java.util.HashMap;"},{"lineNumber":7,"author":{"gitId":"heyjinwei"},"content":"import java.util.Scanner;"},{"lineNumber":8,"author":{"gitId":"heyjinwei"},"content":""},{"lineNumber":9,"author":{"gitId":"jadenwjh"},"content":"public class TextUi {"},{"lineNumber":10,"author":{"gitId":"heyjinwei"},"content":""},{"lineNumber":11,"author":{"gitId":"CabbageTime"},"content":"    /**"},{"lineNumber":12,"author":{"gitId":"CabbageTime"},"content":"     * Number of dashes for the separator."},{"lineNumber":13,"author":{"gitId":"CabbageTime"},"content":"     */"},{"lineNumber":14,"author":{"gitId":"heyjinwei"},"content":"    private static final int SEPARATOR_LENGTH \u003d 80;"},{"lineNumber":15,"author":{"gitId":"jadenwjh"},"content":"    private static final Scanner in \u003d new Scanner(System.in);"},{"lineNumber":16,"author":{"gitId":"heyjinwei"},"content":""},{"lineNumber":17,"author":{"gitId":"jadenwjh"},"content":"    public static void showSeparator() {"},{"lineNumber":18,"author":{"gitId":"heyjinwei"},"content":"        for (int i \u003d 0; i \u003c SEPARATOR_LENGTH; i++) {"},{"lineNumber":19,"author":{"gitId":"heyjinwei"},"content":"            System.out.print(\u0027-\u0027);"},{"lineNumber":20,"author":{"gitId":"heyjinwei"},"content":"        }"},{"lineNumber":21,"author":{"gitId":"heyjinwei"},"content":"        System.out.print(\u0027\\n\u0027);"},{"lineNumber":22,"author":{"gitId":"heyjinwei"},"content":"    }"},{"lineNumber":23,"author":{"gitId":"heyjinwei"},"content":""},{"lineNumber":24,"author":{"gitId":"jadenwjh"},"content":"    public static void showWelcome() {"},{"lineNumber":25,"author":{"gitId":"heyjinwei"},"content":"        showSeparator();"},{"lineNumber":26,"author":{"gitId":"heyjinwei"},"content":"        System.out.print(\"Welcome to HDBuy!\\nHow may I help you today?\\n\");"},{"lineNumber":27,"author":{"gitId":"heyjinwei"},"content":"        showSeparator();"},{"lineNumber":28,"author":{"gitId":"heyjinwei"},"content":"    }"},{"lineNumber":29,"author":{"gitId":"heyjinwei"},"content":""},{"lineNumber":30,"author":{"gitId":"jadenwjh"},"content":"    public static void showExit() {"},{"lineNumber":31,"author":{"gitId":"heyjinwei"},"content":"        System.out.print(\"HDBuy Bye Bye!\\n\");"},{"lineNumber":32,"author":{"gitId":"jadenwjh"},"content":"        in.close();"},{"lineNumber":33,"author":{"gitId":"heyjinwei"},"content":"    }"},{"lineNumber":34,"author":{"gitId":"heyjinwei"},"content":""},{"lineNumber":35,"author":{"gitId":"jadenwjh"},"content":"    public static String readCommand() {"},{"lineNumber":36,"author":{"gitId":"heyjinwei"},"content":"        return in.nextLine();"},{"lineNumber":37,"author":{"gitId":"heyjinwei"},"content":"    }"},{"lineNumber":38,"author":{"gitId":"heyjinwei"},"content":""},{"lineNumber":39,"author":{"gitId":"jadenwjh"},"content":"    public static void showInvalidInput(String input) {"},{"lineNumber":40,"author":{"gitId":"heyjinwei"},"content":"        System.out.print(\"I\u0027m sorry. \\\"\" + input + \"\\\" is not a valid command.\\n\");"},{"lineNumber":41,"author":{"gitId":"heyjinwei"},"content":"    }"},{"lineNumber":42,"author":{"gitId":"heyjinwei"},"content":""},{"lineNumber":43,"author":{"gitId":"jadenwjh"},"content":"    public static void showHelp() {"},{"lineNumber":44,"author":{"gitId":"heyjinwei"},"content":"        System.out.print(\"*HELP PLACEHOLDER*\\n\");"},{"lineNumber":45,"author":{"gitId":"heyjinwei"},"content":"    }"},{"lineNumber":46,"author":{"gitId":"heyjinwei"},"content":""},{"lineNumber":47,"author":{"gitId":"jadenwjh"},"content":"    public static void showParameters(HashMap\u003cQueryKey, String\u003e inputs) {"},{"lineNumber":48,"author":{"gitId":"heyjinwei"},"content":"        System.out.print(\"Parameters:\\n\" + inputs + \"\\n\");"},{"lineNumber":49,"author":{"gitId":"heyjinwei"},"content":"    }"},{"lineNumber":50,"author":{"gitId":"heyjinwei"},"content":""},{"lineNumber":51,"author":{"gitId":"jadenwjh"},"content":"    public static void showInvalidFilter(String criteria) {"},{"lineNumber":52,"author":{"gitId":"heyjinwei"},"content":"        System.out.print(\"\\\"\" + criteria + \"\\\" is not a valid filter.\\n\");"},{"lineNumber":53,"author":{"gitId":"heyjinwei"},"content":"    }"},{"lineNumber":54,"author":{"gitId":"CabbageTime"},"content":""},{"lineNumber":55,"author":{"gitId":"CabbageTime"},"content":"    public static void showInvalidParameter(InvalidParameterException e) {"},{"lineNumber":56,"author":{"gitId":"CabbageTime"},"content":"        System.out.println(e.getMessage());"},{"lineNumber":57,"author":{"gitId":"CabbageTime"},"content":"    }"},{"lineNumber":58,"author":{"gitId":"jadenwjh"},"content":"}"}],"authorContributionMap":{"CabbageTime":8,"heyjinwei":36,"jadenwjh":14}},{"path":"src/test/java/seedu/hdbuy/HdBuyTest.java","fileType":"test-code","lines":[{"lineNumber":1,"author":{"gitId":"jadenwjh"},"content":"package seedu.hdbuy;"},{"lineNumber":2,"author":{"gitId":"-"},"content":""},{"lineNumber":3,"author":{"gitId":"jadenwjh"},"content":"import static org.junit.jupiter.api.Assertions.assertEquals;"},{"lineNumber":4,"author":{"gitId":"jadenwjh"},"content":"import static org.junit.jupiter.api.Assertions.assertNotNull;"},{"lineNumber":5,"author":{"gitId":"-"},"content":"import static org.junit.jupiter.api.Assertions.assertTrue;"},{"lineNumber":6,"author":{"gitId":"-"},"content":""},{"lineNumber":7,"author":{"gitId":"-"},"content":"import org.junit.jupiter.api.Test;"},{"lineNumber":8,"author":{"gitId":"-"},"content":""},{"lineNumber":9,"author":{"gitId":"jadenwjh"},"content":"import java.util.HashMap;"},{"lineNumber":10,"author":{"gitId":"jadenwjh"},"content":""},{"lineNumber":11,"author":{"gitId":"jadenwjh"},"content":"import seedu.hdbuy.api.ApiRepository;"},{"lineNumber":12,"author":{"gitId":"jadenwjh"},"content":"import seedu.hdbuy.data.QueryKey;"},{"lineNumber":13,"author":{"gitId":"jadenwjh"},"content":"import seedu.hdbuy.data.Unit;"},{"lineNumber":14,"author":{"gitId":"jadenwjh"},"content":""},{"lineNumber":15,"author":{"gitId":"jadenwjh"},"content":"class HdBuyTest {"},{"lineNumber":16,"author":{"gitId":"-"},"content":"    @Test"},{"lineNumber":17,"author":{"gitId":"-"},"content":"    public void sampleTest() {"},{"lineNumber":18,"author":{"gitId":"-"},"content":"        assertTrue(true);"},{"lineNumber":19,"author":{"gitId":"-"},"content":"    }"},{"lineNumber":20,"author":{"gitId":"jadenwjh"},"content":""},{"lineNumber":21,"author":{"gitId":"jadenwjh"},"content":"    @Test"},{"lineNumber":22,"author":{"gitId":"jadenwjh"},"content":"    public void testConnection() {"},{"lineNumber":23,"author":{"gitId":"jadenwjh"},"content":"        HashMap\u003cQueryKey,String\u003e inputs \u003d new HashMap\u003c\u003e();"},{"lineNumber":24,"author":{"gitId":"jadenwjh"},"content":"        inputs.put(QueryKey.LOCATION, \"jurong\");"},{"lineNumber":25,"author":{"gitId":"jadenwjh"},"content":"        assertNotNull(ApiRepository.fetchUnits(inputs));"},{"lineNumber":26,"author":{"gitId":"jadenwjh"},"content":"    }"},{"lineNumber":27,"author":{"gitId":"jadenwjh"},"content":""},{"lineNumber":28,"author":{"gitId":"jadenwjh"},"content":"    @Test"},{"lineNumber":29,"author":{"gitId":"jadenwjh"},"content":"    public void testEmptyResponseException() {"},{"lineNumber":30,"author":{"gitId":"jadenwjh"},"content":"        HashMap\u003cQueryKey,String\u003e inputs \u003d new HashMap\u003c\u003e();"},{"lineNumber":31,"author":{"gitId":"jadenwjh"},"content":"        inputs.put(QueryKey.LEASE_REMAINING, \"101\");"},{"lineNumber":32,"author":{"gitId":"jadenwjh"},"content":"        HashMap\u003cInteger, Unit\u003e units \u003d ApiRepository.fetchUnits(inputs);"},{"lineNumber":33,"author":{"gitId":"jadenwjh"},"content":"        assertTrue(units.isEmpty());"},{"lineNumber":34,"author":{"gitId":"jadenwjh"},"content":"    }"},{"lineNumber":35,"author":{"gitId":"-"},"content":"}"}],"authorContributionMap":{"-":10,"jadenwjh":25}}]
