{"authorDailyContributionsMap":{"CabbageTime":[{"date":"2021-03-11","commitResults":[{"hash":"d2aac5f805bf478b3dd3ada3405bb222d92732ad","messageTitle":"Add error handling for filters without keycommand.","messageBody":"","fileTypesAndContributionMap":{"functional-code":{"insertions":46,"deletions":23}}},{"hash":"23a99c65e1b3cdf586a6ba8fefc6c698523d10f3","messageTitle":"Added error handling for if command does not have enough parameters.","messageBody":"","fileTypesAndContributionMap":{"functional-code":{"insertions":11,"deletions":1}}},{"hash":"6b85d66b7a4f8c40fb10312e8baafdaad93b8295","messageTitle":"Clean up the codes a bit and add more OOP to error handling.","messageBody":"","fileTypesAndContributionMap":{"functional-code":{"insertions":49,"deletions":60}}},{"hash":"56951690f15a225729198c39cf36ec3d3d338b74","messageTitle":"Adjust codes to adhere with coding standards.","messageBody":"","fileTypesAndContributionMap":{"functional-code":{"insertions":21,"deletions":17}}},{"hash":"1a658142830030e328868edcfd68a0c46a201f23","messageTitle":"Change coding so that \u0027+\u0027 appears on new line.","messageBody":"","fileTypesAndContributionMap":{"functional-code":{"insertions":4,"deletions":4}}},{"hash":"d20c99ca203a0b813d72892b75d63b2790df8faf","messageTitle":"Add code to cover FIND clause during error handling; Made changes to the EXPECTED.txt.","messageBody":"","fileTypesAndContributionMap":{"functional-code":{"insertions":6,"deletions":4}}}]},{"date":"2021-03-12","commitResults":[{"hash":"1645ddb7a8a45b8f61b067b4ecd12cc93e2dc168","messageTitle":"Change error handling for FIND and the expected outcome.","messageBody":"","fileTypesAndContributionMap":{"functional-code":{"insertions":1,"deletions":4}}},{"hash":"9a3cacebee3da52277ab21068b138de0f46085b7","messageTitle":"Add junit test for parser class; Add exception handling for invalid filters.","messageBody":"","fileTypesAndContributionMap":{"functional-code":{"insertions":33,"deletions":18},"test-code":{"insertions":30,"deletions":15}}}]},{"date":"2021-03-19","commitResults":[{"hash":"ebedea20f1d97f9dae5236c6e755fb05f5fe987f","messageTitle":"Added error handling for when \"FIND\" has no parameters.","messageBody":"","fileTypesAndContributionMap":{"functional-code":{"insertions":24,"deletions":2}}}]},{"date":"2021-03-25","commitResults":[{"hash":"0f736a51290c923c76beba23ec7d28d2e3c8fe72","messageTitle":"Add more detailed description when InvalidFilterException is thrown.","messageBody":"","fileTypesAndContributionMap":{"functional-code":{"insertions":20,"deletions":7},"test-code":{"insertions":0,"deletions":4}}},{"hash":"ecc6840551807bcf6b8732b4b02ccb554d6c79f8","messageTitle":"Adjust returned string in QueryKey enumeration.","messageBody":"","fileTypesAndContributionMap":{"functional-code":{"insertions":3,"deletions":3}}}]},{"date":"2021-03-26","commitResults":[{"hash":"e0ba103cd1e890da61d5b26acf6c145ba91b5b95","messageTitle":"Add detailed message to InvalidParameterException for each command.","messageBody":"","fileTypesAndContributionMap":{"functional-code":{"insertions":27,"deletions":6}}},{"hash":"a23cf7034c3980684d236d231ef3efbd17ffd1ca","messageTitle":"Clean up dead codes in DefaultCommand class.","messageBody":"","fileTypesAndContributionMap":{"functional-code":{"insertions":0,"deletions":1}}},{"hash":"c16e35c7c1d62423e60aacd2a248c02d968dad7b","messageTitle":"Adjust the code to the newly refactor UserInput class.","messageBody":"","fileTypesAndContributionMap":{"functional-code":{"insertions":44,"deletions":45}}},{"hash":"21e11f6f227bb40dec397011d3ab5f26e3f2132c","messageTitle":"Delete extra error handling files.","messageBody":"","fileTypesAndContributionMap":{"functional-code":{"insertions":0,"deletions":10}}}]},{"date":"2021-04-01","commitResults":[{"hash":"637c2b1da4b502f48e401f270edba32c9b2b22bd","messageTitle":"Added developer guide for error handling.","messageBody":"","fileTypesAndContributionMap":{"docs":{"insertions":28,"deletions":0}}},{"hash":"3af968ef0ad0479bb49e9cb9403a99cbe5e6d3a3","messageTitle":"Initiate error handling documentation for user guide.","messageBody":"","fileTypesAndContributionMap":{"docs":{"insertions":10,"deletions":0}}},{"hash":"4aa81afd838d47483a44ae54b6ebc712d5c81cde","messageTitle":"Added exception handling for when ClearCommand has no filter to clear, and the adjusted the relevant message.","messageBody":"","fileTypesAndContributionMap":{"functional-code":{"insertions":36,"deletions":18}}},{"hash":"dec2d2f68c3fc30759f049152584ea013e5d00fb","messageTitle":"Code format.","messageBody":"","fileTypesAndContributionMap":{"functional-code":{"insertions":53,"deletions":59},"test-code":{"insertions":21,"deletions":32}}},{"hash":"33ffe9282f186c24cbf14af78980d4091b38af67","messageTitle":"Setting up documentation for parser class.","messageBody":"","fileTypesAndContributionMap":{"docs":{"insertions":31,"deletions":0}}},{"hash":"34417b51f0b4f1fa19ff3be35ce1afd5762b5ec0","messageTitle":"Rename ParserClass.puml to ParserSequence.puml","messageBody":"","fileTypesAndContributionMap":{"docs":{"insertions":5,"deletions":27}}},{"hash":"6a0f70249d3cdfb7cd0a6b5f94d6473af11a4175","messageTitle":"Added puml diagram and explanation for Parser class.","messageBody":"","fileTypesAndContributionMap":{"docs":{"insertions":28,"deletions":2}}},{"hash":"c9ed7c4df93acf81c12441b2a8014bb60622c387","messageTitle":"Added specific exception messages for each command.","messageBody":"","fileTypesAndContributionMap":{"functional-code":{"insertions":29,"deletions":0}}},{"hash":"39439670819afc829a9ac11b798d100204c296dc","messageTitle":"Add exception message for the CLEAR command.","messageBody":"","fileTypesAndContributionMap":{"functional-code":{"insertions":3,"deletions":0}}},{"hash":"f029dabc6d3b2791daadbd585dd090625351156f","messageTitle":"Add changes to error messages for the CLEAR command and CLOSE command.","messageBody":"","fileTypesAndContributionMap":{"functional-code":{"insertions":3,"deletions":2}}}]},{"date":"2021-04-08","commitResults":[{"hash":"85d0a03214f05c610758eb9279e62d43ee58a8a4","messageTitle":"Set up term definitions, examples and reformatting the code.","messageBody":"","fileTypesAndContributionMap":{"functional-code":{"insertions":153,"deletions":76},"other":{"insertions":5,"deletions":1},"test-code":{"insertions":65,"deletions":154}}}]},{"date":"2021-04-09","commitResults":[{"hash":"52b0aa20e8a2d9d93bb57777a33ceffec6fd59bd","messageTitle":"Abstract definition/help message.","messageBody":"","fileTypesAndContributionMap":{"functional-code":{"insertions":20,"deletions":21}}},{"hash":"5a8d65123951c91fa5dec6cbb91130d1218adc2a","messageTitle":"Refactor the showHelp message.","messageBody":"","fileTypesAndContributionMap":{"functional-code":{"insertions":22,"deletions":75}}},{"hash":"3cc80c1905b044712da0c570e79df4d752fc6fcd","messageTitle":"Remove redundant initialization and change some errors inside the message.","messageBody":"","fileTypesAndContributionMap":{"functional-code":{"insertions":9,"deletions":6}}},{"hash":"f5eae54a0c5053f2e2c4e6ab3b4e59d79ce9ba2a","messageTitle":"Add javadocs to files under the data, parser, storage, and ui package. Also fix some style errors.","messageBody":"","fileTypesAndContributionMap":{"functional-code":{"insertions":230,"deletions":14},"test-code":{"insertions":52,"deletions":54}}},{"hash":"f30e6e14a60718d0e3e92a249c9410f4e4ba58fd","messageTitle":"Corrected Javadocs errors.","messageBody":"","fileTypesAndContributionMap":{"functional-code":{"insertions":1,"deletions":6}}},{"hash":"b5116d3b308aadc6102e85c0b7402c53fe324ed2","messageTitle":"Add javadocs for all the packages (excluding logger and exception).","messageBody":"","fileTypesAndContributionMap":{"functional-code":{"insertions":30,"deletions":0}}}]},{"date":"2021-04-10","commitResults":[{"hash":"6a6b5f9e1a5a2df2349115f364be42cf2b2172d4","messageTitle":"Add sequence diagram for new class in TextUi package.","messageBody":"","fileTypesAndContributionMap":{"docs":{"insertions":36,"deletions":0}}}]},{"date":"2021-04-11","commitResults":[{"hash":"ae84472fb81ecfc98a701d4a5ce96485ca7e5823","messageTitle":"Portfolio document started for Pang How.","messageBody":"","fileTypesAndContributionMap":{"docs":{"insertions":7,"deletions":0}}},{"hash":"277bebf3478452e54ade387b78a21968e29697e4","messageTitle":"Complete the PPP for Pang How.","messageBody":"","fileTypesAndContributionMap":{"docs":{"insertions":45,"deletions":0}}},{"hash":"514a8c769e61bdd5361d840db2243b156502185e","messageTitle":"Remove unnecessary page breaks.","messageBody":"","fileTypesAndContributionMap":{"docs":{"insertions":0,"deletions":2}}}]}],"warmwhalefy":[{"date":"2021-03-18","commitResults":[{"hash":"e2f12364a3664aeed3c50e3517930526802553fc","messageTitle":"SortCommand","messageBody":"","fileTypesAndContributionMap":{"functional-code":{"insertions":33,"deletions":1}}},{"hash":"f05a8d16bbe16f0ba12af38c350a6dfff12be170","messageTitle":"SortCommand","messageBody":"","fileTypesAndContributionMap":{"functional-code":{"insertions":1,"deletions":1}}},{"hash":"a8e98f3e3c9d233d583b34585369585ae4660ce0","messageTitle":"SortCommand","messageBody":"","fileTypesAndContributionMap":{"functional-code":{"insertions":0,"deletions":2}}},{"hash":"bf38f58370fe8779355442f8da2dbee8c42a230a","messageTitle":"SortCommand","messageBody":"","fileTypesAndContributionMap":{"functional-code":{"insertions":2,"deletions":0}}},{"hash":"793fb16001d0653452c730c5a2dbd8c1f8e4ecd7","messageTitle":"SortCommand","messageBody":"","fileTypesAndContributionMap":{"functional-code":{"insertions":13,"deletions":6}}}]},{"date":"2021-04-01","commitResults":[{"hash":"d25d553e095c8831ad832cf370d5767196f4ae8d","messageTitle":"edit","messageBody":"","fileTypesAndContributionMap":{"docs":{"insertions":5,"deletions":3}}},{"hash":"866a963a791bb033f0d9b06f0d8be3d6d5484790","messageTitle":"edit","messageBody":"","fileTypesAndContributionMap":{"docs":{"insertions":5,"deletions":1}}},{"hash":"895e56518f638ebebae59816d91872ca537dd735","messageTitle":"ug edit","messageBody":"","fileTypesAndContributionMap":{"docs":{"insertions":14,"deletions":0}}},{"hash":"e72092d90502f35b4639ba34d6d8a715bacdd638","messageTitle":"added sortCommand_Sequence_Diagram.jpg","messageBody":"","fileTypesAndContributionMap":{"docs":{"insertions":3,"deletions":0}}}]},{"date":"2021-04-08","commitResults":[{"hash":"a30cd6216f8613cfee0114885371b149f99216f4","messageTitle":"updated architecture","messageBody":"","fileTypesAndContributionMap":{"docs":{"insertions":9,"deletions":9}}},{"hash":"ea83426e97eae7c2d7a55ad869b9a3069ac35559","messageTitle":"updated architecture","messageBody":"","fileTypesAndContributionMap":{"test-code":{"insertions":1,"deletions":1}}},{"hash":"6980f72bbe109e25217950f2abfbe848b4135e1b","messageTitle":"updated architecture","messageBody":"","fileTypesAndContributionMap":{"docs":{"insertions":13,"deletions":0},"test-code":{"insertions":4,"deletions":2}}},{"hash":"4e4352943390d55d832d4bef2fdc02c37d5bbe5b","messageTitle":"updated sortcommand sequence diagram","messageBody":"","fileTypesAndContributionMap":{"docs":{"insertions":26,"deletions":19}}},{"hash":"5c3d04a45c17700c1ab2c37d697223f7dcb25951","messageTitle":"broken class diagram up","messageBody":"","fileTypesAndContributionMap":{"docs":{"insertions":43,"deletions":28}}},{"hash":"74868777001ea00f9a056a8909b31835e411bd11","messageTitle":"updated user stories","messageBody":"","fileTypesAndContributionMap":{"docs":{"insertions":8,"deletions":8}}},{"hash":"1ffb751378a8aa091ea1b448ec96b00096386e86","messageTitle":"edit sortcommand to destory sortcommand","messageBody":"","fileTypesAndContributionMap":{"docs":{"insertions":2,"deletions":2}}}]},{"date":"2021-04-10","commitResults":[{"hash":"332f5dac86cea2d83090c28afea01f8382f49e79","messageTitle":"changed size for architecture.jpg","messageBody":"","fileTypesAndContributionMap":{"docs":{"insertions":3,"deletions":2}}}]},{"date":"2021-04-11","commitResults":[{"hash":"c376f9877ea3ba17d93a25823f9071b22518409e","messageTitle":"angel\u0027s PPP","messageBody":"","fileTypesAndContributionMap":{"docs":{"insertions":22,"deletions":0}}},{"hash":"a4547a2c5e85746c5b21614230b11fe748d7160b","messageTitle":"angel\u0027s PPP","messageBody":"","fileTypesAndContributionMap":{"docs":{"insertions":0,"deletions":0}}}]}],"heyjinwei":[{"date":"2021-03-05","commitResults":[{"hash":"2034b6d7e08ae964d77e839626b88bc41eb35e6d","messageTitle":"About us Jin Wei\u0027s edit","messageBody":"","fileTypesAndContributionMap":{"docs":{"insertions":1,"deletions":1}}}]},{"date":"2021-03-08","commitResults":[{"hash":"29c222ec3b20fecd04ae2ad1f22cc4f10ec96262","messageTitle":"First commit with the general parsing of inputs and execution of command. Filter by price enabled.","messageBody":"","fileTypesAndContributionMap":{"functional-code":{"insertions":219,"deletions":3}}},{"hash":"1d3eb4503d23984b56f3b4d832c8c59572dddb76","messageTitle":"Corrected style errors","messageBody":"","fileTypesAndContributionMap":{"functional-code":{"insertions":22,"deletions":7}}}]},{"date":"2021-03-09","commitResults":[{"hash":"bdabe24e148b9b1c9d4f427c85103194037d1245","messageTitle":"Made changes according to the comments on the PR.","messageBody":"","fileTypesAndContributionMap":{"functional-code":{"insertions":33,"deletions":14}}}]},{"date":"2021-03-19","commitResults":[{"hash":"cc88128ef56888e514d193c456736acebe62dc75","messageTitle":"Added tabular view and shifted the printing of results to TextUi class","messageBody":"","fileTypesAndContributionMap":{"functional-code":{"insertions":78,"deletions":4}}}]},{"date":"2021-03-25","commitResults":[{"hash":"3b6a69ecaa64be848a692123bd01deebb009c1a1","messageTitle":"Second commit that passes checkstyleMain","messageBody":"","fileTypesAndContributionMap":{"functional-code":{"insertions":9,"deletions":18}}},{"hash":"e49181520fec1bee22bf6bb18850e7c2b4c3b4ef","messageTitle":"Removed unnecessary lines after resolving merge conflict","messageBody":"","fileTypesAndContributionMap":{"functional-code":{"insertions":1,"deletions":16}}}]},{"date":"2021-04-01","commitResults":[{"hash":"b65de77f0460081df6973c43ae1c24bc99576d37","messageTitle":"Added help command","messageBody":"","fileTypesAndContributionMap":{"functional-code":{"insertions":16,"deletions":2}}},{"hash":"9fb088a4ad73cc631f4e1f57b18e2a26722bbe4c","messageTitle":"Rearranged the plus signs to pass the gradle stylechecktest","messageBody":"","fileTypesAndContributionMap":{"functional-code":{"insertions":14,"deletions":14}}},{"hash":"0b7bad72b78640bd25560050e5d2a7b4c66bfb68","messageTitle":"UG FIlter commands first commit","messageBody":"","fileTypesAndContributionMap":{"docs":{"insertions":18,"deletions":0}}},{"hash":"db92ad81254a6f34984f3521f4a06a305e27615c","messageTitle":"First commit with edited DG and CommandClass PUML to remove icons","messageBody":"","fileTypesAndContributionMap":{"docs":{"insertions":21,"deletions":5}}}]},{"date":"2021-04-07","commitResults":[{"hash":"734d0a9875d5214ef529d1cb2bef17374e6e08bf","messageTitle":"First commit with refactored TextUi. Less repeated strings and constant formats are defined at the top","messageBody":"","fileTypesAndContributionMap":{"functional-code":{"insertions":66,"deletions":60}}}]},{"date":"2021-04-11","commitResults":[{"hash":"f293c2dadcb4711c054292b9d6a2e5497d0c99f9","messageTitle":"First commit","messageBody":"","fileTypesAndContributionMap":{"functional-code":{"insertions":8,"deletions":20},"docs":{"insertions":9,"deletions":8}}},{"hash":"47a86c064ca400c56da96d291e9814909b08e57f","messageTitle":"First Commit","messageBody":"","fileTypesAndContributionMap":{"docs":{"insertions":68,"deletions":0}}},{"hash":"1d24a7433c92d65dbcf0da62a3ee3985333e402c","messageTitle":"edited minor detail","messageBody":"","fileTypesAndContributionMap":{"docs":{"insertions":1,"deletions":1}}}]},{"date":"2021-04-12","commitResults":[{"hash":"561b0b9baaed879a8c0210b9228f949f8ca30c57","messageTitle":"Added line about demo video","messageBody":"","fileTypesAndContributionMap":{"docs":{"insertions":1,"deletions":1}}}]}],"jadenwjh":[{"date":"2021-03-05","commitResults":[{"hash":"bda0a2f6a2a3648d555b8aca065b5202bd15eddc","messageTitle":"Add detail in readme","messageBody":"","fileTypesAndContributionMap":{"docs":{"insertions":2,"deletions":0}}}]},{"date":"2021-03-06","commitResults":[{"hash":"e05631314c1f660bc17efe68bf3c135c89d5af98","messageTitle":"Add packages and refactor naming","messageBody":"","fileTypesAndContributionMap":{"other":{"insertions":4,"deletions":4}}},{"hash":"1243876ad8511cd61b7f3408e4ed2b618bccc50e","messageTitle":"Rename \u0027HDBuy\u0027 to \u0027HdBuy\u0027 to satisfy checkstyle check.","messageBody":"","fileTypesAndContributionMap":{"other":{"insertions":2,"deletions":2}}},{"hash":"2e6eae3991cb12dfd96754958d3f269c8e5d486f","messageTitle":"Configure gradle file to accommodate class name HdBuy.","messageBody":"","fileTypesAndContributionMap":{"other":{"insertions":3,"deletions":3}}},{"hash":"2206c42884cf44cc4eaa6c9b2a88bf89309b7d72","messageTitle":"Remove dos2unix which was causing exceptions when running runtest.","messageBody":"","fileTypesAndContributionMap":{"other":{"insertions":0,"deletions":1}}},{"hash":"9fed190553017228cd97f4daf9f07b1cb63094a4","messageTitle":"Add readme.","messageBody":"","fileTypesAndContributionMap":{"docs":{"insertions":1,"deletions":1}}},{"hash":"bf9cfc00bef500728a47d2951c3d4903ee82e856","messageTitle":"Add basic classes.","messageBody":"","fileTypesAndContributionMap":{"functional-code":{"insertions":28,"deletions":0}}}]},{"date":"2021-03-07","commitResults":[{"hash":"4d0344abe45b2c0772037393246a482717a3a60b","messageTitle":"Add fetchByLocation and fetchByType.","messageBody":"","fileTypesAndContributionMap":{"functional-code":{"insertions":209,"deletions":2}}},{"hash":"732bab595b5cbde9569049016d87f6b4ad7b5d89","messageTitle":"Add fetchUnits which aggregates all params and returns units matching params.","messageBody":"","fileTypesAndContributionMap":{"functional-code":{"insertions":164,"deletions":96}}},{"hash":"cf697237ff213917bf797086961b5c99a60e67d4","messageTitle":"Add javadocs.","messageBody":"","fileTypesAndContributionMap":{"functional-code":{"insertions":49,"deletions":14}}},{"hash":"e7f2a0d1b5e85df2c11071367bc1e04aedf863b9","messageTitle":"Fix minor bug and add Junit test.","messageBody":"","fileTypesAndContributionMap":{"functional-code":{"insertions":8,"deletions":20},"other":{"insertions":1,"deletions":0},"test-code":{"insertions":23,"deletions":0}}},{"hash":"b63c65ed4469151e723e9935776a4470be76e1db","messageTitle":"Format code to satisfy checkstyle.","messageBody":"","fileTypesAndContributionMap":{"functional-code":{"insertions":15,"deletions":16}}}]},{"date":"2021-03-10","commitResults":[{"hash":"83bacad29fb9338ba178d45f95e32d359806d373","messageTitle":"Clean up code. Ensure code follow OOP format","messageBody":"","fileTypesAndContributionMap":{"functional-code":{"insertions":79,"deletions":62}}},{"hash":"74e5b827e7bd66613d20c8ebda0bc6f12c904b71","messageTitle":"Remove accidental ; at line 12.","messageBody":"","fileTypesAndContributionMap":{"functional-code":{"insertions":1,"deletions":1}}}]},{"date":"2021-03-11","commitResults":[{"hash":"f03e9beab73d49205bcad8defea3f931f7de6d32","messageTitle":"Update AboutUs.md","messageBody":"To satisfy PR requirement","fileTypesAndContributionMap":{"docs":{"insertions":1,"deletions":1}}}]},{"date":"2021-03-18","commitResults":[{"hash":"c9477df265b29b36ff03c74844c47cf50790a3f7","messageTitle":"Fix bug when inputs have whitespace and add loggers","messageBody":"","tags":["Logging"],"fileTypesAndContributionMap":{"functional-code":{"insertions":8,"deletions":2}}},{"hash":"62c92fd4a5b63db85cd58281fbeb7eac101eb0e7","messageTitle":"Add assertions and more loggers","messageBody":"","tags":["Assertions"],"fileTypesAndContributionMap":{"functional-code":{"insertions":6,"deletions":0}}}]},{"date":"2021-03-25","commitResults":[{"hash":"0ccb301baec5b710c7d06d217c64345b5e12637e","messageTitle":"Update some components","messageBody":"","fileTypesAndContributionMap":{"docs":{"insertions":31,"deletions":5}}}]},{"date":"2021-03-26","commitResults":[{"hash":"0b9a38cedd719e26e24384f67f1d66346b5a5b39","messageTitle":"Add DG for Api component","messageBody":"","fileTypesAndContributionMap":{"docs":{"insertions":11,"deletions":0}}},{"hash":"e2b1f86b844df06e0b6924532c339c03b3289820","messageTitle":"Minor changes to DG","messageBody":"","fileTypesAndContributionMap":{"functional-code":{"insertions":16,"deletions":16},"docs":{"insertions":31,"deletions":11}}},{"hash":"477ae23e3a89d4fd3014b21126c878e77f9958c8","messageTitle":"Format checkstyle","messageBody":"","tags":["DG-Draft"],"fileTypesAndContributionMap":{"functional-code":{"insertions":4,"deletions":3}}},{"hash":"45565fdda3670f2837f67316fc043e45f3781d73","messageTitle":"Edit User stories in DG","messageBody":"","fileTypesAndContributionMap":{"docs":{"insertions":4,"deletions":2}}},{"hash":"acecf2de43dde4c18ff48c9899e37c0a5e9e8c4a","messageTitle":"Refactor Common","messageBody":"","fileTypesAndContributionMap":{"functional-code":{"insertions":66,"deletions":36},"other":{"insertions":10,"deletions":10},"docs":{"insertions":2,"deletions":1},"test-code":{"insertions":3,"deletions":3}}},{"hash":"04f72aaae5ffe18fd852ba4060ebbd0e2fe47ca9","messageTitle":"no message","messageBody":"","fileTypesAndContributionMap":{"docs":{"insertions":5,"deletions":71}}},{"hash":"92511c4280e829e4e575e3c00668ef05af2937fb","messageTitle":"Add Clear and List commands","messageBody":"","tags":["v2.0"],"fileTypesAndContributionMap":{"functional-code":{"insertions":68,"deletions":9}}}]},{"date":"2021-03-29","commitResults":[{"hash":"cf13c03cdffc16707072933372ab0082bca8e6e5","messageTitle":"Add Storage class and Shortlist","messageBody":"","fileTypesAndContributionMap":{"functional-code":{"insertions":109,"deletions":8}}},{"hash":"242b5110c0d75207a54f3b256bc72ea37b40788f","messageTitle":"Add shortlist command to view shortlist","messageBody":"","fileTypesAndContributionMap":{"functional-code":{"insertions":38,"deletions":5}}},{"hash":"e3d76ccde5cfc4e9bb65e6c70297a2a96f0613e5","messageTitle":"Add searchUnit class","messageBody":"","fileTypesAndContributionMap":{"functional-code":{"insertions":34,"deletions":0}}}]},{"date":"2021-03-30","commitResults":[{"hash":"556a60884d04aea917038a42c48cd4fd8b933aa4","messageTitle":"Add save and remove command for shortlisting","messageBody":"","fileTypesAndContributionMap":{"functional-code":{"insertions":127,"deletions":19}}},{"hash":"05121eadcb6e89022560f31f3bfd6217a4d3a2c7","messageTitle":"Update Parser.java","messageBody":"","fileTypesAndContributionMap":{"functional-code":{"insertions":0,"deletions":1}}},{"hash":"19c625d63de5fd0fbb920e5fe75d55fe589dc110","messageTitle":"Update Parser.java","messageBody":"","fileTypesAndContributionMap":{"functional-code":{"insertions":1,"deletions":0}}},{"hash":"3e023b65eb9ca56f3aba072a288d1846b0c3db20","messageTitle":"Update Parser.java","messageBody":"","fileTypesAndContributionMap":{"functional-code":{"insertions":4,"deletions":3}}},{"hash":"1c7600a7a583b81e049927b3f88c832703dd41e5","messageTitle":"Update Parser.java","messageBody":"Checkstyle","fileTypesAndContributionMap":{"functional-code":{"insertions":4,"deletions":10}}},{"hash":"8b1480359c5689e207353a5a5a4504ab3d47e48e","messageTitle":"Update Unit.java","messageBody":"Checkstyle","fileTypesAndContributionMap":{"functional-code":{"insertions":2,"deletions":1}}},{"hash":"5a5714924f6ecc8e59895e1b4f94a6814d73f203","messageTitle":"Update Parser.java","messageBody":"Checkstyle","fileTypesAndContributionMap":{"functional-code":{"insertions":1,"deletions":0}}},{"hash":"688b825cc83c4153848311ffe320aa893bd832f5","messageTitle":"Update Parser.java","messageBody":"","fileTypesAndContributionMap":{"functional-code":{"insertions":3,"deletions":5}}},{"hash":"d531f94ea7a40ef9a692b495dec6d81fbda18d89","messageTitle":"Refactor parser class","messageBody":"","fileTypesAndContributionMap":{"functional-code":{"insertions":75,"deletions":54}}},{"hash":"11ec93e116fa1e3214c9a185ff39ced4150b3a58","messageTitle":"Add TextUi messages for shortlist feature","messageBody":"","fileTypesAndContributionMap":{"functional-code":{"insertions":15,"deletions":2}}},{"hash":"e6df43270d26fc9c761e10c554e2d0da2072952f","messageTitle":"Checkstyle","messageBody":"","fileTypesAndContributionMap":{"functional-code":{"insertions":21,"deletions":21}}},{"hash":"87bbef691d5066347d0efc5f7ac0fb1bab29b309","messageTitle":"Junit","messageBody":"","fileTypesAndContributionMap":{"test-code":{"insertions":3,"deletions":3}}},{"hash":"a3ce72e32d2873ca9bc3e5b6b34c1ae3699a0c59","messageTitle":"Update README.md","messageBody":"","fileTypesAndContributionMap":{"docs":{"insertions":3,"deletions":3}}},{"hash":"2729b7ee3722650b29fd36b12e8fc908ee60157e","messageTitle":"Enable assertions","messageBody":"","fileTypesAndContributionMap":{"other":{"insertions":1,"deletions":0}}},{"hash":"85081d1990fa012af43fa2060b3970ab5e26cf79","messageTitle":"Update DG for API","messageBody":"","fileTypesAndContributionMap":{"docs":{"insertions":31,"deletions":8}}},{"hash":"7970fca4b8970712fccc5df6e96849fea9ae1466","messageTitle":"Add sequence component DG","messageBody":"","fileTypesAndContributionMap":{"docs":{"insertions":40,"deletions":3}}},{"hash":"aa7aa7a751857dd3818051b513773b54a930583b","messageTitle":"Draft manual testing docs","messageBody":"","fileTypesAndContributionMap":{"docs":{"insertions":50,"deletions":1}}},{"hash":"a3a9d9f6f603d1aa0cd083c7691c9c7e149a6dd8","messageTitle":"Add manual testing to DG","messageBody":"","fileTypesAndContributionMap":{"docs":{"insertions":57,"deletions":20}}}]},{"date":"2021-03-31","commitResults":[{"hash":"ad7282fcd28d1e91a2fed87a22768a6903b83c0b","messageTitle":"Add UG portion for shortlist feature + clear and list command","messageBody":"","tags":["UG-Draft"],"fileTypesAndContributionMap":{"docs":{"insertions":59,"deletions":17}}},{"hash":"11317b6d69d6c12b3c6005e662e9f60da4e58664","messageTitle":"Update UserGuide.md","messageBody":"","fileTypesAndContributionMap":{"docs":{"insertions":1,"deletions":1}}},{"hash":"edb98d735a5c4cdc2e754fbeeb626bc058f74772","messageTitle":"Update sortcommand","messageBody":"","fileTypesAndContributionMap":{"functional-code":{"insertions":108,"deletions":50}}},{"hash":"7879aa5a60ac3f8e71233e2ae68173de6090af00","messageTitle":"Update DG after refactoring sort","messageBody":"","fileTypesAndContributionMap":{"docs":{"insertions":3,"deletions":6}}},{"hash":"8c2b851ae32a9c7bb726c8e252525b0407a4c997","messageTitle":"Checkstyle edits","messageBody":"","fileTypesAndContributionMap":{"functional-code":{"insertions":14,"deletions":14}}},{"hash":"3b04d92fdf4f0a728e4251c875d993769ce83a20","messageTitle":"Junit test update","messageBody":"","fileTypesAndContributionMap":{"test-code":{"insertions":6,"deletions":3}}},{"hash":"0eab18ad5b47784205bc1f0ef1772ae8dc6d8bee","messageTitle":"Update command summary to carry out testing","messageBody":"","fileTypesAndContributionMap":{"docs":{"insertions":11,"deletions":5}}}]},{"date":"2021-04-01","commitResults":[{"hash":"e00f2023d27d169d9e45b4f5f687bbf22d40b8ca","messageTitle":"Added more Junit tests for new features","messageBody":"","fileTypesAndContributionMap":{"functional-code":{"insertions":0,"deletions":9},"test-code":{"insertions":198,"deletions":18}}},{"hash":"dc3e5345289eb1642fe83030f616a0baf8b51987","messageTitle":"Updated TextUiTest","messageBody":"","fileTypesAndContributionMap":{"functional-code":{"insertions":10,"deletions":6},"test-code":{"insertions":2,"deletions":1}}},{"hash":"5246cb877783ff2a76d85be791a3315230aba7cf","messageTitle":"Optimise imports and checkstyle","messageBody":"","fileTypesAndContributionMap":{"functional-code":{"insertions":31,"deletions":55},"test-code":{"insertions":36,"deletions":37}}},{"hash":"9131594bcea53f97b09aace093a8a9e9b73c2d69","messageTitle":"Fix indentation for long lines","messageBody":"","fileTypesAndContributionMap":{"test-code":{"insertions":7,"deletions":5}}},{"hash":"ddf8a02a1f9baca5c16106aae28872d6a7c3211b","messageTitle":"Fix Junit tests","messageBody":"","fileTypesAndContributionMap":{"test-code":{"insertions":8,"deletions":6}}},{"hash":"4a801427abe11dfdc6c9f71d11e0f44e00b1af70","messageTitle":"Add permission to textuitest","messageBody":"","fileTypesAndContributionMap":{"other":{"insertions":0,"deletions":0}}},{"hash":"1c08211a6e7780c6b1d97e4e8eedd783ecc9dfd3","messageTitle":"Edit ParserUML","messageBody":"","fileTypesAndContributionMap":{"docs":{"insertions":123,"deletions":16}}},{"hash":"e0563108d87c189a8046f292cb8f6264de989455","messageTitle":"Edit ParserUML","messageBody":"","fileTypesAndContributionMap":{"docs":{"insertions":123,"deletions":16}}},{"hash":"539861cb5e1ee2183873066c37b5aa34cd66b593","messageTitle":"Add Logger to new class","messageBody":"","fileTypesAndContributionMap":{"functional-code":{"insertions":30,"deletions":1}}},{"hash":"83bd3f25e6ac2c66d14eb682d3884ea6692ab083","messageTitle":"Fix logger not hiding in jar","messageBody":"","fileTypesAndContributionMap":{"functional-code":{"insertions":78,"deletions":87}}},{"hash":"348245b3e87592b0948917167b1816bc4d981dc6","messageTitle":"enable jar","messageBody":"","fileTypesAndContributionMap":{"functional-code":{"insertions":21,"deletions":11},"other":{"insertions":13,"deletions":0}}},{"hash":"0b76dd26b96e1634bf42c4cbe86081d7def5c5b3","messageTitle":"More edits in DG","messageBody":"","fileTypesAndContributionMap":{"docs":{"insertions":85,"deletions":15}}},{"hash":"ba3b05346c15cedad9566a9ab320a254a0dd1616","messageTitle":"no message","messageBody":"","fileTypesAndContributionMap":{"docs":{"insertions":4,"deletions":0}}},{"hash":"0ed6e539e0f8ca970b91ac836010c0ac7a56bb60","messageTitle":"no message","messageBody":"","tags":["v2.0.0","v1.0"],"fileTypesAndContributionMap":{"docs":{"insertions":7,"deletions":2}}},{"hash":"1dd258f03291b50ff0bd3f7be6d0ab9a39c4a95c","messageTitle":"Update DeveloperGuide.md","messageBody":"","fileTypesAndContributionMap":{"docs":{"insertions":1,"deletions":1}}},{"hash":"07dcc22bfb4070c6db3d4a92dd16db272868da6f","messageTitle":"Update DeveloperGuide.md","messageBody":"","fileTypesAndContributionMap":{"docs":{"insertions":0,"deletions":4}}},{"hash":"b84855cb585b15c31bc33ce8d845df0a558f9a55","messageTitle":"Update DeveloperGuide.md","messageBody":"","fileTypesAndContributionMap":{"docs":{"insertions":4,"deletions":3}}},{"hash":"7c7d8717e4792faf56c5d08135a8000eb1727690","messageTitle":"Update DeveloperGuide.md","messageBody":"","fileTypesAndContributionMap":{"docs":{"insertions":5,"deletions":3}}},{"hash":"1ecc4177892999222c0dc7d0dbc8b2e42f0625de","messageTitle":"Update UserGuide.md","messageBody":"","fileTypesAndContributionMap":{"docs":{"insertions":1,"deletions":1}}},{"hash":"cd8c0540f730dd768951ebf78c46df77d18a166b","messageTitle":"Update README.md","messageBody":"","fileTypesAndContributionMap":{"docs":{"insertions":0,"deletions":1}}}]},{"date":"2021-04-02","commitResults":[{"hash":"95326b45d3bf33d65166ea1192642eef67217a2f","messageTitle":"Update README.md","messageBody":"","fileTypesAndContributionMap":{"docs":{"insertions":2,"deletions":0}}},{"hash":"971158afb19b38dff2fd4c7426456688de327447","messageTitle":"Update README.md","messageBody":"","fileTypesAndContributionMap":{"docs":{"insertions":1,"deletions":1}}},{"hash":"9f4e37ee3731548d0734e65e9debd65a9e35bf08","messageTitle":"Update readme","messageBody":"","fileTypesAndContributionMap":{"docs":{"insertions":3,"deletions":1}}},{"hash":"0ae3495beba9a90e43de169a6bedd7d486780c61","messageTitle":"Edit diagrams","messageBody":"","fileTypesAndContributionMap":{"docs":{"insertions":69,"deletions":59}}},{"hash":"a886a820cae97f309923e5cb4b36edcde30b4365","messageTitle":"Edit DG","messageBody":"","fileTypesAndContributionMap":{"docs":{"insertions":4,"deletions":4}}},{"hash":"94030a7efe374d77c03d12372d978bb002d1c84a","messageTitle":"Edit ParserSequence","messageBody":"","fileTypesAndContributionMap":{"docs":{"insertions":172,"deletions":134}}},{"hash":"823c4490e5b8a5f2cc30549083623e74d900bd89","messageTitle":"Update DG","messageBody":"","fileTypesAndContributionMap":{"functional-code":{"insertions":36,"deletions":34},"docs":{"insertions":297,"deletions":191}}},{"hash":"4aa1c8b9794870adf1dfae3cced327937aa63857","messageTitle":"Update DeveloperGuide.md","messageBody":"","fileTypesAndContributionMap":{"docs":{"insertions":12,"deletions":12}}},{"hash":"ef27489e228ce315ee39440a77fd515c18993b3b","messageTitle":"Hide footbox in diagrams","messageBody":"","fileTypesAndContributionMap":{"docs":{"insertions":13,"deletions":11}}},{"hash":"981f815973487ae88acfd88c83429a2ade7d08c6","messageTitle":"no message","messageBody":"","fileTypesAndContributionMap":{"functional-code":{"insertions":1,"deletions":1}}},{"hash":"e16f02f267968750a2b22ee038c7a6bb20f17e58","messageTitle":"Fix Junit","messageBody":"","fileTypesAndContributionMap":{"test-code":{"insertions":0,"deletions":25}}}]},{"date":"2021-04-03","commitResults":[{"hash":"7c8d7559944e0e057fca639bd4ba716275e7942f","messageTitle":"Added \u0027how to use\u0027 in UG","messageBody":"","fileTypesAndContributionMap":{"docs":{"insertions":26,"deletions":0}}},{"hash":"0ff55924e3056a79ba38f2f66323daae05633994","messageTitle":"Update UserGuide.md","messageBody":"","fileTypesAndContributionMap":{"docs":{"insertions":1,"deletions":1}}},{"hash":"92c1db6565571b956404a07bc4c7a889e7cdd0b1","messageTitle":"Update UserGuide.md","messageBody":"","fileTypesAndContributionMap":{"docs":{"insertions":1,"deletions":1}}},{"hash":"6a1a5f8506ac38e90eb0d7b58e55132806f82cca","messageTitle":"Update UserGuide.md","messageBody":"","fileTypesAndContributionMap":{"docs":{"insertions":1,"deletions":1}}},{"hash":"eb4bb7f12563578829673a72591007bb91064ed5","messageTitle":"Update UserGuide.md","messageBody":"","fileTypesAndContributionMap":{"docs":{"insertions":1,"deletions":1}}},{"hash":"e2f773c9535a27f54fcaa228dd1ebbe2eb341245","messageTitle":"Update UserGuide.md","messageBody":"","fileTypesAndContributionMap":{"docs":{"insertions":3,"deletions":1}}},{"hash":"4444ed8a0a5eb83501bc08c0269965510c374733","messageTitle":"Update UserGuide.md","messageBody":"","fileTypesAndContributionMap":{"docs":{"insertions":1,"deletions":1}}},{"hash":"469287f7fc7b8c32c2d68c782cdfc787b6a78b84","messageTitle":"Update UserGuide.md","messageBody":"","fileTypesAndContributionMap":{"docs":{"insertions":3,"deletions":2}}},{"hash":"a0d5f922533db5367a6e0d3c6ab3a739194c70a5","messageTitle":"Update UserGuide.md","messageBody":"","fileTypesAndContributionMap":{"docs":{"insertions":1,"deletions":1}}},{"hash":"220cea1287633b7cb1074d956f62ce85677be46f","messageTitle":"Update UserGuide.md","messageBody":"","fileTypesAndContributionMap":{"docs":{"insertions":3,"deletions":3}}}]},{"date":"2021-04-04","commitResults":[{"hash":"e6ad363d8080333442882ca2856363e98067bfc3","messageTitle":"Update UserGuide.md","messageBody":"","fileTypesAndContributionMap":{"docs":{"insertions":1,"deletions":1}}},{"hash":"e2cb51a48c9b0d32e0908cda6c189d1b253e8bba","messageTitle":"Update UserGuide.md","messageBody":"","fileTypesAndContributionMap":{"docs":{"insertions":2,"deletions":4}}},{"hash":"9a6bfbf4cf4096c8996dcb38e5746b87ae6635ec","messageTitle":"Update UserGuide.md","messageBody":"","fileTypesAndContributionMap":{"docs":{"insertions":16,"deletions":2}}},{"hash":"98f27146a8cfada3ddaddd7a6dee9f77a5eb986b","messageTitle":"Update UserGuide.md","messageBody":"","fileTypesAndContributionMap":{"docs":{"insertions":1,"deletions":1}}},{"hash":"a2f5e32e50e8d8ed3674818ac19da753b214be70","messageTitle":"Update UserGuide.md","messageBody":"","fileTypesAndContributionMap":{"docs":{"insertions":1,"deletions":5}}},{"hash":"a5de41e34e6d2ea0430a1f0b5c759e1df8608b60","messageTitle":"Update UserGuide.md","messageBody":"","fileTypesAndContributionMap":{"docs":{"insertions":1,"deletions":1}}}]},{"date":"2021-04-05","commitResults":[{"hash":"9499f73703d360d25658d7fa7d4473ff44a53de4","messageTitle":"Update UserGuide.md","messageBody":"","fileTypesAndContributionMap":{"docs":{"insertions":10,"deletions":6}}},{"hash":"6be058d4d07dceb9b0215c0d05bfb7621c905192","messageTitle":"Update UserGuide.md","messageBody":"","fileTypesAndContributionMap":{"docs":{"insertions":1,"deletions":2}}},{"hash":"9444b381ab2db10f4106d856ae4bc979581a1b42","messageTitle":"Update TextUi.java","messageBody":"","fileTypesAndContributionMap":{"functional-code":{"insertions":2,"deletions":2}}},{"hash":"d14b5594aa59165bee5d9ec151dcbd568d290a65","messageTitle":"Trim values for sort remove and save","messageBody":"","fileTypesAndContributionMap":{"functional-code":{"insertions":18,"deletions":8}}},{"hash":"cb63c14a35abd99fe8f602311e218c51096cc470","messageTitle":"Fix trim bug in CommandEvaluator","messageBody":"","fileTypesAndContributionMap":{"functional-code":{"insertions":19,"deletions":14},"test-code":{"insertions":46,"deletions":0}}},{"hash":"9b951c44d676fdc57127e26eff3af8799bb96009","messageTitle":"no message","messageBody":"","fileTypesAndContributionMap":{"test-code":{"insertions":0,"deletions":1}}},{"hash":"b6774b27df90ad3e5aab4e143a72afce2a493474","messageTitle":"Check for \u0027save\u0027 out of range","messageBody":"","fileTypesAndContributionMap":{"functional-code":{"insertions":39,"deletions":9},"test-code":{"insertions":18,"deletions":1}}},{"hash":"167da36faf822c66edd0876a71d6252c48f04d61","messageTitle":"checkstyle fix","messageBody":"","fileTypesAndContributionMap":{"test-code":{"insertions":1,"deletions":1}}},{"hash":"a21c88807ef53f5463a6ca6f2042aa9a290e1f0d","messageTitle":"Fix duplicates in shortlist bug","messageBody":"","fileTypesAndContributionMap":{"functional-code":{"insertions":36,"deletions":11},"docs":{"insertions":6,"deletions":1},"test-code":{"insertions":7,"deletions":1}}},{"hash":"17a3f83693bd6781b112ac98ad0d0d48736bb9b9","messageTitle":"Add Junit test","messageBody":"","fileTypesAndContributionMap":{"test-code":{"insertions":13,"deletions":5}}},{"hash":"bf03a3a78b237782297a57371025490328f53c06","messageTitle":"Checkstyle fix","messageBody":"","fileTypesAndContributionMap":{"test-code":{"insertions":14,"deletions":13}}},{"hash":"85a59ce1c55645f8d786b1fc179d0323816bc6ab","messageTitle":"Add exception for filter by type and lease_remaining","messageBody":"","fileTypesAndContributionMap":{"functional-code":{"insertions":26,"deletions":1},"test-code":{"insertions":25,"deletions":0}}},{"hash":"6d40f12b3b927f7da607928f2f515dd21471f4c9","messageTitle":"Update logic of CommandEvaluator","messageBody":"","fileTypesAndContributionMap":{"functional-code":{"insertions":103,"deletions":71},"test-code":{"insertions":52,"deletions":16}}},{"hash":"e3c373974651d6aec3a1b4426e2adc4f4df788e2","messageTitle":"Add Junit test for CommandEvaluator","messageBody":"","fileTypesAndContributionMap":{"test-code":{"insertions":94,"deletions":58}}},{"hash":"e82d8491f27e0f0eaf323f2a901f69fef99d78e3","messageTitle":"Checkstyle fix","messageBody":"","fileTypesAndContributionMap":{"functional-code":{"insertions":18,"deletions":18}}},{"hash":"6fe33ce0fd3a54029fe8343705f0f45e4119ac29","messageTitle":"Checkstyle fix","messageBody":"","fileTypesAndContributionMap":{"functional-code":{"insertions":1,"deletions":1}}},{"hash":"a1b5b2edc5698743e4cb458026c0d555bfa085f0","messageTitle":"Edit Junit test","messageBody":"","fileTypesAndContributionMap":{"test-code":{"insertions":6,"deletions":14}}},{"hash":"ef2f964ed6094348d289eca50a3e82e8f18703c5","messageTitle":"Test for illegal characters","messageBody":"","fileTypesAndContributionMap":{"test-code":{"insertions":8,"deletions":2}}},{"hash":"6fa26133f98f54a48205a62f0bad838da697627d","messageTitle":"Optimised imports","messageBody":"","fileTypesAndContributionMap":{"functional-code":{"insertions":0,"deletions":13},"test-code":{"insertions":19,"deletions":19}}},{"hash":"824127a65ad849a9be3bf53e51dc22b124e1dd91","messageTitle":"Add bulk of Junit test across source code","messageBody":"","fileTypesAndContributionMap":{"functional-code":{"insertions":35,"deletions":6},"test-code":{"insertions":133,"deletions":15}}},{"hash":"4a4be9c4639a3fbc44a0f2c3982aa8d353b4e337","messageTitle":"Handle testMain","messageBody":"","fileTypesAndContributionMap":{"test-code":{"insertions":11,"deletions":6}}},{"hash":"d720152cc1d027f46b447637ca979f3d0a074166","messageTitle":"no message","messageBody":"","fileTypesAndContributionMap":{"test-code":{"insertions":1,"deletions":1}}},{"hash":"cf29b2eba73de3ace6a34579ce0c5b71d4bcdfa3","messageTitle":"no message","messageBody":"","fileTypesAndContributionMap":{"test-code":{"insertions":5,"deletions":20}}},{"hash":"70942845c80c7ec62f0b3d765d4c073b434d1009","messageTitle":"no message","messageBody":"","fileTypesAndContributionMap":{"functional-code":{"insertions":5,"deletions":1},"test-code":{"insertions":20,"deletions":5}}}]},{"date":"2021-04-06","commitResults":[{"hash":"9fbcc61b54294219b780395e02c52107e9217d2c","messageTitle":"Add all Junit test","messageBody":"","fileTypesAndContributionMap":{"functional-code":{"insertions":142,"deletions":218},"test-code":{"insertions":237,"deletions":16}}},{"hash":"7bd13b0d9bc2f435653ba0f12d52fbf3193581c2","messageTitle":"Checkstyle and optimise imports","messageBody":"","fileTypesAndContributionMap":{"functional-code":{"insertions":2,"deletions":7},"test-code":{"insertions":4,"deletions":21}}},{"hash":"28e94df2ff2cea53635c49e3028e3dbb01505f83","messageTitle":"Minor bug fix","messageBody":"","fileTypesAndContributionMap":{"functional-code":{"insertions":23,"deletions":2}}},{"hash":"4f930e9ebc45e8f2ef10a2e4dc30729bb66218b0","messageTitle":"Attempt to fix Junit for Main","messageBody":"","fileTypesAndContributionMap":{"functional-code":{"insertions":3,"deletions":3}}},{"hash":"fde8a75a28ee1304da6d4fecefc82404e930ab14","messageTitle":"no message","messageBody":"","fileTypesAndContributionMap":{"functional-code":{"insertions":1,"deletions":1}}},{"hash":"9ecd944acafe9e89d7bf0a2361a6026d81c3f7ef","messageTitle":"Remove duplicate methods","messageBody":"","fileTypesAndContributionMap":{"functional-code":{"insertions":28,"deletions":66},"test-code":{"insertions":3,"deletions":3}}},{"hash":"5df945a2e7912d947f4174fb17a6f92023fa434f","messageTitle":"no message","messageBody":"","fileTypesAndContributionMap":{"test-code":{"insertions":3,"deletions":1}}}]},{"date":"2021-04-08","commitResults":[{"hash":"d6bf0e5fd5af1046326d34a47026723c808577d9","messageTitle":"Save temporarily","messageBody":"","fileTypesAndContributionMap":{"docs":{"insertions":138,"deletions":6}}},{"hash":"075e567d3b92f97b0e0dc99668a1a523ee3af4f4","messageTitle":"Update jadenwjh.md","messageBody":"","fileTypesAndContributionMap":{"docs":{"insertions":1,"deletions":6}}},{"hash":"12a9b5a8552bad9fa45da1fbd78a34a5bbc1b4e5","messageTitle":"Update README.md","messageBody":"","fileTypesAndContributionMap":{"docs":{"insertions":1,"deletions":0}}}]},{"date":"2021-04-09","commitResults":[{"hash":"ef67df2910976c3703bfd2d598a09e0453bef763","messageTitle":"Revert \"First commit with refactored TextUi. Less repeated strings and consta…\"","messageBody":"","fileTypesAndContributionMap":{"functional-code":{"insertions":60,"deletions":66}}},{"hash":"8337129a40d890c91b2e4a3075025a6b58aa8d54","messageTitle":"Update jadenwjh.md","messageBody":"","fileTypesAndContributionMap":{"docs":{"insertions":1,"deletions":5}}},{"hash":"cc5c68cb727028161ec28455d3219cbcaec12315","messageTitle":"Update jadenwjh.md","messageBody":"","fileTypesAndContributionMap":{"docs":{"insertions":23,"deletions":38}}},{"hash":"353f70d7fb00fa199b426a49380f6a4446978f71","messageTitle":"Update jadenwjh.md","messageBody":"","fileTypesAndContributionMap":{"docs":{"insertions":3,"deletions":11}}},{"hash":"8a24c1fecd694ca8b2ac0ae2cde1a43d28a97fc1","messageTitle":"Update jadenwjh.md","messageBody":"","fileTypesAndContributionMap":{"docs":{"insertions":11,"deletions":9}}},{"hash":"ad0a5bc26fd601aa49a1a7c1816ce039ca9e8518","messageTitle":"Update jadenwjh.md","messageBody":"","fileTypesAndContributionMap":{"docs":{"insertions":2,"deletions":2}}},{"hash":"ed8f5b3ea8d9b7602173d23bbabf787b41beba09","messageTitle":"Add PPP draft","messageBody":"","tags":["PPP-Draft"],"fileTypesAndContributionMap":{"docs":{"insertions":115,"deletions":12}}},{"hash":"fed68eec79518b4acef1627df01221cd1c2c6991","messageTitle":"Update README.md","messageBody":"","fileTypesAndContributionMap":{"docs":{"insertions":2,"deletions":2}}},{"hash":"77d0f12aed296f891ccf03de921ef9e95f6000e4","messageTitle":"Update README.md","messageBody":"","fileTypesAndContributionMap":{"docs":{"insertions":3,"deletions":3}}},{"hash":"4b93425e6711a779485d167d459d36ac4315c394","messageTitle":"Update Unit.java","messageBody":"","fileTypesAndContributionMap":{"functional-code":{"insertions":7,"deletions":42}}}]},{"date":"2021-04-10","commitResults":[{"hash":"a2bac265508f874e4aa89cc7da64af98bff3d208","messageTitle":"Add UG contributions","messageBody":"","fileTypesAndContributionMap":{"docs":{"insertions":19,"deletions":1}}},{"hash":"1a4dde283959a0c7bb943a3727187d94cf7409b6","messageTitle":"Resize images on PPP","messageBody":"","fileTypesAndContributionMap":{"docs":{"insertions":3,"deletions":3}}},{"hash":"8480c825f54cbcd49b4718b7fa1c1ad947bd26fb","messageTitle":"Resize diagrams","messageBody":"","fileTypesAndContributionMap":{"docs":{"insertions":4,"deletions":4}}},{"hash":"b9b58aeaed219a73bd1e4704e2ce8de942189eee","messageTitle":"Finalise UG part of PPP","messageBody":"","fileTypesAndContributionMap":{"docs":{"insertions":5,"deletions":1}}},{"hash":"5602252dc6e13a6e8d91db3d484442c04d6ab0b1","messageTitle":"Edit sortcommand sequence diagram too","messageBody":"","fileTypesAndContributionMap":{"docs":{"insertions":11,"deletions":3}}},{"hash":"2e9815627c18e23888dddc98c3a5e153d9ab54f6","messageTitle":"Resize diagrams","messageBody":"","fileTypesAndContributionMap":{"docs":{"insertions":2,"deletions":2}}},{"hash":"02a26b5720ea4e095d226ae76a1f9b726ed3d7b2","messageTitle":"Resize diagrams","messageBody":"","fileTypesAndContributionMap":{"docs":{"insertions":16,"deletions":16}}}]},{"date":"2021-04-11","commitResults":[{"hash":"9b63d8a49304ff2f55c82fd4389004442a7fddd1","messageTitle":"Update DG (final)","messageBody":"","fileTypesAndContributionMap":{"docs":{"insertions":63,"deletions":26}}},{"hash":"5d0724dad49393e611b748a3556b812fd8b237c4","messageTitle":"Edit UG","messageBody":"","fileTypesAndContributionMap":{"functional-code":{"insertions":1,"deletions":1},"docs":{"insertions":6,"deletions":3}}},{"hash":"0d9561d955c100fd2b584bf763081ece5ee89167","messageTitle":"Refactor TextUi","messageBody":"","fileTypesAndContributionMap":{"functional-code":{"insertions":2,"deletions":17}}},{"hash":"4147af80b08f773f5ce6ae29e655e2da74fcef49","messageTitle":"Resize images in UG","messageBody":"","fileTypesAndContributionMap":{"docs":{"insertions":4,"deletions":4}}},{"hash":"c29d698fb9262197ecd9f5450ed6f95a57c85ae7","messageTitle":"Edit Website readme","messageBody":"","fileTypesAndContributionMap":{"docs":{"insertions":23,"deletions":4}}},{"hash":"bae6c4e2fc0d6b30ebc4cb0c6475d054990ea23f","messageTitle":"Resize website images","messageBody":"","fileTypesAndContributionMap":{"docs":{"insertions":2,"deletions":2}}},{"hash":"369fcd683dd1d941fb20554cda698517413ef982","messageTitle":"Edit PPP","messageBody":"","fileTypesAndContributionMap":{"docs":{"insertions":36,"deletions":7}}},{"hash":"ab2bef6a79050c15c9776302a34876025a4e8257","messageTitle":"Fix display bug PPP","messageBody":"","fileTypesAndContributionMap":{"docs":{"insertions":14,"deletions":14}}},{"hash":"a69c331293b47aaf222a92891eb4da99f496f8a0","messageTitle":"Resize PPP images","messageBody":"","fileTypesAndContributionMap":{"docs":{"insertions":4,"deletions":4}}},{"hash":"d5a00d22e7bdcf4f0132218a95f768cf8137fd0b","messageTitle":"Resize images in PPP","messageBody":"","fileTypesAndContributionMap":{"docs":{"insertions":4,"deletions":4}}},{"hash":"41f45f4bad7104d51666a7a21a0844e52af66af7","messageTitle":"Finalise PPP","messageBody":"","fileTypesAndContributionMap":{"docs":{"insertions":28,"deletions":14}}},{"hash":"e6491cdf46ab9a2ef5cae55b93bdd5d066c0b063","messageTitle":"Finalise PPP","messageBody":"","fileTypesAndContributionMap":{"docs":{"insertions":2,"deletions":2}}},{"hash":"7cfb76006b9d419c37fcb70bbfd5fdd46bde6d8c","messageTitle":"Edit PPP final","messageBody":"","fileTypesAndContributionMap":{"docs":{"insertions":4,"deletions":4}}},{"hash":"29073a580b5521df81fd3404eb4f4a533461989a","messageTitle":"Edit minor bugs in Docs","messageBody":"","fileTypesAndContributionMap":{"docs":{"insertions":43,"deletions":43}}},{"hash":"4a3b6e6d08230a25fb1c58ad830cd8d039886cc8","messageTitle":"Update screenshots","messageBody":"","fileTypesAndContributionMap":{"docs":{"insertions":4,"deletions":4}}},{"hash":"1430f21191c3e8d4c082a648a965c90fceb7fefb","messageTitle":"Edit Error handling in UG","messageBody":"","fileTypesAndContributionMap":{"docs":{"insertions":4,"deletions":4}}}]},{"date":"2021-04-12","commitResults":[{"hash":"b314786402af291888954b3001b55c0db118c39f","messageTitle":"Edit indentation in PPP","messageBody":"","fileTypesAndContributionMap":{"docs":{"insertions":39,"deletions":5}}},{"hash":"26077798126644250335854b1b49615e59a613bc","messageTitle":"FIx indentation PPP","messageBody":"","fileTypesAndContributionMap":{"docs":{"insertions":0,"deletions":8}}},{"hash":"117890c477b77aaaef5c63e9cb7d7fa2ba9c17b0","messageTitle":"no message","messageBody":"","fileTypesAndContributionMap":{"docs":{"insertions":4,"deletions":9}}},{"hash":"a25175b6e40a159516e8c5f408d592157e5839be","messageTitle":"Fix spacing in UG","messageBody":"","fileTypesAndContributionMap":{"docs":{"insertions":4,"deletions":8}}},{"hash":"a516f3a038a12a98be120c7b9be7c3f1c9ebbab3","messageTitle":"Fix DG spacing","messageBody":"","fileTypesAndContributionMap":{"docs":{"insertions":31,"deletions":2}}},{"hash":"9a3d158c416e60ffe8ca0d722fe1d8d1b42b971a","messageTitle":"Edit DG spacing","messageBody":"","fileTypesAndContributionMap":{"docs":{"insertions":9,"deletions":2}}},{"hash":"44742262999829d35afdc1d3c7c5e43b684e71c1","messageTitle":"Update UG to reflect new links","messageBody":"","fileTypesAndContributionMap":{"functional-code":{"insertions":2,"deletions":2},"docs":{"insertions":1,"deletions":1}}},{"hash":"499ecb3c371b27367c47b976d7b8f96aa0298142","messageTitle":"Update UserGuide.md","messageBody":"","fileTypesAndContributionMap":{"docs":{"insertions":3,"deletions":2}}},{"hash":"f3a00f19c6628435a56c042d874ecfbe3735acd8","messageTitle":"Minor edits to docs","messageBody":"","fileTypesAndContributionMap":{"functional-code":{"insertions":2,"deletions":1},"docs":{"insertions":4,"deletions":1}}},{"hash":"16395c63f1ec7a5495d1388fd4d3f12c5c104674","messageTitle":"Edit docs and messages.","messageBody":"","fileTypesAndContributionMap":{"functional-code":{"insertions":14,"deletions":14},"docs":{"insertions":34,"deletions":22}}},{"hash":"2fb18b5070f71c39ec872f35cc1e9a05ac898717","messageTitle":"Edit UG","messageBody":"","fileTypesAndContributionMap":{"docs":{"insertions":13,"deletions":12}}},{"hash":"9b4aef76407ac9fe92bc8ca0e1215fe38ef87d9d","messageTitle":"Edit text","messageBody":"","fileTypesAndContributionMap":{"functional-code":{"insertions":2,"deletions":2},"docs":{"insertions":16,"deletions":11}}},{"hash":"66186e8e3f9550514dae18fe911be81f9fc67f63","messageTitle":"Edit Ui","messageBody":"","fileTypesAndContributionMap":{"functional-code":{"insertions":3,"deletions":5},"test-code":{"insertions":34,"deletions":0}}},{"hash":"b984a6ae3830c316498a051a92eb8257f899da57","messageTitle":"Edit UG","messageBody":"","fileTypesAndContributionMap":{"functional-code":{"insertions":4,"deletions":1},"docs":{"insertions":2,"deletions":2},"test-code":{"insertions":1,"deletions":1}}},{"hash":"885de44bf2d428f6459b55be8f982a3bd8f78440","messageTitle":"Edit DG","messageBody":"","fileTypesAndContributionMap":{"docs":{"insertions":10,"deletions":14},"test-code":{"insertions":4,"deletions":1}}},{"hash":"85d70f4db7ea3b09cb2c8c428e108e20db4d0cb2","messageTitle":"Edit DG spacing","messageBody":"","fileTypesAndContributionMap":{"docs":{"insertions":24,"deletions":24}}},{"hash":"db02ef8727645a13662f5ada6c27a3e7007c7eb9","messageTitle":"Edit PPP","messageBody":"","fileTypesAndContributionMap":{"docs":{"insertions":9,"deletions":8}}},{"hash":"6e600cc0b981dbe7b674385a94383ad36e845797","messageTitle":"Resize PPP images","messageBody":"","fileTypesAndContributionMap":{"docs":{"insertions":1,"deletions":1}}},{"hash":"bcf494e53f7f9d6a22bb19e2902052b5efd0f255","messageTitle":"Edit line breaks","messageBody":"","fileTypesAndContributionMap":{"docs":{"insertions":17,"deletions":16}}}]}]},"authorFileTypeContributionMap":{"CabbageTime":{"docs":116,"functional-code":412,"test-code":83,"other":4},"warmwhalefy":{"docs":106,"functional-code":12,"test-code":0},"heyjinwei":{"docs":96,"functional-code":117,"test-code":0},"jadenwjh":{"docs":1006,"functional-code":1022,"test-code":558,"other":17}},"authorContributionVariance":{"CabbageTime":16362.641,"warmwhalefy":856.1472,"heyjinwei":2469.427,"jadenwjh":107937.516},"authorDisplayNameMap":{"CabbageTime":"CS2113-F10-1 TAN .. HOW","warmwhalefy":"CS2113-F10-1 ANGE..G YI","heyjinwei":"CS2113-F10-1 CHUA.. WEI","jadenwjh":"CS2113-F10-1 WONG..HONG"}}
