{"authorDailyContributionsMap":{"CabbageTime":[{"date":"2021-03-11","commitResults":[{"hash":"d2aac5f805bf478b3dd3ada3405bb222d92732ad","messageTitle":"Add error handling for filters without keycommand.","messageBody":"","fileTypesAndContributionMap":{"functional-code":{"insertions":46,"deletions":23}}},{"hash":"23a99c65e1b3cdf586a6ba8fefc6c698523d10f3","messageTitle":"Added error handling for if command does not have enough parameters.","messageBody":"","fileTypesAndContributionMap":{"functional-code":{"insertions":11,"deletions":1}}},{"hash":"6b85d66b7a4f8c40fb10312e8baafdaad93b8295","messageTitle":"Clean up the codes a bit and add more OOP to error handling.","messageBody":"","fileTypesAndContributionMap":{"functional-code":{"insertions":49,"deletions":60}}},{"hash":"56951690f15a225729198c39cf36ec3d3d338b74","messageTitle":"Adjust codes to adhere with coding standards.","messageBody":"","fileTypesAndContributionMap":{"functional-code":{"insertions":21,"deletions":17}}},{"hash":"1a658142830030e328868edcfd68a0c46a201f23","messageTitle":"Change coding so that \u0027+\u0027 appears on new line.","messageBody":"","fileTypesAndContributionMap":{"functional-code":{"insertions":4,"deletions":4}}},{"hash":"d20c99ca203a0b813d72892b75d63b2790df8faf","messageTitle":"Add code to cover FIND clause during error handling; Made changes to the EXPECTED.txt.","messageBody":"","fileTypesAndContributionMap":{"functional-code":{"insertions":6,"deletions":4}}}]},{"date":"2021-03-12","commitResults":[{"hash":"1645ddb7a8a45b8f61b067b4ecd12cc93e2dc168","messageTitle":"Change error handling for FIND and the expected outcome.","messageBody":"","fileTypesAndContributionMap":{"functional-code":{"insertions":1,"deletions":4}}},{"hash":"9a3cacebee3da52277ab21068b138de0f46085b7","messageTitle":"Add junit test for parser class; Add exception handling for invalid filters.","messageBody":"","fileTypesAndContributionMap":{"functional-code":{"insertions":33,"deletions":18},"test-code":{"insertions":30,"deletions":15}}}]}],"warmwhalefy":[],"heyjinwei":[{"date":"2021-03-05","commitResults":[{"hash":"2034b6d7e08ae964d77e839626b88bc41eb35e6d","messageTitle":"About us Jin Wei\u0027s edit","messageBody":"","fileTypesAndContributionMap":{"docs":{"insertions":1,"deletions":1}}}]},{"date":"2021-03-08","commitResults":[{"hash":"29c222ec3b20fecd04ae2ad1f22cc4f10ec96262","messageTitle":"First commit with the general parsing of inputs and execution of command. Filter by price enabled.","messageBody":"","fileTypesAndContributionMap":{"functional-code":{"insertions":219,"deletions":3}}},{"hash":"1d3eb4503d23984b56f3b4d832c8c59572dddb76","messageTitle":"Corrected style errors","messageBody":"","fileTypesAndContributionMap":{"functional-code":{"insertions":22,"deletions":7}}}]},{"date":"2021-03-09","commitResults":[{"hash":"bdabe24e148b9b1c9d4f427c85103194037d1245","messageTitle":"Made changes according to the comments on the PR.","messageBody":"","fileTypesAndContributionMap":{"functional-code":{"insertions":33,"deletions":14}}}]}],"jadenwjh":[{"date":"2021-03-05","commitResults":[{"hash":"bda0a2f6a2a3648d555b8aca065b5202bd15eddc","messageTitle":"Add detail in readme","messageBody":"","fileTypesAndContributionMap":{"docs":{"insertions":2,"deletions":0}}}]},{"date":"2021-03-06","commitResults":[{"hash":"e05631314c1f660bc17efe68bf3c135c89d5af98","messageTitle":"Add packages and refactor naming","messageBody":"","fileTypesAndContributionMap":{"other":{"insertions":4,"deletions":4}}},{"hash":"1243876ad8511cd61b7f3408e4ed2b618bccc50e","messageTitle":"Rename \u0027HDBuy\u0027 to \u0027HdBuy\u0027 to satisfy checkstyle check.","messageBody":"","fileTypesAndContributionMap":{"other":{"insertions":2,"deletions":2}}},{"hash":"2e6eae3991cb12dfd96754958d3f269c8e5d486f","messageTitle":"Configure gradle file to accommodate class name HdBuy.","messageBody":"","fileTypesAndContributionMap":{"other":{"insertions":3,"deletions":3}}},{"hash":"2206c42884cf44cc4eaa6c9b2a88bf89309b7d72","messageTitle":"Remove dos2unix which was causing exceptions when running runtest.","messageBody":"","fileTypesAndContributionMap":{"other":{"insertions":0,"deletions":1}}},{"hash":"9fed190553017228cd97f4daf9f07b1cb63094a4","messageTitle":"Add readme.","messageBody":"","fileTypesAndContributionMap":{"docs":{"insertions":1,"deletions":1}}},{"hash":"bf9cfc00bef500728a47d2951c3d4903ee82e856","messageTitle":"Add basic classes.","messageBody":"","fileTypesAndContributionMap":{"functional-code":{"insertions":28,"deletions":0}}}]},{"date":"2021-03-07","commitResults":[{"hash":"4d0344abe45b2c0772037393246a482717a3a60b","messageTitle":"Add fetchByLocation and fetchByType.","messageBody":"","fileTypesAndContributionMap":{"functional-code":{"insertions":209,"deletions":2}}},{"hash":"732bab595b5cbde9569049016d87f6b4ad7b5d89","messageTitle":"Add fetchUnits which aggregates all params and returns units matching params.","messageBody":"","fileTypesAndContributionMap":{"functional-code":{"insertions":164,"deletions":96}}},{"hash":"cf697237ff213917bf797086961b5c99a60e67d4","messageTitle":"Add javadocs.","messageBody":"","fileTypesAndContributionMap":{"functional-code":{"insertions":49,"deletions":14}}},{"hash":"e7f2a0d1b5e85df2c11071367bc1e04aedf863b9","messageTitle":"Fix minor bug and add Junit test.","messageBody":"","fileTypesAndContributionMap":{"functional-code":{"insertions":8,"deletions":20},"other":{"insertions":1,"deletions":0},"test-code":{"insertions":23,"deletions":0}}},{"hash":"b63c65ed4469151e723e9935776a4470be76e1db","messageTitle":"Format code to satisfy checkstyle.","messageBody":"","fileTypesAndContributionMap":{"functional-code":{"insertions":15,"deletions":16}}}]},{"date":"2021-03-10","commitResults":[{"hash":"83bacad29fb9338ba178d45f95e32d359806d373","messageTitle":"Clean up code. Ensure code follow OOP format","messageBody":"","fileTypesAndContributionMap":{"functional-code":{"insertions":79,"deletions":62}}},{"hash":"74e5b827e7bd66613d20c8ebda0bc6f12c904b71","messageTitle":"Remove accidental ; at line 12.","messageBody":"","fileTypesAndContributionMap":{"functional-code":{"insertions":1,"deletions":1}}}]},{"date":"2021-03-11","commitResults":[{"hash":"f03e9beab73d49205bcad8defea3f931f7de6d32","messageTitle":"Update AboutUs.md","messageBody":"To satisfy PR requirement","fileTypesAndContributionMap":{"docs":{"insertions":1,"deletions":1}}}]}]},"authorFileTypeContributionMap":{"CabbageTime":{"docs":0,"functional-code":106,"test-code":28},"warmwhalefy":{"docs":0,"functional-code":0,"test-code":0},"heyjinwei":{"docs":1,"functional-code":173,"test-code":0},"jadenwjh":{"docs":3,"functional-code":367,"test-code":17,"other":3}},"authorContributionVariance":{"CabbageTime":6958.2344,"warmwhalefy":0.0,"heyjinwei":6745.5,"jadenwjh":40115.727},"authorDisplayNameMap":{"CabbageTime":"CS2113-F10-1 TAN .. HOW","warmwhalefy":"CS2113-F10-1 ANGE..G YI","heyjinwei":"CS2113-F10-1 CHUA.. WEI","jadenwjh":"CS2113-F10-1 WONG..HONG"}}
