{"authorDailyContributionsMap":{"jhjhajh":[{"date":"2021-03-10","commitResults":[{"hash":"b74961b284542782a5abc4ad3d16eaa1d033185c","messageTitle":"Add CommandList","messageBody":"","fileTypesAndContributionMap":{"functional-code":{"insertions":120,"deletions":0}}}]},{"date":"2021-03-11","commitResults":[{"hash":"3f3cb97e6e959253cc15aa1f394116cd01b570ed","messageTitle":"Edit code to comply to coding standards","messageBody":"","fileTypesAndContributionMap":{"functional-code":{"insertions":37,"deletions":37}}}]},{"date":"2021-03-18","commitResults":[{"hash":"ecbb5887a8368f51f93ed5e8c5cbec767a18e63c","messageTitle":"Add general help and sort help command","messageBody":"","fileTypesAndContributionMap":{"functional-code":{"insertions":36,"deletions":9}}},{"hash":"1b8fd3a366bf2e4b8b22234ca6995f703e34a411","messageTitle":"Fix style checks","messageBody":"","fileTypesAndContributionMap":{"functional-code":{"insertions":6,"deletions":6}}},{"hash":"896b52852652b0cf0ca9df50b69d3a8bc8546ffd","messageTitle":"Change  to null in Parser","messageBody":"","fileTypesAndContributionMap":{"functional-code":{"insertions":2,"deletions":2}}},{"hash":"0aa986b26f1c471e05593ce4051062c0192ed25e","messageTitle":"Add more help messages for other features","messageBody":"","fileTypesAndContributionMap":{"functional-code":{"insertions":75,"deletions":6}}}]},{"date":"2021-03-23","commitResults":[{"hash":"060c2362c8ea35d0c0fb978e3612841870c5de1a","messageTitle":"Add connoisseur.txt to .gitignore","messageBody":"","fileTypesAndContributionMap":{"test-code":{"insertions":2,"deletions":0}}},{"hash":"9910f9a1c19fc2eb7a9b16d96c8be230c913553c","messageTitle":"Add junit for list reviews, no reviews exist","messageBody":"","fileTypesAndContributionMap":{"functional-code":{"insertions":0,"deletions":1},"other":{"insertions":5,"deletions":3},"test-code":{"insertions":22,"deletions":1}}},{"hash":"0da6d7d531a232a7744f380e4618bd695f2e8821","messageTitle":"Fix style errors","messageBody":"","fileTypesAndContributionMap":{"functional-code":{"insertions":2,"deletions":1},"other":{"insertions":1,"deletions":1},"test-code":{"insertions":6,"deletions":5}}},{"hash":"0fe2cc6e8b4d92d06c9815e101d81e302166ac9d","messageTitle":"Add @Before and @After in CommandListTest","messageBody":"","fileTypesAndContributionMap":{"other":{"insertions":1,"deletions":0},"test-code":{"insertions":19,"deletions":8}}},{"hash":"26fcb013d9cb0fa2a215f4c2d4e4baf7f505f3a9","messageTitle":"Minor changes for better readability","messageBody":"","fileTypesAndContributionMap":{"test-code":{"insertions":2,"deletions":2}}}]},{"date":"2021-03-28","commitResults":[{"hash":"2ba3dede2d221e67ae0906231d4b11e5a188f88c","messageTitle":"Add more help messages for new reco feature","messageBody":"","fileTypesAndContributionMap":{"functional-code":{"insertions":24,"deletions":6}}},{"hash":"f3bb8bb28082af7ab3ab78080cfddfcf6d46e78c","messageTitle":"Add method to check for duplicates in recommendations","messageBody":"","fileTypesAndContributionMap":{"functional-code":{"insertions":62,"deletions":6}}},{"hash":"303d80c6998e2bf5853e6a6c78d6cee34a0ecea0","messageTitle":"Fix checkstyles","messageBody":"","fileTypesAndContributionMap":{"functional-code":{"insertions":5,"deletions":5}}},{"hash":"ab2ed17a6594b7523b04902978f13e56162b4651","messageTitle":"Edit method name in CommandListTest for checkAndPrintDuplicate","messageBody":"","fileTypesAndContributionMap":{"test-code":{"insertions":1,"deletions":1}}}]},{"date":"2021-03-29","commitResults":[{"hash":"98205678fb34e3f0b13919901bca77813493fc84","messageTitle":"Tidy up CommandList class. Split commands in CommandList into RecommendationsCommandList and ReviewCommandList. Move determineEditCommand into ReviewCommandList.","messageBody":"","fileTypesAndContributionMap":{"functional-code":{"insertions":679,"deletions":512},"test-code":{"insertions":10,"deletions":10}}},{"hash":"134e2acbabe494f298e56a11197448d99c8291a7","messageTitle":"Remove extra lines","messageBody":"","fileTypesAndContributionMap":{"functional-code":{"insertions":2,"deletions":31}}}]},{"date":"2021-03-30","commitResults":[{"hash":"3c3137003f95fdf60c7e2ba6d39c280e53424d73","messageTitle":"Bug Fixes and Standardize input Standardize input format for recomendation and review Fix blank inputs","messageBody":"","fileTypesAndContributionMap":{"functional-code":{"insertions":62,"deletions":32}}},{"hash":"a37dd20d33d4c3da44f40a2f15a7195038458e0c","messageTitle":"Fix style","messageBody":"","fileTypesAndContributionMap":{"functional-code":{"insertions":7,"deletions":9}}},{"hash":"3a50b21d33ab476405a3e33ecbeb53d389be3307","messageTitle":"Fix style checks","messageBody":"","fileTypesAndContributionMap":{"functional-code":{"insertions":6,"deletions":1}}},{"hash":"c01e5cc7fd4b4895dd6ec46e5ff5d5f96140f438","messageTitle":"Update help commands for V2.0","messageBody":"","fileTypesAndContributionMap":{"functional-code":{"insertions":66,"deletions":28}}}]},{"date":"2021-04-01","commitResults":[{"hash":"6ed816a8edbe1c80c0b28244a810b3c86a6a7661","messageTitle":"Restrict number of characters for some imput fields Review: title, category Recommendation: title, category, location, recommended by","messageBody":"","fileTypesAndContributionMap":{"functional-code":{"insertions":70,"deletions":0}}}]},{"date":"2021-04-02","commitResults":[{"hash":"a298129cf01f6c5da44131bdb859a1157a88c61f","messageTitle":"Edit hyperlinks for UG","messageBody":"","fileTypesAndContributionMap":{"docs":{"insertions":31,"deletions":35}}},{"hash":"de70124cff2f8dde5229c359f10f9183c17768e0","messageTitle":"no message","messageBody":"","fileTypesAndContributionMap":{"docs":{"insertions":9,"deletions":8}}}]},{"date":"2021-04-04","commitResults":[{"hash":"ce98a251657fbc315c38f3cef0bfacca3a289bd8","messageTitle":"Add JSONException if file is corrupted","messageBody":"","fileTypesAndContributionMap":{"functional-code":{"insertions":8,"deletions":4}}},{"hash":"80541ff1ba5b279e2f1252aa2542726dbbef1b78","messageTitle":"Make view command case insensitive","messageBody":"","fileTypesAndContributionMap":{"functional-code":{"insertions":1,"deletions":0}}}]},{"date":"2021-04-05","commitResults":[{"hash":"b994131d4079fd57b3c20d328a301b00680db643","messageTitle":"Restrict price range to whole numbers between 0-9999","messageBody":"","fileTypesAndContributionMap":{"functional-code":{"insertions":19,"deletions":1}}},{"hash":"1fdec4385fb89eb19adb52dfb089ca49c7c78437","messageTitle":"Make extra parameters invalid for mode switch and list in reco mode","messageBody":"","fileTypesAndContributionMap":{"functional-code":{"insertions":30,"deletions":5}}},{"hash":"21decb50ed5ffd6cb69eed4179c339676f63a086","messageTitle":"Add prompt when user tries to edit a non-existent recommendation","messageBody":"","fileTypesAndContributionMap":{"functional-code":{"insertions":4,"deletions":0}}},{"hash":"f040babe35df044a372db59a70fcb4322a3c1e3b","messageTitle":"Fix typo in UG","messageBody":"","fileTypesAndContributionMap":{"docs":{"insertions":1,"deletions":1}}},{"hash":"8e973e3be47606f539a9e183129ae1ce868e8411","messageTitle":"Fix stylechecks","messageBody":"","fileTypesAndContributionMap":{"functional-code":{"insertions":5,"deletions":5}}},{"hash":"4f9fb733fca4e65e12a1bc72120baa4963685fce","messageTitle":"Link github profile in about me","messageBody":"","fileTypesAndContributionMap":{"docs":{"insertions":8,"deletions":5}}},{"hash":"32b9bb2d7c0148d8edddeb1d0c0eb383c2d75731","messageTitle":"-","messageBody":"","fileTypesAndContributionMap":{"docs":{"insertions":7,"deletions":8}}},{"hash":"181b5343e175f551cdf1cbc25f450f976a4e7295","messageTitle":"Fix bug for extra parameters and less than required parameters.","messageBody":"","fileTypesAndContributionMap":{"functional-code":{"insertions":35,"deletions":12}}},{"hash":"809830b450fd0cac363b9e9745b228a15fb60e46","messageTitle":"Remove extra comments","messageBody":"","fileTypesAndContributionMap":{"functional-code":{"insertions":0,"deletions":3}}},{"hash":"07355df9eadd09dbe0a7dd2a5f2a1f788fae0a17","messageTitle":"Minor changes to README.md","messageBody":"","fileTypesAndContributionMap":{"docs":{"insertions":3,"deletions":5}}}]},{"date":"2021-04-06","commitResults":[{"hash":"3528b9fa77d5ddae120e0c3ba8dd6caad29fe41d","messageTitle":"Fix bugs from previous bugfix: Make edit, delete and done case insensitive","messageBody":"","fileTypesAndContributionMap":{"functional-code":{"insertions":12,"deletions":13}}},{"hash":"c9b26cd6f676c58f2695fcd993e8a46f573d35e9","messageTitle":"Standarize implementation","messageBody":"","fileTypesAndContributionMap":{"functional-code":{"insertions":5,"deletions":6}}},{"hash":"aa78a5e77770c4574ca457eedc71ab99335dc823","messageTitle":"Standardize to equalsIgnoreCase","messageBody":"","fileTypesAndContributionMap":{"functional-code":{"insertions":5,"deletions":5}}}]}],"EmilyTJX":[{"date":"2021-03-05","commitResults":[{"hash":"2d4d414f5f65347cd2cdbfd6472f71549c08fd4f","messageTitle":"Update AboutUs.md","messageBody":"","fileTypesAndContributionMap":{"docs":{"insertions":1,"deletions":1}}}]},{"date":"2021-03-09","commitResults":[{"hash":"66e727d1f11eb7e2f523a7073971aee190ff78c3","messageTitle":"Add Parser.java and Storage.java","messageBody":"","fileTypesAndContributionMap":{"functional-code":{"insertions":134,"deletions":0},"other":{"insertions":29,"deletions":6}}}]},{"date":"2021-03-13","commitResults":[{"hash":"6025e22332069905995f47934aef7559cb1ce105","messageTitle":"Update Storage, ReviewList initialisation, SaveData(); Update UI commands","messageBody":"","fileTypesAndContributionMap":{"functional-code":{"insertions":73,"deletions":33}}},{"hash":"80327cd0a19eff62acf591a2441e2b6c3296404a","messageTitle":"Update checkstyles","messageBody":"","fileTypesAndContributionMap":{"functional-code":{"insertions":15,"deletions":14}}}]},{"date":"2021-03-15","commitResults":[{"hash":"e13f73cb33919d9aa5fb1c728f63fcd8fa08904e","messageTitle":"Update the exit formatting","messageBody":"","fileTypesAndContributionMap":{"functional-code":{"insertions":5,"deletions":12}}}]},{"date":"2021-03-16","commitResults":[{"hash":"7d34f611ff2420be817b0892241cc9828748323d","messageTitle":"Update the new review formatting","messageBody":"","fileTypesAndContributionMap":{"functional-code":{"insertions":41,"deletions":4}}},{"hash":"69b9fba5f557011169353788c2449c11f07fd93f","messageTitle":"Update the new review formatting and checkstyle","messageBody":"","fileTypesAndContributionMap":{"functional-code":{"insertions":66,"deletions":47}}},{"hash":"10ad367978c088bf4185f43c98785cc73d215df6","messageTitle":"Update the new review formatting and checkstyle again","messageBody":"","fileTypesAndContributionMap":{"functional-code":{"insertions":8,"deletions":6}}},{"hash":"6b0aaa43e49ccba0a56df031c70adc4237d71472","messageTitle":"Add in some exceptions","messageBody":"","fileTypesAndContributionMap":{"functional-code":{"insertions":81,"deletions":26}}}]},{"date":"2021-03-17","commitResults":[{"hash":"6639637c80c792a46627a60d8e370e740ec9f04c","messageTitle":"added rating and sort method error message","messageBody":"","fileTypesAndContributionMap":{"functional-code":{"insertions":20,"deletions":34}}}]},{"date":"2021-03-18","commitResults":[{"hash":"1a5dd5007586f22275d92f52ed1beee7f491f018","messageTitle":"exceptions added","messageBody":"","fileTypesAndContributionMap":{"functional-code":{"insertions":7,"deletions":5}}}]},{"date":"2021-03-21","commitResults":[{"hash":"88837ea47480f117ad322b88fa371892c53e3b32","messageTitle":"added junit CommandListTest","messageBody":"","fileTypesAndContributionMap":{"test-code":{"insertions":34,"deletions":0}}},{"hash":"44b3d09a5da6ee2a97547a384c1bc59c9ac894e5","messageTitle":"updated junit CommandListTest","messageBody":"","fileTypesAndContributionMap":{"test-code":{"insertions":10,"deletions":7}}},{"hash":"e21713aa18845616181662a11056a36cb51e78b5","messageTitle":"updated  checkstyle junit CommandListTest","messageBody":"","fileTypesAndContributionMap":{"test-code":{"insertions":3,"deletions":2}}}]},{"date":"2021-03-23","commitResults":[{"hash":"66f18ff3ac4ca5cd80db89d4dfc2fb1152d9eb81","messageTitle":"updated  checkstyle junit CommandListTest","messageBody":"","fileTypesAndContributionMap":{"test-code":{"insertions":1,"deletions":1}}}]},{"date":"2021-03-26","commitResults":[{"hash":"f7a5838918d08a713a9fcfe7118248ca44c2fc3a","messageTitle":"Setting up of developerGUide.md","messageBody":"","fileTypesAndContributionMap":{"docs":{"insertions":35,"deletions":1}}}]},{"date":"2021-03-27","commitResults":[{"hash":"cc39741b2e2a15c3d54ff8a070c012191d6518f0","messageTitle":"Added new Recommendation class","messageBody":"","fileTypesAndContributionMap":{"functional-code":{"insertions":148,"deletions":0}}}]},{"date":"2021-03-28","commitResults":[{"hash":"97f1c4256af346d129c6dcf0d0204383675839ad","messageTitle":"Added new Recommendation Storage","messageBody":"","fileTypesAndContributionMap":{"functional-code":{"insertions":116,"deletions":36},"test-code":{"insertions":1,"deletions":1}}},{"hash":"f1ea5648c7f63c3577cce927d875d61ddfe6abcc","messageTitle":"Update Checkstyle Recommendation Storage","messageBody":"","fileTypesAndContributionMap":{"functional-code":{"insertions":24,"deletions":22}}},{"hash":"a70d1d4debb3f0b129fde95b93305bebfa4681a7","messageTitle":"Add in Recommendation functions","messageBody":"","fileTypesAndContributionMap":{"functional-code":{"insertions":132,"deletions":33}}},{"hash":"b4f1642c00f2b14df7e0fd39574bfabffd04167e","messageTitle":"update stylecheck CommandListTest.java","messageBody":"","fileTypesAndContributionMap":{"test-code":{"insertions":2,"deletions":1}}},{"hash":"590ab7bc0e5df6e2453b40399c720555c58a75bf","messageTitle":"Add in table of contents","messageBody":"","fileTypesAndContributionMap":{"docs":{"insertions":32,"deletions":6}}}]},{"date":"2021-03-29","commitResults":[{"hash":"4f234a4fc6eadfbde351fb67a5e6069a695e0a52","messageTitle":"Added in convertRecommendation to review function","messageBody":"","fileTypesAndContributionMap":{"functional-code":{"insertions":166,"deletions":60}}}]},{"date":"2021-03-30","commitResults":[{"hash":"0aa97223038e5d95104ffa7a3af42d69cee6df1c","messageTitle":"Update in convertRecommendation to review function","messageBody":"","fileTypesAndContributionMap":{"functional-code":{"insertions":43,"deletions":31},"other":{"insertions":140,"deletions":145}}},{"hash":"a4ce7c3df15eaeafb89a7384701a258828c03cc2","messageTitle":"Added in Missing RecommendationList.java","messageBody":"","fileTypesAndContributionMap":{"functional-code":{"insertions":235,"deletions":0}}},{"hash":"9da705cb794c22d1ad3d0638137cd252cbf9f788","messageTitle":"Checkstyle errors","messageBody":"","fileTypesAndContributionMap":{"functional-code":{"insertions":22,"deletions":3}}},{"hash":"4afa933ddb3ca9f8de45aceae1276700975acb3f","messageTitle":"Checkstyle errors for recoList","messageBody":"","fileTypesAndContributionMap":{"functional-code":{"insertions":11,"deletions":1}}},{"hash":"eee55c94c59298a3faa74bada94df1071c291c6d","messageTitle":"broken converter","messageBody":"","fileTypesAndContributionMap":{"functional-code":{"insertions":21,"deletions":16},"docs":{"insertions":1,"deletions":1}}},{"hash":"62f137735985c80e8e1307e52518650d64fb5042","messageTitle":"checkstyle broken converter","messageBody":"","fileTypesAndContributionMap":{"functional-code":{"insertions":1,"deletions":1}}},{"hash":"d3127ef9144d112705f49af01109b5cbea98bb50","messageTitle":"update converter","messageBody":"","fileTypesAndContributionMap":{"functional-code":{"insertions":6,"deletions":5}}}]},{"date":"2021-04-01","commitResults":[{"hash":"530932dc56464ae45bf0c03a9f878747f9d50c53","messageTitle":"Fix Figure naming, links. Add in command summary in UG","messageBody":"","fileTypesAndContributionMap":{"docs":{"insertions":155,"deletions":115}}}]},{"date":"2021-04-04","commitResults":[{"hash":"865f5d498d6ee1b40eb3d0e62a24c17ccbe641e4","messageTitle":"fixed hyperlinks in ug","messageBody":"","fileTypesAndContributionMap":{"docs":{"insertions":8,"deletions":8}}},{"hash":"beeef40d7e67467bcc800db4fe2376b2e389c12e","messageTitle":"fixed price double, loop and grid issue","messageBody":"","fileTypesAndContributionMap":{"functional-code":{"insertions":64,"deletions":32}}},{"hash":"beec85f5929bfe330f0d47906026984741932b21","messageTitle":"checkstyle in recolist","messageBody":"","fileTypesAndContributionMap":{"functional-code":{"insertions":1,"deletions":1}}}]},{"date":"2021-04-05","commitResults":[{"hash":"4190257f628f5fbbd3226d556870cd58e0a9f8d2","messageTitle":"edit headings of dg","messageBody":"","fileTypesAndContributionMap":{"docs":{"insertions":140,"deletions":52}}},{"hash":"9d927c84cbdfc7fd9a80c1b4a0a4600a7eb2b690","messageTitle":"add back user story","messageBody":"","fileTypesAndContributionMap":{"docs":{"insertions":12,"deletions":1}}}]}],"Krithigha24":[{"date":"2021-03-11","commitResults":[{"hash":"a3a9783ae0f1ec02fe6b79dd8bb05e1497e7e5c7","messageTitle":"Review class added by Krithigha","messageBody":"","fileTypesAndContributionMap":{"functional-code":{"insertions":85,"deletions":0}}},{"hash":"31baee9fb8885ec08b0b1ebf4e60f9e8c4be8212","messageTitle":"stylecheck","messageBody":"","fileTypesAndContributionMap":{"functional-code":{"insertions":5,"deletions":5}}},{"hash":"0bf5662eadd6bbafd621da5d7ecd4b7cdeb57b39","messageTitle":"stylecheck update","messageBody":"","fileTypesAndContributionMap":{"functional-code":{"insertions":1,"deletions":1}}},{"hash":"544a8d86a045ad1c2521a0ba716596b47a1dbb8b","messageTitle":"review class bug fix","messageBody":"","fileTypesAndContributionMap":{"functional-code":{"insertions":2,"deletions":2}}},{"hash":"b013ef5515026f5d5b4e9b629ac30b6c4ad22419","messageTitle":"stylecheck update","messageBody":"","fileTypesAndContributionMap":{"functional-code":{"insertions":9,"deletions":1}}}]},{"date":"2021-03-18","commitResults":[{"hash":"e552bfa62389a28fd3a468579b84f38fb7c60e26","messageTitle":"Deleted sort by stars \u0026 added Time to reviews","messageBody":"","fileTypesAndContributionMap":{"functional-code":{"insertions":15,"deletions":15}}},{"hash":"dbd4f65da74ad07aee73515b4c442df7521abd1b","messageTitle":"Removed seconds from time \u0026 added view command","messageBody":"","fileTypesAndContributionMap":{"functional-code":{"insertions":71,"deletions":38}}},{"hash":"1862a7c67002cf95e8d9cd51de0f267e6fb4dfd6","messageTitle":"stylecheck","messageBody":"","fileTypesAndContributionMap":{"functional-code":{"insertions":1,"deletions":1}}},{"hash":"ed76d072543518e72eba4f3ad8547b688501c63e","messageTitle":"stylecheck errors","messageBody":"","fileTypesAndContributionMap":{"functional-code":{"insertions":12,"deletions":9}}},{"hash":"bb919b1fa14ff363634c7d711e2ec6cd0aa776fe","messageTitle":"stylecheck error","messageBody":"","fileTypesAndContributionMap":{"functional-code":{"insertions":15,"deletions":1}}}]},{"date":"2021-03-23","commitResults":[{"hash":"bc3e559f9f8ee1b633dbe88ecfa466ed68ed8578","messageTitle":"Checks for duplicate title already in the list and prompts user to try again if they enter an already existing review title","messageBody":"","fileTypesAndContributionMap":{"functional-code":{"insertions":73,"deletions":18}}},{"hash":"a5bdd122898bb1ce6fb58843c3f73a0c8fee7626","messageTitle":"Added J-unit test for checkAndPrintDuplicate() method in CommandList","messageBody":"","fileTypesAndContributionMap":{"test-code":{"insertions":12,"deletions":0}}},{"hash":"8ea86bad8e125592d37784941c5f2cb5199b75e7","messageTitle":"fixed checkstyle error","messageBody":"","fileTypesAndContributionMap":{"test-code":{"insertions":1,"deletions":1}}}]},{"date":"2021-03-24","commitResults":[{"hash":"04e8fa27becd877076073459a00ca2a955d854a5","messageTitle":"Added Assertion for viewReview() method in CommandList","messageBody":"","fileTypesAndContributionMap":{"functional-code":{"insertions":1,"deletions":0}}},{"hash":"d3b48633b83d0dcc005809467c5c93bcc8d2e9bd","messageTitle":"stylecheck","messageBody":"","fileTypesAndContributionMap":{"functional-code":{"insertions":1,"deletions":1}}}]},{"date":"2021-03-25","commitResults":[{"hash":"c240a3e0c10358090e9e2777d0e57ddc92761daf","messageTitle":"Added Edit feature, to edit existing review in the list","messageBody":"","fileTypesAndContributionMap":{"functional-code":{"insertions":154,"deletions":24}}},{"hash":"f6c7903ff66274b122596f05a123817d9cacae2e","messageTitle":"checkstyle","messageBody":"","fileTypesAndContributionMap":{"functional-code":{"insertions":7,"deletions":5}}},{"hash":"dd4d2f2ecb2362008586d2939132dcb8cac76a3b","messageTitle":"checkstyle","messageBody":"","fileTypesAndContributionMap":{"functional-code":{"insertions":5,"deletions":5}}}]},{"date":"2021-03-27","commitResults":[{"hash":"41c7a2443493d5c8060967da676ce167b6ce855f","messageTitle":"fixed invalid sorting type bug","messageBody":"","fileTypesAndContributionMap":{"functional-code":{"insertions":26,"deletions":12}}},{"hash":"0a7d80783a39fa389bb55626cd328e4a162c6ea5","messageTitle":"stylecheck","messageBody":"","fileTypesAndContributionMap":{"functional-code":{"insertions":2,"deletions":0}}}]},{"date":"2021-03-28","commitResults":[{"hash":"1e531d195465741b264d08e8d2320777c1ab5da9","messageTitle":"added reveiw and reco mode","messageBody":"","fileTypesAndContributionMap":{"functional-code":{"insertions":36,"deletions":11}}},{"hash":"69db572eec0516ec51bb96456bad7a7fd5f22f07","messageTitle":"stylecheck","messageBody":"","fileTypesAndContributionMap":{"functional-code":{"insertions":8,"deletions":8}}},{"hash":"7b6c6c1cd5fac4ff6acd9ea7d9947c8a99d32c67","messageTitle":"Added location recommendation When viewing recommendation you can now see location and recby increased spacing for title of review and recommendation","messageBody":"","fileTypesAndContributionMap":{"functional-code":{"insertions":71,"deletions":30}}},{"hash":"384e9bcb82ff34a2af25b3bfbb1f4a55c7d1d60c","messageTitle":"checkstyle","messageBody":"","fileTypesAndContributionMap":{"functional-code":{"insertions":2,"deletions":2}}}]},{"date":"2021-03-29","commitResults":[{"hash":"af03de711a96e484fccead9680eb75c07f960041","messageTitle":"added border when listing recommendation and review and when viewing a title in review","messageBody":"","fileTypesAndContributionMap":{"functional-code":{"insertions":63,"deletions":17}}},{"hash":"258ae66139ff9f69da9b129fa66430cd20fe9f0e","messageTitle":"stylecheck","messageBody":"","fileTypesAndContributionMap":{"functional-code":{"insertions":6,"deletions":6}}},{"hash":"455a89f40f72cf63412d0e93d18cb8c4245cf3b2","messageTitle":"user guide changes","messageBody":"","fileTypesAndContributionMap":{"docs":{"insertions":54,"deletions":32}}}]},{"date":"2021-03-30","commitResults":[{"hash":"4559bc61e41ceb7d4b367fdaf2ab2f57f82ef19c","messageTitle":"added edit feature to recommendation list","messageBody":"","fileTypesAndContributionMap":{"functional-code":{"insertions":142,"deletions":18}}},{"hash":"b1f928d34ab478b75ae91ec378709b6b4e39de9c","messageTitle":"checkstyle","messageBody":"","fileTypesAndContributionMap":{"functional-code":{"insertions":12,"deletions":1}}}]},{"date":"2021-03-31","commitResults":[{"hash":"b2300c8447f8bfee89a224ba9e9643f8a1462bfe","messageTitle":"used existing ui instance","messageBody":"","fileTypesAndContributionMap":{"functional-code":{"insertions":0,"deletions":1}}},{"hash":"1657a854d30657d0e2831b7b4672cc886b3b53cb","messageTitle":"user guide updates","messageBody":"","fileTypesAndContributionMap":{"docs":{"insertions":61,"deletions":30}}},{"hash":"0b06c2d78195dc6f9b914416eff5312a9fff2fd0","messageTitle":"user guide updates","messageBody":"","fileTypesAndContributionMap":{"docs":{"insertions":59,"deletions":58}}},{"hash":"8b7de7d27d3f30d92e38326691940a20b15fbe24","messageTitle":"user guide updates","messageBody":"","fileTypesAndContributionMap":{"functional-code":{"insertions":1,"deletions":1},"docs":{"insertions":37,"deletions":10}}},{"hash":"91f555ddbba118367480eb449525e1ba0db57c25","messageTitle":"user guide updates","messageBody":"","fileTypesAndContributionMap":{"docs":{"insertions":17,"deletions":4}}},{"hash":"11388ad83d8788fd445abbc076c3af81d667509d","messageTitle":"User guide updates","messageBody":"","fileTypesAndContributionMap":{"docs":{"insertions":68,"deletions":8}}},{"hash":"58ee0dc0aa6fafe6e7f34189db018836d38ac582","messageTitle":"user guide final updates","messageBody":"","fileTypesAndContributionMap":{"docs":{"insertions":154,"deletions":109}}}]},{"date":"2021-04-01","commitResults":[{"hash":"97ac974f340f229c4b88a7f9f24b8c613146cae0","messageTitle":"developer guide edits","messageBody":"","fileTypesAndContributionMap":{"docs":{"insertions":92,"deletions":65}}},{"hash":"4223743ecccef7d6fb166f0a219b8c57ef62cd2b","messageTitle":"update","messageBody":"","fileTypesAndContributionMap":{"docs":{"insertions":30,"deletions":2}}}]},{"date":"2021-04-02","commitResults":[{"hash":"8c183a843674f854953e2d57a095fa022ed8bfe9","messageTitle":"update","messageBody":"","fileTypesAndContributionMap":{"docs":{"insertions":29,"deletions":29}}}]},{"date":"2021-04-03","commitResults":[{"hash":"95423ebfb05c993fb632e8619dab91ddd32e2bc3","messageTitle":"UG edits","messageBody":"","fileTypesAndContributionMap":{"docs":{"insertions":10,"deletions":10}}},{"hash":"894464c026847d60a239fa879183718b6988e6fb","messageTitle":"bug fixes","messageBody":"","fileTypesAndContributionMap":{"functional-code":{"insertions":64,"deletions":31}}},{"hash":"bff50dbe67dadd07d481880af7cb633f286f064f","messageTitle":"ug edits","messageBody":"","fileTypesAndContributionMap":{"docs":{"insertions":7,"deletions":7}}},{"hash":"c2f098467c5a5e49fe562ecdb8fb1c667f6c3cff","messageTitle":"edits","messageBody":"","fileTypesAndContributionMap":{"docs":{"insertions":18,"deletions":17}}}]},{"date":"2021-04-04","commitResults":[{"hash":"7a5a852e2799fd4b84f805dbe86a22c70f506c5c","messageTitle":"ug edits","messageBody":"","fileTypesAndContributionMap":{"docs":{"insertions":51,"deletions":34}}},{"hash":"be0a6feb106088699c126bb04633b9c42659d0b2","messageTitle":"made edits","messageBody":"","fileTypesAndContributionMap":{"functional-code":{"insertions":17,"deletions":9}}}]},{"date":"2021-04-07","commitResults":[{"hash":"fcf7990f7e503224aa4f34e6350b0b7805cef60a","messageTitle":"- price is now displayed with 2 decimal points and changed it to string type - bug fixed : when adding a review/reco a duplicate title could be added if i typed \"avengers \" with a black space next to it","messageBody":"","fileTypesAndContributionMap":{"functional-code":{"insertions":38,"deletions":29}}},{"hash":"3517a86fe70ce45a7296566c40977739d88ffc1c","messageTitle":"checkstyle","messageBody":"","fileTypesAndContributionMap":{"functional-code":{"insertions":7,"deletions":7}}}]}],"huachen24":[{"date":"2021-03-05","commitResults":[{"hash":"92a7d99ecb79ab4d874beec5fb87d1d28f67a7a4","messageTitle":"update about us","messageBody":"","fileTypesAndContributionMap":{"docs":{"insertions":1,"deletions":1}}}]},{"date":"2021-03-09","commitResults":[{"hash":"eafd6f1ddff70f09005aa59db43e9ef814e39335","messageTitle":"add messages.java","messageBody":"","fileTypesAndContributionMap":{"functional-code":{"insertions":14,"deletions":0}}},{"hash":"1268742760d7ae66c85a10f0dd4b92def1ae0fc9","messageTitle":"add skeleton review class","messageBody":"","fileTypesAndContributionMap":{"functional-code":{"insertions":11,"deletions":0}}},{"hash":"592211a923a53afc514d179ad1e0b93b39e145b7","messageTitle":"add ui.java","messageBody":"","fileTypesAndContributionMap":{"functional-code":{"insertions":26,"deletions":0}}},{"hash":"1c0a95a1a83a49bbf26f63e8b699e321ef472af0","messageTitle":"add sorter class","messageBody":"","fileTypesAndContributionMap":{"functional-code":{"insertions":167,"deletions":0}}},{"hash":"a5b4063ec2bf1bfd898dd8ea8e1923b2b208778d","messageTitle":"fix spacing for welcome message","messageBody":"","fileTypesAndContributionMap":{"functional-code":{"insertions":3,"deletions":3}}}]},{"date":"2021-03-11","commitResults":[{"hash":"5ea20c834997985e800ab4f921e6b11ed2304476","messageTitle":"update runtest permissions","messageBody":"","fileTypesAndContributionMap":{"other":{"insertions":0,"deletions":0}}},{"hash":"dec6aae1eaf87ef2a89bd19972a090dfe3eca841","messageTitle":"update runtest permissions","messageBody":"","fileTypesAndContributionMap":{"other":{"insertions":0,"deletions":0}}}]},{"date":"2021-03-12","commitResults":[{"hash":"6165761cc76ae7d5a1cfb218329091422eb86dac","messageTitle":"edit name in build","messageBody":"","fileTypesAndContributionMap":{"other":{"insertions":1,"deletions":1}}},{"hash":"688763f338367ed2951fc159ee422dfe8f9bbded","messageTitle":"fix merge conflicts","messageBody":"","fileTypesAndContributionMap":{"functional-code":{"insertions":119,"deletions":83},"other":{"insertions":116,"deletions":88}}},{"hash":"36fbacae06eea26f6e041d3a90747e6e0c50d649","messageTitle":"update text-ui-test","messageBody":"","fileTypesAndContributionMap":{"other":{"insertions":13,"deletions":0}}},{"hash":"b6518cea6792e6b1572454a04c30235283416a0b","messageTitle":"fix non-javadoc related checkstyle errors","messageBody":"","fileTypesAndContributionMap":{"functional-code":{"insertions":41,"deletions":38}}},{"hash":"f14c4da98119e6532bb740a52f7d7987abd6738d","messageTitle":"add ui messages","messageBody":"","fileTypesAndContributionMap":{"functional-code":{"insertions":19,"deletions":0}}}]},{"date":"2021-03-15","commitResults":[{"hash":"7888a4939e3d89077ed0feeaa8d29948a8932225","messageTitle":"fix list command","messageBody":"","fileTypesAndContributionMap":{"functional-code":{"insertions":65,"deletions":52}}}]},{"date":"2021-03-16","commitResults":[{"hash":"d1bcd2976caa6d8aeba9b1862bbb25f6b3cf9a0c","messageTitle":"fix load command","messageBody":"","fileTypesAndContributionMap":{"functional-code":{"insertions":47,"deletions":21}}},{"hash":"648fcf82dbf5f48e56d7392d30352d5ef9d03dfd","messageTitle":"fix sort command","messageBody":"","fileTypesAndContributionMap":{"functional-code":{"insertions":24,"deletions":12}}},{"hash":"56a912d7b41a7919bf3d5ac33adcc736bf274384","messageTitle":"fix issue of rating going negative","messageBody":"","fileTypesAndContributionMap":{"functional-code":{"insertions":3,"deletions":2}}},{"hash":"e9d6f14a63d39a0405ead99d15c9afd7201eb181","messageTitle":"change rating sort to most stars on top","messageBody":"","fileTypesAndContributionMap":{"functional-code":{"insertions":1,"deletions":1}}},{"hash":"04db24494bd2453a2a99f8a715a27ef6cdd7c4d3","messageTitle":"fix sort by date commands","messageBody":"","fileTypesAndContributionMap":{"functional-code":{"insertions":23,"deletions":5}}},{"hash":"4c6b145f44122e2d00aa71988ccf5b1a895fb6bd","messageTitle":"implement delete","messageBody":"","fileTypesAndContributionMap":{"functional-code":{"insertions":7,"deletions":6}}},{"hash":"d7f3f8eeb12a99695d9ab2e44e66a95c35cab925","messageTitle":"add javadoc comments to sort","messageBody":"","fileTypesAndContributionMap":{"functional-code":{"insertions":25,"deletions":1}}},{"hash":"c06a25aa5c0f5ff92e9c997949f8e98f5707ba22","messageTitle":"update input and expected","messageBody":"","fileTypesAndContributionMap":{"functional-code":{"insertions":9,"deletions":8}}},{"hash":"7c9c505371041a515cc62aa2c85a0e03d97882b0","messageTitle":"add static messages","messageBody":"","fileTypesAndContributionMap":{"functional-code":{"insertions":25,"deletions":2}}},{"hash":"dabbb8d73e3a26c1a0552c75f543ab9538391056","messageTitle":"pass ui object to commandlist and storage classes","messageBody":"","fileTypesAndContributionMap":{"functional-code":{"insertions":7,"deletions":6}}},{"hash":"df59fd48831c444af16f28c3dc2674d532219e1d","messageTitle":"rename description to arguments","messageBody":"","fileTypesAndContributionMap":{"functional-code":{"insertions":9,"deletions":14}}},{"hash":"c529bcb0ed3d7225ec386bf3420c258f4b531f79","messageTitle":"tidy up commands and add exceptions","messageBody":"","fileTypesAndContributionMap":{"functional-code":{"insertions":264,"deletions":182}}},{"hash":"b8fd634898f577c5b33426639c1a10db546de813","messageTitle":"add jut","messageBody":"","fileTypesAndContributionMap":{"test-code":{"insertions":34,"deletions":0}}}]},{"date":"2021-03-17","commitResults":[{"hash":"6a9501461ce9472eb68f72af5c2949a6a663585f","messageTitle":"add noReviews test","messageBody":"","fileTypesAndContributionMap":{"test-code":{"insertions":18,"deletions":12}}}]},{"date":"2021-03-18","commitResults":[{"hash":"909266e93b250dff127e0eecc1f7b652f9f771ab","messageTitle":"fix checkstyle","messageBody":"","fileTypesAndContributionMap":{"functional-code":{"insertions":3,"deletions":3}}},{"hash":"a3c9069403962ac74e2069671e57b8ad97d0780b","messageTitle":"fix checkstyle","messageBody":"","fileTypesAndContributionMap":{"functional-code":{"insertions":2,"deletions":2}}},{"hash":"15b0f741a46739171b998d4742dcb9cbbd65caab","messageTitle":"fix checkstyle","messageBody":"","fileTypesAndContributionMap":{"functional-code":{"insertions":4,"deletions":4}}},{"hash":"69d35d6ce6ac8cdd1ff9806fc64ee7d6bd896786","messageTitle":"fix checkstyle","messageBody":"","fileTypesAndContributionMap":{"functional-code":{"insertions":1,"deletions":1}}},{"hash":"e46c783c09bba2d87751f6d90cab23b5d7754612","messageTitle":"fix checkstyle","messageBody":"","fileTypesAndContributionMap":{"functional-code":{"insertions":4,"deletions":4}}},{"hash":"18dfcb2ca633a8129ee7a8ab13b3d281fe69f929","messageTitle":"change underscore in sortmethod to space","messageBody":"","fileTypesAndContributionMap":{"functional-code":{"insertions":6,"deletions":6}}}]},{"date":"2021-03-19","commitResults":[{"hash":"323d5304085f4694c9e854355238ebea37f90577","messageTitle":"update jut","messageBody":"","fileTypesAndContributionMap":{"functional-code":{"insertions":5,"deletions":5},"test-code":{"insertions":1,"deletions":1}}},{"hash":"a7e0b07792ee842aba16474b80d49f5bf468b6db","messageTitle":"remove underscores from date_earliest and date_latest","messageBody":"","fileTypesAndContributionMap":{"functional-code":{"insertions":7,"deletions":7}}},{"hash":"7d2c681de8d6b9b310baf4d05d9c717bce7ac936","messageTitle":"clean up stream after each test","messageBody":"","fileTypesAndContributionMap":{"test-code":{"insertions":4,"deletions":4}}},{"hash":"bff4fbf6b7f5a3fdda82ef05ab67da8a53100eab","messageTitle":"change BeforeEach to non static method","messageBody":"","fileTypesAndContributionMap":{"test-code":{"insertions":2,"deletions":2}}},{"hash":"3239bd5afedb7425b392193249cc1452046fe4a4","messageTitle":"add JUT for sorting","messageBody":"","fileTypesAndContributionMap":{"test-code":{"insertions":101,"deletions":40}}},{"hash":"cc52747c872aa0475cba256505fdd4f5e008fb22","messageTitle":"add assertions","messageBody":"","fileTypesAndContributionMap":{"functional-code":{"insertions":24,"deletions":0}}},{"hash":"f0b665ded0ed379012cd475d24137ceadd6606cb","messageTitle":"add assertions and logging","messageBody":"","fileTypesAndContributionMap":{"functional-code":{"insertions":15,"deletions":36}}},{"hash":"a19829bc1bc48ef0e5527c8c39fb81eecc4ce857","messageTitle":"set logging to off","messageBody":"","fileTypesAndContributionMap":{"functional-code":{"insertions":1,"deletions":0}}},{"hash":"bcde890136606b463726bb2d52208b2f995e45d5","messageTitle":"fix review saved even if invalid rating bug","messageBody":"","tags":["v1.0"],"fileTypesAndContributionMap":{"functional-code":{"insertions":2,"deletions":0}}}]},{"date":"2021-03-23","commitResults":[{"hash":"164ac8baf30a09c9900e98b1f3a450c90a333600","messageTitle":"enable assertions","messageBody":"","fileTypesAndContributionMap":{"other":{"insertions":1,"deletions":0}}}]},{"date":"2021-03-24","commitResults":[{"hash":"836db87ecb68cc719615bb992549b894127862ea","messageTitle":"update deletereview test","messageBody":"","fileTypesAndContributionMap":{"test-code":{"insertions":5,"deletions":6}}}]},{"date":"2021-03-26","commitResults":[{"hash":"9d82877bb0ff419ff97c88cc6bbdfceafa597d17","messageTitle":"update dg","messageBody":"","fileTypesAndContributionMap":{"docs":{"insertions":20,"deletions":9}}},{"hash":"25285755ff7dc9eff2625e0283bf91481f46f9fa","messageTitle":"make sorting preference persistent","messageBody":"","fileTypesAndContributionMap":{"functional-code":{"insertions":43,"deletions":7}}}]},{"date":"2021-03-28","commitResults":[{"hash":"a3ddd77ef8815f1ec715bf979e5963a38630c4ec","messageTitle":"remove date prefix for earliest and latest sorting methods","messageBody":"","fileTypesAndContributionMap":{"functional-code":{"insertions":28,"deletions":28},"other":{"insertions":12,"deletions":12}}},{"hash":"85ace173ca5f6319265b0b91ac3889773a405a87","messageTitle":"change to json file storage, merge sortmethod, reviews and recommendations into 1 data file","messageBody":"","fileTypesAndContributionMap":{"functional-code":{"insertions":121,"deletions":128},"other":{"insertions":1,"deletions":0}}},{"hash":"4f939c804ecbec0dd96a003f31110120fd7ccc28","messageTitle":"fix checkstyle","messageBody":"","fileTypesAndContributionMap":{"functional-code":{"insertions":16,"deletions":14},"test-code":{"insertions":2,"deletions":2}}},{"hash":"a66155d38f6c938b94fc7b26e5578107acfd87ed","messageTitle":"update deleteReview test","messageBody":"","fileTypesAndContributionMap":{"test-code":{"insertions":8,"deletions":3}}},{"hash":"b34c28deff63fa68ab9991b2651adca08954ee77","messageTitle":"add does not exist message to commands in reco mode","messageBody":"","fileTypesAndContributionMap":{"functional-code":{"insertions":12,"deletions":0}}},{"hash":"a02f14366aab4dce6b1b68a14243af0b8c803f7a","messageTitle":"add price range to recommendations","messageBody":"","fileTypesAndContributionMap":{"functional-code":{"insertions":41,"deletions":70}}},{"hash":"8101220108ab23301612355bf05292e8b3ab37f5","messageTitle":"fix bug where preferred sort is not persistent","messageBody":"","fileTypesAndContributionMap":{"functional-code":{"insertions":38,"deletions":41}}}]},{"date":"2021-03-29","commitResults":[{"hash":"ad769512206490baf50db310a69224f6e080e902","messageTitle":"fix display whitespace issue","messageBody":"","fileTypesAndContributionMap":{"functional-code":{"insertions":22,"deletions":15}}},{"hash":"91b9a6ab06a7cabcb127777d1f9041251b4a25fc","messageTitle":"update ug","messageBody":"","fileTypesAndContributionMap":{"docs":{"insertions":64,"deletions":25}}},{"hash":"5ac31f28ee65c98fd6ea0ad345953ba264b2a849","messageTitle":"update ug","messageBody":"","fileTypesAndContributionMap":{"docs":{"insertions":12,"deletions":1}}},{"hash":"26bac6bb6c79c6f63f1f5f8218d7d74563d9da9a","messageTitle":"add in pictures\u0027","messageBody":"","fileTypesAndContributionMap":{"docs":{"insertions":18,"deletions":0}}},{"hash":"203bf339e3350b44b740bfc62f41d85ae2dc31cc","messageTitle":"fix links","messageBody":"","fileTypesAndContributionMap":{"docs":{"insertions":20,"deletions":20}}},{"hash":"4db5e830f2e6c7f2885ca3a1bf84aa1a332f5e3a","messageTitle":"bug fixes","messageBody":"","fileTypesAndContributionMap":{"functional-code":{"insertions":43,"deletions":37},"other":{"insertions":115,"deletions":113}}}]},{"date":"2021-04-01","commitResults":[{"hash":"6b28c75c24d732ddd186d1a0ef18cbb408727e31","messageTitle":"tidy code and implement unlimited tries for invalid input","messageBody":"","fileTypesAndContributionMap":{"functional-code":{"insertions":601,"deletions":456}}},{"hash":"2089fe915b9eb33819aa529febd6dbd4e54eaaf8","messageTitle":"fix sortmethod not saving","messageBody":"","fileTypesAndContributionMap":{"functional-code":{"insertions":2,"deletions":7}}}]},{"date":"2021-04-03","commitResults":[{"hash":"3933ad605b1cfcb46fbb604e8280a6cb34e25ffb","messageTitle":"bug fixes","messageBody":"","fileTypesAndContributionMap":{"functional-code":{"insertions":31,"deletions":2}}},{"hash":"39dcccd18cce7b32322056e21895646fdc8290f6","messageTitle":"update","messageBody":"","fileTypesAndContributionMap":{"functional-code":{"insertions":2,"deletions":2}}},{"hash":"636d459775d5938714cc923c3e32380c9c15cd1c","messageTitle":"add display stars command","messageBody":"","fileTypesAndContributionMap":{"functional-code":{"insertions":84,"deletions":20}}},{"hash":"5262475669045281d949f5b8f78dde5372c0e71e","messageTitle":"update javadocs","messageBody":"","fileTypesAndContributionMap":{"functional-code":{"insertions":46,"deletions":0}}}]},{"date":"2021-04-04","commitResults":[{"hash":"b0b3924082a463bf54439b0427572c8d31b9c720","messageTitle":"update naming","messageBody":"","fileTypesAndContributionMap":{"functional-code":{"insertions":7,"deletions":7}}}]},{"date":"2021-04-05","commitResults":[{"hash":"274e70996df5d58d9549738115dddb9349232eaf","messageTitle":"Update Ui.java","messageBody":"","fileTypesAndContributionMap":{"functional-code":{"insertions":2,"deletions":1}}},{"hash":"820db05427eb394ee924b44a560c1717b2f3d117","messageTitle":"Update Messages.java","messageBody":"","fileTypesAndContributionMap":{"functional-code":{"insertions":2,"deletions":2}}},{"hash":"0586ce83bccb914cefa054ef5dcb2930ece90199","messageTitle":"Update Messages.java","messageBody":"","fileTypesAndContributionMap":{"functional-code":{"insertions":2,"deletions":2}}}]},{"date":"2021-04-09","commitResults":[{"hash":"dc5ba84b66a0ed8f8ad009a3dde68643d3357d47","messageTitle":"final edits","messageBody":"","fileTypesAndContributionMap":{"functional-code":{"insertions":116,"deletions":216}}},{"hash":"f0dcb3b70c6fb208b9012abb8c801530eb537005","messageTitle":"fix typo","messageBody":"","fileTypesAndContributionMap":{"functional-code":{"insertions":2,"deletions":2}}},{"hash":"f7ad36a9fe473374b7767e98d66d7595ea384c27","messageTitle":"make display a global command","messageBody":"","fileTypesAndContributionMap":{"functional-code":{"insertions":1,"deletions":5}}}]}]},"authorFileTypeContributionMap":{"jhjhajh":{"docs":42,"functional-code":429,"test-code":25,"other":5},"EmilyTJX":{"docs":237,"functional-code":626,"test-code":46,"other":1},"Krithigha24":{"docs":283,"functional-code":335,"test-code":6},"huachen24":{"docs":27,"functional-code":1449,"test-code":107,"other":15}},"authorContributionVariance":{"jhjhajh":42666.113,"EmilyTJX":20685.578,"Krithigha24":13786.525,"huachen24":61402.812},"authorDisplayNameMap":{"jhjhajh":"CS2113T-F08-3 ANG .. HUI","EmilyTJX":"CS2113T-F08-3 EMIL..AXIN","Krithigha24":"CS2113T-F08-3 KRIT..NEER","huachen24":"CS2113T-F08-3 WANG..CHEN"}}
