{"authorDailyContributionsMap":{"jhjhajh":[{"date":"2021-03-10","commitResults":[{"hash":"b74961b284542782a5abc4ad3d16eaa1d033185c","messageTitle":"Add CommandList","messageBody":"","fileTypesAndContributionMap":{"functional-code":{"insertions":120,"deletions":0}}}]},{"date":"2021-03-11","commitResults":[{"hash":"3f3cb97e6e959253cc15aa1f394116cd01b570ed","messageTitle":"Edit code to comply to coding standards","messageBody":"","fileTypesAndContributionMap":{"functional-code":{"insertions":37,"deletions":37}}}]},{"date":"2021-03-18","commitResults":[{"hash":"ecbb5887a8368f51f93ed5e8c5cbec767a18e63c","messageTitle":"Add general help and sort help command","messageBody":"","fileTypesAndContributionMap":{"functional-code":{"insertions":36,"deletions":9}}},{"hash":"1b8fd3a366bf2e4b8b22234ca6995f703e34a411","messageTitle":"Fix style checks","messageBody":"","fileTypesAndContributionMap":{"functional-code":{"insertions":6,"deletions":6}}},{"hash":"896b52852652b0cf0ca9df50b69d3a8bc8546ffd","messageTitle":"Change  to null in Parser","messageBody":"","fileTypesAndContributionMap":{"functional-code":{"insertions":2,"deletions":2}}},{"hash":"0aa986b26f1c471e05593ce4051062c0192ed25e","messageTitle":"Add more help messages for other features","messageBody":"","fileTypesAndContributionMap":{"functional-code":{"insertions":75,"deletions":6}}}]},{"date":"2021-03-23","commitResults":[{"hash":"060c2362c8ea35d0c0fb978e3612841870c5de1a","messageTitle":"Add connoisseur.txt to .gitignore","messageBody":"","fileTypesAndContributionMap":{"test-code":{"insertions":2,"deletions":0}}},{"hash":"9910f9a1c19fc2eb7a9b16d96c8be230c913553c","messageTitle":"Add junit for list reviews, no reviews exist","messageBody":"","fileTypesAndContributionMap":{"functional-code":{"insertions":0,"deletions":1},"other":{"insertions":5,"deletions":3},"test-code":{"insertions":22,"deletions":1}}},{"hash":"0da6d7d531a232a7744f380e4618bd695f2e8821","messageTitle":"Fix style errors","messageBody":"","fileTypesAndContributionMap":{"functional-code":{"insertions":2,"deletions":1},"other":{"insertions":1,"deletions":1},"test-code":{"insertions":6,"deletions":5}}},{"hash":"0fe2cc6e8b4d92d06c9815e101d81e302166ac9d","messageTitle":"Add @Before and @After in CommandListTest","messageBody":"","fileTypesAndContributionMap":{"other":{"insertions":1,"deletions":0},"test-code":{"insertions":19,"deletions":8}}},{"hash":"26fcb013d9cb0fa2a215f4c2d4e4baf7f505f3a9","messageTitle":"Minor changes for better readability","messageBody":"","fileTypesAndContributionMap":{"test-code":{"insertions":2,"deletions":2}}}]},{"date":"2021-03-28","commitResults":[{"hash":"2ba3dede2d221e67ae0906231d4b11e5a188f88c","messageTitle":"Add more help messages for new reco feature","messageBody":"","fileTypesAndContributionMap":{"functional-code":{"insertions":24,"deletions":6}}},{"hash":"f3bb8bb28082af7ab3ab78080cfddfcf6d46e78c","messageTitle":"Add method to check for duplicates in recommendations","messageBody":"","fileTypesAndContributionMap":{"functional-code":{"insertions":62,"deletions":6}}},{"hash":"303d80c6998e2bf5853e6a6c78d6cee34a0ecea0","messageTitle":"Fix checkstyles","messageBody":"","fileTypesAndContributionMap":{"functional-code":{"insertions":5,"deletions":5}}},{"hash":"ab2ed17a6594b7523b04902978f13e56162b4651","messageTitle":"Edit method name in CommandListTest for checkAndPrintDuplicate","messageBody":"","fileTypesAndContributionMap":{"test-code":{"insertions":1,"deletions":1}}}]}],"EmilyTJX":[{"date":"2021-03-05","commitResults":[{"hash":"2d4d414f5f65347cd2cdbfd6472f71549c08fd4f","messageTitle":"Update AboutUs.md","messageBody":"","fileTypesAndContributionMap":{"docs":{"insertions":1,"deletions":1}}}]},{"date":"2021-03-09","commitResults":[{"hash":"66e727d1f11eb7e2f523a7073971aee190ff78c3","messageTitle":"Add Parser.java and Storage.java","messageBody":"","fileTypesAndContributionMap":{"functional-code":{"insertions":134,"deletions":0},"other":{"insertions":29,"deletions":6}}}]},{"date":"2021-03-13","commitResults":[{"hash":"6025e22332069905995f47934aef7559cb1ce105","messageTitle":"Update Storage, ReviewList initialisation, SaveData(); Update UI commands","messageBody":"","fileTypesAndContributionMap":{"functional-code":{"insertions":73,"deletions":33}}},{"hash":"80327cd0a19eff62acf591a2441e2b6c3296404a","messageTitle":"Update checkstyles","messageBody":"","fileTypesAndContributionMap":{"functional-code":{"insertions":15,"deletions":14}}}]},{"date":"2021-03-15","commitResults":[{"hash":"e13f73cb33919d9aa5fb1c728f63fcd8fa08904e","messageTitle":"Update the exit formatting","messageBody":"","fileTypesAndContributionMap":{"functional-code":{"insertions":5,"deletions":12}}}]},{"date":"2021-03-16","commitResults":[{"hash":"7d34f611ff2420be817b0892241cc9828748323d","messageTitle":"Update the new review formatting","messageBody":"","fileTypesAndContributionMap":{"functional-code":{"insertions":41,"deletions":4}}},{"hash":"69b9fba5f557011169353788c2449c11f07fd93f","messageTitle":"Update the new review formatting and checkstyle","messageBody":"","fileTypesAndContributionMap":{"functional-code":{"insertions":66,"deletions":47}}},{"hash":"10ad367978c088bf4185f43c98785cc73d215df6","messageTitle":"Update the new review formatting and checkstyle again","messageBody":"","fileTypesAndContributionMap":{"functional-code":{"insertions":8,"deletions":6}}},{"hash":"6b0aaa43e49ccba0a56df031c70adc4237d71472","messageTitle":"Add in some exceptions","messageBody":"","fileTypesAndContributionMap":{"functional-code":{"insertions":81,"deletions":26}}}]},{"date":"2021-03-17","commitResults":[{"hash":"6639637c80c792a46627a60d8e370e740ec9f04c","messageTitle":"added rating and sort method error message","messageBody":"","fileTypesAndContributionMap":{"functional-code":{"insertions":20,"deletions":34}}}]},{"date":"2021-03-18","commitResults":[{"hash":"1a5dd5007586f22275d92f52ed1beee7f491f018","messageTitle":"exceptions added","messageBody":"","fileTypesAndContributionMap":{"functional-code":{"insertions":7,"deletions":5}}}]},{"date":"2021-03-21","commitResults":[{"hash":"88837ea47480f117ad322b88fa371892c53e3b32","messageTitle":"added junit CommandListTest","messageBody":"","fileTypesAndContributionMap":{"test-code":{"insertions":34,"deletions":0}}},{"hash":"44b3d09a5da6ee2a97547a384c1bc59c9ac894e5","messageTitle":"updated junit CommandListTest","messageBody":"","fileTypesAndContributionMap":{"test-code":{"insertions":10,"deletions":7}}},{"hash":"e21713aa18845616181662a11056a36cb51e78b5","messageTitle":"updated  checkstyle junit CommandListTest","messageBody":"","fileTypesAndContributionMap":{"test-code":{"insertions":3,"deletions":2}}}]},{"date":"2021-03-23","commitResults":[{"hash":"66f18ff3ac4ca5cd80db89d4dfc2fb1152d9eb81","messageTitle":"updated  checkstyle junit CommandListTest","messageBody":"","fileTypesAndContributionMap":{"test-code":{"insertions":1,"deletions":1}}}]},{"date":"2021-03-26","commitResults":[{"hash":"f7a5838918d08a713a9fcfe7118248ca44c2fc3a","messageTitle":"Setting up of developerGUide.md","messageBody":"","fileTypesAndContributionMap":{"docs":{"insertions":35,"deletions":1}}}]},{"date":"2021-03-27","commitResults":[{"hash":"cc39741b2e2a15c3d54ff8a070c012191d6518f0","messageTitle":"Added new Recommendation class","messageBody":"","fileTypesAndContributionMap":{"functional-code":{"insertions":148,"deletions":0}}}]},{"date":"2021-03-28","commitResults":[{"hash":"97f1c4256af346d129c6dcf0d0204383675839ad","messageTitle":"Added new Recommendation Storage","messageBody":"","fileTypesAndContributionMap":{"functional-code":{"insertions":116,"deletions":36},"test-code":{"insertions":1,"deletions":1}}},{"hash":"f1ea5648c7f63c3577cce927d875d61ddfe6abcc","messageTitle":"Update Checkstyle Recommendation Storage","messageBody":"","fileTypesAndContributionMap":{"functional-code":{"insertions":24,"deletions":22}}},{"hash":"a70d1d4debb3f0b129fde95b93305bebfa4681a7","messageTitle":"Add in Recommendation functions","messageBody":"","fileTypesAndContributionMap":{"functional-code":{"insertions":132,"deletions":33}}},{"hash":"b4f1642c00f2b14df7e0fd39574bfabffd04167e","messageTitle":"update stylecheck CommandListTest.java","messageBody":"","fileTypesAndContributionMap":{"test-code":{"insertions":2,"deletions":1}}},{"hash":"590ab7bc0e5df6e2453b40399c720555c58a75bf","messageTitle":"Add in table of contents","messageBody":"","fileTypesAndContributionMap":{"docs":{"insertions":32,"deletions":6}}}]}],"Krithigha24":[{"date":"2021-03-11","commitResults":[{"hash":"a3a9783ae0f1ec02fe6b79dd8bb05e1497e7e5c7","messageTitle":"Review class added by Krithigha","messageBody":"","fileTypesAndContributionMap":{"functional-code":{"insertions":85,"deletions":0}}},{"hash":"31baee9fb8885ec08b0b1ebf4e60f9e8c4be8212","messageTitle":"stylecheck","messageBody":"","fileTypesAndContributionMap":{"functional-code":{"insertions":5,"deletions":5}}},{"hash":"0bf5662eadd6bbafd621da5d7ecd4b7cdeb57b39","messageTitle":"stylecheck update","messageBody":"","fileTypesAndContributionMap":{"functional-code":{"insertions":1,"deletions":1}}},{"hash":"544a8d86a045ad1c2521a0ba716596b47a1dbb8b","messageTitle":"review class bug fix","messageBody":"","fileTypesAndContributionMap":{"functional-code":{"insertions":2,"deletions":2}}},{"hash":"b013ef5515026f5d5b4e9b629ac30b6c4ad22419","messageTitle":"stylecheck update","messageBody":"","fileTypesAndContributionMap":{"functional-code":{"insertions":9,"deletions":1}}}]},{"date":"2021-03-18","commitResults":[{"hash":"e552bfa62389a28fd3a468579b84f38fb7c60e26","messageTitle":"Deleted sort by stars \u0026 added Time to reviews","messageBody":"","fileTypesAndContributionMap":{"functional-code":{"insertions":15,"deletions":15}}},{"hash":"dbd4f65da74ad07aee73515b4c442df7521abd1b","messageTitle":"Removed seconds from time \u0026 added view command","messageBody":"","fileTypesAndContributionMap":{"functional-code":{"insertions":71,"deletions":38}}},{"hash":"1862a7c67002cf95e8d9cd51de0f267e6fb4dfd6","messageTitle":"stylecheck","messageBody":"","fileTypesAndContributionMap":{"functional-code":{"insertions":1,"deletions":1}}},{"hash":"ed76d072543518e72eba4f3ad8547b688501c63e","messageTitle":"stylecheck errors","messageBody":"","fileTypesAndContributionMap":{"functional-code":{"insertions":12,"deletions":9}}},{"hash":"bb919b1fa14ff363634c7d711e2ec6cd0aa776fe","messageTitle":"stylecheck error","messageBody":"","fileTypesAndContributionMap":{"functional-code":{"insertions":15,"deletions":1}}}]},{"date":"2021-03-23","commitResults":[{"hash":"bc3e559f9f8ee1b633dbe88ecfa466ed68ed8578","messageTitle":"Checks for duplicate title already in the list and prompts user to try again if they enter an already existing review title","messageBody":"","fileTypesAndContributionMap":{"functional-code":{"insertions":73,"deletions":18}}},{"hash":"a5bdd122898bb1ce6fb58843c3f73a0c8fee7626","messageTitle":"Added J-unit test for checkAndPrintDuplicate() method in CommandList","messageBody":"","fileTypesAndContributionMap":{"test-code":{"insertions":12,"deletions":0}}},{"hash":"8ea86bad8e125592d37784941c5f2cb5199b75e7","messageTitle":"fixed checkstyle error","messageBody":"","fileTypesAndContributionMap":{"test-code":{"insertions":1,"deletions":1}}}]},{"date":"2021-03-24","commitResults":[{"hash":"04e8fa27becd877076073459a00ca2a955d854a5","messageTitle":"Added Assertion for viewReview() method in CommandList","messageBody":"","fileTypesAndContributionMap":{"functional-code":{"insertions":1,"deletions":0}}},{"hash":"d3b48633b83d0dcc005809467c5c93bcc8d2e9bd","messageTitle":"stylecheck","messageBody":"","fileTypesAndContributionMap":{"functional-code":{"insertions":1,"deletions":1}}}]},{"date":"2021-03-25","commitResults":[{"hash":"c240a3e0c10358090e9e2777d0e57ddc92761daf","messageTitle":"Added Edit feature, to edit existing review in the list","messageBody":"","fileTypesAndContributionMap":{"functional-code":{"insertions":154,"deletions":24}}},{"hash":"f6c7903ff66274b122596f05a123817d9cacae2e","messageTitle":"checkstyle","messageBody":"","fileTypesAndContributionMap":{"functional-code":{"insertions":7,"deletions":5}}},{"hash":"dd4d2f2ecb2362008586d2939132dcb8cac76a3b","messageTitle":"checkstyle","messageBody":"","fileTypesAndContributionMap":{"functional-code":{"insertions":5,"deletions":5}}}]},{"date":"2021-03-27","commitResults":[{"hash":"41c7a2443493d5c8060967da676ce167b6ce855f","messageTitle":"fixed invalid sorting type bug","messageBody":"","fileTypesAndContributionMap":{"functional-code":{"insertions":26,"deletions":12}}},{"hash":"0a7d80783a39fa389bb55626cd328e4a162c6ea5","messageTitle":"stylecheck","messageBody":"","fileTypesAndContributionMap":{"functional-code":{"insertions":2,"deletions":0}}}]}],"huachen24":[{"date":"2021-03-05","commitResults":[{"hash":"92a7d99ecb79ab4d874beec5fb87d1d28f67a7a4","messageTitle":"update about us","messageBody":"","fileTypesAndContributionMap":{"docs":{"insertions":1,"deletions":1}}}]},{"date":"2021-03-09","commitResults":[{"hash":"eafd6f1ddff70f09005aa59db43e9ef814e39335","messageTitle":"add messages.java","messageBody":"","fileTypesAndContributionMap":{"functional-code":{"insertions":14,"deletions":0}}},{"hash":"1268742760d7ae66c85a10f0dd4b92def1ae0fc9","messageTitle":"add skeleton review class","messageBody":"","fileTypesAndContributionMap":{"functional-code":{"insertions":11,"deletions":0}}},{"hash":"592211a923a53afc514d179ad1e0b93b39e145b7","messageTitle":"add ui.java","messageBody":"","fileTypesAndContributionMap":{"functional-code":{"insertions":26,"deletions":0}}},{"hash":"1c0a95a1a83a49bbf26f63e8b699e321ef472af0","messageTitle":"add sorter class","messageBody":"","fileTypesAndContributionMap":{"functional-code":{"insertions":167,"deletions":0}}},{"hash":"a5b4063ec2bf1bfd898dd8ea8e1923b2b208778d","messageTitle":"fix spacing for welcome message","messageBody":"","fileTypesAndContributionMap":{"functional-code":{"insertions":3,"deletions":3}}}]},{"date":"2021-03-11","commitResults":[{"hash":"5ea20c834997985e800ab4f921e6b11ed2304476","messageTitle":"update runtest permissions","messageBody":"","fileTypesAndContributionMap":{"other":{"insertions":0,"deletions":0}}},{"hash":"dec6aae1eaf87ef2a89bd19972a090dfe3eca841","messageTitle":"update runtest permissions","messageBody":"","fileTypesAndContributionMap":{"other":{"insertions":0,"deletions":0}}}]},{"date":"2021-03-12","commitResults":[{"hash":"6165761cc76ae7d5a1cfb218329091422eb86dac","messageTitle":"edit name in build","messageBody":"","fileTypesAndContributionMap":{"other":{"insertions":1,"deletions":1}}},{"hash":"688763f338367ed2951fc159ee422dfe8f9bbded","messageTitle":"fix merge conflicts","messageBody":"","fileTypesAndContributionMap":{"functional-code":{"insertions":119,"deletions":83},"other":{"insertions":116,"deletions":88}}},{"hash":"36fbacae06eea26f6e041d3a90747e6e0c50d649","messageTitle":"update text-ui-test","messageBody":"","fileTypesAndContributionMap":{"other":{"insertions":13,"deletions":0}}},{"hash":"b6518cea6792e6b1572454a04c30235283416a0b","messageTitle":"fix non-javadoc related checkstyle errors","messageBody":"","fileTypesAndContributionMap":{"functional-code":{"insertions":41,"deletions":38}}},{"hash":"f14c4da98119e6532bb740a52f7d7987abd6738d","messageTitle":"add ui messages","messageBody":"","fileTypesAndContributionMap":{"functional-code":{"insertions":19,"deletions":0}}}]},{"date":"2021-03-15","commitResults":[{"hash":"7888a4939e3d89077ed0feeaa8d29948a8932225","messageTitle":"fix list command","messageBody":"","fileTypesAndContributionMap":{"functional-code":{"insertions":65,"deletions":52}}}]},{"date":"2021-03-16","commitResults":[{"hash":"d1bcd2976caa6d8aeba9b1862bbb25f6b3cf9a0c","messageTitle":"fix load command","messageBody":"","fileTypesAndContributionMap":{"functional-code":{"insertions":47,"deletions":21}}},{"hash":"648fcf82dbf5f48e56d7392d30352d5ef9d03dfd","messageTitle":"fix sort command","messageBody":"","fileTypesAndContributionMap":{"functional-code":{"insertions":24,"deletions":12}}},{"hash":"56a912d7b41a7919bf3d5ac33adcc736bf274384","messageTitle":"fix issue of rating going negative","messageBody":"","fileTypesAndContributionMap":{"functional-code":{"insertions":3,"deletions":2}}},{"hash":"e9d6f14a63d39a0405ead99d15c9afd7201eb181","messageTitle":"change rating sort to most stars on top","messageBody":"","fileTypesAndContributionMap":{"functional-code":{"insertions":1,"deletions":1}}},{"hash":"04db24494bd2453a2a99f8a715a27ef6cdd7c4d3","messageTitle":"fix sort by date commands","messageBody":"","fileTypesAndContributionMap":{"functional-code":{"insertions":23,"deletions":5}}},{"hash":"4c6b145f44122e2d00aa71988ccf5b1a895fb6bd","messageTitle":"implement delete","messageBody":"","fileTypesAndContributionMap":{"functional-code":{"insertions":7,"deletions":6}}},{"hash":"d7f3f8eeb12a99695d9ab2e44e66a95c35cab925","messageTitle":"add javadoc comments to sort","messageBody":"","fileTypesAndContributionMap":{"functional-code":{"insertions":25,"deletions":1}}},{"hash":"c06a25aa5c0f5ff92e9c997949f8e98f5707ba22","messageTitle":"update input and expected","messageBody":"","fileTypesAndContributionMap":{"functional-code":{"insertions":9,"deletions":8}}},{"hash":"7c9c505371041a515cc62aa2c85a0e03d97882b0","messageTitle":"add static messages","messageBody":"","fileTypesAndContributionMap":{"functional-code":{"insertions":25,"deletions":2}}},{"hash":"dabbb8d73e3a26c1a0552c75f543ab9538391056","messageTitle":"pass ui object to commandlist and storage classes","messageBody":"","fileTypesAndContributionMap":{"functional-code":{"insertions":7,"deletions":6}}},{"hash":"df59fd48831c444af16f28c3dc2674d532219e1d","messageTitle":"rename description to arguments","messageBody":"","fileTypesAndContributionMap":{"functional-code":{"insertions":9,"deletions":14}}},{"hash":"c529bcb0ed3d7225ec386bf3420c258f4b531f79","messageTitle":"tidy up commands and add exceptions","messageBody":"","fileTypesAndContributionMap":{"functional-code":{"insertions":264,"deletions":182}}},{"hash":"b8fd634898f577c5b33426639c1a10db546de813","messageTitle":"add jut","messageBody":"","fileTypesAndContributionMap":{"test-code":{"insertions":34,"deletions":0}}}]},{"date":"2021-03-17","commitResults":[{"hash":"6a9501461ce9472eb68f72af5c2949a6a663585f","messageTitle":"add noReviews test","messageBody":"","fileTypesAndContributionMap":{"test-code":{"insertions":18,"deletions":12}}}]},{"date":"2021-03-18","commitResults":[{"hash":"909266e93b250dff127e0eecc1f7b652f9f771ab","messageTitle":"fix checkstyle","messageBody":"","fileTypesAndContributionMap":{"functional-code":{"insertions":3,"deletions":3}}},{"hash":"a3c9069403962ac74e2069671e57b8ad97d0780b","messageTitle":"fix checkstyle","messageBody":"","fileTypesAndContributionMap":{"functional-code":{"insertions":2,"deletions":2}}},{"hash":"15b0f741a46739171b998d4742dcb9cbbd65caab","messageTitle":"fix checkstyle","messageBody":"","fileTypesAndContributionMap":{"functional-code":{"insertions":4,"deletions":4}}},{"hash":"69d35d6ce6ac8cdd1ff9806fc64ee7d6bd896786","messageTitle":"fix checkstyle","messageBody":"","fileTypesAndContributionMap":{"functional-code":{"insertions":1,"deletions":1}}},{"hash":"e46c783c09bba2d87751f6d90cab23b5d7754612","messageTitle":"fix checkstyle","messageBody":"","fileTypesAndContributionMap":{"functional-code":{"insertions":4,"deletions":4}}},{"hash":"18dfcb2ca633a8129ee7a8ab13b3d281fe69f929","messageTitle":"change underscore in sortmethod to space","messageBody":"","fileTypesAndContributionMap":{"functional-code":{"insertions":6,"deletions":6}}}]},{"date":"2021-03-19","commitResults":[{"hash":"323d5304085f4694c9e854355238ebea37f90577","messageTitle":"update jut","messageBody":"","fileTypesAndContributionMap":{"functional-code":{"insertions":5,"deletions":5},"test-code":{"insertions":1,"deletions":1}}},{"hash":"a7e0b07792ee842aba16474b80d49f5bf468b6db","messageTitle":"remove underscores from date_earliest and date_latest","messageBody":"","fileTypesAndContributionMap":{"functional-code":{"insertions":7,"deletions":7}}},{"hash":"7d2c681de8d6b9b310baf4d05d9c717bce7ac936","messageTitle":"clean up stream after each test","messageBody":"","fileTypesAndContributionMap":{"test-code":{"insertions":4,"deletions":4}}},{"hash":"bff4fbf6b7f5a3fdda82ef05ab67da8a53100eab","messageTitle":"change BeforeEach to non static method","messageBody":"","fileTypesAndContributionMap":{"test-code":{"insertions":2,"deletions":2}}},{"hash":"3239bd5afedb7425b392193249cc1452046fe4a4","messageTitle":"add JUT for sorting","messageBody":"","fileTypesAndContributionMap":{"test-code":{"insertions":101,"deletions":40}}},{"hash":"cc52747c872aa0475cba256505fdd4f5e008fb22","messageTitle":"add assertions","messageBody":"","fileTypesAndContributionMap":{"functional-code":{"insertions":24,"deletions":0}}},{"hash":"f0b665ded0ed379012cd475d24137ceadd6606cb","messageTitle":"add assertions and logging","messageBody":"","fileTypesAndContributionMap":{"functional-code":{"insertions":15,"deletions":36}}},{"hash":"a19829bc1bc48ef0e5527c8c39fb81eecc4ce857","messageTitle":"set logging to off","messageBody":"","fileTypesAndContributionMap":{"functional-code":{"insertions":1,"deletions":0}}},{"hash":"bcde890136606b463726bb2d52208b2f995e45d5","messageTitle":"fix review saved even if invalid rating bug","messageBody":"","tags":["v1.0"],"fileTypesAndContributionMap":{"functional-code":{"insertions":2,"deletions":0}}}]},{"date":"2021-03-23","commitResults":[{"hash":"164ac8baf30a09c9900e98b1f3a450c90a333600","messageTitle":"enable assertions","messageBody":"","fileTypesAndContributionMap":{"other":{"insertions":1,"deletions":0}}}]},{"date":"2021-03-24","commitResults":[{"hash":"836db87ecb68cc719615bb992549b894127862ea","messageTitle":"update deletereview test","messageBody":"","fileTypesAndContributionMap":{"test-code":{"insertions":5,"deletions":6}}}]},{"date":"2021-03-26","commitResults":[{"hash":"9d82877bb0ff419ff97c88cc6bbdfceafa597d17","messageTitle":"update dg","messageBody":"","fileTypesAndContributionMap":{"docs":{"insertions":20,"deletions":9}}},{"hash":"25285755ff7dc9eff2625e0283bf91481f46f9fa","messageTitle":"make sorting preference persistent","messageBody":"","fileTypesAndContributionMap":{"functional-code":{"insertions":43,"deletions":7}}}]}]},"authorFileTypeContributionMap":{"jhjhajh":{"docs":0,"functional-code":225,"test-code":26,"other":5},"EmilyTJX":{"docs":63,"functional-code":553,"test-code":37,"other":1},"Krithigha24":{"docs":0,"functional-code":348,"test-code":7},"huachen24":{"docs":14,"functional-code":757,"test-code":107,"other":14}},"authorContributionVariance":{"jhjhajh":1968.6666,"EmilyTJX":10291.472,"Krithigha24":3322.165,"huachen24":32629.406},"authorDisplayNameMap":{"jhjhajh":"CS2113T-F08-3 ANG .. HUI","EmilyTJX":"CS2113T-F08-3 EMIL..AXIN","Krithigha24":"CS2113T-F08-3 KRIT..NEER","huachen24":"CS2113T-F08-3 WANG..CHEN"}}
