[{"path":"docs/AboutUs.md","fileType":"docs","lines":[{"lineNumber":1,"author":{"gitId":"-"},"content":"# About us"},{"lineNumber":2,"author":{"gitId":"-"},"content":""},{"lineNumber":3,"author":{"gitId":"-"},"content":"Display | Name | Github Profile | Portfolio "},{"lineNumber":4,"author":{"gitId":"-"},"content":"--------|:----:|:--------------:|:---------:"},{"lineNumber":5,"author":{"gitId":"-"},"content":"![](https://via.placeholder.com/100.png?text\u003dPhoto) | CS-Jovi | [Github](https://github.com/) | [Portfolio](docs/team/johndoe.md)"},{"lineNumber":6,"author":{"gitId":"-"},"content":"![](https://via.placeholder.com/100.png?text\u003dPhoto) | Don Joe | [Github](https://github.com/) | [Portfolio](docs/team/johndoe.md)"},{"lineNumber":7,"author":{"gitId":"-"},"content":"![](https://via.placeholder.com/100.png?text\u003dPhoto) | Julia Wang | [Github](https://github.com/) | [Portfolio](docs/team/juliawang.md)"},{"lineNumber":8,"author":{"gitId":"nagiteja"},"content":"![](https://via.placeholder.com/100.png?text\u003dPhoto) | Nagi Teja | [Github](https://github.com/) | [Portfolio](docs/team/johndoe.md)"},{"lineNumber":9,"author":{"gitId":"-"},"content":"![](https://via.placeholder.com/100.png?text\u003dPhoto) | Bryna Goh | [Github](https://github.com/brynagoh) | [Portfolio](docs/team/brynagoh.md)"},{"lineNumber":10,"author":{"gitId":"-"},"content":""}],"authorContributionMap":{"nagiteja":1,"-":9}},{"path":"src/main/java/canteens/Canteen.java","fileType":"functional-code","lines":[{"lineNumber":1,"author":{"gitId":"-"},"content":"package canteens;"},{"lineNumber":2,"author":{"gitId":"-"},"content":""},{"lineNumber":3,"author":{"gitId":"-"},"content":"import stores.Store;"},{"lineNumber":4,"author":{"gitId":"-"},"content":""},{"lineNumber":5,"author":{"gitId":"-"},"content":"import java.util.ArrayList;"},{"lineNumber":6,"author":{"gitId":"-"},"content":""},{"lineNumber":7,"author":{"gitId":"-"},"content":"/**"},{"lineNumber":8,"author":{"gitId":"brynagoh"},"content":" * Represents a canteen, with all its stores and functionality."},{"lineNumber":9,"author":{"gitId":"-"},"content":" */"},{"lineNumber":10,"author":{"gitId":"-"},"content":"public class Canteen {"},{"lineNumber":11,"author":{"gitId":"-"},"content":"    private String canteenName;"},{"lineNumber":12,"author":{"gitId":"-"},"content":"    private ArrayList\u003cStore\u003e stores;"},{"lineNumber":13,"author":{"gitId":"-"},"content":""},{"lineNumber":14,"author":{"gitId":"-"},"content":"    public Canteen(String canteenName) {"},{"lineNumber":15,"author":{"gitId":"-"},"content":"        this.canteenName \u003d canteenName;"},{"lineNumber":16,"author":{"gitId":"-"},"content":"        stores \u003d new ArrayList\u003c\u003e();"},{"lineNumber":17,"author":{"gitId":"-"},"content":"    }"},{"lineNumber":18,"author":{"gitId":"-"},"content":""},{"lineNumber":19,"author":{"gitId":"-"},"content":"    public ArrayList\u003cStore\u003e getStores() {"},{"lineNumber":20,"author":{"gitId":"-"},"content":"        return stores;"},{"lineNumber":21,"author":{"gitId":"-"},"content":"    }"},{"lineNumber":22,"author":{"gitId":"-"},"content":"}"}],"authorContributionMap":{"brynagoh":1,"-":21}},{"path":"src/main/java/command/Command.java","fileType":"functional-code","lines":[{"lineNumber":1,"author":{"gitId":"KevinNgWK"},"content":"package command;"},{"lineNumber":2,"author":{"gitId":"KevinNgWK"},"content":""},{"lineNumber":3,"author":{"gitId":"KevinNgWK"},"content":"import canteens.Canteen;"},{"lineNumber":4,"author":{"gitId":"KevinNgWK"},"content":"import ui.Ui;"},{"lineNumber":5,"author":{"gitId":"KevinNgWK"},"content":""},{"lineNumber":6,"author":{"gitId":"KevinNgWK"},"content":"import java.util.ArrayList;"},{"lineNumber":7,"author":{"gitId":"KevinNgWK"},"content":""},{"lineNumber":8,"author":{"gitId":"KevinNgWK"},"content":"public abstract class Command {"},{"lineNumber":9,"author":{"gitId":"KevinNgWK"},"content":"    protected boolean exit;"},{"lineNumber":10,"author":{"gitId":"KevinNgWK"},"content":""},{"lineNumber":11,"author":{"gitId":"KevinNgWK"},"content":"    public Command() {"},{"lineNumber":12,"author":{"gitId":"KevinNgWK"},"content":"        exit \u003d false;"},{"lineNumber":13,"author":{"gitId":"KevinNgWK"},"content":"    }"},{"lineNumber":14,"author":{"gitId":"KevinNgWK"},"content":""},{"lineNumber":15,"author":{"gitId":"KevinNgWK"},"content":"    public abstract void execute(ArrayList\u003cCanteen\u003e canteens, Ui ui);"},{"lineNumber":16,"author":{"gitId":"KevinNgWK"},"content":""},{"lineNumber":17,"author":{"gitId":"KevinNgWK"},"content":"    public abstract boolean isExit();"},{"lineNumber":18,"author":{"gitId":"KevinNgWK"},"content":"}"}],"authorContributionMap":{"KevinNgWK":18}},{"path":"src/main/java/command/DisplayCommand.java","fileType":"functional-code","lines":[{"lineNumber":1,"author":{"gitId":"KevinNgWK"},"content":"package command;"},{"lineNumber":2,"author":{"gitId":"KevinNgWK"},"content":""},{"lineNumber":3,"author":{"gitId":"KevinNgWK"},"content":"import canteens.Canteen;"},{"lineNumber":4,"author":{"gitId":"KevinNgWK"},"content":"import stores.Store;"},{"lineNumber":5,"author":{"gitId":"KevinNgWK"},"content":"import ui.Ui;"},{"lineNumber":6,"author":{"gitId":"KevinNgWK"},"content":""},{"lineNumber":7,"author":{"gitId":"KevinNgWK"},"content":"import java.util.ArrayList;"},{"lineNumber":8,"author":{"gitId":"KevinNgWK"},"content":""},{"lineNumber":9,"author":{"gitId":"KevinNgWK"},"content":"public class DisplayCommand extends Command {"},{"lineNumber":10,"author":{"gitId":"KevinNgWK"},"content":""},{"lineNumber":11,"author":{"gitId":"KevinNgWK"},"content":"    @Override"},{"lineNumber":12,"author":{"gitId":"KevinNgWK"},"content":"    public void execute(ArrayList\u003cCanteen\u003e canteens, Ui ui) {"},{"lineNumber":13,"author":{"gitId":"KevinNgWK"},"content":"        ArrayList\u003cStore\u003e stores \u003d canteens.get(0).getStores();"},{"lineNumber":14,"author":{"gitId":"KevinNgWK"},"content":"        if (stores.size() \u003e 0) {"},{"lineNumber":15,"author":{"gitId":"KevinNgWK"},"content":"            ui.showDisplayStoreMessage();"},{"lineNumber":16,"author":{"gitId":"KevinNgWK"},"content":"        }"},{"lineNumber":17,"author":{"gitId":"KevinNgWK"},"content":"        for (int i \u003d 0; i \u003c stores.size(); i++) {"},{"lineNumber":18,"author":{"gitId":"KevinNgWK"},"content":"            System.out.print((i + 1) + \".\");"},{"lineNumber":19,"author":{"gitId":"KevinNgWK"},"content":"            stores.get(i).displayStore();"},{"lineNumber":20,"author":{"gitId":"KevinNgWK"},"content":"        }"},{"lineNumber":21,"author":{"gitId":"KevinNgWK"},"content":"    }"},{"lineNumber":22,"author":{"gitId":"KevinNgWK"},"content":""},{"lineNumber":23,"author":{"gitId":"KevinNgWK"},"content":"    @Override"},{"lineNumber":24,"author":{"gitId":"KevinNgWK"},"content":"    public boolean isExit() {"},{"lineNumber":25,"author":{"gitId":"KevinNgWK"},"content":"        return exit;"},{"lineNumber":26,"author":{"gitId":"KevinNgWK"},"content":"    }"},{"lineNumber":27,"author":{"gitId":"KevinNgWK"},"content":"}"}],"authorContributionMap":{"KevinNgWK":27}},{"path":"src/main/java/command/ExitCommand.java","fileType":"functional-code","lines":[{"lineNumber":1,"author":{"gitId":"KevinNgWK"},"content":"package command;"},{"lineNumber":2,"author":{"gitId":"KevinNgWK"},"content":""},{"lineNumber":3,"author":{"gitId":"KevinNgWK"},"content":"import canteens.Canteen;"},{"lineNumber":4,"author":{"gitId":"KevinNgWK"},"content":"import ui.Ui;"},{"lineNumber":5,"author":{"gitId":"KevinNgWK"},"content":""},{"lineNumber":6,"author":{"gitId":"KevinNgWK"},"content":"import java.util.ArrayList;"},{"lineNumber":7,"author":{"gitId":"KevinNgWK"},"content":""},{"lineNumber":8,"author":{"gitId":"KevinNgWK"},"content":"public class ExitCommand extends Command {"},{"lineNumber":9,"author":{"gitId":"KevinNgWK"},"content":""},{"lineNumber":10,"author":{"gitId":"KevinNgWK"},"content":"    public ExitCommand() {"},{"lineNumber":11,"author":{"gitId":"KevinNgWK"},"content":"        this.exit \u003d true;"},{"lineNumber":12,"author":{"gitId":"KevinNgWK"},"content":"    }"},{"lineNumber":13,"author":{"gitId":"KevinNgWK"},"content":""},{"lineNumber":14,"author":{"gitId":"KevinNgWK"},"content":"    @Override"},{"lineNumber":15,"author":{"gitId":"KevinNgWK"},"content":"    public void execute(ArrayList\u003cCanteen\u003e canteens, Ui ui) {"},{"lineNumber":16,"author":{"gitId":"KevinNgWK"},"content":"        ui.showGoodbye();"},{"lineNumber":17,"author":{"gitId":"KevinNgWK"},"content":"    }"},{"lineNumber":18,"author":{"gitId":"KevinNgWK"},"content":""},{"lineNumber":19,"author":{"gitId":"KevinNgWK"},"content":"    @Override"},{"lineNumber":20,"author":{"gitId":"KevinNgWK"},"content":"    public boolean isExit() {"},{"lineNumber":21,"author":{"gitId":"KevinNgWK"},"content":"        return exit;"},{"lineNumber":22,"author":{"gitId":"KevinNgWK"},"content":"    }"},{"lineNumber":23,"author":{"gitId":"KevinNgWK"},"content":""},{"lineNumber":24,"author":{"gitId":"KevinNgWK"},"content":"}"}],"authorContributionMap":{"KevinNgWK":24}},{"path":"src/main/java/exceptions/DukeExceptions.java","fileType":"functional-code","lines":[{"lineNumber":1,"author":{"gitId":"KevinNgWK"},"content":"package exceptions;"},{"lineNumber":2,"author":{"gitId":"KevinNgWK"},"content":""},{"lineNumber":3,"author":{"gitId":"KevinNgWK"},"content":"public class DukeExceptions extends Exception {"},{"lineNumber":4,"author":{"gitId":"KevinNgWK"},"content":"    // Exception when invalid instructions are provided"},{"lineNumber":5,"author":{"gitId":"KevinNgWK"},"content":"}"}],"authorContributionMap":{"KevinNgWK":5}},{"path":"src/main/java/parser/Parser.java","fileType":"functional-code","lines":[{"lineNumber":1,"author":{"gitId":"KevinNgWK"},"content":"package parser;"},{"lineNumber":2,"author":{"gitId":"KevinNgWK"},"content":""},{"lineNumber":3,"author":{"gitId":"KevinNgWK"},"content":"import command.Command;"},{"lineNumber":4,"author":{"gitId":"KevinNgWK"},"content":"import command.DisplayCommand;"},{"lineNumber":5,"author":{"gitId":"KevinNgWK"},"content":"import command.ExitCommand;"},{"lineNumber":6,"author":{"gitId":"KevinNgWK"},"content":"import exceptions.DukeExceptions;"},{"lineNumber":7,"author":{"gitId":"KevinNgWK"},"content":""},{"lineNumber":8,"author":{"gitId":"KevinNgWK"},"content":"public class Parser {"},{"lineNumber":9,"author":{"gitId":"KevinNgWK"},"content":""},{"lineNumber":10,"author":{"gitId":"KevinNgWK"},"content":"    public static Command parse(String line) throws DukeExceptions {"},{"lineNumber":11,"author":{"gitId":"KevinNgWK"},"content":"        Command newCommand;"},{"lineNumber":12,"author":{"gitId":"KevinNgWK"},"content":"        String[] parsedLine \u003d line.split(\" \");"},{"lineNumber":13,"author":{"gitId":"KevinNgWK"},"content":"        if (parsedLine[0].equals(\"list\")) {"},{"lineNumber":14,"author":{"gitId":"KevinNgWK"},"content":"            newCommand \u003d new DisplayCommand();"},{"lineNumber":15,"author":{"gitId":"KevinNgWK"},"content":"        } else if (parsedLine[0].equals(\"exit\")) {"},{"lineNumber":16,"author":{"gitId":"KevinNgWK"},"content":"            newCommand \u003d new ExitCommand();"},{"lineNumber":17,"author":{"gitId":"KevinNgWK"},"content":"        } else {"},{"lineNumber":18,"author":{"gitId":"KevinNgWK"},"content":"            throw new DukeExceptions();"},{"lineNumber":19,"author":{"gitId":"KevinNgWK"},"content":"        }"},{"lineNumber":20,"author":{"gitId":"KevinNgWK"},"content":"        return newCommand;"},{"lineNumber":21,"author":{"gitId":"KevinNgWK"},"content":"    }"},{"lineNumber":22,"author":{"gitId":"KevinNgWK"},"content":"}"}],"authorContributionMap":{"KevinNgWK":22}},{"path":"src/main/java/seedu/duke/Duke.java","fileType":"functional-code","lines":[{"lineNumber":1,"author":{"gitId":"-"},"content":"package seedu.duke;"},{"lineNumber":2,"author":{"gitId":"-"},"content":""},{"lineNumber":3,"author":{"gitId":"-"},"content":"import canteens.Canteen;"},{"lineNumber":4,"author":{"gitId":"KevinNgWK"},"content":"import command.Command;"},{"lineNumber":5,"author":{"gitId":"KevinNgWK"},"content":"import command.DisplayCommand;"},{"lineNumber":6,"author":{"gitId":"KevinNgWK"},"content":"import command.ExitCommand;"},{"lineNumber":7,"author":{"gitId":"KevinNgWK"},"content":"import exceptions.DukeExceptions;"},{"lineNumber":8,"author":{"gitId":"KevinNgWK"},"content":"import parser.Parser;"},{"lineNumber":9,"author":{"gitId":"-"},"content":"import storage.Storage;"},{"lineNumber":10,"author":{"gitId":"-"},"content":"import stores.Store;"},{"lineNumber":11,"author":{"gitId":"-"},"content":"import ui.Ui;"},{"lineNumber":12,"author":{"gitId":"-"},"content":""},{"lineNumber":13,"author":{"gitId":"-"},"content":"import java.util.ArrayList;"},{"lineNumber":14,"author":{"gitId":"-"},"content":""},{"lineNumber":15,"author":{"gitId":"-"},"content":"public class Duke {"},{"lineNumber":16,"author":{"gitId":"-"},"content":"    private static ArrayList\u003cCanteen\u003e canteens; // todo: add a canteen manager"},{"lineNumber":17,"author":{"gitId":"-"},"content":"    private static Ui ui;"},{"lineNumber":18,"author":{"gitId":"-"},"content":"    private static Storage storage;"},{"lineNumber":19,"author":{"gitId":"KevinNgWK"},"content":"    private static final String filePath \u003d \"data/storage.txt\";"},{"lineNumber":20,"author":{"gitId":"-"},"content":""},{"lineNumber":21,"author":{"gitId":"-"},"content":"    /**"},{"lineNumber":22,"author":{"gitId":"-"},"content":"     * Main entry-point for the java.duke.Duke application."},{"lineNumber":23,"author":{"gitId":"-"},"content":"     */"},{"lineNumber":24,"author":{"gitId":"-"},"content":"    public static void main(String[] args) {"},{"lineNumber":25,"author":{"gitId":"-"},"content":"        ui \u003d new Ui();"},{"lineNumber":26,"author":{"gitId":"-"},"content":"        storage \u003d new Storage(filePath);"},{"lineNumber":27,"author":{"gitId":"-"},"content":"        canteens \u003d storage.load();"},{"lineNumber":28,"author":{"gitId":"KevinNgWK"},"content":""},{"lineNumber":29,"author":{"gitId":"-"},"content":"        echo();"},{"lineNumber":30,"author":{"gitId":"KevinNgWK"},"content":"        System.exit(0);"},{"lineNumber":31,"author":{"gitId":"-"},"content":"    }"},{"lineNumber":32,"author":{"gitId":"-"},"content":""},{"lineNumber":33,"author":{"gitId":"-"},"content":"    public static void echo() {"},{"lineNumber":34,"author":{"gitId":"KevinNgWK"},"content":"        ui.showWelcome();"},{"lineNumber":35,"author":{"gitId":"-"},"content":"        boolean isExit \u003d false;"},{"lineNumber":36,"author":{"gitId":"-"},"content":"        while (!isExit) {"},{"lineNumber":37,"author":{"gitId":"KevinNgWK"},"content":"            try {"},{"lineNumber":38,"author":{"gitId":"KevinNgWK"},"content":"                String line \u003d ui.readCommand();"},{"lineNumber":39,"author":{"gitId":"KevinNgWK"},"content":"                Command c \u003d Parser.parse(line);"},{"lineNumber":40,"author":{"gitId":"KevinNgWK"},"content":"                c.execute(canteens, ui);"},{"lineNumber":41,"author":{"gitId":"KevinNgWK"},"content":"                isExit \u003d c.isExit();"},{"lineNumber":42,"author":{"gitId":"KevinNgWK"},"content":"            } catch (DukeExceptions e) {"},{"lineNumber":43,"author":{"gitId":"-"},"content":"                ui.showError();"},{"lineNumber":44,"author":{"gitId":"-"},"content":"            }"},{"lineNumber":45,"author":{"gitId":"-"},"content":"        }"},{"lineNumber":46,"author":{"gitId":"-"},"content":"    }"},{"lineNumber":47,"author":{"gitId":"-"},"content":"}"}],"authorContributionMap":{"KevinNgWK":15,"-":32}},{"path":"src/main/java/ui/Ui.java","fileType":"functional-code","lines":[{"lineNumber":1,"author":{"gitId":"-"},"content":"package ui;"},{"lineNumber":2,"author":{"gitId":"-"},"content":""},{"lineNumber":3,"author":{"gitId":"-"},"content":"import canteens.Canteen;"},{"lineNumber":4,"author":{"gitId":"-"},"content":""},{"lineNumber":5,"author":{"gitId":"brynagoh"},"content":"import java.util.ArrayList;"},{"lineNumber":6,"author":{"gitId":"brynagoh"},"content":"import java.util.Scanner;"},{"lineNumber":7,"author":{"gitId":"-"},"content":""},{"lineNumber":8,"author":{"gitId":"-"},"content":"public class Ui {"},{"lineNumber":9,"author":{"gitId":"brynagoh"},"content":"    private static final String LINESPACING \u003d \"-----------------------\";"},{"lineNumber":10,"author":{"gitId":"kangxinwang"},"content":"    private static Scanner userInputScanner;"},{"lineNumber":11,"author":{"gitId":"kangxinwang"},"content":"    private static String line;"},{"lineNumber":12,"author":{"gitId":"-"},"content":""},{"lineNumber":13,"author":{"gitId":"-"},"content":"    public Ui() {"},{"lineNumber":14,"author":{"gitId":"-"},"content":"        userInputScanner \u003d new Scanner(System.in);"},{"lineNumber":15,"author":{"gitId":"-"},"content":"    }"},{"lineNumber":16,"author":{"gitId":"-"},"content":""},{"lineNumber":17,"author":{"gitId":"kangxinwang"},"content":"    public static String readCommand() {"},{"lineNumber":18,"author":{"gitId":"-"},"content":"        line \u003d userInputScanner.nextLine();"},{"lineNumber":19,"author":{"gitId":"-"},"content":"        return line;"},{"lineNumber":20,"author":{"gitId":"-"},"content":"    }"},{"lineNumber":21,"author":{"gitId":"-"},"content":""},{"lineNumber":22,"author":{"gitId":"-"},"content":"    public void showWelcome() {"},{"lineNumber":23,"author":{"gitId":"-"},"content":"        System.out.println(LINESPACING);"},{"lineNumber":24,"author":{"gitId":"JoviYeung92"},"content":"        System.out.println(\"Welcome to our amazing canteen review application!!\");"},{"lineNumber":25,"author":{"gitId":"KevinNgWK"},"content":"        System.out.println(\"You are now viewing canteen The Deck\");"},{"lineNumber":26,"author":{"gitId":"-"},"content":"        System.out.println(LINESPACING);"},{"lineNumber":27,"author":{"gitId":"-"},"content":"    }"},{"lineNumber":28,"author":{"gitId":"-"},"content":""},{"lineNumber":29,"author":{"gitId":"-"},"content":"    public void showGoodbye() {"},{"lineNumber":30,"author":{"gitId":"-"},"content":"        System.out.println(LINESPACING);"},{"lineNumber":31,"author":{"gitId":"-"},"content":"        System.out.println(\"Thank you for using our application! See you again!\");"},{"lineNumber":32,"author":{"gitId":"-"},"content":"        System.out.println(LINESPACING);"},{"lineNumber":33,"author":{"gitId":"-"},"content":"    }"},{"lineNumber":34,"author":{"gitId":"-"},"content":""},{"lineNumber":35,"author":{"gitId":"-"},"content":"    public void showError() {"},{"lineNumber":36,"author":{"gitId":"-"},"content":"        System.out.println(\"Error with input\");"},{"lineNumber":37,"author":{"gitId":"-"},"content":"    }"},{"lineNumber":38,"author":{"gitId":"KevinNgWK"},"content":""},{"lineNumber":39,"author":{"gitId":"KevinNgWK"},"content":"    public void showDisplayStoreMessage() {"},{"lineNumber":40,"author":{"gitId":"KevinNgWK"},"content":"        System.out.println(\"Here\u0027s a list of the stores in the canteen: The Deck\");"},{"lineNumber":41,"author":{"gitId":"KevinNgWK"},"content":"    }"},{"lineNumber":42,"author":{"gitId":"-"},"content":"}"}],"authorContributionMap":{"KevinNgWK":5,"JoviYeung92":1,"kangxinwang":3,"brynagoh":3,"-":30}},{"path":"src/test/java/command/DisplayCommandTest.java","fileType":"test-code","lines":[{"lineNumber":1,"author":{"gitId":"KevinNgWK"},"content":"package command;"},{"lineNumber":2,"author":{"gitId":"KevinNgWK"},"content":""},{"lineNumber":3,"author":{"gitId":"KevinNgWK"},"content":"import canteens.Canteen;"},{"lineNumber":4,"author":{"gitId":"KevinNgWK"},"content":"import org.junit.jupiter.api.AfterEach;"},{"lineNumber":5,"author":{"gitId":"KevinNgWK"},"content":"import org.junit.jupiter.api.BeforeEach;"},{"lineNumber":6,"author":{"gitId":"KevinNgWK"},"content":"import org.junit.jupiter.api.Test;"},{"lineNumber":7,"author":{"gitId":"KevinNgWK"},"content":"import storage.Storage;"},{"lineNumber":8,"author":{"gitId":"KevinNgWK"},"content":"import ui.Ui;"},{"lineNumber":9,"author":{"gitId":"KevinNgWK"},"content":""},{"lineNumber":10,"author":{"gitId":"KevinNgWK"},"content":"import java.io.ByteArrayOutputStream;"},{"lineNumber":11,"author":{"gitId":"KevinNgWK"},"content":"import java.io.PrintStream;"},{"lineNumber":12,"author":{"gitId":"KevinNgWK"},"content":"import java.util.ArrayList;"},{"lineNumber":13,"author":{"gitId":"KevinNgWK"},"content":""},{"lineNumber":14,"author":{"gitId":"KevinNgWK"},"content":"import static org.junit.jupiter.api.Assertions.assertEquals;"},{"lineNumber":15,"author":{"gitId":"KevinNgWK"},"content":""},{"lineNumber":16,"author":{"gitId":"KevinNgWK"},"content":"class DisplayCommandTest {"},{"lineNumber":17,"author":{"gitId":"KevinNgWK"},"content":"    private final PrintStream standardOut \u003d System.out;"},{"lineNumber":18,"author":{"gitId":"KevinNgWK"},"content":"    private final ByteArrayOutputStream outputStreamCaptor \u003d new ByteArrayOutputStream();"},{"lineNumber":19,"author":{"gitId":"KevinNgWK"},"content":""},{"lineNumber":20,"author":{"gitId":"KevinNgWK"},"content":"    @BeforeEach"},{"lineNumber":21,"author":{"gitId":"KevinNgWK"},"content":"    public void setUp() {"},{"lineNumber":22,"author":{"gitId":"KevinNgWK"},"content":"        System.setOut(new PrintStream(outputStreamCaptor));"},{"lineNumber":23,"author":{"gitId":"KevinNgWK"},"content":"    }"},{"lineNumber":24,"author":{"gitId":"KevinNgWK"},"content":""},{"lineNumber":25,"author":{"gitId":"KevinNgWK"},"content":"    @Test"},{"lineNumber":26,"author":{"gitId":"KevinNgWK"},"content":"    public void execute_canteenFromTestData_print() {"},{"lineNumber":27,"author":{"gitId":"KevinNgWK"},"content":"        Storage storage \u003d new Storage(\"data/testStorage.txt\");"},{"lineNumber":28,"author":{"gitId":"KevinNgWK"},"content":"        ArrayList\u003cCanteen\u003e canteens \u003d storage.load();"},{"lineNumber":29,"author":{"gitId":"KevinNgWK"},"content":"        Ui ui \u003d new Ui();"},{"lineNumber":30,"author":{"gitId":"KevinNgWK"},"content":"        Command c \u003d new DisplayCommand();"},{"lineNumber":31,"author":{"gitId":"KevinNgWK"},"content":"        String expectedString \u003d \"Here\u0027s a list of the stores in the canteen: The Deck\\n\""},{"lineNumber":32,"author":{"gitId":"KevinNgWK"},"content":"                + \"1.chicken rice stall\\n\""},{"lineNumber":33,"author":{"gitId":"KevinNgWK"},"content":"                + \"2.Fish rice stall\";"},{"lineNumber":34,"author":{"gitId":"KevinNgWK"},"content":"        expectedString \u003d expectedString.replaceAll("},{"lineNumber":35,"author":{"gitId":"KevinNgWK"},"content":"                \"\\\\n|\\\\r\\\\n\","},{"lineNumber":36,"author":{"gitId":"KevinNgWK"},"content":"                System.getProperty(\"line.separator\")"},{"lineNumber":37,"author":{"gitId":"KevinNgWK"},"content":"        );"},{"lineNumber":38,"author":{"gitId":"KevinNgWK"},"content":"        c.execute(canteens, ui);"},{"lineNumber":39,"author":{"gitId":"KevinNgWK"},"content":"        assertEquals(expectedString, outputStreamCaptor.toString().trim());"},{"lineNumber":40,"author":{"gitId":"KevinNgWK"},"content":"    }"},{"lineNumber":41,"author":{"gitId":"KevinNgWK"},"content":""},{"lineNumber":42,"author":{"gitId":"KevinNgWK"},"content":"    @AfterEach"},{"lineNumber":43,"author":{"gitId":"KevinNgWK"},"content":"    public void tearDown() {"},{"lineNumber":44,"author":{"gitId":"KevinNgWK"},"content":"        System.setOut(standardOut);"},{"lineNumber":45,"author":{"gitId":"KevinNgWK"},"content":"    }"},{"lineNumber":46,"author":{"gitId":"KevinNgWK"},"content":"}"}],"authorContributionMap":{"KevinNgWK":46}},{"path":"src/test/java/command/ExitCommandTest.java","fileType":"test-code","lines":[{"lineNumber":1,"author":{"gitId":"KevinNgWK"},"content":"package command;"},{"lineNumber":2,"author":{"gitId":"KevinNgWK"},"content":""},{"lineNumber":3,"author":{"gitId":"KevinNgWK"},"content":"import canteens.Canteen;"},{"lineNumber":4,"author":{"gitId":"KevinNgWK"},"content":"import org.junit.jupiter.api.AfterEach;"},{"lineNumber":5,"author":{"gitId":"KevinNgWK"},"content":"import org.junit.jupiter.api.BeforeEach;"},{"lineNumber":6,"author":{"gitId":"KevinNgWK"},"content":"import org.junit.jupiter.api.Test;"},{"lineNumber":7,"author":{"gitId":"KevinNgWK"},"content":"import ui.Ui;"},{"lineNumber":8,"author":{"gitId":"KevinNgWK"},"content":""},{"lineNumber":9,"author":{"gitId":"KevinNgWK"},"content":"import java.io.ByteArrayOutputStream;"},{"lineNumber":10,"author":{"gitId":"KevinNgWK"},"content":"import java.io.PrintStream;"},{"lineNumber":11,"author":{"gitId":"KevinNgWK"},"content":"import java.util.ArrayList;"},{"lineNumber":12,"author":{"gitId":"KevinNgWK"},"content":""},{"lineNumber":13,"author":{"gitId":"KevinNgWK"},"content":"import static org.junit.jupiter.api.Assertions.assertEquals;"},{"lineNumber":14,"author":{"gitId":"KevinNgWK"},"content":""},{"lineNumber":15,"author":{"gitId":"KevinNgWK"},"content":"class ExitCommandTest {"},{"lineNumber":16,"author":{"gitId":"KevinNgWK"},"content":"    private final PrintStream standardOut \u003d System.out;"},{"lineNumber":17,"author":{"gitId":"KevinNgWK"},"content":"    private final ByteArrayOutputStream outputStreamCaptor \u003d new ByteArrayOutputStream();"},{"lineNumber":18,"author":{"gitId":"KevinNgWK"},"content":""},{"lineNumber":19,"author":{"gitId":"KevinNgWK"},"content":"    @BeforeEach"},{"lineNumber":20,"author":{"gitId":"KevinNgWK"},"content":"    public void setUp() {"},{"lineNumber":21,"author":{"gitId":"KevinNgWK"},"content":"        System.setOut(new PrintStream(outputStreamCaptor));"},{"lineNumber":22,"author":{"gitId":"KevinNgWK"},"content":"    }"},{"lineNumber":23,"author":{"gitId":"KevinNgWK"},"content":""},{"lineNumber":24,"author":{"gitId":"KevinNgWK"},"content":"    @Test"},{"lineNumber":25,"author":{"gitId":"KevinNgWK"},"content":"    public void execute_null_goodbyeMessage() {"},{"lineNumber":26,"author":{"gitId":"KevinNgWK"},"content":"        ArrayList\u003cCanteen\u003e canteens \u003d new ArrayList\u003c\u003e();"},{"lineNumber":27,"author":{"gitId":"KevinNgWK"},"content":"        Ui ui \u003d new Ui();"},{"lineNumber":28,"author":{"gitId":"KevinNgWK"},"content":"        Command c \u003d new ExitCommand();"},{"lineNumber":29,"author":{"gitId":"KevinNgWK"},"content":"        String expectedString \u003d \"-----------------------\\n\""},{"lineNumber":30,"author":{"gitId":"KevinNgWK"},"content":"                + \"Thank you for using our application! See you again!\\n\""},{"lineNumber":31,"author":{"gitId":"KevinNgWK"},"content":"                + \"-----------------------\";"},{"lineNumber":32,"author":{"gitId":"KevinNgWK"},"content":"        expectedString \u003d expectedString.replaceAll("},{"lineNumber":33,"author":{"gitId":"KevinNgWK"},"content":"                \"\\\\n|\\\\r\\\\n\","},{"lineNumber":34,"author":{"gitId":"KevinNgWK"},"content":"                System.getProperty(\"line.separator\")"},{"lineNumber":35,"author":{"gitId":"KevinNgWK"},"content":"        );"},{"lineNumber":36,"author":{"gitId":"KevinNgWK"},"content":"        c.execute(canteens, ui);"},{"lineNumber":37,"author":{"gitId":"KevinNgWK"},"content":"        assertEquals(expectedString, outputStreamCaptor.toString().trim());"},{"lineNumber":38,"author":{"gitId":"KevinNgWK"},"content":"    }"},{"lineNumber":39,"author":{"gitId":"KevinNgWK"},"content":""},{"lineNumber":40,"author":{"gitId":"KevinNgWK"},"content":"    @AfterEach"},{"lineNumber":41,"author":{"gitId":"KevinNgWK"},"content":"    public void tearDown() {"},{"lineNumber":42,"author":{"gitId":"KevinNgWK"},"content":"        System.setOut(standardOut);"},{"lineNumber":43,"author":{"gitId":"KevinNgWK"},"content":"    }"},{"lineNumber":44,"author":{"gitId":"KevinNgWK"},"content":"}"}],"authorContributionMap":{"KevinNgWK":44}},{"path":"src/test/java/parser/ParserTest.java","fileType":"test-code","lines":[{"lineNumber":1,"author":{"gitId":"KevinNgWK"},"content":"package parser;"},{"lineNumber":2,"author":{"gitId":"KevinNgWK"},"content":""},{"lineNumber":3,"author":{"gitId":"KevinNgWK"},"content":"import command.Command;"},{"lineNumber":4,"author":{"gitId":"KevinNgWK"},"content":"import command.DisplayCommand;"},{"lineNumber":5,"author":{"gitId":"KevinNgWK"},"content":"import command.ExitCommand;"},{"lineNumber":6,"author":{"gitId":"KevinNgWK"},"content":"import exceptions.DukeExceptions;"},{"lineNumber":7,"author":{"gitId":"KevinNgWK"},"content":"import org.junit.jupiter.api.Test;"},{"lineNumber":8,"author":{"gitId":"KevinNgWK"},"content":"import seedu.duke.Duke;"},{"lineNumber":9,"author":{"gitId":"KevinNgWK"},"content":""},{"lineNumber":10,"author":{"gitId":"KevinNgWK"},"content":"import static org.junit.jupiter.api.Assertions.assertThrows;"},{"lineNumber":11,"author":{"gitId":"KevinNgWK"},"content":"import static org.junit.jupiter.api.Assertions.assertTrue;"},{"lineNumber":12,"author":{"gitId":"KevinNgWK"},"content":""},{"lineNumber":13,"author":{"gitId":"KevinNgWK"},"content":""},{"lineNumber":14,"author":{"gitId":"KevinNgWK"},"content":"class ParserTest {"},{"lineNumber":15,"author":{"gitId":"KevinNgWK"},"content":""},{"lineNumber":16,"author":{"gitId":"KevinNgWK"},"content":"    @Test"},{"lineNumber":17,"author":{"gitId":"KevinNgWK"},"content":"    public void parse_list_displayCommand() throws DukeExceptions {"},{"lineNumber":18,"author":{"gitId":"KevinNgWK"},"content":"        Parser parser \u003d new Parser();"},{"lineNumber":19,"author":{"gitId":"KevinNgWK"},"content":"        Command c \u003d parser.parse(\"list\");"},{"lineNumber":20,"author":{"gitId":"KevinNgWK"},"content":"        assertTrue(c instanceof DisplayCommand);"},{"lineNumber":21,"author":{"gitId":"KevinNgWK"},"content":"    }"},{"lineNumber":22,"author":{"gitId":"KevinNgWK"},"content":""},{"lineNumber":23,"author":{"gitId":"KevinNgWK"},"content":"    @Test"},{"lineNumber":24,"author":{"gitId":"KevinNgWK"},"content":"    public void parse_exit_displayCommand() throws DukeExceptions {"},{"lineNumber":25,"author":{"gitId":"KevinNgWK"},"content":"        Parser parser \u003d new Parser();"},{"lineNumber":26,"author":{"gitId":"KevinNgWK"},"content":"        Command c \u003d parser.parse(\"exit\");"},{"lineNumber":27,"author":{"gitId":"KevinNgWK"},"content":"        assertTrue(c instanceof ExitCommand);"},{"lineNumber":28,"author":{"gitId":"KevinNgWK"},"content":"    }"},{"lineNumber":29,"author":{"gitId":"KevinNgWK"},"content":""},{"lineNumber":30,"author":{"gitId":"KevinNgWK"},"content":"    @Test"},{"lineNumber":31,"author":{"gitId":"KevinNgWK"},"content":"    public void parse_faultyCommand_throwException() throws DukeExceptions {"},{"lineNumber":32,"author":{"gitId":"KevinNgWK"},"content":"        Parser parser \u003d new Parser();"},{"lineNumber":33,"author":{"gitId":"KevinNgWK"},"content":"        assertThrows(DukeExceptions.class, () -\u003e {"},{"lineNumber":34,"author":{"gitId":"KevinNgWK"},"content":"            Command c \u003d parser.parse(\"RandomInput\");"},{"lineNumber":35,"author":{"gitId":"KevinNgWK"},"content":"        });"},{"lineNumber":36,"author":{"gitId":"KevinNgWK"},"content":"    }"},{"lineNumber":37,"author":{"gitId":"KevinNgWK"},"content":"}"}],"authorContributionMap":{"KevinNgWK":37}},{"path":"src/test/java/storage/StorageTest.java","fileType":"test-code","lines":[{"lineNumber":1,"author":{"gitId":"KevinNgWK"},"content":"package storage;"},{"lineNumber":2,"author":{"gitId":"KevinNgWK"},"content":""},{"lineNumber":3,"author":{"gitId":"KevinNgWK"},"content":""},{"lineNumber":4,"author":{"gitId":"KevinNgWK"},"content":"import org.junit.jupiter.api.Test;"},{"lineNumber":5,"author":{"gitId":"KevinNgWK"},"content":""},{"lineNumber":6,"author":{"gitId":"KevinNgWK"},"content":"import static org.junit.jupiter.api.Assertions.assertTrue;"},{"lineNumber":7,"author":{"gitId":"KevinNgWK"},"content":""},{"lineNumber":8,"author":{"gitId":"KevinNgWK"},"content":"class StorageTest {"},{"lineNumber":9,"author":{"gitId":"KevinNgWK"},"content":"    @Test"},{"lineNumber":10,"author":{"gitId":"KevinNgWK"},"content":"    public void sampleTest() {"},{"lineNumber":11,"author":{"gitId":"KevinNgWK"},"content":"        assertTrue(true);"},{"lineNumber":12,"author":{"gitId":"KevinNgWK"},"content":"    }"},{"lineNumber":13,"author":{"gitId":"KevinNgWK"},"content":"}"}],"authorContributionMap":{"KevinNgWK":13}}]
