{"authorDailyContributionsMap":{"KevinNgWK":[{"date":"2021-03-09","commitResults":[{"hash":"6284c3e1d375a6c0fd4cd4014bcc2f0d3a8f6f28","messageTitle":"Merged upstream","messageBody":"","fileTypesAndContributionMap":{"functional-code":{"insertions":11,"deletions":2},"other":{"insertions":1,"deletions":1}}}]},{"date":"2021-03-10","commitResults":[{"hash":"917b8d7f8838b100a687f297e818fe16cebbff94","messageTitle":"Added more OOP and some unit test","messageBody":"","fileTypesAndContributionMap":{"functional-code":{"insertions":116,"deletions":45},"other":{"insertions":1,"deletions":1},"test-code":{"insertions":96,"deletions":0}}},{"hash":"99718cfc9e5529cf8ff7e0b5aa138042296a97bb","messageTitle":"Fixed checkstyle issues","messageBody":"","fileTypesAndContributionMap":{"test-code":{"insertions":8,"deletions":9}}},{"hash":"84f88b4b73228d0ca80fcfa32325dae72e0b5ce9","messageTitle":"Fixed Unit Test for displayCommandTest and ExitCommandTest","messageBody":"","fileTypesAndContributionMap":{"test-code":{"insertions":12,"deletions":4}}}]},{"date":"2021-03-11","commitResults":[{"hash":"11c8735b66de5b3e03d193fb9c67986d48904f06","messageTitle":"Added parser test","messageBody":"","fileTypesAndContributionMap":{"test-code":{"insertions":35,"deletions":0}}},{"hash":"83b37dd3bd44dc9908a3b81444561ee70a553064","messageTitle":"Fixed checkstyle for parser test","messageBody":"","fileTypesAndContributionMap":{"test-code":{"insertions":3,"deletions":1}}}]},{"date":"2021-03-16","commitResults":[{"hash":"034b091990e3d583c0a7b1d80570dda9ff8ef5ed","messageTitle":"Added Saving Functionality","messageBody":"","fileTypesAndContributionMap":{"functional-code":{"insertions":65,"deletions":3}}}]},{"date":"2021-03-17","commitResults":[{"hash":"9e0e3b35f73d662dcf9a2d7b41bf836268299e70","messageTitle":"Update user guide","messageBody":"","fileTypesAndContributionMap":{"docs":{"insertions":11,"deletions":0}}},{"hash":"9365974734efc9c63730a9237ff49c14a0319440","messageTitle":"Added assertions","messageBody":"","fileTypesAndContributionMap":{"functional-code":{"insertions":1,"deletions":0}}}]}],"JoviYeung92":[{"date":"2021-03-07","commitResults":[{"hash":"405ec38eb9788ad0f0d081be55d5ea4a85ba7edb","messageTitle":"try fix CI","messageBody":"","fileTypesAndContributionMap":{"functional-code":{"insertions":1,"deletions":1}}}]},{"date":"2021-03-12","commitResults":[{"hash":"3d4a065e446ee8ce31a4777d0b78c3fc53568ab7","messageTitle":"test","messageBody":"","fileTypesAndContributionMap":{"functional-code":{"insertions":8,"deletions":6}}}]},{"date":"2021-03-15","commitResults":[{"hash":"459443963d820ea99a272ef827c94395488047f5","messageTitle":"added admin verification and admin add store","messageBody":"","fileTypesAndContributionMap":{"functional-code":{"insertions":181,"deletions":12},"test-code":{"insertions":27,"deletions":13}}},{"hash":"7abe98026b59b60b515d031ddec7223fe6d69732","messageTitle":"Revert \"Added admin verification and admin add store\"","messageBody":"","fileTypesAndContributionMap":{"functional-code":{"insertions":10,"deletions":180},"test-code":{"insertions":13,"deletions":27}}}]},{"date":"2021-03-16","commitResults":[{"hash":"3caff222742d69f16602fe1c5e8cb57bd43f4f68","messageTitle":"added admin verification","messageBody":"","fileTypesAndContributionMap":{"functional-code":{"insertions":52,"deletions":3}}},{"hash":"8d1ae4b150ed3a44ab7b27352b30bf4265f61655","messageTitle":"added addStore for admin","messageBody":"","fileTypesAndContributionMap":{"functional-code":{"insertions":122,"deletions":9}}},{"hash":"d267a80319dd44e3163b3bb5e3eab91c016bf394","messageTitle":"fix runtest and checkstyle","messageBody":"","fileTypesAndContributionMap":{"functional-code":{"insertions":8,"deletions":2},"test-code":{"insertions":6,"deletions":4}}},{"hash":"f49416ac99a990bae5b00b702dce446f8a2380b0","messageTitle":"added Junit","messageBody":"","fileTypesAndContributionMap":{"test-code":{"insertions":33,"deletions":0}}}]},{"date":"2021-03-17","commitResults":[{"hash":"4ddcda28a07f7767dd4e71b1e33e685386310561","messageTitle":"add logo","messageBody":"","fileTypesAndContributionMap":{"functional-code":{"insertions":12,"deletions":4},"other":{"insertions":7,"deletions":6},"test-code":{"insertions":1,"deletions":2}}}]},{"date":"2021-03-18","commitResults":[{"hash":"9f178392e7631ad08113ede9763422f04eef0bf2","messageTitle":"add logo, fixed runtest","messageBody":"","fileTypesAndContributionMap":{"other":{"insertions":8,"deletions":8}}}]}],"nagiteja":[{"date":"2021-03-07","commitResults":[{"hash":"5b40cfc70dd4942086e89433fd5a942f2555ae82","messageTitle":"Add Nagi","messageBody":"","fileTypesAndContributionMap":{"docs":{"insertions":1,"deletions":1}}}]},{"date":"2021-03-15","commitResults":[{"hash":"386d13b2567303638cbc40cdd0f8e11dade4d2a9","messageTitle":"Add add reviews command","messageBody":"","fileTypesAndContributionMap":{"functional-code":{"insertions":48,"deletions":7},"test-code":{"insertions":30,"deletions":0}}},{"hash":"f358fa73ba4fb8af642ac98a8181a12c6c542ecb","messageTitle":"Add \"Add\" command and passes all the tests","messageBody":"","fileTypesAndContributionMap":{"functional-code":{"insertions":14,"deletions":10},"test-code":{"insertions":0,"deletions":1}}}]},{"date":"2021-03-17","commitResults":[{"hash":"072a1c0c83e5e294d128b6664e703e6cc0a533a5","messageTitle":"Changed AddCommand to AddReviewCommand","messageBody":"","fileTypesAndContributionMap":{"functional-code":{"insertions":2,"deletions":2},"other":{"insertions":5,"deletions":7}}}]}],"kangxinwang":[{"date":"2021-03-07","commitResults":[{"hash":"7a44e256e4b80cc879205f55a804c90bc422bb77","messageTitle":"tried fixing errors","messageBody":"","fileTypesAndContributionMap":{"functional-code":{"insertions":4,"deletions":3}}}]},{"date":"2021-03-13","commitResults":[{"hash":"3f16068f13127837fb02f48dd2daff34ab4d39f0","messageTitle":"added read command","messageBody":"","fileTypesAndContributionMap":{"functional-code":{"insertions":81,"deletions":5},"test-code":{"insertions":28,"deletions":2}}}]},{"date":"2021-03-14","commitResults":[{"hash":"13123ebcb6b08e5d24be990b4da8567813096ecf","messageTitle":"removed unused imports and enabled assertions","messageBody":"","fileTypesAndContributionMap":{"functional-code":{"insertions":43,"deletions":28},"other":{"insertions":1,"deletions":0},"test-code":{"insertions":1,"deletions":1}}},{"hash":"1ecf0606dd57378c172e71df259890d44ed19693","messageTitle":"added read command for parsertest","messageBody":"","fileTypesAndContributionMap":{"test-code":{"insertions":15,"deletions":4}}},{"hash":"8c05c8ff98bc161dc91033bbc06119180e837f13","messageTitle":"fixed junit tests","messageBody":"","fileTypesAndContributionMap":{"test-code":{"insertions":29,"deletions":7}}}]},{"date":"2021-03-17","commitResults":[{"hash":"b0ec666139bf127aa5c3f936c9f079dba9ffeb27","messageTitle":"update user guide","messageBody":"","fileTypesAndContributionMap":{"docs":{"insertions":11,"deletions":0}}},{"hash":"4d245bc0a9b646d9c41a69ec042e4acbf9eaaede","messageTitle":"add assertions","messageBody":"","fileTypesAndContributionMap":{"functional-code":{"insertions":2,"deletions":0}}},{"hash":"6ead2a75644264c6b35a29325d21e761a540ee1d","messageTitle":"add proper assertions","messageBody":"","fileTypesAndContributionMap":{"functional-code":{"insertions":2,"deletions":2}}}]},{"date":"2021-03-19","commitResults":[{"hash":"72c150e388d7c4915ef71a9f35e64d8be4b066c8","messageTitle":"change assertions","messageBody":"","fileTypesAndContributionMap":{"functional-code":{"insertions":1,"deletions":1}}}]}],"brynagoh":[{"date":"2021-03-07","commitResults":[{"hash":"f389bde600fdd8a755bfa9a2666c0090da9e7739","messageTitle":"Rename Canteen class and fix checkstyle errors","messageBody":"","fileTypesAndContributionMap":{"functional-code":{"insertions":11,"deletions":10},"other":{"insertions":1,"deletions":1}}},{"hash":"ed0ba95fc66cd566a77857bd95316dbb84d26bd4","messageTitle":"Update runtest.sh","messageBody":"","fileTypesAndContributionMap":{"other":{"insertions":0,"deletions":0}}},{"hash":"786d6a276fa2f0033165b3945c6c991e3846e8f9","messageTitle":"Add tests by adding args","messageBody":"Co-Authored-By: KevinNgWK \u003c63909191+KevinNgWK@users.noreply.github.com\u003e\n","fileTypesAndContributionMap":{"functional-code":{"insertions":8,"deletions":3},"other":{"insertions":2,"deletions":2}}},{"hash":"1fec6588351f1b93bdef74bdec54f987dc0d5e49","messageTitle":"Fix checkstyle","messageBody":"","fileTypesAndContributionMap":{"functional-code":{"insertions":0,"deletions":1}}},{"hash":"2192c5c2ed2dbde65cb25e16c3318aaec5196263","messageTitle":"Fix linux/mac test arg","messageBody":"","fileTypesAndContributionMap":{"other":{"insertions":1,"deletions":1}}},{"hash":"64535e161ea2bfbce2572d7cf7c9de1e45ca2e98","messageTitle":"Remove tests","messageBody":"","fileTypesAndContributionMap":{"functional-code":{"insertions":1,"deletions":5},"other":{"insertions":2,"deletions":2}}}]},{"date":"2021-03-14","commitResults":[{"hash":"8752e06715ff5ce91398d6d23e1ffac18e10c865","messageTitle":"Add price and highlight menu for store, and related tests","messageBody":"- updates UserGuide for menu command\n- adds exception messages to DukeExceptions\n- updates storage to include menu prices\n","fileTypesAndContributionMap":{"functional-code":{"insertions":151,"deletions":23},"other":{"insertions":1,"deletions":1},"docs":{"insertions":12,"deletions":0},"test-code":{"insertions":37,"deletions":8}}},{"hash":"a6cd99a3ad00ba9ecf2c71f34520226b9ea96923","messageTitle":"Fix test imports for checkstyle","messageBody":"","fileTypesAndContributionMap":{"test-code":{"insertions":3,"deletions":2}}},{"hash":"e147836fd530a9c091cc5c503ac0c88be9d08571","messageTitle":"Update ui tests, EXPECTED.txt","messageBody":"","fileTypesAndContributionMap":{"functional-code":{"insertions":4,"deletions":0}}}]},{"date":"2021-03-17","commitResults":[{"hash":"290453bf538871ce49017cd17d12f4aec5eed917","messageTitle":"Fix menu keyword check to show correct exception message","messageBody":"","fileTypesAndContributionMap":{"functional-code":{"insertions":1,"deletions":4}}}]}]},"authorFileTypeContributionMap":{"KevinNgWK":{"docs":11,"functional-code":165,"test-code":118},"JoviYeung92":{"docs":0,"functional-code":190,"test-code":49,"other":2},"nagiteja":{"docs":1,"functional-code":44,"test-code":27},"kangxinwang":{"docs":11,"functional-code":89,"test-code":61,"other":1},"brynagoh":{"docs":12,"functional-code":144,"test-code":29}},"authorContributionVariance":{"KevinNgWK":5311.9746,"JoviYeung92":15590.196,"nagiteja":751.1822,"kangxinwang":1702.8624,"brynagoh":3684.6487},"authorDisplayNameMap":{"KevinNgWK":"CS2113-T10-4 NG W..EVIN","JoviYeung92":"CS2113-T10-4 YEUN..SENG","nagiteja":"CS2113-T10-4 VALL..TEJA","kangxinwang":"CS2113-T10-4 WANG..GXIN","brynagoh":"CS2113-T10-4 GOH ..RYNA"}}
