{"authorDailyContributionsMap":{"KevinNgWK":[{"date":"2021-03-09","commitResults":[{"hash":"6284c3e1d375a6c0fd4cd4014bcc2f0d3a8f6f28","messageTitle":"Merged upstream","messageBody":"","fileTypesAndContributionMap":{"functional-code":{"insertions":11,"deletions":2},"other":{"insertions":1,"deletions":1}}}]},{"date":"2021-03-10","commitResults":[{"hash":"917b8d7f8838b100a687f297e818fe16cebbff94","messageTitle":"Added more OOP and some unit test","messageBody":"","fileTypesAndContributionMap":{"functional-code":{"insertions":116,"deletions":45},"other":{"insertions":1,"deletions":1},"test-code":{"insertions":96,"deletions":0}}},{"hash":"99718cfc9e5529cf8ff7e0b5aa138042296a97bb","messageTitle":"Fixed checkstyle issues","messageBody":"","fileTypesAndContributionMap":{"test-code":{"insertions":8,"deletions":9}}},{"hash":"84f88b4b73228d0ca80fcfa32325dae72e0b5ce9","messageTitle":"Fixed Unit Test for displayCommandTest and ExitCommandTest","messageBody":"","fileTypesAndContributionMap":{"test-code":{"insertions":12,"deletions":4}}}]},{"date":"2021-03-11","commitResults":[{"hash":"11c8735b66de5b3e03d193fb9c67986d48904f06","messageTitle":"Added parser test","messageBody":"","fileTypesAndContributionMap":{"test-code":{"insertions":35,"deletions":0}}},{"hash":"83b37dd3bd44dc9908a3b81444561ee70a553064","messageTitle":"Fixed checkstyle for parser test","messageBody":"","fileTypesAndContributionMap":{"test-code":{"insertions":3,"deletions":1}}}]}],"JoviYeung92":[{"date":"2021-03-07","commitResults":[{"hash":"405ec38eb9788ad0f0d081be55d5ea4a85ba7edb","messageTitle":"try fix CI","messageBody":"","fileTypesAndContributionMap":{"functional-code":{"insertions":1,"deletions":1}}}]}],"nagiteja":[{"date":"2021-03-07","commitResults":[{"hash":"5b40cfc70dd4942086e89433fd5a942f2555ae82","messageTitle":"Add Nagi","messageBody":"","fileTypesAndContributionMap":{"docs":{"insertions":1,"deletions":1}}}]}],"kangxinwang":[{"date":"2021-03-07","commitResults":[{"hash":"7a44e256e4b80cc879205f55a804c90bc422bb77","messageTitle":"tried fixing errors","messageBody":"","fileTypesAndContributionMap":{"functional-code":{"insertions":4,"deletions":3}}}]},{"date":"2021-03-13","commitResults":[{"hash":"3f16068f13127837fb02f48dd2daff34ab4d39f0","messageTitle":"added read command","messageBody":"","fileTypesAndContributionMap":{"functional-code":{"insertions":81,"deletions":5},"test-code":{"insertions":28,"deletions":2}}}]},{"date":"2021-03-14","commitResults":[{"hash":"13123ebcb6b08e5d24be990b4da8567813096ecf","messageTitle":"removed unused imports and enabled assertions","messageBody":"","fileTypesAndContributionMap":{"functional-code":{"insertions":43,"deletions":28},"other":{"insertions":1,"deletions":0},"test-code":{"insertions":1,"deletions":1}}},{"hash":"1ecf0606dd57378c172e71df259890d44ed19693","messageTitle":"added read command for parsertest","messageBody":"","fileTypesAndContributionMap":{"test-code":{"insertions":15,"deletions":4}}},{"hash":"8c05c8ff98bc161dc91033bbc06119180e837f13","messageTitle":"fixed junit tests","messageBody":"","fileTypesAndContributionMap":{"test-code":{"insertions":29,"deletions":7}}}]}],"brynagoh":[{"date":"2021-03-07","commitResults":[{"hash":"f389bde600fdd8a755bfa9a2666c0090da9e7739","messageTitle":"Rename Canteen class and fix checkstyle errors","messageBody":"","fileTypesAndContributionMap":{"functional-code":{"insertions":11,"deletions":10},"other":{"insertions":1,"deletions":1}}},{"hash":"786d6a276fa2f0033165b3945c6c991e3846e8f9","messageTitle":"Add tests by adding args","messageBody":"Co-Authored-By: KevinNgWK \u003c63909191+KevinNgWK@users.noreply.github.com\u003e\n","fileTypesAndContributionMap":{"functional-code":{"insertions":8,"deletions":3},"other":{"insertions":2,"deletions":2}}},{"hash":"1fec6588351f1b93bdef74bdec54f987dc0d5e49","messageTitle":"Fix checkstyle","messageBody":"","fileTypesAndContributionMap":{"functional-code":{"insertions":0,"deletions":1}}},{"hash":"2192c5c2ed2dbde65cb25e16c3318aaec5196263","messageTitle":"Fix linux/mac test arg","messageBody":"","fileTypesAndContributionMap":{"other":{"insertions":1,"deletions":1}}},{"hash":"64535e161ea2bfbce2572d7cf7c9de1e45ca2e98","messageTitle":"Remove tests","messageBody":"","fileTypesAndContributionMap":{"functional-code":{"insertions":1,"deletions":5},"other":{"insertions":2,"deletions":2}}}]},{"date":"2021-03-14","commitResults":[{"hash":"8752e06715ff5ce91398d6d23e1ffac18e10c865","messageTitle":"Add price and highlight menu for store, and related tests","messageBody":"- updates UserGuide for menu command\n- adds exception messages to DukeExceptions\n- updates storage to include menu prices\n","fileTypesAndContributionMap":{"functional-code":{"insertions":151,"deletions":23},"other":{"insertions":1,"deletions":1},"docs":{"insertions":12,"deletions":0},"test-code":{"insertions":37,"deletions":8}}},{"hash":"a6cd99a3ad00ba9ecf2c71f34520226b9ea96923","messageTitle":"Fix test imports for checkstyle","messageBody":"","fileTypesAndContributionMap":{"test-code":{"insertions":3,"deletions":2}}},{"hash":"e147836fd530a9c091cc5c503ac0c88be9d08571","messageTitle":"Update ui tests, EXPECTED.txt","messageBody":"","fileTypesAndContributionMap":{"functional-code":{"insertions":4,"deletions":0}}}]}]},"authorFileTypeContributionMap":{"KevinNgWK":{"docs":0,"functional-code":102,"test-code":130},"JoviYeung92":{"docs":0,"functional-code":1,"test-code":0},"nagiteja":{"docs":1,"functional-code":0,"test-code":0},"kangxinwang":{"docs":0,"functional-code":95,"test-code":64,"other":1},"brynagoh":{"docs":12,"functional-code":151,"test-code":35}},"authorContributionVariance":{"KevinNgWK":7503.8384,"JoviYeung92":0.35999995,"nagiteja":0.35999995,"kangxinwang":2379.56,"brynagoh":5258.01},"authorDisplayNameMap":{"KevinNgWK":"CS2113-T10-4 NG W..EVIN","JoviYeung92":"CS2113-T10-4 YEUN..SENG","nagiteja":"CS2113-T10-4 VALL..TEJA","kangxinwang":"CS2113-T10-4 WANG..GXIN","brynagoh":"CS2113-T10-4 GOH ..RYNA"}}
