{"authorDailyContributionsMap":{"KevinNgWK":[{"date":"2021-03-09","commitResults":[{"hash":"6284c3e1d375a6c0fd4cd4014bcc2f0d3a8f6f28","messageTitle":"Merged upstream","messageBody":"","fileTypesAndContributionMap":{"functional-code":{"insertions":11,"deletions":2},"other":{"insertions":1,"deletions":1}}}]},{"date":"2021-03-10","commitResults":[{"hash":"917b8d7f8838b100a687f297e818fe16cebbff94","messageTitle":"Added more OOP and some unit test","messageBody":"","fileTypesAndContributionMap":{"functional-code":{"insertions":116,"deletions":45},"other":{"insertions":1,"deletions":1},"test-code":{"insertions":96,"deletions":0}}},{"hash":"99718cfc9e5529cf8ff7e0b5aa138042296a97bb","messageTitle":"Fixed checkstyle issues","messageBody":"","fileTypesAndContributionMap":{"test-code":{"insertions":8,"deletions":9}}},{"hash":"84f88b4b73228d0ca80fcfa32325dae72e0b5ce9","messageTitle":"Fixed Unit Test for displayCommandTest and ExitCommandTest","messageBody":"","fileTypesAndContributionMap":{"test-code":{"insertions":12,"deletions":4}}}]},{"date":"2021-03-11","commitResults":[{"hash":"11c8735b66de5b3e03d193fb9c67986d48904f06","messageTitle":"Added parser test","messageBody":"","fileTypesAndContributionMap":{"test-code":{"insertions":35,"deletions":0}}},{"hash":"83b37dd3bd44dc9908a3b81444561ee70a553064","messageTitle":"Fixed checkstyle for parser test","messageBody":"","fileTypesAndContributionMap":{"test-code":{"insertions":3,"deletions":1}}}]},{"date":"2021-03-16","commitResults":[{"hash":"034b091990e3d583c0a7b1d80570dda9ff8ef5ed","messageTitle":"Added Saving Functionality","messageBody":"","fileTypesAndContributionMap":{"functional-code":{"insertions":65,"deletions":3}}}]},{"date":"2021-03-17","commitResults":[{"hash":"9e0e3b35f73d662dcf9a2d7b41bf836268299e70","messageTitle":"Update user guide","messageBody":"","fileTypesAndContributionMap":{"docs":{"insertions":11,"deletions":0}}},{"hash":"9365974734efc9c63730a9237ff49c14a0319440","messageTitle":"Added assertions","messageBody":"","fileTypesAndContributionMap":{"functional-code":{"insertions":1,"deletions":0}}}]},{"date":"2021-03-24","commitResults":[{"hash":"aaa11a59187c304fafebea5de5ceb3c6155f2cf4","messageTitle":"clean up checkUser","messageBody":"","fileTypesAndContributionMap":{"functional-code":{"insertions":12,"deletions":19}}},{"hash":"16eed66ad18fc70460fa7038f3e69d4e6ce94adc","messageTitle":"Changed some comment","messageBody":"","fileTypesAndContributionMap":{"functional-code":{"insertions":1,"deletions":1}}},{"hash":"40dbd3eae789c4a01ae8a718d8cdb5e68ec923fa","messageTitle":"Added HomeCommand","messageBody":"","fileTypesAndContributionMap":{"functional-code":{"insertions":36,"deletions":16},"other":{"insertions":2,"deletions":4}}},{"hash":"d9f9f3cb5552694e6ef81d22fbdbafdaad3f1bf7","messageTitle":"Fixed Checkstyle","messageBody":"","fileTypesAndContributionMap":{"functional-code":{"insertions":12,"deletions":1}}}]},{"date":"2021-03-26","commitResults":[{"hash":"bd3e78adc9f81fe0fbcf9bb3cd0bbd1d1870ff0d","messageTitle":"Added cancellation when adding review","messageBody":"","fileTypesAndContributionMap":{"functional-code":{"insertions":36,"deletions":23}}},{"hash":"073e7dcf41897092a4bc5fa1be3da4df7289838f","messageTitle":"Fixed checkstyle","messageBody":"","fileTypesAndContributionMap":{"functional-code":{"insertions":1,"deletions":2}}}]},{"date":"2021-03-31","commitResults":[{"hash":"f771c3b7f7cf865ef919381a89cb60e535db59e8","messageTitle":"Added HomeCommand test","messageBody":"","fileTypesAndContributionMap":{"functional-code":{"insertions":17,"deletions":6},"test-code":{"insertions":21,"deletions":2}}},{"hash":"6777f0576b1334e4047f8b1cbdd054cbfde45d8a","messageTitle":"Updated DeveloperGuide","messageBody":"","fileTypesAndContributionMap":{"functional-code":{"insertions":0,"deletions":2},"docs":{"insertions":55,"deletions":1},"test-code":{"insertions":1,"deletions":1}}}]},{"date":"2021-04-04","commitResults":[{"hash":"bbe7d18351d5518a5be932a86bd4ae4d1eee5f84","messageTitle":"Fixed adding menus","messageBody":"","fileTypesAndContributionMap":{"functional-code":{"insertions":36,"deletions":4}}},{"hash":"c2afda3067e0dd8d3833d4f728bd92c4217d9569","messageTitle":"Fixed empty canteen issues for public user","messageBody":"","fileTypesAndContributionMap":{"functional-code":{"insertions":4,"deletions":0}}},{"hash":"63ef1ae8254767435c0e0a45c2b0cf49b261ff38","messageTitle":"Fixed index issue for adding menu","messageBody":"","fileTypesAndContributionMap":{"functional-code":{"insertions":4,"deletions":0}}},{"hash":"57ed6f18b29603a8830e051c941e23d20d279fd5","messageTitle":"Fixed Add Menu","messageBody":"","fileTypesAndContributionMap":{"functional-code":{"insertions":1,"deletions":1}}}]},{"date":"2021-04-07","commitResults":[{"hash":"dc320d424bd34f04d2614f70e238b37d9fafaf35","messageTitle":"Fixed Admin Verification","messageBody":"","fileTypesAndContributionMap":{"functional-code":{"insertions":1,"deletions":0}}},{"hash":"3ac07a89998b769295f66777100e2d19f6a31f5d","messageTitle":"Added feature to allow users to return","messageBody":"","fileTypesAndContributionMap":{"functional-code":{"insertions":10,"deletions":1}}},{"hash":"680a7228634e73abaadede38e4cdda954fad3c27","messageTitle":"Added test for main","messageBody":"","fileTypesAndContributionMap":{"functional-code":{"insertions":2,"deletions":1},"test-code":{"insertions":28,"deletions":2}}},{"hash":"3ad22a349b6d42819a136d94a64200eea36a75b4","messageTitle":"Added tests for main","messageBody":"","fileTypesAndContributionMap":{"test-code":{"insertions":23,"deletions":10}}},{"hash":"9ceff919bd4e897bebad647c4f08f37227cfe7aa","messageTitle":"Fix Checkstyle","messageBody":"","fileTypesAndContributionMap":{"test-code":{"insertions":5,"deletions":3}}},{"hash":"1075a894d025579a3fe21d3bf78e0e87d05de815","messageTitle":"Fixed Checkstype Main","messageBody":"","fileTypesAndContributionMap":{"functional-code":{"insertions":3,"deletions":1}}}]},{"date":"2021-04-11","commitResults":[{"hash":"4ca23cb78be46c280049e80829af63b23f75c9f4","messageTitle":"Updated Developer Guide","messageBody":"","fileTypesAndContributionMap":{"docs":{"insertions":22,"deletions":9}}},{"hash":"fd8fbd7d36c314d1871aefc1b92c8f00496bc276","messageTitle":"Uncomment in developer guide","messageBody":"","fileTypesAndContributionMap":{"docs":{"insertions":1,"deletions":1}}},{"hash":"0c8574c36b4f7838d92d53821392beafdf549e03","messageTitle":"Added JavaDoc","messageBody":"","fileTypesAndContributionMap":{"functional-code":{"insertions":48,"deletions":3}}},{"hash":"13f1e03d114878b9fc6a9d3730f89de4d63dec20","messageTitle":"Fixed Checkstyle","messageBody":"","fileTypesAndContributionMap":{"functional-code":{"insertions":21,"deletions":21}}},{"hash":"60d4ff720671c30768bb90c955bb98a5ea7f8c56","messageTitle":"Added contribution and updated developer guide","messageBody":"","fileTypesAndContributionMap":{"docs":{"insertions":62,"deletions":2}}}]}],"JoviYeung92":[{"date":"2021-03-07","commitResults":[{"hash":"405ec38eb9788ad0f0d081be55d5ea4a85ba7edb","messageTitle":"try fix CI","messageBody":"","fileTypesAndContributionMap":{"functional-code":{"insertions":1,"deletions":1}}}]},{"date":"2021-03-12","commitResults":[{"hash":"3d4a065e446ee8ce31a4777d0b78c3fc53568ab7","messageTitle":"test","messageBody":"","fileTypesAndContributionMap":{"functional-code":{"insertions":8,"deletions":6}}}]},{"date":"2021-03-15","commitResults":[{"hash":"459443963d820ea99a272ef827c94395488047f5","messageTitle":"added admin verification and admin add store","messageBody":"","fileTypesAndContributionMap":{"functional-code":{"insertions":181,"deletions":12},"test-code":{"insertions":27,"deletions":13}}},{"hash":"7abe98026b59b60b515d031ddec7223fe6d69732","messageTitle":"Revert \"Added admin verification and admin add store\"","messageBody":"","fileTypesAndContributionMap":{"functional-code":{"insertions":10,"deletions":180},"test-code":{"insertions":13,"deletions":27}}}]},{"date":"2021-03-16","commitResults":[{"hash":"3caff222742d69f16602fe1c5e8cb57bd43f4f68","messageTitle":"added admin verification","messageBody":"","fileTypesAndContributionMap":{"functional-code":{"insertions":52,"deletions":3}}},{"hash":"8d1ae4b150ed3a44ab7b27352b30bf4265f61655","messageTitle":"added addStore for admin","messageBody":"","fileTypesAndContributionMap":{"functional-code":{"insertions":122,"deletions":9}}},{"hash":"d267a80319dd44e3163b3bb5e3eab91c016bf394","messageTitle":"fix runtest and checkstyle","messageBody":"","fileTypesAndContributionMap":{"functional-code":{"insertions":8,"deletions":2},"test-code":{"insertions":6,"deletions":4}}},{"hash":"f49416ac99a990bae5b00b702dce446f8a2380b0","messageTitle":"added Junit","messageBody":"","fileTypesAndContributionMap":{"test-code":{"insertions":33,"deletions":0}}}]},{"date":"2021-03-17","commitResults":[{"hash":"4ddcda28a07f7767dd4e71b1e33e685386310561","messageTitle":"add logo","messageBody":"","fileTypesAndContributionMap":{"functional-code":{"insertions":12,"deletions":4},"other":{"insertions":7,"deletions":6},"test-code":{"insertions":1,"deletions":2}}}]},{"date":"2021-03-18","commitResults":[{"hash":"9f178392e7631ad08113ede9763422f04eef0bf2","messageTitle":"add logo, fixed runtest","messageBody":"","fileTypesAndContributionMap":{"other":{"insertions":8,"deletions":8}}}]},{"date":"2021-03-20","commitResults":[{"hash":"49edfa93887a6e61c33cab12474c5c6df0c8881f","messageTitle":"adjust logo","messageBody":"","fileTypesAndContributionMap":{"functional-code":{"insertions":10,"deletions":6}}}]},{"date":"2021-03-21","commitResults":[{"hash":"31a2334bec23bb1a621c78b9a8e9170bdf3f40e4","messageTitle":"restructure stores","messageBody":"","fileTypesAndContributionMap":{"functional-code":{"insertions":70,"deletions":32}}},{"hash":"d99f8a7d39f5022c68a97dfee7a7ef0e06daed4c","messageTitle":"restructure StoreMenu","messageBody":"","fileTypesAndContributionMap":{"functional-code":{"insertions":39,"deletions":56},"test-code":{"insertions":9,"deletions":9}}},{"hash":"f465b9bcaa32a28cf3f9df719b800943efe82ca5","messageTitle":"restructure add reviews, read reviews and list","messageBody":"","fileTypesAndContributionMap":{"functional-code":{"insertions":40,"deletions":12},"other":{"insertions":22,"deletions":14},"test-code":{"insertions":3,"deletions":3}}},{"hash":"8647edad01c5580c18344514585f92f9eacfb51d","messageTitle":"restructure exit command","messageBody":"","fileTypesAndContributionMap":{"functional-code":{"insertions":3,"deletions":34}}}]},{"date":"2021-03-23","commitResults":[{"hash":"257b89db4968870eac897743dbc993ec149d6b60","messageTitle":"v1.0 final touch up","messageBody":"","fileTypesAndContributionMap":{"functional-code":{"insertions":25,"deletions":27},"other":{"insertions":2,"deletions":2},"test-code":{"insertions":0,"deletions":245}}}]},{"date":"2021-03-25","commitResults":[{"hash":"6d9df680f152aef1f0bad8018bc9e1383ba236af","messageTitle":"assertions","messageBody":"","fileTypesAndContributionMap":{"functional-code":{"insertions":3,"deletions":6},"test-code":{"insertions":1,"deletions":0}}},{"hash":"c061d1a1ff2423dbeecb0cfcd3574f4fb987fae3","messageTitle":"added test","messageBody":"","fileTypesAndContributionMap":{"functional-code":{"insertions":2,"deletions":0},"test-code":{"insertions":97,"deletions":33}}},{"hash":"f120a0b6420d2e263452f2530114fb6eb2453d36","messageTitle":"added DG project description","messageBody":"","fileTypesAndContributionMap":{"docs":{"insertions":10,"deletions":1}}},{"hash":"c5d4284feb5633572af8e888366129ebe630ff80","messageTitle":"added more DG project description","messageBody":"","fileTypesAndContributionMap":{"docs":{"insertions":15,"deletions":1}}}]},{"date":"2021-03-31","commitResults":[{"hash":"fe3e5fc19b788604646ae3286e3998c7eb3e954b","messageTitle":"read data","messageBody":"","fileTypesAndContributionMap":{"functional-code":{"insertions":86,"deletions":17},"test-code":{"insertions":2,"deletions":0}}},{"hash":"ccc4fda10e586c46b7a207f4d99be3bfd6ec15c1","messageTitle":"read data checkstyle fixed","messageBody":"","fileTypesAndContributionMap":{"functional-code":{"insertions":43,"deletions":43}}},{"hash":"630a22766e91caf71864f1f8d0c65c41c760a962","messageTitle":"read data checkstyle fixed","messageBody":"","fileTypesAndContributionMap":{"functional-code":{"insertions":0,"deletions":1}}}]},{"date":"2021-04-01","commitResults":[{"hash":"df2ace8cd2fb7002db303a9bf3386a16b7790e8c","messageTitle":"rework writing to file","messageBody":"","fileTypesAndContributionMap":{"functional-code":{"insertions":58,"deletions":9}}},{"hash":"244b6a83d5fd4e93dd9192002739a28d3d73e8a8","messageTitle":"rework writing to file","messageBody":"","fileTypesAndContributionMap":{"functional-code":{"insertions":2,"deletions":2}}},{"hash":"42af027d4c25cfe7f859f3237d50ecc253912133","messageTitle":"Updated DG with addStore","messageBody":"","fileTypesAndContributionMap":{"functional-code":{"insertions":1,"deletions":3},"docs":{"insertions":29,"deletions":0}}}]},{"date":"2021-04-02","commitResults":[{"hash":"5e0ec6e587c883f865b54bfabb8c053c8cc2aaef","messageTitle":"restructure reading from file","messageBody":"","fileTypesAndContributionMap":{"functional-code":{"insertions":58,"deletions":98}}},{"hash":"d055a62d8cc2125e1fcd6afa7b3cb2a9f45e6742","messageTitle":"1)add menu (for admin) 2)add review to file 3)add canteen to file 4)add store to file 5)add menu to file 5)all read function stable","messageBody":"","fileTypesAndContributionMap":{"functional-code":{"insertions":170,"deletions":50},"test-code":{"insertions":7,"deletions":7}}},{"hash":"a911c3a930252bffba05148949c477ad6eb2805e","messageTitle":"added delete menu function","messageBody":"","fileTypesAndContributionMap":{"functional-code":{"insertions":83,"deletions":13}}},{"hash":"14c079f01014357ad1444a73e55b02924026483e","messageTitle":"1)update file when delete Canteen 2)update file when delete Store 3)update file when delete review 4)update file when delete menu","messageBody":"","fileTypesAndContributionMap":{"functional-code":{"insertions":51,"deletions":18},"other":{"insertions":12,"deletions":6},"test-code":{"insertions":2,"deletions":1}}},{"hash":"6c607b5b68608ad7134a1f7b1d7b2efb83460df9","messageTitle":"update UG","messageBody":"","fileTypesAndContributionMap":{"docs":{"insertions":39,"deletions":0}}}]},{"date":"2021-04-05","commitResults":[{"hash":"87c245e2d91b3e395e9bb6a34c7120ebb9dffb6e","messageTitle":"1)Added resource file to jar 2)Read resource from jar and create database locally. 3)Implemented \"readFunc\" that allows return user to read directly from local database and not from resource file anymore. 4)restructured some UI to look neater 5)Added \"The Deck\" canteen and all its stores and menu to the resource data file.","messageBody":"","fileTypesAndContributionMap":{"functional-code":{"insertions":127,"deletions":104},"test-code":{"insertions":42,"deletions":8}}},{"hash":"a384748f59358b8be5ead20f6387bf92f7fbad4f","messageTitle":"Delete text-ui-test directory","messageBody":"","fileTypesAndContributionMap":{"other":{"insertions":0,"deletions":42}}},{"hash":"168b486f56c9574cfa6460e8034479a83704f450","messageTitle":"test ui","messageBody":"","fileTypesAndContributionMap":{"other":{"insertions":42,"deletions":0}}},{"hash":"33e2c468fc70f86840db16fbb2934e338dd92e12","messageTitle":"Delete text-ui-test directory","messageBody":"","fileTypesAndContributionMap":{"other":{"insertions":0,"deletions":42}}},{"hash":"37322151482dfd0e4771bb03e651437bffc74f7a","messageTitle":"fix test ui","messageBody":"","fileTypesAndContributionMap":{"other":{"insertions":41,"deletions":0}}},{"hash":"8d68df29b985f4c39debad08c65342586d25d386","messageTitle":"fix test ui","messageBody":"","fileTypesAndContributionMap":{"other":{"insertions":1,"deletions":0}}},{"hash":"6e351ef72c201256b7354850733c676b4040352c","messageTitle":"Update runtest.sh","messageBody":"","fileTypesAndContributionMap":{"other":{"insertions":0,"deletions":0}}}]},{"date":"2021-04-09","commitResults":[{"hash":"ed42e683f6cafeffb4d9e50c3b13157189194862","messageTitle":"minor fixes","messageBody":"","fileTypesAndContributionMap":{"functional-code":{"insertions":7,"deletions":9}}},{"hash":"84facdb85e61d234910ccac76f583507e977117b","messageTitle":"PPP updated","messageBody":"","fileTypesAndContributionMap":{"docs":{"insertions":27,"deletions":9}}},{"hash":"81f056b9ec33a86dc9f81e3cab680591d830e328","messageTitle":"PPP","messageBody":"","fileTypesAndContributionMap":{"docs":{"insertions":3,"deletions":3}}},{"hash":"dab2a8c9a06cfdc5dcbeabfb3e3e7130339f54d3","messageTitle":"PPP","messageBody":"","fileTypesAndContributionMap":{"docs":{"insertions":1,"deletions":0}}}]},{"date":"2021-04-10","commitResults":[{"hash":"dec3c41e56d2376ddc1da10dd88a9232ef2b6d54","messageTitle":"Storage now creates a new directory for user instead of just a text file.","messageBody":"","fileTypesAndContributionMap":{"functional-code":{"insertions":33,"deletions":12}}},{"hash":"1df965878c7f84f5809e5bc98e1b6623d4eaaf11","messageTitle":"Storage now creates a new directory for user instead of just a text file.","messageBody":"","fileTypesAndContributionMap":{"functional-code":{"insertions":3,"deletions":3}}},{"hash":"122a1f0fdae0ed9d703beab1f55984961193cf1b","messageTitle":"1)Added exceptions for index out of range for add menu. 2)Fixed some printing error statement 3)Added exception for addMenu when there is no canteen. 4)Added exception for addStore when there is no canteen. 5)Fixed exception for deleteReview when there is no canteen. 6)Fixed exception for viewStore when there is no canteen. 7)Fixed exception for deleteMenu when there is no canteen.","messageBody":"","fileTypesAndContributionMap":{"functional-code":{"insertions":53,"deletions":6}}},{"hash":"b4485c8f53b2f9cd2b2dd081ea87142693b92705","messageTitle":"1)Added exception for DeleteStore when no stores in canteen","messageBody":"","fileTypesAndContributionMap":{"functional-code":{"insertions":5,"deletions":0}}},{"hash":"656740be3a2345e33ad36c7de7ffd178af581392","messageTitle":"1)Added exception for DeleteStore when no stores in canteen","messageBody":"","fileTypesAndContributionMap":{"functional-code":{"insertions":1,"deletions":1}}},{"hash":"d9e3f9155f9eaf34b68fc75bf40b0dec9825d722","messageTitle":"added setup","messageBody":"","fileTypesAndContributionMap":{"docs":{"insertions":21,"deletions":0}}}]},{"date":"2021-04-11","commitResults":[{"hash":"4b9e547786849c05c4f9142c1c42691151673c4f","messageTitle":"added architecture diagram","messageBody":"","fileTypesAndContributionMap":{"docs":{"insertions":32,"deletions":4}}},{"hash":"ecaa7d7b6337a4b2387d4310950f5afb107df42a","messageTitle":"added architecture diagram","messageBody":"","fileTypesAndContributionMap":{"docs":{"insertions":1,"deletions":1}}},{"hash":"f005eebca17d5a5705dc4cda0100234ad6473b54","messageTitle":"added architecture diagram","messageBody":"","fileTypesAndContributionMap":{"docs":{"insertions":1,"deletions":2}}},{"hash":"800b817ed016f295749516b4be526fda5cabf967","messageTitle":"added logo","messageBody":"","fileTypesAndContributionMap":{"docs":{"insertions":17,"deletions":7}}},{"hash":"7c834683e0fe113674c944e0cea2a6998a5485a1","messageTitle":"added logo","messageBody":"","fileTypesAndContributionMap":{"docs":{"insertions":5,"deletions":5}}},{"hash":"99428ca37c8401b4836d68334bd92053826a619a","messageTitle":"added logo","messageBody":"","fileTypesAndContributionMap":{"docs":{"insertions":4,"deletions":0}}},{"hash":"d22fb8e9a8c00a8724870062bb7d4958fe357e64","messageTitle":"1) Restructure Storage 2) added exception for addMenu for non integer input for price 3) 2) added exception for addMenu for non integer input for choosing store","messageBody":"","fileTypesAndContributionMap":{"functional-code":{"insertions":269,"deletions":186},"docs":{"insertions":2,"deletions":2}}}]},{"date":"2021-04-12","commitResults":[{"hash":"257318db3eb2063ec6e43b8cc8778d728ae5d455","messageTitle":"Added sequence diagram","messageBody":"","fileTypesAndContributionMap":{"functional-code":{"insertions":20,"deletions":21},"docs":{"insertions":15,"deletions":1}}},{"hash":"3e5f9e98f6233311033854d7e6c1db31fb8fdd09","messageTitle":"Added sequence diagram","messageBody":"","fileTypesAndContributionMap":{"docs":{"insertions":1,"deletions":1}}},{"hash":"9ac6f3716e092d62c47b4f676e907566103c0404","messageTitle":"Added storage class diagram","messageBody":"","fileTypesAndContributionMap":{"docs":{"insertions":1,"deletions":1}}},{"hash":"9294e55b2c17648091db8684259228e569b3fee3","messageTitle":"Added storage class diagram","messageBody":"","fileTypesAndContributionMap":{"docs":{"insertions":1,"deletions":4}}},{"hash":"6aaf1b0f4241db47d0397df2de5ffd320187780f","messageTitle":"Update DeleteStoreCommand.java","messageBody":"","fileTypesAndContributionMap":{"functional-code":{"insertions":11,"deletions":4}}}]}],"nagiteja":[{"date":"2021-03-07","commitResults":[{"hash":"5b40cfc70dd4942086e89433fd5a942f2555ae82","messageTitle":"Add Nagi","messageBody":"","fileTypesAndContributionMap":{"docs":{"insertions":1,"deletions":1}}}]},{"date":"2021-03-15","commitResults":[{"hash":"386d13b2567303638cbc40cdd0f8e11dade4d2a9","messageTitle":"Add add reviews command","messageBody":"","fileTypesAndContributionMap":{"functional-code":{"insertions":48,"deletions":7},"test-code":{"insertions":30,"deletions":0}}},{"hash":"f358fa73ba4fb8af642ac98a8181a12c6c542ecb","messageTitle":"Add \"Add\" command and passes all the tests","messageBody":"","fileTypesAndContributionMap":{"functional-code":{"insertions":14,"deletions":10},"test-code":{"insertions":0,"deletions":1}}}]},{"date":"2021-03-17","commitResults":[{"hash":"072a1c0c83e5e294d128b6664e703e6cc0a533a5","messageTitle":"Changed AddCommand to AddReviewCommand","messageBody":"","fileTypesAndContributionMap":{"functional-code":{"insertions":2,"deletions":2},"other":{"insertions":5,"deletions":7}}}]},{"date":"2021-03-30","commitResults":[{"hash":"4cc3a5289a7ead0477690bf2dc8b4c9a83145791","messageTitle":"Add Help Command","messageBody":"","fileTypesAndContributionMap":{"functional-code":{"insertions":24,"deletions":6}}}]},{"date":"2021-04-02","commitResults":[{"hash":"16567c04b742b043a3bf49550220bc6f4d95c001","messageTitle":"Add Time Stamp","messageBody":"","fileTypesAndContributionMap":{"functional-code":{"insertions":29,"deletions":4}}}]},{"date":"2021-04-09","commitResults":[{"hash":"943dc1248479c078e90172538591484695c8df39","messageTitle":"Update the delimiters","messageBody":"","fileTypesAndContributionMap":{"functional-code":{"insertions":39,"deletions":5},"test-code":{"insertions":3,"deletions":2}}},{"hash":"68cebc1cbb25c7fb545afaa8eb223d79f3a70c46","messageTitle":"Adds the view store feature in the admin page","messageBody":"","fileTypesAndContributionMap":{"functional-code":{"insertions":61,"deletions":3}}},{"hash":"d7dfbc410ddf231c9cdd428ae348e99f90e91bb1","messageTitle":"Changes the input task statement to make it clearer for the user","messageBody":"","fileTypesAndContributionMap":{"functional-code":{"insertions":1,"deletions":1}}},{"hash":"85a8a2b507f0a48bc1d5f98cae966d299e4b950c","messageTitle":"Fixes the check style for the input task statement","messageBody":"","fileTypesAndContributionMap":{"functional-code":{"insertions":2,"deletions":1}}},{"hash":"17b4195609ac1b13dbacd39c4e10922e284fb855","messageTitle":"Updates the Userguide part 1","messageBody":"","fileTypesAndContributionMap":{"functional-code":{"insertions":1,"deletions":1},"docs":{"insertions":70,"deletions":12}}},{"hash":"8b50d2b2dca62fb47818ddc0cc880e52d7cf2caa","messageTitle":"clears the tests","messageBody":"","fileTypesAndContributionMap":{"functional-code":{"insertions":1,"deletions":1}}}]},{"date":"2021-04-11","commitResults":[{"hash":"c16496065dde43f8cccae60bbf0ba294d9c0c269","messageTitle":"Completes User Guide","messageBody":"","fileTypesAndContributionMap":{"docs":{"insertions":466,"deletions":114}}}]}],"kangxinwang":[{"date":"2021-03-07","commitResults":[{"hash":"7a44e256e4b80cc879205f55a804c90bc422bb77","messageTitle":"tried fixing errors","messageBody":"","fileTypesAndContributionMap":{"functional-code":{"insertions":4,"deletions":3}}}]},{"date":"2021-03-13","commitResults":[{"hash":"3f16068f13127837fb02f48dd2daff34ab4d39f0","messageTitle":"added read command","messageBody":"","fileTypesAndContributionMap":{"functional-code":{"insertions":81,"deletions":5},"test-code":{"insertions":28,"deletions":2}}}]},{"date":"2021-03-14","commitResults":[{"hash":"13123ebcb6b08e5d24be990b4da8567813096ecf","messageTitle":"removed unused imports and enabled assertions","messageBody":"","fileTypesAndContributionMap":{"functional-code":{"insertions":43,"deletions":28},"other":{"insertions":1,"deletions":0},"test-code":{"insertions":1,"deletions":1}}},{"hash":"1ecf0606dd57378c172e71df259890d44ed19693","messageTitle":"added read command for parsertest","messageBody":"","fileTypesAndContributionMap":{"test-code":{"insertions":15,"deletions":4}}},{"hash":"8c05c8ff98bc161dc91033bbc06119180e837f13","messageTitle":"fixed junit tests","messageBody":"","fileTypesAndContributionMap":{"test-code":{"insertions":29,"deletions":7}}}]},{"date":"2021-03-17","commitResults":[{"hash":"b0ec666139bf127aa5c3f936c9f079dba9ffeb27","messageTitle":"update user guide","messageBody":"","fileTypesAndContributionMap":{"docs":{"insertions":11,"deletions":0}}},{"hash":"4d245bc0a9b646d9c41a69ec042e4acbf9eaaede","messageTitle":"add assertions","messageBody":"","fileTypesAndContributionMap":{"functional-code":{"insertions":2,"deletions":0}}},{"hash":"6ead2a75644264c6b35a29325d21e761a540ee1d","messageTitle":"add proper assertions","messageBody":"","fileTypesAndContributionMap":{"functional-code":{"insertions":2,"deletions":2}}}]},{"date":"2021-03-19","commitResults":[{"hash":"72c150e388d7c4915ef71a9f35e64d8be4b066c8","messageTitle":"change assertions","messageBody":"","fileTypesAndContributionMap":{"functional-code":{"insertions":1,"deletions":1}}}]},{"date":"2021-03-24","commitResults":[{"hash":"cbc50cf966d7fd61d19d28c426274bf2badd847f","messageTitle":"update developer guide","messageBody":"","fileTypesAndContributionMap":{"functional-code":{"insertions":1,"deletions":0},"docs":{"insertions":23,"deletions":4},"test-code":{"insertions":21,"deletions":0}}}]},{"date":"2021-03-29","commitResults":[{"hash":"42f3d6e5a7c040dca4bde0e5a26ee6ca67bda110","messageTitle":"add delete stores and delete reviews for admin side","messageBody":"","fileTypesAndContributionMap":{"functional-code":{"insertions":122,"deletions":28}}},{"hash":"b074c50ea11fb885a5b13de27e55ee3a344c5059","messageTitle":"fix checkstyle","messageBody":"","fileTypesAndContributionMap":{"functional-code":{"insertions":34,"deletions":15}}},{"hash":"451658bf3e3c764dc4deaae9b9ac6f509dc6e2e2","messageTitle":"fixed formatting","messageBody":"","fileTypesAndContributionMap":{"functional-code":{"insertions":2,"deletions":1}}},{"hash":"bd810314bbafe83982d1fa8751f68d90935fe126","messageTitle":"fixed number issue","messageBody":"","fileTypesAndContributionMap":{"functional-code":{"insertions":1,"deletions":1}}}]},{"date":"2021-03-31","commitResults":[{"hash":"fc8d426ef491425cb9a3ac0de778e2543199d086","messageTitle":"added sequence diagrams","messageBody":"","fileTypesAndContributionMap":{"functional-code":{"insertions":7,"deletions":3},"docs":{"insertions":58,"deletions":4}}},{"hash":"e60a6177c7bd02326b4ac5de81f13aed42cc951f","messageTitle":"add images to developer\u0027s guide","messageBody":"","fileTypesAndContributionMap":{"docs":{"insertions":45,"deletions":3}}},{"hash":"d7666463a756d324c50a5ce4237803156442855c","messageTitle":"rename test","messageBody":"","fileTypesAndContributionMap":{"other":{"insertions":0,"deletions":0}}},{"hash":"34847a758a382a6522147f0868131e711bd379bd","messageTitle":"rename test","messageBody":"","fileTypesAndContributionMap":{"test-code":{"insertions":1,"deletions":1}}},{"hash":"408a36976bd4c4db7e9ce50a5a7ec7b757186ced","messageTitle":"merge","messageBody":"","fileTypesAndContributionMap":{"functional-code":{"insertions":98,"deletions":21},"docs":{"insertions":34,"deletions":0},"test-code":{"insertions":23,"deletions":2}}},{"hash":"1ae545daf96cc70fba592a2dc9f892d662bf59e2","messageTitle":"remove merge errors","messageBody":"","fileTypesAndContributionMap":{"docs":{"insertions":3,"deletions":5}}},{"hash":"3a770d1c304ab08c000805bb13bd3186d4f565e0","messageTitle":"update developer\u0027s guide","messageBody":"","fileTypesAndContributionMap":{"docs":{"insertions":2,"deletions":0}}}]},{"date":"2021-04-01","commitResults":[{"hash":"1b45a446f9565af20adb8f8f000e5bec08eaeb0c","messageTitle":"update user guide","messageBody":"","fileTypesAndContributionMap":{"functional-code":{"insertions":1,"deletions":1},"docs":{"insertions":49,"deletions":20}}}]},{"date":"2021-04-02","commitResults":[{"hash":"aa366205692a7302801f155ad641f7b20f998271","messageTitle":"update user guide and developer\u0027s guide","messageBody":"","fileTypesAndContributionMap":{"docs":{"insertions":28,"deletions":9}}},{"hash":"1bab95a71f2578093081c6ae55c5ac89bac34768","messageTitle":"merge with master","messageBody":"","fileTypesAndContributionMap":{"functional-code":{"insertions":224,"deletions":145},"docs":{"insertions":29,"deletions":0},"test-code":{"insertions":7,"deletions":7}}},{"hash":"731b858ef6b40e27755df62508ad9a41c09bfae3","messageTitle":"edit delete command","messageBody":"","fileTypesAndContributionMap":{"functional-code":{"insertions":1,"deletions":1}}},{"hash":"15165ffffcc95190fdc3bea4b7f15a24bfb29d68","messageTitle":"fixed checkstyle","messageBody":"","fileTypesAndContributionMap":{"functional-code":{"insertions":2,"deletions":2}}},{"hash":"bd331928a5f78d0c55e875159a24d3d459c632dd","messageTitle":"made changes to store about reviewCount","messageBody":"","fileTypesAndContributionMap":{"functional-code":{"insertions":1,"deletions":1}}}]},{"date":"2021-04-03","commitResults":[{"hash":"bdc58f734cefa41dc73b86b1922aba04059de9c2","messageTitle":"merge","messageBody":"","fileTypesAndContributionMap":{"functional-code":{"insertions":318,"deletions":164},"test-code":{"insertions":30,"deletions":6}}},{"hash":"36fb2d5a24383b1a878a29de5098fb3ab3e824c2","messageTitle":"update user guide","messageBody":"","fileTypesAndContributionMap":{"docs":{"insertions":4,"deletions":3}}},{"hash":"05c0230cbedaee3d77cecb199e52120df431ab2a","messageTitle":"change formatting of user guide","messageBody":"","fileTypesAndContributionMap":{"docs":{"insertions":2,"deletions":2}}},{"hash":"cf35e11109dc5e14df681db64418db149f14a96b","messageTitle":"add error message for rating beyond range","messageBody":"","fileTypesAndContributionMap":{"functional-code":{"insertions":5,"deletions":1}}},{"hash":"594974d7559b6e73db777568aa75b8f3fdf9e5de","messageTitle":"fixed checkstyle","messageBody":"","fileTypesAndContributionMap":{"functional-code":{"insertions":2,"deletions":2}}},{"hash":"a79b1fd134be2bbc66f0c8cf1df0ee152594252c","messageTitle":"fixed num issue","messageBody":"","fileTypesAndContributionMap":{"functional-code":{"insertions":1,"deletions":1}}},{"hash":"f44953eddeab35ae62676fc47ea28c22d6cbdf56","messageTitle":"update path for user guide","messageBody":"","fileTypesAndContributionMap":{"docs":{"insertions":1,"deletions":1}}},{"hash":"258dacbc0196907b6a684645908f7302dcc13eb5","messageTitle":"fix some of the errors spotted by testers","messageBody":"","fileTypesAndContributionMap":{"functional-code":{"insertions":27,"deletions":19}}},{"hash":"9f9a1deb95cbb2f572bc9b942968bdf8d9b34bd2","messageTitle":"fixed checkstyle","messageBody":"","fileTypesAndContributionMap":{"functional-code":{"insertions":5,"deletions":6}}}]},{"date":"2021-04-08","commitResults":[{"hash":"a8077eef53c6780f6a068468fc692deb83588a90","messageTitle":"add message to inform users no canteen to delete and reviews to read","messageBody":"","fileTypesAndContributionMap":{"functional-code":{"insertions":30,"deletions":19}}},{"hash":"d7fd8bcadb07b0afccbe6927ed1daa04af13ce78","messageTitle":"update user guide","messageBody":"","fileTypesAndContributionMap":{"docs":{"insertions":6,"deletions":7}}},{"hash":"b9541994070d4c7783e5773a2b7686f3f1dff6a2","messageTitle":"fix checkstyle","messageBody":"","fileTypesAndContributionMap":{"functional-code":{"insertions":7,"deletions":6}}}]},{"date":"2021-04-09","commitResults":[{"hash":"dcd3871a383d6a965fcbbfa31b012dff40ecf41c","messageTitle":"modify view store command to just display list of stores","messageBody":"","fileTypesAndContributionMap":{"functional-code":{"insertions":1,"deletions":38}}},{"hash":"680de5a9239bc28457df60338344d4810e7c4ef5","messageTitle":"improve code quality","messageBody":"","fileTypesAndContributionMap":{"functional-code":{"insertions":2,"deletions":2},"other":{"insertions":1,"deletions":1}}},{"hash":"f539598f0263300ff7bae42f9c303a3b369641a7","messageTitle":"update ppp","messageBody":"","fileTypesAndContributionMap":{"docs":{"insertions":22,"deletions":1}}},{"hash":"3ed26d3ab985ab1065595c5992cb1df5d07e1add","messageTitle":"update about us","messageBody":"","fileTypesAndContributionMap":{"docs":{"insertions":1,"deletions":1}}},{"hash":"c938f7e1a59947e4ec7f5b34226c2cb0d2f777ba","messageTitle":"fixed bugs","messageBody":"","fileTypesAndContributionMap":{"functional-code":{"insertions":47,"deletions":43},"docs":{"insertions":2,"deletions":2}}},{"hash":"68c5e599ae0820c4a51d848a322d3541b92b61f5","messageTitle":"fixed checkstyle","messageBody":"","fileTypesAndContributionMap":{"functional-code":{"insertions":1,"deletions":0}}}]},{"date":"2021-04-10","commitResults":[{"hash":"54e273960454d60626d25c360bda9d1379335782","messageTitle":"edit sequence diagram","messageBody":"","fileTypesAndContributionMap":{"functional-code":{"insertions":23,"deletions":27},"docs":{"insertions":114,"deletions":24}}},{"hash":"4cad82a1b5b32c5414c50e48ea9b22278fd22992","messageTitle":"update sequence diagram for deleteStore","messageBody":"","fileTypesAndContributionMap":{"docs":{"insertions":1,"deletions":3}}},{"hash":"76609b61123c4b238a30c92c1163e3cdc1e098d6","messageTitle":"fixed checkstyle","messageBody":"","fileTypesAndContributionMap":{"functional-code":{"insertions":3,"deletions":2}}}]}],"brynagoh":[{"date":"2021-03-07","commitResults":[{"hash":"f389bde600fdd8a755bfa9a2666c0090da9e7739","messageTitle":"Rename Canteen class and fix checkstyle errors","messageBody":"","fileTypesAndContributionMap":{"functional-code":{"insertions":11,"deletions":10},"other":{"insertions":1,"deletions":1}}},{"hash":"ed0ba95fc66cd566a77857bd95316dbb84d26bd4","messageTitle":"Update runtest.sh","messageBody":"","fileTypesAndContributionMap":{"other":{"insertions":0,"deletions":0}}},{"hash":"786d6a276fa2f0033165b3945c6c991e3846e8f9","messageTitle":"Add tests by adding args","messageBody":"Co-Authored-By: KevinNgWK \u003c63909191+KevinNgWK@users.noreply.github.com\u003e\n","fileTypesAndContributionMap":{"functional-code":{"insertions":8,"deletions":3},"other":{"insertions":2,"deletions":2}}},{"hash":"1fec6588351f1b93bdef74bdec54f987dc0d5e49","messageTitle":"Fix checkstyle","messageBody":"","fileTypesAndContributionMap":{"functional-code":{"insertions":0,"deletions":1}}},{"hash":"2192c5c2ed2dbde65cb25e16c3318aaec5196263","messageTitle":"Fix linux/mac test arg","messageBody":"","fileTypesAndContributionMap":{"other":{"insertions":1,"deletions":1}}},{"hash":"64535e161ea2bfbce2572d7cf7c9de1e45ca2e98","messageTitle":"Remove tests","messageBody":"","fileTypesAndContributionMap":{"functional-code":{"insertions":1,"deletions":5},"other":{"insertions":2,"deletions":2}}}]},{"date":"2021-03-14","commitResults":[{"hash":"8752e06715ff5ce91398d6d23e1ffac18e10c865","messageTitle":"Add price and highlight menu for store, and related tests","messageBody":"- updates UserGuide for menu command\n- adds exception messages to DukeExceptions\n- updates storage to include menu prices\n","fileTypesAndContributionMap":{"functional-code":{"insertions":151,"deletions":23},"other":{"insertions":1,"deletions":1},"docs":{"insertions":12,"deletions":0},"test-code":{"insertions":37,"deletions":8}}},{"hash":"a6cd99a3ad00ba9ecf2c71f34520226b9ea96923","messageTitle":"Fix test imports for checkstyle","messageBody":"","fileTypesAndContributionMap":{"test-code":{"insertions":3,"deletions":2}}},{"hash":"e147836fd530a9c091cc5c503ac0c88be9d08571","messageTitle":"Update ui tests, EXPECTED.txt","messageBody":"","fileTypesAndContributionMap":{"functional-code":{"insertions":4,"deletions":0}}}]},{"date":"2021-03-17","commitResults":[{"hash":"290453bf538871ce49017cd17d12f4aec5eed917","messageTitle":"Fix menu keyword check to show correct exception message","messageBody":"","fileTypesAndContributionMap":{"functional-code":{"insertions":1,"deletions":4}}}]},{"date":"2021-03-24","commitResults":[{"hash":"7a18db3da090badab940fe4e1aaedc5c188ccb1e","messageTitle":"Refactor user commands","messageBody":"- allow multiple canteens\n- store static variables to keep track of current canteen and store\n","fileTypesAndContributionMap":{"functional-code":{"insertions":139,"deletions":87}}},{"hash":"f928816698b18739eeb631c84b9076938d46fa5e","messageTitle":"Refactor admin commands","messageBody":"- structure is slightly different from user (can look at standardising in the future)\n","fileTypesAndContributionMap":{"functional-code":{"insertions":181,"deletions":31}}}]},{"date":"2021-03-29","commitResults":[{"hash":"c2ed763446fdd7bccc324c303eccc3b0c35c59f5","messageTitle":"Add JUnit Tests for add/delete canteen, reset store","messageBody":"","fileTypesAndContributionMap":{"functional-code":{"insertions":4,"deletions":2},"test-code":{"insertions":69,"deletions":1}}},{"hash":"d05b6d6f2a9dfcf3306532c35a636a01d8409c60","messageTitle":"Add assertions and logging","messageBody":"- Logs canteen/store creation\n","fileTypesAndContributionMap":{"functional-code":{"insertions":11,"deletions":3}}},{"hash":"7471d5363ec1ca61cd2876f08b29405e763c58b2","messageTitle":"Fix admin UI","messageBody":"- Delete canteen message\n- Add store UI when canteen has no stores yet\n","fileTypesAndContributionMap":{"functional-code":{"insertions":47,"deletions":30}}},{"hash":"e383ffd73cfde370c9db20bc430f29ae18647d1e","messageTitle":"Add passing of Ui object instead of static methods","messageBody":"","fileTypesAndContributionMap":{"functional-code":{"insertions":40,"deletions":39},"test-code":{"insertions":6,"deletions":6}}},{"hash":"da66e453ad95464dfe6dd264d3c45115922e6d63","messageTitle":"Update Developer Guide for admin add canteen","messageBody":"","fileTypesAndContributionMap":{"docs":{"insertions":24,"deletions":3}}}]},{"date":"2021-03-30","commitResults":[{"hash":"c6e1d243cc274c43569a17845e4dc664ed4e94c2","messageTitle":"Update UserGuide for guest user commands","messageBody":"","fileTypesAndContributionMap":{"docs":{"insertions":29,"deletions":24}}},{"hash":"1bfae69d32494a3405f97003ff4ee26c4f8fabfc","messageTitle":"Add fixes for checkstyle","messageBody":"","fileTypesAndContributionMap":{"functional-code":{"insertions":2,"deletions":2}}}]},{"date":"2021-03-31","commitResults":[{"hash":"c5e5d5509e055bb4d579ba749f6792bc36f09064","messageTitle":"Update DeveloperGuide for add/delete canteen, displaymenus","messageBody":"- Added sequence diagrams for AddCanteen, DeleteCanteen, DisplayMenus, Main and Admin\n- Updated DeveloperGuide for AddCanteen, DeleteCanteen, DisplayMenus\n","fileTypesAndContributionMap":{"docs":{"insertions":199,"deletions":14}}}]},{"date":"2021-04-09","commitResults":[{"hash":"bf55b7809008d6332a277bb3c94f49f605114738","messageTitle":"Hide logging from users","messageBody":"","fileTypesAndContributionMap":{"functional-code":{"insertions":3,"deletions":3}}},{"hash":"bc7bf8e6242d7909f451c1a91498c14bd4aee8bb","messageTitle":"Add checking canteen name logic to prevent duplicates","messageBody":"","fileTypesAndContributionMap":{"functional-code":{"insertions":26,"deletions":9}}},{"hash":"3971b58d5bf8b727f6477134737bc25c8d7a555b","messageTitle":"Fix for hardcoded values in UI when adding store","messageBody":"","fileTypesAndContributionMap":{"functional-code":{"insertions":5,"deletions":4}}},{"hash":"4a33e55328bf51ddd2f177085974c158f3b3b0df","messageTitle":"Add checking store name logic to prevent duplicates","messageBody":"","fileTypesAndContributionMap":{"functional-code":{"insertions":31,"deletions":6}}},{"hash":"7524adf3033f5cf319cec94dee70a94fc0ca0743","messageTitle":"Add console message when no canteens","messageBody":"","fileTypesAndContributionMap":{"functional-code":{"insertions":10,"deletions":1}}},{"hash":"6810f41f0bb7c9149a09c700d821a9b665aa33fd","messageTitle":"Add minor Ui updates","messageBody":"","fileTypesAndContributionMap":{"functional-code":{"insertions":3,"deletions":3}}}]}]},"authorFileTypeContributionMap":{"KevinNgWK":{"docs":140,"functional-code":488,"test-code":95},"JoviYeung92":{"docs":156,"functional-code":681,"test-code":135,"other":2},"nagiteja":{"docs":479,"functional-code":143,"test-code":3},"kangxinwang":{"docs":275,"functional-code":253,"test-code":21,"other":1},"brynagoh":{"docs":208,"functional-code":433,"test-code":63}},"authorContributionVariance":{"KevinNgWK":3519.923,"JoviYeung92":28023.924,"nagiteja":9435.641,"kangxinwang":17141.941,"brynagoh":8815.255},"authorDisplayNameMap":{"KevinNgWK":"CS2113-T10-4 NG W..EVIN","JoviYeung92":"CS2113-T10-4 YEUN..SENG","nagiteja":"CS2113-T10-4 VALL..TEJA","kangxinwang":"CS2113-T10-4 WANG..GXIN","brynagoh":"CS2113-T10-4 GOH ..RYNA"}}
