[{"path":"build.gradle","fileType":"other","lines":[{"lineNumber":1,"author":{"gitId":"-"},"content":"plugins {"},{"lineNumber":2,"author":{"gitId":"-"},"content":"    id \u0027java\u0027"},{"lineNumber":3,"author":{"gitId":"-"},"content":"    id \u0027application\u0027"},{"lineNumber":4,"author":{"gitId":"-"},"content":"    id \u0027checkstyle\u0027"},{"lineNumber":5,"author":{"gitId":"-"},"content":"    id \u0027com.github.johnrengelman.shadow\u0027 version \u00275.1.0\u0027"},{"lineNumber":6,"author":{"gitId":"-"},"content":"}"},{"lineNumber":7,"author":{"gitId":"-"},"content":""},{"lineNumber":8,"author":{"gitId":"-"},"content":"repositories {"},{"lineNumber":9,"author":{"gitId":"-"},"content":"    mavenCentral()"},{"lineNumber":10,"author":{"gitId":"-"},"content":"}"},{"lineNumber":11,"author":{"gitId":"-"},"content":""},{"lineNumber":12,"author":{"gitId":"-"},"content":"dependencies {"},{"lineNumber":13,"author":{"gitId":"-"},"content":"    testImplementation group: \u0027org.junit.jupiter\u0027, name: \u0027junit-jupiter-api\u0027, version: \u00275.5.0\u0027"},{"lineNumber":14,"author":{"gitId":"-"},"content":"    testRuntimeOnly group: \u0027org.junit.jupiter\u0027, name: \u0027junit-jupiter-engine\u0027, version: \u00275.5.0\u0027"},{"lineNumber":15,"author":{"gitId":"LeeHanYongAndy"},"content":"    implementation group: \u0027org.apache.commons\u0027, name: \u0027commons-lang3\u0027, version: \u00273.11\u0027"},{"lineNumber":16,"author":{"gitId":"-"},"content":"}"},{"lineNumber":17,"author":{"gitId":"-"},"content":""},{"lineNumber":18,"author":{"gitId":"-"},"content":"test {"},{"lineNumber":19,"author":{"gitId":"-"},"content":"    useJUnitPlatform()"},{"lineNumber":20,"author":{"gitId":"-"},"content":""},{"lineNumber":21,"author":{"gitId":"-"},"content":"    testLogging {"},{"lineNumber":22,"author":{"gitId":"-"},"content":"        events \"passed\", \"skipped\", \"failed\""},{"lineNumber":23,"author":{"gitId":"-"},"content":""},{"lineNumber":24,"author":{"gitId":"-"},"content":"        showExceptions true"},{"lineNumber":25,"author":{"gitId":"-"},"content":"        exceptionFormat \"full\""},{"lineNumber":26,"author":{"gitId":"-"},"content":"        showCauses true"},{"lineNumber":27,"author":{"gitId":"-"},"content":"        showStackTraces true"},{"lineNumber":28,"author":{"gitId":"-"},"content":"        showStandardStreams \u003d false"},{"lineNumber":29,"author":{"gitId":"-"},"content":"    }"},{"lineNumber":30,"author":{"gitId":"-"},"content":"}"},{"lineNumber":31,"author":{"gitId":"-"},"content":""},{"lineNumber":32,"author":{"gitId":"-"},"content":"application {"},{"lineNumber":33,"author":{"gitId":"-"},"content":"    mainClassName \u003d \"seedu.duke.Duke\""},{"lineNumber":34,"author":{"gitId":"-"},"content":"}"},{"lineNumber":35,"author":{"gitId":"-"},"content":""},{"lineNumber":36,"author":{"gitId":"-"},"content":"shadowJar {"},{"lineNumber":37,"author":{"gitId":"-"},"content":"    archiveBaseName \u003d \"duke\""},{"lineNumber":38,"author":{"gitId":"-"},"content":"    archiveClassifier \u003d null"},{"lineNumber":39,"author":{"gitId":"-"},"content":"}"},{"lineNumber":40,"author":{"gitId":"-"},"content":""},{"lineNumber":41,"author":{"gitId":"-"},"content":"checkstyle {"},{"lineNumber":42,"author":{"gitId":"-"},"content":"    toolVersion \u003d \u00278.23\u0027"},{"lineNumber":43,"author":{"gitId":"-"},"content":"}"},{"lineNumber":44,"author":{"gitId":"-"},"content":""},{"lineNumber":45,"author":{"gitId":"-"},"content":"run{"},{"lineNumber":46,"author":{"gitId":"-"},"content":"    standardInput \u003d System.in"},{"lineNumber":47,"author":{"gitId":"-"},"content":"}"}],"authorContributionMap":{"LeeHanYongAndy":1,"-":46}},{"path":"src/main/java/seedu/duke/Duke.java","fileType":"functional-code","lines":[{"lineNumber":1,"author":{"gitId":"-"},"content":"package seedu.duke;"},{"lineNumber":2,"author":{"gitId":"-"},"content":""},{"lineNumber":3,"author":{"gitId":"jonahtwl"},"content":"import seedu.duke.command.Command;"},{"lineNumber":4,"author":{"gitId":"jonahtwl"},"content":"import seedu.duke.command.CommandHandler;"},{"lineNumber":5,"author":{"gitId":"jonahtwl"},"content":"import seedu.duke.command.ExitCommand;"},{"lineNumber":6,"author":{"gitId":"jonahtwl"},"content":"import seedu.duke.parser.ParserHandler;"},{"lineNumber":7,"author":{"gitId":"jonahtwl"},"content":"import seedu.duke.record.RecordList;"},{"lineNumber":8,"author":{"gitId":"jonahtwl"},"content":"import seedu.duke.exception.CommandException;"},{"lineNumber":9,"author":{"gitId":"jonahtwl"},"content":""},{"lineNumber":10,"author":{"gitId":"jonahtwl"},"content":"import seedu.duke.storage.Storage;"},{"lineNumber":11,"author":{"gitId":"jonahtwl"},"content":"import seedu.duke.ui.Ui;"},{"lineNumber":12,"author":{"gitId":"jonahtwl"},"content":""},{"lineNumber":13,"author":{"gitId":"jonahtwl"},"content":"import java.util.ArrayList;"},{"lineNumber":14,"author":{"gitId":"-"},"content":""},{"lineNumber":15,"author":{"gitId":"-"},"content":"public class Duke {"},{"lineNumber":16,"author":{"gitId":"jonahtwl"},"content":"    private Ui ui;"},{"lineNumber":17,"author":{"gitId":"jonahtwl"},"content":"    private RecordList records;"},{"lineNumber":18,"author":{"gitId":"jonahtwl"},"content":"    private Storage storage;"},{"lineNumber":19,"author":{"gitId":"jonahtwl"},"content":""},{"lineNumber":20,"author":{"gitId":"-"},"content":"    /**"},{"lineNumber":21,"author":{"gitId":"-"},"content":"     * Main entry-point for the java.duke.Duke application."},{"lineNumber":22,"author":{"gitId":"-"},"content":"     */"},{"lineNumber":23,"author":{"gitId":"-"},"content":"    public static void main(String[] args) {"},{"lineNumber":24,"author":{"gitId":"jonahtwl"},"content":"        /*"},{"lineNumber":25,"author":{"gitId":"-"},"content":"        String logo \u003d \" ____        _        \\n\""},{"lineNumber":26,"author":{"gitId":"-"},"content":"                + \"|  _ \\\\ _   _| | _____ \\n\""},{"lineNumber":27,"author":{"gitId":"-"},"content":"                + \"| | | | | | | |/ / _ \\\\\\n\""},{"lineNumber":28,"author":{"gitId":"-"},"content":"                + \"| |_| | |_| |   \u003c  __/\\n\""},{"lineNumber":29,"author":{"gitId":"-"},"content":"                + \"|____/ \\\\__,_|_|\\\\_\\\\___|\\n\";"},{"lineNumber":30,"author":{"gitId":"-"},"content":"        System.out.println(\"Hello from\\n\" + logo);"},{"lineNumber":31,"author":{"gitId":"-"},"content":"        System.out.println(\"What is your name?\");"},{"lineNumber":32,"author":{"gitId":"-"},"content":""},{"lineNumber":33,"author":{"gitId":"-"},"content":"        Scanner in \u003d new Scanner(System.in);"},{"lineNumber":34,"author":{"gitId":"-"},"content":"        System.out.println(\"Hello \" + in.nextLine());"},{"lineNumber":35,"author":{"gitId":"jonahtwl"},"content":"         */"},{"lineNumber":36,"author":{"gitId":"jonahtwl"},"content":"        new Duke().run();"},{"lineNumber":37,"author":{"gitId":"jonahtwl"},"content":"    }"},{"lineNumber":38,"author":{"gitId":"jonahtwl"},"content":""},{"lineNumber":39,"author":{"gitId":"jonahtwl"},"content":"    /**"},{"lineNumber":40,"author":{"gitId":"jonahtwl"},"content":"     * Runner for the FINUX Application."},{"lineNumber":41,"author":{"gitId":"jonahtwl"},"content":"     */"},{"lineNumber":42,"author":{"gitId":"jonahtwl"},"content":"    private void run() {"},{"lineNumber":43,"author":{"gitId":"jonahtwl"},"content":"        start();"},{"lineNumber":44,"author":{"gitId":"jonahtwl"},"content":"        commandLooper();"},{"lineNumber":45,"author":{"gitId":"jonahtwl"},"content":"        end();"},{"lineNumber":46,"author":{"gitId":"jonahtwl"},"content":"    }"},{"lineNumber":47,"author":{"gitId":"jonahtwl"},"content":""},{"lineNumber":48,"author":{"gitId":"jonahtwl"},"content":"    private void start() {"},{"lineNumber":49,"author":{"gitId":"marklowsk"},"content":"        ui \u003d new Ui();"},{"lineNumber":50,"author":{"gitId":"jonahtwl"},"content":"        records \u003d new RecordList();"},{"lineNumber":51,"author":{"gitId":"marklowsk"},"content":"        storage \u003d new Storage();"},{"lineNumber":52,"author":{"gitId":"jonahtwl"},"content":"        ui.printWelcomeMessage();"},{"lineNumber":53,"author":{"gitId":"jonahtwl"},"content":"    }"},{"lineNumber":54,"author":{"gitId":"jonahtwl"},"content":""},{"lineNumber":55,"author":{"gitId":"jonahtwl"},"content":"    private void end() {"},{"lineNumber":56,"author":{"gitId":"jonahtwl"},"content":"        //ui.printGoodByeMessage();"},{"lineNumber":57,"author":{"gitId":"jonahtwl"},"content":"        System.out.println(\"PROGRAM TERMINATES HERE!\");"},{"lineNumber":58,"author":{"gitId":"jonahtwl"},"content":"    }"},{"lineNumber":59,"author":{"gitId":"jonahtwl"},"content":""},{"lineNumber":60,"author":{"gitId":"jonahtwl"},"content":"    private void commandLooper() {"},{"lineNumber":61,"author":{"gitId":"jonahtwl"},"content":"        Command command;"},{"lineNumber":62,"author":{"gitId":"jonahtwl"},"content":"        String rawInput;"},{"lineNumber":63,"author":{"gitId":"jonahtwl"},"content":"        do {"},{"lineNumber":64,"author":{"gitId":"jonahtwl"},"content":"            rawInput \u003d ui.getUserInput();"},{"lineNumber":65,"author":{"gitId":"jonahtwl"},"content":"            //System.out.println(\"You have entered: \" + rawInput);"},{"lineNumber":66,"author":{"gitId":"jonahtwl"},"content":"            ArrayList\u003cString\u003e parsedStringList \u003d ParserHandler.getParseInput(rawInput);"},{"lineNumber":67,"author":{"gitId":"jonahtwl"},"content":"            //System.out.println(\"You have entered: \" + parsedStringList);"},{"lineNumber":68,"author":{"gitId":"jonahtwl"},"content":"            command \u003d parseCommand(parsedStringList);"},{"lineNumber":69,"author":{"gitId":"jonahtwl"},"content":"            if (command \u003d\u003d null) {"},{"lineNumber":70,"author":{"gitId":"jonahtwl"},"content":"                continue;"},{"lineNumber":71,"author":{"gitId":"jonahtwl"},"content":"            }"},{"lineNumber":72,"author":{"gitId":"jonahtwl"},"content":"            command.execute(records, ui, storage);"},{"lineNumber":73,"author":{"gitId":"jonahtwl"},"content":"        } while (!ExitCommand.isExit(command));"},{"lineNumber":74,"author":{"gitId":"jonahtwl"},"content":"    }"},{"lineNumber":75,"author":{"gitId":"jonahtwl"},"content":""},{"lineNumber":76,"author":{"gitId":"jonahtwl"},"content":"    private Command parseCommand(ArrayList\u003cString\u003e parsedString) {"},{"lineNumber":77,"author":{"gitId":"jonahtwl"},"content":"        try {"},{"lineNumber":78,"author":{"gitId":"jonahtwl"},"content":"            Command type \u003d CommandHandler.createCommand(parsedString);"},{"lineNumber":79,"author":{"gitId":"jonahtwl"},"content":"            System.out.println(\"Command is parsed\");"},{"lineNumber":80,"author":{"gitId":"jonahtwl"},"content":"            return type;"},{"lineNumber":81,"author":{"gitId":"marklowsk"},"content":"        } catch (CommandException e) {"},{"lineNumber":82,"author":{"gitId":"jonahtwl"},"content":"            System.out.println(e.getMessage());"},{"lineNumber":83,"author":{"gitId":"jonahtwl"},"content":"            //throw new RuntimeException(e);"},{"lineNumber":84,"author":{"gitId":"jonahtwl"},"content":"            return null;"},{"lineNumber":85,"author":{"gitId":"jonahtwl"},"content":"        }"},{"lineNumber":86,"author":{"gitId":"-"},"content":"    }"},{"lineNumber":87,"author":{"gitId":"-"},"content":"}"}],"authorContributionMap":{"jonahtwl":64,"marklowsk":3,"-":20}},{"path":"src/main/java/seedu/duke/command/AddCommand.java","fileType":"functional-code","lines":[{"lineNumber":1,"author":{"gitId":"jonahtwl"},"content":"package seedu.duke.command;"},{"lineNumber":2,"author":{"gitId":"jonahtwl"},"content":""},{"lineNumber":3,"author":{"gitId":"jonahtwl"},"content":"import seedu.duke.common.RecordType;"},{"lineNumber":4,"author":{"gitId":"marklowsk"},"content":"import seedu.duke.exception.CommandException;"},{"lineNumber":5,"author":{"gitId":"jonahtwl"},"content":"import seedu.duke.record.Expense;"},{"lineNumber":6,"author":{"gitId":"jonahtwl"},"content":"import seedu.duke.record.Record;"},{"lineNumber":7,"author":{"gitId":"jonahtwl"},"content":"import seedu.duke.record.RecordList;"},{"lineNumber":8,"author":{"gitId":"jonahtwl"},"content":"import seedu.duke.storage.Storage;"},{"lineNumber":9,"author":{"gitId":"jonahtwl"},"content":"import seedu.duke.ui.Ui;"},{"lineNumber":10,"author":{"gitId":"jonahtwl"},"content":""},{"lineNumber":11,"author":{"gitId":"marklowsk"},"content":"import static seedu.duke.command.Utils.checkInvalidOptions;"},{"lineNumber":12,"author":{"gitId":"marklowsk"},"content":"import static seedu.duke.command.Utils.checkOptionConflict;"},{"lineNumber":13,"author":{"gitId":"jonahtwl"},"content":"import static seedu.duke.command.Utils.getOptionValue;"},{"lineNumber":14,"author":{"gitId":"jonahtwl"},"content":"import static seedu.duke.command.Utils.hasOption;"},{"lineNumber":15,"author":{"gitId":"marklowsk"},"content":"import static seedu.duke.common.Constant.OPTION_AMOUNT;"},{"lineNumber":16,"author":{"gitId":"jonahtwl"},"content":"import static seedu.duke.common.Constant.OPTION_DATE;"},{"lineNumber":17,"author":{"gitId":"marklowsk"},"content":"import static seedu.duke.common.Constant.OPTION_EXPENSE;"},{"lineNumber":18,"author":{"gitId":"marklowsk"},"content":"import static seedu.duke.common.Constant.OPTION_LOAN;"},{"lineNumber":19,"author":{"gitId":"marklowsk"},"content":"import static seedu.duke.common.Constant.OPTION_SAVINGS;"},{"lineNumber":20,"author":{"gitId":"marklowsk"},"content":""},{"lineNumber":21,"author":{"gitId":"jonahtwl"},"content":"import java.lang.reflect.Array;"},{"lineNumber":22,"author":{"gitId":"jonahtwl"},"content":"import java.util.ArrayList;"},{"lineNumber":23,"author":{"gitId":"jonahtwl"},"content":"import java.util.Objects;"},{"lineNumber":24,"author":{"gitId":"jonahtwl"},"content":""},{"lineNumber":25,"author":{"gitId":"jonahtwl"},"content":"public class AddCommand extends Command {"},{"lineNumber":26,"author":{"gitId":"marklowsk"},"content":"    protected static final String COMMAND_ADD \u003d \"add\";"},{"lineNumber":27,"author":{"gitId":"jonahtwl"},"content":"    private final double amount;"},{"lineNumber":28,"author":{"gitId":"jonahtwl"},"content":"    private final String issueDate;"},{"lineNumber":29,"author":{"gitId":"jonahtwl"},"content":"    private final String description;"},{"lineNumber":30,"author":{"gitId":"jonahtwl"},"content":""},{"lineNumber":31,"author":{"gitId":"jonahtwl"},"content":"    private RecordType recordType;"},{"lineNumber":32,"author":{"gitId":"jonahtwl"},"content":""},{"lineNumber":33,"author":{"gitId":"jonahtwl"},"content":"    public AddCommand(ArrayList\u003cString\u003e arguments) throws CommandException {"},{"lineNumber":34,"author":{"gitId":"jonahtwl"},"content":"        checkInvalidOptions(arguments, COMMAND_ADD,"},{"lineNumber":35,"author":{"gitId":"jonahtwl"},"content":"                OPTION_EXPENSE, OPTION_LOAN, OPTION_SAVINGS, OPTION_AMOUNT, OPTION_DATE);"},{"lineNumber":36,"author":{"gitId":"jonahtwl"},"content":"        checkOptionConflict(arguments, COMMAND_ADD, OPTION_EXPENSE, OPTION_LOAN, OPTION_SAVINGS);"},{"lineNumber":37,"author":{"gitId":"jonahtwl"},"content":""},{"lineNumber":38,"author":{"gitId":"jonahtwl"},"content":"        //System.out.println(arguments);"},{"lineNumber":39,"author":{"gitId":"jonahtwl"},"content":""},{"lineNumber":40,"author":{"gitId":"jonahtwl"},"content":"        if (hasOption(arguments, OPTION_EXPENSE)) {"},{"lineNumber":41,"author":{"gitId":"jonahtwl"},"content":"            recordType \u003d RecordType.EXPENSE;"},{"lineNumber":42,"author":{"gitId":"jonahtwl"},"content":"        } else if (hasOption(arguments, OPTION_LOAN)) {"},{"lineNumber":43,"author":{"gitId":"jonahtwl"},"content":"            recordType \u003d RecordType.LOAN;"},{"lineNumber":44,"author":{"gitId":"jonahtwl"},"content":"        } else if (hasOption(arguments, OPTION_SAVINGS)) {"},{"lineNumber":45,"author":{"gitId":"jonahtwl"},"content":"            recordType \u003d RecordType.SAVING;"},{"lineNumber":46,"author":{"gitId":"jonahtwl"},"content":"        } else {"},{"lineNumber":47,"author":{"gitId":"jonahtwl"},"content":"            throw new CommandException(\"missing option: [-e | -l | -s]\", COMMAND_ADD);"},{"lineNumber":48,"author":{"gitId":"jonahtwl"},"content":"        }"},{"lineNumber":49,"author":{"gitId":"jonahtwl"},"content":""},{"lineNumber":50,"author":{"gitId":"jonahtwl"},"content":"        amount \u003d Double.parseDouble(Objects.requireNonNull(getOptionValue(arguments, COMMAND_ADD, OPTION_AMOUNT)));"},{"lineNumber":51,"author":{"gitId":"jonahtwl"},"content":"        issueDate \u003d Utils.getOptionValue(arguments, COMMAND_ADD, OPTION_DATE);"},{"lineNumber":52,"author":{"gitId":"jonahtwl"},"content":"        description \u003d Utils.getOptionValue(arguments, COMMAND_ADD, OPTION_EXPENSE);"},{"lineNumber":53,"author":{"gitId":"jonahtwl"},"content":"    }"},{"lineNumber":54,"author":{"gitId":"jonahtwl"},"content":""},{"lineNumber":55,"author":{"gitId":"jonahtwl"},"content":""},{"lineNumber":56,"author":{"gitId":"jonahtwl"},"content":""},{"lineNumber":57,"author":{"gitId":"jonahtwl"},"content":"    @Override"},{"lineNumber":58,"author":{"gitId":"jonahtwl"},"content":"    public void execute(RecordList records, Ui ui, Storage storage) {"},{"lineNumber":59,"author":{"gitId":"jonahtwl"},"content":"        switch (recordType) {"},{"lineNumber":60,"author":{"gitId":"jonahtwl"},"content":"        case EXPENSE:"},{"lineNumber":61,"author":{"gitId":"jonahtwl"},"content":"            records.addRecord(new Expense(amount, issueDate, description), ui, storage);"},{"lineNumber":62,"author":{"gitId":"jonahtwl"},"content":"            break;"},{"lineNumber":63,"author":{"gitId":"jonahtwl"},"content":"        case LOAN:"},{"lineNumber":64,"author":{"gitId":"jonahtwl"},"content":"            //records.addRecord(records, ui, storage);"},{"lineNumber":65,"author":{"gitId":"jonahtwl"},"content":"            System.out.println(\"Type is LOAN\");"},{"lineNumber":66,"author":{"gitId":"jonahtwl"},"content":"            break;"},{"lineNumber":67,"author":{"gitId":"jonahtwl"},"content":"        case SAVING:"},{"lineNumber":68,"author":{"gitId":"jonahtwl"},"content":"            //records.addRecord(records, ui, storage);"},{"lineNumber":69,"author":{"gitId":"jonahtwl"},"content":"            System.out.println(\"Type is SAVINGS\");"},{"lineNumber":70,"author":{"gitId":"jonahtwl"},"content":"            break;"},{"lineNumber":71,"author":{"gitId":"jonahtwl"},"content":"        default:"},{"lineNumber":72,"author":{"gitId":"jonahtwl"},"content":"            ui.printMessage(\"Unable to list records.\");"},{"lineNumber":73,"author":{"gitId":"jonahtwl"},"content":"        }"},{"lineNumber":74,"author":{"gitId":"jonahtwl"},"content":"    }"},{"lineNumber":75,"author":{"gitId":"jonahtwl"},"content":"}"}],"authorContributionMap":{"jonahtwl":66,"marklowsk":9}},{"path":"src/main/java/seedu/duke/command/Command.java","fileType":"functional-code","lines":[{"lineNumber":1,"author":{"gitId":"jonahtwl"},"content":"package seedu.duke.command;"},{"lineNumber":2,"author":{"gitId":"jonahtwl"},"content":""},{"lineNumber":3,"author":{"gitId":"jonahtwl"},"content":"import seedu.duke.record.RecordList;"},{"lineNumber":4,"author":{"gitId":"jonahtwl"},"content":"import seedu.duke.storage.Storage;"},{"lineNumber":5,"author":{"gitId":"jonahtwl"},"content":"import seedu.duke.ui.Ui;"},{"lineNumber":6,"author":{"gitId":"jonahtwl"},"content":""},{"lineNumber":7,"author":{"gitId":"jonahtwl"},"content":"public abstract class Command {"},{"lineNumber":8,"author":{"gitId":"jonahtwl"},"content":"    public abstract void execute(RecordList records, Ui ui, Storage storage);"},{"lineNumber":9,"author":{"gitId":"jonahtwl"},"content":"}"}],"authorContributionMap":{"jonahtwl":9}},{"path":"src/main/java/seedu/duke/command/CommandHandler.java","fileType":"functional-code","lines":[{"lineNumber":1,"author":{"gitId":"LeeHanYongAndy"},"content":"package seedu.duke.command;"},{"lineNumber":2,"author":{"gitId":"LeeHanYongAndy"},"content":""},{"lineNumber":3,"author":{"gitId":"jonahtwl"},"content":"import seedu.duke.exception.CommandException;"},{"lineNumber":4,"author":{"gitId":"marklowsk"},"content":""},{"lineNumber":5,"author":{"gitId":"marklowsk"},"content":"import static seedu.duke.command.ListCommand.COMMAND_LIST;"},{"lineNumber":6,"author":{"gitId":"marklowsk"},"content":"import static seedu.duke.command.AddCommand.COMMAND_ADD;"},{"lineNumber":7,"author":{"gitId":"marklowsk"},"content":"import static seedu.duke.command.RemoveCommand.COMMAND_REMOVE;"},{"lineNumber":8,"author":{"gitId":"marklowsk"},"content":"import static seedu.duke.command.ViewCommand.COMMAND_VIEW;"},{"lineNumber":9,"author":{"gitId":"marklowsk"},"content":"import static seedu.duke.command.HelpCommand.COMMAND_HELP;"},{"lineNumber":10,"author":{"gitId":"marklowsk"},"content":"import static seedu.duke.command.ExitCommand.COMMAND_EXIT;"},{"lineNumber":11,"author":{"gitId":"jonahtwl"},"content":""},{"lineNumber":12,"author":{"gitId":"jonahtwl"},"content":"import java.util.ArrayList;"},{"lineNumber":13,"author":{"gitId":"jonahtwl"},"content":""},{"lineNumber":14,"author":{"gitId":"LeeHanYongAndy"},"content":"public class CommandHandler {"},{"lineNumber":15,"author":{"gitId":"marklowsk"},"content":"    private static final String ERROR_INVALID_COMMAND \u003d \"Invalid command: \";"},{"lineNumber":16,"author":{"gitId":"jonahtwl"},"content":"    private static final int INDEX_OF_COMMAND \u003d 0;"},{"lineNumber":17,"author":{"gitId":"jonahtwl"},"content":""},{"lineNumber":18,"author":{"gitId":"marklowsk"},"content":"    public static Command createCommand(ArrayList\u003cString\u003e parsedArguments) throws CommandException {"},{"lineNumber":19,"author":{"gitId":"jonahtwl"},"content":"        String commandWord \u003d parsedArguments.get(INDEX_OF_COMMAND);"},{"lineNumber":20,"author":{"gitId":"jonahtwl"},"content":""},{"lineNumber":21,"author":{"gitId":"marklowsk"},"content":"        switch (commandWord) {"},{"lineNumber":22,"author":{"gitId":"marklowsk"},"content":"        case COMMAND_LIST:"},{"lineNumber":23,"author":{"gitId":"marklowsk"},"content":"            return new ListCommand(parsedArguments);"},{"lineNumber":24,"author":{"gitId":"marklowsk"},"content":"        case COMMAND_ADD:"},{"lineNumber":25,"author":{"gitId":"marklowsk"},"content":"            return new AddCommand(parsedArguments);"},{"lineNumber":26,"author":{"gitId":"marklowsk"},"content":"        case COMMAND_REMOVE:"},{"lineNumber":27,"author":{"gitId":"marklowsk"},"content":"            return new RemoveCommand(parsedArguments);"},{"lineNumber":28,"author":{"gitId":"marklowsk"},"content":"        case COMMAND_VIEW:"},{"lineNumber":29,"author":{"gitId":"marklowsk"},"content":"            return new ViewCommand(parsedArguments);"},{"lineNumber":30,"author":{"gitId":"marklowsk"},"content":"        case COMMAND_HELP:"},{"lineNumber":31,"author":{"gitId":"marklowsk"},"content":"            return new HelpCommand();"},{"lineNumber":32,"author":{"gitId":"marklowsk"},"content":"        case COMMAND_EXIT:"},{"lineNumber":33,"author":{"gitId":"jonahtwl"},"content":"            return new ExitCommand();"},{"lineNumber":34,"author":{"gitId":"jonahtwl"},"content":"        default:"},{"lineNumber":35,"author":{"gitId":"marklowsk"},"content":"            throw new CommandException(ERROR_INVALID_COMMAND + commandWord);"},{"lineNumber":36,"author":{"gitId":"jonahtwl"},"content":"        }"},{"lineNumber":37,"author":{"gitId":"jonahtwl"},"content":"    }"},{"lineNumber":38,"author":{"gitId":"LeeHanYongAndy"},"content":"}"}],"authorContributionMap":{"jonahtwl":12,"LeeHanYongAndy":4,"marklowsk":22}},{"path":"src/main/java/seedu/duke/command/ExitCommand.java","fileType":"functional-code","lines":[{"lineNumber":1,"author":{"gitId":"jonahtwl"},"content":"package seedu.duke.command;"},{"lineNumber":2,"author":{"gitId":"jonahtwl"},"content":""},{"lineNumber":3,"author":{"gitId":"jonahtwl"},"content":"import seedu.duke.record.RecordList;"},{"lineNumber":4,"author":{"gitId":"jonahtwl"},"content":"import seedu.duke.storage.Storage;"},{"lineNumber":5,"author":{"gitId":"jonahtwl"},"content":"import seedu.duke.ui.Ui;"},{"lineNumber":6,"author":{"gitId":"jonahtwl"},"content":""},{"lineNumber":7,"author":{"gitId":"jonahtwl"},"content":"public class ExitCommand extends Command {"},{"lineNumber":8,"author":{"gitId":"marklowsk"},"content":"    protected static final String COMMAND_EXIT \u003d \"exit\";"},{"lineNumber":9,"author":{"gitId":"jonahtwl"},"content":""},{"lineNumber":10,"author":{"gitId":"jonahtwl"},"content":"    /**"},{"lineNumber":11,"author":{"gitId":"jonahtwl"},"content":"     * Executes the exit function."},{"lineNumber":12,"author":{"gitId":"jonahtwl"},"content":"     *"},{"lineNumber":13,"author":{"gitId":"jonahtwl"},"content":"     * @param records is the recordList"},{"lineNumber":14,"author":{"gitId":"jonahtwl"},"content":"     * @param ui      is the Ui object that interacts with the user"},{"lineNumber":15,"author":{"gitId":"jonahtwl"},"content":"     * @param storage is the Storage object that reads and writes to the save file"},{"lineNumber":16,"author":{"gitId":"jonahtwl"},"content":"     */"},{"lineNumber":17,"author":{"gitId":"jonahtwl"},"content":"    @Override"},{"lineNumber":18,"author":{"gitId":"jonahtwl"},"content":"    public void execute(RecordList records, Ui ui, Storage storage) {"},{"lineNumber":19,"author":{"gitId":"jonahtwl"},"content":"        ui.printGoodByeMessage();"},{"lineNumber":20,"author":{"gitId":"jonahtwl"},"content":"    }"},{"lineNumber":21,"author":{"gitId":"jonahtwl"},"content":""},{"lineNumber":22,"author":{"gitId":"jonahtwl"},"content":"    public static boolean isExit(Command command) {"},{"lineNumber":23,"author":{"gitId":"jonahtwl"},"content":"        return command instanceof ExitCommand;"},{"lineNumber":24,"author":{"gitId":"jonahtwl"},"content":"    }"},{"lineNumber":25,"author":{"gitId":"jonahtwl"},"content":"}"}],"authorContributionMap":{"jonahtwl":24,"marklowsk":1}},{"path":"src/main/java/seedu/duke/command/HelpCommand.java","fileType":"functional-code","lines":[{"lineNumber":1,"author":{"gitId":"marklowsk"},"content":"package seedu.duke.command;"},{"lineNumber":2,"author":{"gitId":"marklowsk"},"content":""},{"lineNumber":3,"author":{"gitId":"jonahtwl"},"content":"import seedu.duke.record.RecordList;"},{"lineNumber":4,"author":{"gitId":"marklowsk"},"content":"import seedu.duke.storage.Storage;"},{"lineNumber":5,"author":{"gitId":"marklowsk"},"content":"import seedu.duke.ui.Ui;"},{"lineNumber":6,"author":{"gitId":"marklowsk"},"content":""},{"lineNumber":7,"author":{"gitId":"marklowsk"},"content":"public class HelpCommand extends Command {"},{"lineNumber":8,"author":{"gitId":"marklowsk"},"content":"    protected static final String COMMAND_HELP \u003d \"help\";"},{"lineNumber":9,"author":{"gitId":"marklowsk"},"content":""},{"lineNumber":10,"author":{"gitId":"marklowsk"},"content":"    @Override"},{"lineNumber":11,"author":{"gitId":"jonahtwl"},"content":"    public void execute(RecordList records, Ui ui, Storage storage) {"},{"lineNumber":12,"author":{"gitId":"marklowsk"},"content":""},{"lineNumber":13,"author":{"gitId":"marklowsk"},"content":"    }"},{"lineNumber":14,"author":{"gitId":"marklowsk"},"content":"}"}],"authorContributionMap":{"jonahtwl":2,"marklowsk":12}},{"path":"src/main/java/seedu/duke/command/ListCommand.java","fileType":"functional-code","lines":[{"lineNumber":1,"author":{"gitId":"marklowsk"},"content":"package seedu.duke.command;"},{"lineNumber":2,"author":{"gitId":"marklowsk"},"content":""},{"lineNumber":3,"author":{"gitId":"marklowsk"},"content":"import seedu.duke.common.RecordType;"},{"lineNumber":4,"author":{"gitId":"marklowsk"},"content":"import seedu.duke.exception.CommandException;"},{"lineNumber":5,"author":{"gitId":"jonahtwl"},"content":"import seedu.duke.record.RecordList;"},{"lineNumber":6,"author":{"gitId":"marklowsk"},"content":"import seedu.duke.storage.Storage;"},{"lineNumber":7,"author":{"gitId":"marklowsk"},"content":"import seedu.duke.ui.Ui;"},{"lineNumber":8,"author":{"gitId":"marklowsk"},"content":""},{"lineNumber":9,"author":{"gitId":"marklowsk"},"content":"import static seedu.duke.command.Utils.checkInvalidOptions;"},{"lineNumber":10,"author":{"gitId":"marklowsk"},"content":"import static seedu.duke.command.Utils.checkOptionConflict;"},{"lineNumber":11,"author":{"gitId":"marklowsk"},"content":"import static seedu.duke.command.Utils.hasOption;"},{"lineNumber":12,"author":{"gitId":"marklowsk"},"content":"import static seedu.duke.common.Constant.OPTION_EXPENSE;"},{"lineNumber":13,"author":{"gitId":"marklowsk"},"content":"import static seedu.duke.common.Constant.OPTION_LOAN;"},{"lineNumber":14,"author":{"gitId":"marklowsk"},"content":"import static seedu.duke.common.Constant.OPTION_SAVINGS;"},{"lineNumber":15,"author":{"gitId":"marklowsk"},"content":""},{"lineNumber":16,"author":{"gitId":"marklowsk"},"content":"import java.util.ArrayList;"},{"lineNumber":17,"author":{"gitId":"marklowsk"},"content":""},{"lineNumber":18,"author":{"gitId":"marklowsk"},"content":"public class ListCommand extends Command {"},{"lineNumber":19,"author":{"gitId":"marklowsk"},"content":"    protected static final String COMMAND_LIST \u003d \"list\";"},{"lineNumber":20,"author":{"gitId":"marklowsk"},"content":""},{"lineNumber":21,"author":{"gitId":"marklowsk"},"content":"    private RecordType recordType;"},{"lineNumber":22,"author":{"gitId":"marklowsk"},"content":""},{"lineNumber":23,"author":{"gitId":"marklowsk"},"content":"    public ListCommand(ArrayList\u003cString\u003e arguments) throws CommandException {"},{"lineNumber":24,"author":{"gitId":"marklowsk"},"content":"        checkInvalidOptions(arguments, COMMAND_LIST, OPTION_EXPENSE, OPTION_LOAN, OPTION_SAVINGS);"},{"lineNumber":25,"author":{"gitId":"marklowsk"},"content":"        checkOptionConflict(arguments, COMMAND_LIST, OPTION_EXPENSE, OPTION_LOAN, OPTION_SAVINGS);"},{"lineNumber":26,"author":{"gitId":"marklowsk"},"content":"        if (hasOption(arguments, OPTION_EXPENSE)) {"},{"lineNumber":27,"author":{"gitId":"marklowsk"},"content":"            recordType \u003d RecordType.EXPENSE;"},{"lineNumber":28,"author":{"gitId":"marklowsk"},"content":"        } else if (hasOption(arguments, OPTION_LOAN)) {"},{"lineNumber":29,"author":{"gitId":"marklowsk"},"content":"            recordType \u003d RecordType.LOAN;"},{"lineNumber":30,"author":{"gitId":"marklowsk"},"content":"        } else if (hasOption(arguments, OPTION_SAVINGS)) {"},{"lineNumber":31,"author":{"gitId":"marklowsk"},"content":"            recordType \u003d RecordType.SAVING;"},{"lineNumber":32,"author":{"gitId":"marklowsk"},"content":"        } else {"},{"lineNumber":33,"author":{"gitId":"marklowsk"},"content":"            throw new CommandException(\"missing option: [-e | -l | -s]\", COMMAND_LIST);"},{"lineNumber":34,"author":{"gitId":"marklowsk"},"content":"        }"},{"lineNumber":35,"author":{"gitId":"marklowsk"},"content":"    }"},{"lineNumber":36,"author":{"gitId":"marklowsk"},"content":""},{"lineNumber":37,"author":{"gitId":"marklowsk"},"content":"    @Override"},{"lineNumber":38,"author":{"gitId":"jonahtwl"},"content":"    public void execute(RecordList records, Ui ui, Storage storage) {"},{"lineNumber":39,"author":{"gitId":"marklowsk"},"content":"        switch (recordType) {"},{"lineNumber":40,"author":{"gitId":"marklowsk"},"content":"        case EXPENSE:"},{"lineNumber":41,"author":{"gitId":"marklowsk"},"content":"            records.listExpenses(ui);"},{"lineNumber":42,"author":{"gitId":"marklowsk"},"content":"            break;"},{"lineNumber":43,"author":{"gitId":"marklowsk"},"content":"        case LOAN:"},{"lineNumber":44,"author":{"gitId":"marklowsk"},"content":"            records.listLoans(ui);"},{"lineNumber":45,"author":{"gitId":"marklowsk"},"content":"            break;"},{"lineNumber":46,"author":{"gitId":"marklowsk"},"content":"        case SAVING:"},{"lineNumber":47,"author":{"gitId":"marklowsk"},"content":"            records.listSavings(ui);"},{"lineNumber":48,"author":{"gitId":"marklowsk"},"content":"            break;"},{"lineNumber":49,"author":{"gitId":"marklowsk"},"content":"        default:"},{"lineNumber":50,"author":{"gitId":"marklowsk"},"content":"            ui.printMessage(\"Unable to list records.\");"},{"lineNumber":51,"author":{"gitId":"marklowsk"},"content":"        }"},{"lineNumber":52,"author":{"gitId":"marklowsk"},"content":"    }"},{"lineNumber":53,"author":{"gitId":"marklowsk"},"content":"}"}],"authorContributionMap":{"jonahtwl":2,"marklowsk":51}},{"path":"src/main/java/seedu/duke/command/RemoveCommand.java","fileType":"functional-code","lines":[{"lineNumber":1,"author":{"gitId":"marklowsk"},"content":"package seedu.duke.command;"},{"lineNumber":2,"author":{"gitId":"marklowsk"},"content":""},{"lineNumber":3,"author":{"gitId":"marklowsk"},"content":"import seedu.duke.exception.CommandException;"},{"lineNumber":4,"author":{"gitId":"jonahtwl"},"content":"import seedu.duke.record.RecordList;"},{"lineNumber":5,"author":{"gitId":"marklowsk"},"content":"import seedu.duke.storage.Storage;"},{"lineNumber":6,"author":{"gitId":"marklowsk"},"content":"import seedu.duke.ui.Ui;"},{"lineNumber":7,"author":{"gitId":"marklowsk"},"content":""},{"lineNumber":8,"author":{"gitId":"marklowsk"},"content":"import java.util.ArrayList;"},{"lineNumber":9,"author":{"gitId":"marklowsk"},"content":""},{"lineNumber":10,"author":{"gitId":"marklowsk"},"content":"import static seedu.duke.command.Utils.checkInvalidOptions;"},{"lineNumber":11,"author":{"gitId":"marklowsk"},"content":"import static seedu.duke.common.Constant.OPTION_EXPENSE;"},{"lineNumber":12,"author":{"gitId":"marklowsk"},"content":"import static seedu.duke.common.Constant.OPTION_LOAN;"},{"lineNumber":13,"author":{"gitId":"marklowsk"},"content":"import static seedu.duke.common.Constant.OPTION_SAVINGS;"},{"lineNumber":14,"author":{"gitId":"marklowsk"},"content":""},{"lineNumber":15,"author":{"gitId":"marklowsk"},"content":"public class RemoveCommand extends Command {"},{"lineNumber":16,"author":{"gitId":"marklowsk"},"content":"    protected static final String COMMAND_REMOVE \u003d \"remove\";"},{"lineNumber":17,"author":{"gitId":"marklowsk"},"content":""},{"lineNumber":18,"author":{"gitId":"marklowsk"},"content":"    public RemoveCommand(ArrayList\u003cString\u003e arguments) throws CommandException {"},{"lineNumber":19,"author":{"gitId":"marklowsk"},"content":"        checkInvalidOptions(arguments, COMMAND_REMOVE, OPTION_EXPENSE, OPTION_LOAN, OPTION_SAVINGS);"},{"lineNumber":20,"author":{"gitId":"marklowsk"},"content":"    }"},{"lineNumber":21,"author":{"gitId":"marklowsk"},"content":""},{"lineNumber":22,"author":{"gitId":"marklowsk"},"content":"    @Override"},{"lineNumber":23,"author":{"gitId":"jonahtwl"},"content":"    public void execute(RecordList records, Ui ui, Storage storage) {"},{"lineNumber":24,"author":{"gitId":"marklowsk"},"content":""},{"lineNumber":25,"author":{"gitId":"marklowsk"},"content":"    }"},{"lineNumber":26,"author":{"gitId":"marklowsk"},"content":"}"}],"authorContributionMap":{"jonahtwl":2,"marklowsk":24}},{"path":"src/main/java/seedu/duke/command/Utils.java","fileType":"functional-code","lines":[{"lineNumber":1,"author":{"gitId":"marklowsk"},"content":"package seedu.duke.command;"},{"lineNumber":2,"author":{"gitId":"marklowsk"},"content":""},{"lineNumber":3,"author":{"gitId":"marklowsk"},"content":"import seedu.duke.exception.CommandException;"},{"lineNumber":4,"author":{"gitId":"marklowsk"},"content":""},{"lineNumber":5,"author":{"gitId":"marklowsk"},"content":"import org.apache.commons.lang3.ArrayUtils;"},{"lineNumber":6,"author":{"gitId":"marklowsk"},"content":""},{"lineNumber":7,"author":{"gitId":"marklowsk"},"content":"import java.util.ArrayList;"},{"lineNumber":8,"author":{"gitId":"marklowsk"},"content":"import java.util.HashSet;"},{"lineNumber":9,"author":{"gitId":"marklowsk"},"content":"import java.util.Set;"},{"lineNumber":10,"author":{"gitId":"marklowsk"},"content":"import java.util.regex.Pattern;"},{"lineNumber":11,"author":{"gitId":"marklowsk"},"content":""},{"lineNumber":12,"author":{"gitId":"marklowsk"},"content":"public class Utils {"},{"lineNumber":13,"author":{"gitId":"marklowsk"},"content":"    private static final String ERROR_MISSING_OPTION \u003d \"missing option: \";"},{"lineNumber":14,"author":{"gitId":"marklowsk"},"content":"    private static final String ERROR_INVALID_OPTION \u003d \"invalid option: \";"},{"lineNumber":15,"author":{"gitId":"marklowsk"},"content":"    private static final String ERROR_DUPLICATE_OPTION \u003d \"duplicate option: \";"},{"lineNumber":16,"author":{"gitId":"marklowsk"},"content":"    private static final String ERROR_CONFLICT_OPTION \u003d \"conflict with options: \";"},{"lineNumber":17,"author":{"gitId":"marklowsk"},"content":"    private static final String REGEX_OPTION \u003d \"^-\\\\w$\";"},{"lineNumber":18,"author":{"gitId":"marklowsk"},"content":""},{"lineNumber":19,"author":{"gitId":"marklowsk"},"content":"    public static String getOptionValue(ArrayList\u003cString\u003e arguments, String command,"},{"lineNumber":20,"author":{"gitId":"marklowsk"},"content":"                                        String option) throws CommandException {"},{"lineNumber":21,"author":{"gitId":"marklowsk"},"content":"        if (!hasOption(arguments, option)) {"},{"lineNumber":22,"author":{"gitId":"marklowsk"},"content":"            throw new CommandException(ERROR_MISSING_OPTION + option, command);"},{"lineNumber":23,"author":{"gitId":"marklowsk"},"content":"        }"},{"lineNumber":24,"author":{"gitId":"marklowsk"},"content":"        int index \u003d arguments.indexOf(option);"},{"lineNumber":25,"author":{"gitId":"marklowsk"},"content":"        if (index \u003c arguments.size() - 1) {"},{"lineNumber":26,"author":{"gitId":"marklowsk"},"content":"            return arguments.get(index + 1);"},{"lineNumber":27,"author":{"gitId":"marklowsk"},"content":"        }"},{"lineNumber":28,"author":{"gitId":"marklowsk"},"content":"        return null;"},{"lineNumber":29,"author":{"gitId":"marklowsk"},"content":"    }"},{"lineNumber":30,"author":{"gitId":"marklowsk"},"content":""},{"lineNumber":31,"author":{"gitId":"marklowsk"},"content":"    public static boolean hasOption(ArrayList\u003cString\u003e arguments, String option) {"},{"lineNumber":32,"author":{"gitId":"marklowsk"},"content":"        return arguments.contains(option);"},{"lineNumber":33,"author":{"gitId":"marklowsk"},"content":"    }"},{"lineNumber":34,"author":{"gitId":"marklowsk"},"content":""},{"lineNumber":35,"author":{"gitId":"marklowsk"},"content":"    public static void checkInvalidOptions(ArrayList\u003cString\u003e arguments, String command,"},{"lineNumber":36,"author":{"gitId":"marklowsk"},"content":"                                           String... validOptions) throws CommandException {"},{"lineNumber":37,"author":{"gitId":"marklowsk"},"content":"        Set\u003cString\u003e nonDuplicates \u003d new HashSet\u003c\u003e();"},{"lineNumber":38,"author":{"gitId":"marklowsk"},"content":"        for (String arg : arguments) {"},{"lineNumber":39,"author":{"gitId":"marklowsk"},"content":"            if (!isOption(arg)) {"},{"lineNumber":40,"author":{"gitId":"marklowsk"},"content":"                continue;"},{"lineNumber":41,"author":{"gitId":"marklowsk"},"content":"            }"},{"lineNumber":42,"author":{"gitId":"marklowsk"},"content":"            if (!ArrayUtils.contains(validOptions, arg)) {"},{"lineNumber":43,"author":{"gitId":"marklowsk"},"content":"                throw new CommandException(ERROR_INVALID_OPTION + arg, command);"},{"lineNumber":44,"author":{"gitId":"marklowsk"},"content":"            }"},{"lineNumber":45,"author":{"gitId":"marklowsk"},"content":"            if (!nonDuplicates.add(arg)) {"},{"lineNumber":46,"author":{"gitId":"marklowsk"},"content":"                throw new CommandException(ERROR_DUPLICATE_OPTION + arg, command);"},{"lineNumber":47,"author":{"gitId":"marklowsk"},"content":"            }"},{"lineNumber":48,"author":{"gitId":"marklowsk"},"content":"        }"},{"lineNumber":49,"author":{"gitId":"marklowsk"},"content":"    }"},{"lineNumber":50,"author":{"gitId":"marklowsk"},"content":""},{"lineNumber":51,"author":{"gitId":"marklowsk"},"content":"    public static void checkOptionConflict(ArrayList\u003cString\u003e arguments, String command,"},{"lineNumber":52,"author":{"gitId":"marklowsk"},"content":"                                           String... orOptions) throws CommandException {"},{"lineNumber":53,"author":{"gitId":"marklowsk"},"content":"        String option \u003d null;"},{"lineNumber":54,"author":{"gitId":"marklowsk"},"content":"        for (String arg : arguments) {"},{"lineNumber":55,"author":{"gitId":"marklowsk"},"content":"            if (!isOption(arg)) {"},{"lineNumber":56,"author":{"gitId":"marklowsk"},"content":"                continue;"},{"lineNumber":57,"author":{"gitId":"marklowsk"},"content":"            }"},{"lineNumber":58,"author":{"gitId":"marklowsk"},"content":"            if (!ArrayUtils.contains(orOptions, arg)) {"},{"lineNumber":59,"author":{"gitId":"marklowsk"},"content":"                continue;"},{"lineNumber":60,"author":{"gitId":"marklowsk"},"content":"            }"},{"lineNumber":61,"author":{"gitId":"marklowsk"},"content":"            if (option \u003d\u003d null) {"},{"lineNumber":62,"author":{"gitId":"marklowsk"},"content":"                option \u003d arg;"},{"lineNumber":63,"author":{"gitId":"marklowsk"},"content":"            } else {"},{"lineNumber":64,"author":{"gitId":"marklowsk"},"content":"                throw new CommandException(ERROR_CONFLICT_OPTION + option + \", \" + arg, command);"},{"lineNumber":65,"author":{"gitId":"marklowsk"},"content":"            }"},{"lineNumber":66,"author":{"gitId":"marklowsk"},"content":"        }"},{"lineNumber":67,"author":{"gitId":"marklowsk"},"content":"    }"},{"lineNumber":68,"author":{"gitId":"marklowsk"},"content":""},{"lineNumber":69,"author":{"gitId":"marklowsk"},"content":"    public static boolean isOption(String arg) {"},{"lineNumber":70,"author":{"gitId":"marklowsk"},"content":"        return Pattern.matches(REGEX_OPTION, arg);"},{"lineNumber":71,"author":{"gitId":"marklowsk"},"content":"    }"},{"lineNumber":72,"author":{"gitId":"marklowsk"},"content":"}"}],"authorContributionMap":{"marklowsk":72}},{"path":"src/main/java/seedu/duke/command/ViewCommand.java","fileType":"functional-code","lines":[{"lineNumber":1,"author":{"gitId":"marklowsk"},"content":"package seedu.duke.command;"},{"lineNumber":2,"author":{"gitId":"marklowsk"},"content":""},{"lineNumber":3,"author":{"gitId":"marklowsk"},"content":"import seedu.duke.common.RecordType;"},{"lineNumber":4,"author":{"gitId":"marklowsk"},"content":"import seedu.duke.exception.CommandException;"},{"lineNumber":5,"author":{"gitId":"jonahtwl"},"content":"import seedu.duke.record.RecordList;"},{"lineNumber":6,"author":{"gitId":"marklowsk"},"content":"import seedu.duke.storage.Storage;"},{"lineNumber":7,"author":{"gitId":"marklowsk"},"content":"import seedu.duke.ui.Ui;"},{"lineNumber":8,"author":{"gitId":"marklowsk"},"content":""},{"lineNumber":9,"author":{"gitId":"marklowsk"},"content":"import java.util.ArrayList;"},{"lineNumber":10,"author":{"gitId":"marklowsk"},"content":""},{"lineNumber":11,"author":{"gitId":"marklowsk"},"content":"import static seedu.duke.command.Utils.checkInvalidOptions;"},{"lineNumber":12,"author":{"gitId":"marklowsk"},"content":"import static seedu.duke.command.Utils.checkOptionConflict;"},{"lineNumber":13,"author":{"gitId":"marklowsk"},"content":"import static seedu.duke.command.Utils.hasOption;"},{"lineNumber":14,"author":{"gitId":"marklowsk"},"content":"import static seedu.duke.common.Constant.OPTION_EXPENSE;"},{"lineNumber":15,"author":{"gitId":"marklowsk"},"content":"import static seedu.duke.common.Constant.OPTION_LOAN;"},{"lineNumber":16,"author":{"gitId":"marklowsk"},"content":"import static seedu.duke.common.Constant.OPTION_SAVINGS;"},{"lineNumber":17,"author":{"gitId":"marklowsk"},"content":""},{"lineNumber":18,"author":{"gitId":"marklowsk"},"content":"public class ViewCommand extends Command {"},{"lineNumber":19,"author":{"gitId":"marklowsk"},"content":"    protected static final String COMMAND_VIEW \u003d \"view\";"},{"lineNumber":20,"author":{"gitId":"marklowsk"},"content":""},{"lineNumber":21,"author":{"gitId":"marklowsk"},"content":"    private RecordType recordType;"},{"lineNumber":22,"author":{"gitId":"marklowsk"},"content":""},{"lineNumber":23,"author":{"gitId":"marklowsk"},"content":"    public ViewCommand(ArrayList\u003cString\u003e arguments) throws CommandException {"},{"lineNumber":24,"author":{"gitId":"marklowsk"},"content":"        checkInvalidOptions(arguments, COMMAND_VIEW, OPTION_EXPENSE, OPTION_LOAN, OPTION_SAVINGS);"},{"lineNumber":25,"author":{"gitId":"marklowsk"},"content":"        checkOptionConflict(arguments, COMMAND_VIEW, OPTION_EXPENSE, OPTION_LOAN, OPTION_SAVINGS);"},{"lineNumber":26,"author":{"gitId":"marklowsk"},"content":"        if (hasOption(arguments, OPTION_EXPENSE)) {"},{"lineNumber":27,"author":{"gitId":"marklowsk"},"content":"            recordType \u003d RecordType.EXPENSE;"},{"lineNumber":28,"author":{"gitId":"marklowsk"},"content":"        } else if (hasOption(arguments, OPTION_LOAN)) {"},{"lineNumber":29,"author":{"gitId":"marklowsk"},"content":"            recordType \u003d RecordType.LOAN;"},{"lineNumber":30,"author":{"gitId":"marklowsk"},"content":"        } else if (hasOption(arguments, OPTION_SAVINGS)) {"},{"lineNumber":31,"author":{"gitId":"marklowsk"},"content":"            recordType \u003d RecordType.SAVING;"},{"lineNumber":32,"author":{"gitId":"marklowsk"},"content":"        } else {"},{"lineNumber":33,"author":{"gitId":"marklowsk"},"content":"            throw new CommandException(\"missing option: [-e | -l | -s]\", COMMAND_VIEW);"},{"lineNumber":34,"author":{"gitId":"marklowsk"},"content":"        }"},{"lineNumber":35,"author":{"gitId":"marklowsk"},"content":"    }"},{"lineNumber":36,"author":{"gitId":"marklowsk"},"content":""},{"lineNumber":37,"author":{"gitId":"marklowsk"},"content":"    @Override"},{"lineNumber":38,"author":{"gitId":"jonahtwl"},"content":"    public void execute(RecordList records, Ui ui, Storage storage) {"},{"lineNumber":39,"author":{"gitId":"marklowsk"},"content":""},{"lineNumber":40,"author":{"gitId":"marklowsk"},"content":"    }"},{"lineNumber":41,"author":{"gitId":"marklowsk"},"content":"}"}],"authorContributionMap":{"jonahtwl":2,"marklowsk":39}},{"path":"src/main/java/seedu/duke/common/Constant.java","fileType":"functional-code","lines":[{"lineNumber":1,"author":{"gitId":"LeeHanYongAndy"},"content":"package seedu.duke.common;"},{"lineNumber":2,"author":{"gitId":"LeeHanYongAndy"},"content":""},{"lineNumber":3,"author":{"gitId":"LeeHanYongAndy"},"content":"public class Constant {"},{"lineNumber":4,"author":{"gitId":"LeeHanYongAndy"},"content":"    // Please append constants used to line under your name"},{"lineNumber":5,"author":{"gitId":"LeeHanYongAndy"},"content":"    // Mark"},{"lineNumber":6,"author":{"gitId":"marklowsk"},"content":"    public static final String OPTION_EXPENSE \u003d \"-e\";"},{"lineNumber":7,"author":{"gitId":"marklowsk"},"content":"    public static final String OPTION_LOAN \u003d \"-l\";"},{"lineNumber":8,"author":{"gitId":"marklowsk"},"content":"    public static final String OPTION_SAVINGS \u003d \"-s\";"},{"lineNumber":9,"author":{"gitId":"marklowsk"},"content":"    public static final String OPTION_AMOUNT \u003d \"-a\";"},{"lineNumber":10,"author":{"gitId":"marklowsk"},"content":"    public static final String OPTION_DATE \u003d \"-d\";"},{"lineNumber":11,"author":{"gitId":"LeeHanYongAndy"},"content":"    // Andy"},{"lineNumber":12,"author":{"gitId":"LeeHanYongAndy"},"content":""},{"lineNumber":13,"author":{"gitId":"LeeHanYongAndy"},"content":"    // Jonah"},{"lineNumber":14,"author":{"gitId":"LeeHanYongAndy"},"content":""},{"lineNumber":15,"author":{"gitId":"LeeHanYongAndy"},"content":"    // Gerard"},{"lineNumber":16,"author":{"gitId":"gerardtwk"},"content":"    public static final String SYMBOL_SAVING \u003d \"S\";"},{"lineNumber":17,"author":{"gitId":"gerardtwk"},"content":"    public static final String SYMBOL_EXPENSE \u003d \"E\";"},{"lineNumber":18,"author":{"gitId":"gerardtwk"},"content":"    public static final String SYMBOL_LOAN \u003d \"L\";"},{"lineNumber":19,"author":{"gitId":"gerardtwk"},"content":""},{"lineNumber":20,"author":{"gitId":"LeeHanYongAndy"},"content":""},{"lineNumber":21,"author":{"gitId":"LeeHanYongAndy"},"content":"    // Jason"},{"lineNumber":22,"author":{"gitId":"LeeHanYongAndy"},"content":"}"}],"authorContributionMap":{"LeeHanYongAndy":13,"marklowsk":5,"gerardtwk":4}},{"path":"src/main/java/seedu/duke/common/RecordType.java","fileType":"functional-code","lines":[{"lineNumber":1,"author":{"gitId":"marklowsk"},"content":"package seedu.duke.common;"},{"lineNumber":2,"author":{"gitId":"marklowsk"},"content":""},{"lineNumber":3,"author":{"gitId":"marklowsk"},"content":"public enum RecordType {"},{"lineNumber":4,"author":{"gitId":"marklowsk"},"content":"    EXPENSE, LOAN, SAVING"},{"lineNumber":5,"author":{"gitId":"marklowsk"},"content":"}"}],"authorContributionMap":{"marklowsk":5}},{"path":"src/main/java/seedu/duke/exception/CommandException.java","fileType":"functional-code","lines":[{"lineNumber":1,"author":{"gitId":"marklowsk"},"content":"package seedu.duke.exception;"},{"lineNumber":2,"author":{"gitId":"marklowsk"},"content":""},{"lineNumber":3,"author":{"gitId":"marklowsk"},"content":"public class CommandException extends Exception {"},{"lineNumber":4,"author":{"gitId":"marklowsk"},"content":"    public CommandException(String message) {"},{"lineNumber":5,"author":{"gitId":"marklowsk"},"content":"        super(message);"},{"lineNumber":6,"author":{"gitId":"marklowsk"},"content":"    }"},{"lineNumber":7,"author":{"gitId":"marklowsk"},"content":""},{"lineNumber":8,"author":{"gitId":"marklowsk"},"content":"    public CommandException(String message, String command) {"},{"lineNumber":9,"author":{"gitId":"marklowsk"},"content":"        this(command + \" Command - \" + message);"},{"lineNumber":10,"author":{"gitId":"marklowsk"},"content":"    }"},{"lineNumber":11,"author":{"gitId":"marklowsk"},"content":"}"}],"authorContributionMap":{"marklowsk":11}},{"path":"src/main/java/seedu/duke/exception/CustomException.java","fileType":"functional-code","lines":[{"lineNumber":1,"author":{"gitId":"LeeHanYongAndy"},"content":"package seedu.duke.exception;"},{"lineNumber":2,"author":{"gitId":"LeeHanYongAndy"},"content":""},{"lineNumber":3,"author":{"gitId":"LeeHanYongAndy"},"content":"public class CustomException {"},{"lineNumber":4,"author":{"gitId":"LeeHanYongAndy"},"content":"}"}],"authorContributionMap":{"LeeHanYongAndy":4}},{"path":"src/main/java/seedu/duke/exception/InvalidCommandException.java","fileType":"functional-code","lines":[{"lineNumber":1,"author":{"gitId":"jonahtwl"},"content":"package seedu.duke.exception;"},{"lineNumber":2,"author":{"gitId":"jonahtwl"},"content":""},{"lineNumber":3,"author":{"gitId":"jonahtwl"},"content":"public class InvalidCommandException extends Exception {"},{"lineNumber":4,"author":{"gitId":"jonahtwl"},"content":""},{"lineNumber":5,"author":{"gitId":"jonahtwl"},"content":"    public InvalidCommandException(String message) {"},{"lineNumber":6,"author":{"gitId":"jonahtwl"},"content":"        super(message);"},{"lineNumber":7,"author":{"gitId":"jonahtwl"},"content":"    }"},{"lineNumber":8,"author":{"gitId":"jonahtwl"},"content":"}"}],"authorContributionMap":{"jonahtwl":8}},{"path":"src/main/java/seedu/duke/parser/ParserHandler.java","fileType":"functional-code","lines":[{"lineNumber":1,"author":{"gitId":"LeeHanYongAndy"},"content":"package seedu.duke.parser;"},{"lineNumber":2,"author":{"gitId":"LeeHanYongAndy"},"content":""},{"lineNumber":3,"author":{"gitId":"LeeHanYongAndy"},"content":"import org.apache.commons.lang3.StringUtils;"},{"lineNumber":4,"author":{"gitId":"LeeHanYongAndy"},"content":"import java.util.ArrayList;"},{"lineNumber":5,"author":{"gitId":"LeeHanYongAndy"},"content":""},{"lineNumber":6,"author":{"gitId":"LeeHanYongAndy"},"content":"public class ParserHandler {"},{"lineNumber":7,"author":{"gitId":"LeeHanYongAndy"},"content":"    public static ArrayList\u003cString\u003e getParseInput(String userInput) {"},{"lineNumber":8,"author":{"gitId":"LeeHanYongAndy"},"content":"        ArrayList\u003cString\u003e extracted \u003d new ArrayList\u003c\u003e();"},{"lineNumber":9,"author":{"gitId":"LeeHanYongAndy"},"content":"        String trimmedInput \u003d userInput.stripLeading();"},{"lineNumber":10,"author":{"gitId":"LeeHanYongAndy"},"content":"        if (checkOptionStartWith(trimmedInput)) {"},{"lineNumber":11,"author":{"gitId":"LeeHanYongAndy"},"content":"            extracted.add(trimmedInput.substring(0,2));"},{"lineNumber":12,"author":{"gitId":"LeeHanYongAndy"},"content":"            trimmedInput \u003d trimmedInput.substring(2);"},{"lineNumber":13,"author":{"gitId":"LeeHanYongAndy"},"content":"        }"},{"lineNumber":14,"author":{"gitId":"LeeHanYongAndy"},"content":"        return extractAfterFirstCheck(extracted, trimmedInput);"},{"lineNumber":15,"author":{"gitId":"LeeHanYongAndy"},"content":"    }"},{"lineNumber":16,"author":{"gitId":"LeeHanYongAndy"},"content":""},{"lineNumber":17,"author":{"gitId":"LeeHanYongAndy"},"content":"    private static ArrayList\u003cString\u003e extractAfterFirstCheck(ArrayList\u003cString\u003e extracted, String trimmedInput) {"},{"lineNumber":18,"author":{"gitId":"LeeHanYongAndy"},"content":"        int optionIndex \u003d getNextOptionIndex(trimmedInput);"},{"lineNumber":19,"author":{"gitId":"LeeHanYongAndy"},"content":"        while (optionIndex !\u003d -1) {"},{"lineNumber":20,"author":{"gitId":"LeeHanYongAndy"},"content":"            String argument \u003d trimmedInput.substring(0,optionIndex).trim();"},{"lineNumber":21,"author":{"gitId":"LeeHanYongAndy"},"content":"            extracted.add(argument);"},{"lineNumber":22,"author":{"gitId":"LeeHanYongAndy"},"content":"            trimmedInput \u003d trimmedInput.substring(optionIndex).stripLeading();"},{"lineNumber":23,"author":{"gitId":"LeeHanYongAndy"},"content":"            extracted.add(trimmedInput.substring(0,2));"},{"lineNumber":24,"author":{"gitId":"LeeHanYongAndy"},"content":"            trimmedInput \u003d trimmedInput.substring(2);"},{"lineNumber":25,"author":{"gitId":"LeeHanYongAndy"},"content":"            optionIndex \u003d getNextOptionIndex(trimmedInput);"},{"lineNumber":26,"author":{"gitId":"LeeHanYongAndy"},"content":"        }"},{"lineNumber":27,"author":{"gitId":"LeeHanYongAndy"},"content":"        return extractFinalPart(extracted, trimmedInput);"},{"lineNumber":28,"author":{"gitId":"LeeHanYongAndy"},"content":"    }"},{"lineNumber":29,"author":{"gitId":"LeeHanYongAndy"},"content":""},{"lineNumber":30,"author":{"gitId":"LeeHanYongAndy"},"content":"    private static ArrayList\u003cString\u003e extractFinalPart(ArrayList\u003cString\u003e extracted, String trimmedInput) {"},{"lineNumber":31,"author":{"gitId":"LeeHanYongAndy"},"content":"        if (checkOptionEndWith(trimmedInput)) {"},{"lineNumber":32,"author":{"gitId":"LeeHanYongAndy"},"content":"            String argument \u003d trimmedInput.substring(0, (trimmedInput.length() - 2)).trim();"},{"lineNumber":33,"author":{"gitId":"LeeHanYongAndy"},"content":"            extracted.add(argument);"},{"lineNumber":34,"author":{"gitId":"LeeHanYongAndy"},"content":"            extracted.add(trimmedInput.substring(trimmedInput.length() - 2).trim());"},{"lineNumber":35,"author":{"gitId":"LeeHanYongAndy"},"content":"            extracted.add(\"\");"},{"lineNumber":36,"author":{"gitId":"LeeHanYongAndy"},"content":"        } else {"},{"lineNumber":37,"author":{"gitId":"LeeHanYongAndy"},"content":"            extracted.add(trimmedInput.trim());"},{"lineNumber":38,"author":{"gitId":"LeeHanYongAndy"},"content":"        }"},{"lineNumber":39,"author":{"gitId":"LeeHanYongAndy"},"content":"        return extracted;"},{"lineNumber":40,"author":{"gitId":"LeeHanYongAndy"},"content":"    }"},{"lineNumber":41,"author":{"gitId":"LeeHanYongAndy"},"content":""},{"lineNumber":42,"author":{"gitId":"LeeHanYongAndy"},"content":"    private static boolean checkOptionStartWith(String input) {"},{"lineNumber":43,"author":{"gitId":"LeeHanYongAndy"},"content":"        return StringUtils.startsWithAny(input, \"-e\", \"-l\", \"-s\", \"-d\", \"-a\");"},{"lineNumber":44,"author":{"gitId":"LeeHanYongAndy"},"content":"    }"},{"lineNumber":45,"author":{"gitId":"LeeHanYongAndy"},"content":""},{"lineNumber":46,"author":{"gitId":"LeeHanYongAndy"},"content":"    private static boolean checkOptionEndWith(String input) {"},{"lineNumber":47,"author":{"gitId":"LeeHanYongAndy"},"content":"        return  StringUtils.endsWithAny(input, \" -e\", \" -l\", \" -s\", \" -d\", \" -a\");"},{"lineNumber":48,"author":{"gitId":"LeeHanYongAndy"},"content":"    }"},{"lineNumber":49,"author":{"gitId":"LeeHanYongAndy"},"content":""},{"lineNumber":50,"author":{"gitId":"LeeHanYongAndy"},"content":"    private static int getNextOptionIndex(String leftOverString) {"},{"lineNumber":51,"author":{"gitId":"LeeHanYongAndy"},"content":"        return StringUtils.indexOfAny(leftOverString, \" -e \", \" -l \", \" -s \", \" -d \", \" -a \");"},{"lineNumber":52,"author":{"gitId":"LeeHanYongAndy"},"content":"    }"},{"lineNumber":53,"author":{"gitId":"LeeHanYongAndy"},"content":"}"}],"authorContributionMap":{"LeeHanYongAndy":53}},{"path":"src/main/java/seedu/duke/record/Expense.java","fileType":"functional-code","lines":[{"lineNumber":1,"author":{"gitId":"LeeHanYongAndy"},"content":"package seedu.duke.record;"},{"lineNumber":2,"author":{"gitId":"LeeHanYongAndy"},"content":""},{"lineNumber":3,"author":{"gitId":"tzexern"},"content":"public class Expense extends Record {"},{"lineNumber":4,"author":{"gitId":"jonahtwl"},"content":"    private static final String TYPE_EXPENSE \u003d \"E\";"},{"lineNumber":5,"author":{"gitId":"jonahtwl"},"content":"    private static final String FILE_OUTPUT_STRING_FORMAT \u003d \"| %s | %s | %f | %s\";"},{"lineNumber":6,"author":{"gitId":"jonahtwl"},"content":""},{"lineNumber":7,"author":{"gitId":"tzexern"},"content":"    public Expense(double amount, String issuedDate, String description) {"},{"lineNumber":8,"author":{"gitId":"tzexern"},"content":"        super(amount, issuedDate, description);"},{"lineNumber":9,"author":{"gitId":"tzexern"},"content":"    }"},{"lineNumber":10,"author":{"gitId":"jonahtwl"},"content":""},{"lineNumber":11,"author":{"gitId":"jonahtwl"},"content":"    @Override"},{"lineNumber":12,"author":{"gitId":"jonahtwl"},"content":"    public String convertFileFormat() {"},{"lineNumber":13,"author":{"gitId":"jonahtwl"},"content":"        return String.format(FILE_OUTPUT_STRING_FORMAT, TYPE_EXPENSE,super.getDescription(),"},{"lineNumber":14,"author":{"gitId":"jonahtwl"},"content":"                super.getAmount(), super.getIssueDate());"},{"lineNumber":15,"author":{"gitId":"jonahtwl"},"content":"    }"},{"lineNumber":16,"author":{"gitId":"LeeHanYongAndy"},"content":"}"}],"authorContributionMap":{"tzexern":4,"jonahtwl":9,"LeeHanYongAndy":3}},{"path":"src/main/java/seedu/duke/record/Loan.java","fileType":"functional-code","lines":[{"lineNumber":1,"author":{"gitId":"LeeHanYongAndy"},"content":"package seedu.duke.record;"},{"lineNumber":2,"author":{"gitId":"LeeHanYongAndy"},"content":""},{"lineNumber":3,"author":{"gitId":"tzexern"},"content":"public class Loan extends Record {"},{"lineNumber":4,"author":{"gitId":"tzexern"},"content":"    private boolean isReturn;"},{"lineNumber":5,"author":{"gitId":"tzexern"},"content":"    private String dueDate;"},{"lineNumber":6,"author":{"gitId":"tzexern"},"content":"    private String returnDate;"},{"lineNumber":7,"author":{"gitId":"tzexern"},"content":"    private String recordType;"},{"lineNumber":8,"author":{"gitId":"tzexern"},"content":""},{"lineNumber":9,"author":{"gitId":"tzexern"},"content":"    public Loan(double amount, String issuedDate, String description) {"},{"lineNumber":10,"author":{"gitId":"tzexern"},"content":"        super(amount, issuedDate, description);"},{"lineNumber":11,"author":{"gitId":"tzexern"},"content":"        this.isReturn \u003d false;"},{"lineNumber":12,"author":{"gitId":"tzexern"},"content":"    }"},{"lineNumber":13,"author":{"gitId":"tzexern"},"content":""},{"lineNumber":14,"author":{"gitId":"tzexern"},"content":"    public void markAsReturned() {"},{"lineNumber":15,"author":{"gitId":"tzexern"},"content":"        this.isReturn \u003d true;"},{"lineNumber":16,"author":{"gitId":"tzexern"},"content":"    }"},{"lineNumber":17,"author":{"gitId":"tzexern"},"content":""},{"lineNumber":18,"author":{"gitId":"tzexern"},"content":"    public void setReturnDate(String date) {"},{"lineNumber":19,"author":{"gitId":"tzexern"},"content":"        this.returnDate \u003d date;"},{"lineNumber":20,"author":{"gitId":"tzexern"},"content":"    }"},{"lineNumber":21,"author":{"gitId":"LeeHanYongAndy"},"content":"}"}],"authorContributionMap":{"tzexern":18,"LeeHanYongAndy":3}},{"path":"src/main/java/seedu/duke/record/Record.java","fileType":"functional-code","lines":[{"lineNumber":1,"author":{"gitId":"LeeHanYongAndy"},"content":"package seedu.duke.record;"},{"lineNumber":2,"author":{"gitId":"LeeHanYongAndy"},"content":""},{"lineNumber":3,"author":{"gitId":"gerardtwk"},"content":"public abstract class Record {"},{"lineNumber":4,"author":{"gitId":"gerardtwk"},"content":"    private double amount;"},{"lineNumber":5,"author":{"gitId":"gerardtwk"},"content":"    private String issueDate;"},{"lineNumber":6,"author":{"gitId":"gerardtwk"},"content":"    private String description;"},{"lineNumber":7,"author":{"gitId":"jonahtwl"},"content":"    private static final String FILE_OUTPUT_STRING_FORMAT \u003d \"| %s | %f | %s\";"},{"lineNumber":8,"author":{"gitId":"gerardtwk"},"content":""},{"lineNumber":9,"author":{"gitId":"gerardtwk"},"content":"    public Record(double amount, String issueDate, String description) {"},{"lineNumber":10,"author":{"gitId":"gerardtwk"},"content":"        this.amount \u003d amount;"},{"lineNumber":11,"author":{"gitId":"gerardtwk"},"content":"        this.issueDate \u003d issueDate;"},{"lineNumber":12,"author":{"gitId":"gerardtwk"},"content":"        this.description \u003d description;"},{"lineNumber":13,"author":{"gitId":"gerardtwk"},"content":"    }"},{"lineNumber":14,"author":{"gitId":"jonahtwl"},"content":""},{"lineNumber":15,"author":{"gitId":"jonahtwl"},"content":"    public String getDescription() {"},{"lineNumber":16,"author":{"gitId":"jonahtwl"},"content":"        return this.description;"},{"lineNumber":17,"author":{"gitId":"jonahtwl"},"content":"    }"},{"lineNumber":18,"author":{"gitId":"jonahtwl"},"content":""},{"lineNumber":19,"author":{"gitId":"jonahtwl"},"content":"    public double getAmount() {"},{"lineNumber":20,"author":{"gitId":"jonahtwl"},"content":"        return this.amount;"},{"lineNumber":21,"author":{"gitId":"jonahtwl"},"content":"    }"},{"lineNumber":22,"author":{"gitId":"jonahtwl"},"content":""},{"lineNumber":23,"author":{"gitId":"jonahtwl"},"content":"    public String getIssueDate() {"},{"lineNumber":24,"author":{"gitId":"jonahtwl"},"content":"        return this.issueDate;"},{"lineNumber":25,"author":{"gitId":"jonahtwl"},"content":"    }"},{"lineNumber":26,"author":{"gitId":"jonahtwl"},"content":""},{"lineNumber":27,"author":{"gitId":"jonahtwl"},"content":"    public String convertFileFormat() {"},{"lineNumber":28,"author":{"gitId":"jonahtwl"},"content":"        return String.format(FILE_OUTPUT_STRING_FORMAT, description, amount, issueDate);"},{"lineNumber":29,"author":{"gitId":"jonahtwl"},"content":"    }"},{"lineNumber":30,"author":{"gitId":"LeeHanYongAndy"},"content":"}"}],"authorContributionMap":{"jonahtwl":17,"LeeHanYongAndy":3,"gerardtwk":10}},{"path":"src/main/java/seedu/duke/record/RecordList.java","fileType":"functional-code","lines":[{"lineNumber":1,"author":{"gitId":"LeeHanYongAndy"},"content":"package seedu.duke.record;"},{"lineNumber":2,"author":{"gitId":"LeeHanYongAndy"},"content":""},{"lineNumber":3,"author":{"gitId":"jonahtwl"},"content":"import seedu.duke.storage.Storage;"},{"lineNumber":4,"author":{"gitId":"marklowsk"},"content":"import seedu.duke.ui.Ui;"},{"lineNumber":5,"author":{"gitId":"marklowsk"},"content":""},{"lineNumber":6,"author":{"gitId":"tzexern"},"content":"import java.util.ArrayList;"},{"lineNumber":7,"author":{"gitId":"tzexern"},"content":""},{"lineNumber":8,"author":{"gitId":"jonahtwl"},"content":"public class RecordList {"},{"lineNumber":9,"author":{"gitId":"tzexern"},"content":"    private ArrayList\u003cRecord\u003e recordList;"},{"lineNumber":10,"author":{"gitId":"tzexern"},"content":""},{"lineNumber":11,"author":{"gitId":"jonahtwl"},"content":"    public RecordList() {"},{"lineNumber":12,"author":{"gitId":"jonahtwl"},"content":"        recordList \u003d new ArrayList\u003c\u003e();"},{"lineNumber":13,"author":{"gitId":"jonahtwl"},"content":"    }"},{"lineNumber":14,"author":{"gitId":"jonahtwl"},"content":""},{"lineNumber":15,"author":{"gitId":"jonahtwl"},"content":"    public RecordList(ArrayList\u003cRecord\u003e recordList) {"},{"lineNumber":16,"author":{"gitId":"tzexern"},"content":"        this.recordList \u003d recordList;"},{"lineNumber":17,"author":{"gitId":"tzexern"},"content":"    }"},{"lineNumber":18,"author":{"gitId":"tzexern"},"content":""},{"lineNumber":19,"author":{"gitId":"jonahtwl"},"content":"    public void addRecord(Record recordToAdd, Ui ui, Storage storage) {"},{"lineNumber":20,"author":{"gitId":"tzexern"},"content":"        recordList.add(recordToAdd);"},{"lineNumber":21,"author":{"gitId":"jonahtwl"},"content":"        Ui.printSuccessfulAdd(recordToAdd);"},{"lineNumber":22,"author":{"gitId":"jonahtwl"},"content":"        try {"},{"lineNumber":23,"author":{"gitId":"jonahtwl"},"content":"            storage.saveFile(recordList);"},{"lineNumber":24,"author":{"gitId":"jonahtwl"},"content":"        } catch (Exception e) {"},{"lineNumber":25,"author":{"gitId":"jonahtwl"},"content":"            System.out.println(e.getMessage());"},{"lineNumber":26,"author":{"gitId":"jonahtwl"},"content":"        }"},{"lineNumber":27,"author":{"gitId":"jonahtwl"},"content":""},{"lineNumber":28,"author":{"gitId":"tzexern"},"content":"    }"},{"lineNumber":29,"author":{"gitId":"tzexern"},"content":""},{"lineNumber":30,"author":{"gitId":"tzexern"},"content":"    public Record getRecordAt(int recordIndex) {"},{"lineNumber":31,"author":{"gitId":"tzexern"},"content":"        return recordList.get(recordIndex);"},{"lineNumber":32,"author":{"gitId":"tzexern"},"content":"    }"},{"lineNumber":33,"author":{"gitId":"tzexern"},"content":""},{"lineNumber":34,"author":{"gitId":"tzexern"},"content":"    public Record deleteRecordAt(int recordIndex) {"},{"lineNumber":35,"author":{"gitId":"tzexern"},"content":"        return recordList.remove(recordIndex);"},{"lineNumber":36,"author":{"gitId":"tzexern"},"content":"    }"},{"lineNumber":37,"author":{"gitId":"tzexern"},"content":""},{"lineNumber":38,"author":{"gitId":"tzexern"},"content":"    public void deleteAllRecords() {"},{"lineNumber":39,"author":{"gitId":"tzexern"},"content":"        recordList.clear();"},{"lineNumber":40,"author":{"gitId":"tzexern"},"content":"    }"},{"lineNumber":41,"author":{"gitId":"tzexern"},"content":""},{"lineNumber":42,"author":{"gitId":"tzexern"},"content":"    public int indexOfRecord(Record record) {"},{"lineNumber":43,"author":{"gitId":"tzexern"},"content":"        return recordList.indexOf(record);"},{"lineNumber":44,"author":{"gitId":"tzexern"},"content":"    }"},{"lineNumber":45,"author":{"gitId":"tzexern"},"content":""},{"lineNumber":46,"author":{"gitId":"tzexern"},"content":"    public boolean isEmpty() {"},{"lineNumber":47,"author":{"gitId":"tzexern"},"content":"        return recordList.isEmpty();"},{"lineNumber":48,"author":{"gitId":"tzexern"},"content":"    }"},{"lineNumber":49,"author":{"gitId":"tzexern"},"content":""},{"lineNumber":50,"author":{"gitId":"tzexern"},"content":"    public int getRecordCount() {"},{"lineNumber":51,"author":{"gitId":"tzexern"},"content":"        return recordList.size();"},{"lineNumber":52,"author":{"gitId":"tzexern"},"content":"    }"},{"lineNumber":53,"author":{"gitId":"marklowsk"},"content":""},{"lineNumber":54,"author":{"gitId":"marklowsk"},"content":"    public void listExpenses(Ui ui) {"},{"lineNumber":55,"author":{"gitId":"marklowsk"},"content":"        ui.printMessage(\"List expenses!\");"},{"lineNumber":56,"author":{"gitId":"marklowsk"},"content":"    }"},{"lineNumber":57,"author":{"gitId":"marklowsk"},"content":""},{"lineNumber":58,"author":{"gitId":"marklowsk"},"content":"    public void listLoans(Ui ui) {"},{"lineNumber":59,"author":{"gitId":"marklowsk"},"content":"        ui.printMessage(\"List loans!\");"},{"lineNumber":60,"author":{"gitId":"marklowsk"},"content":"    }"},{"lineNumber":61,"author":{"gitId":"marklowsk"},"content":""},{"lineNumber":62,"author":{"gitId":"marklowsk"},"content":"    public void listSavings(Ui ui) {"},{"lineNumber":63,"author":{"gitId":"marklowsk"},"content":"        ui.printMessage(\"List savings!\");"},{"lineNumber":64,"author":{"gitId":"marklowsk"},"content":"    }"},{"lineNumber":65,"author":{"gitId":"LeeHanYongAndy"},"content":"}"}],"authorContributionMap":{"tzexern":33,"jonahtwl":15,"LeeHanYongAndy":3,"marklowsk":14}},{"path":"src/main/java/seedu/duke/record/Saving.java","fileType":"functional-code","lines":[{"lineNumber":1,"author":{"gitId":"LeeHanYongAndy"},"content":"package seedu.duke.record;"},{"lineNumber":2,"author":{"gitId":"LeeHanYongAndy"},"content":""},{"lineNumber":3,"author":{"gitId":"gerardtwk"},"content":"public class Saving extends Record {"},{"lineNumber":4,"author":{"gitId":"gerardtwk"},"content":"    public Saving(double amount, String issueDate, String description) {"},{"lineNumber":5,"author":{"gitId":"gerardtwk"},"content":"        super(amount, issueDate, description);"},{"lineNumber":6,"author":{"gitId":"gerardtwk"},"content":"    }"},{"lineNumber":7,"author":{"gitId":"LeeHanYongAndy"},"content":"}"}],"authorContributionMap":{"LeeHanYongAndy":3,"gerardtwk":4}},{"path":"src/main/java/seedu/duke/storage/Storage.java","fileType":"functional-code","lines":[{"lineNumber":1,"author":{"gitId":"LeeHanYongAndy"},"content":"package seedu.duke.storage;"},{"lineNumber":2,"author":{"gitId":"LeeHanYongAndy"},"content":""},{"lineNumber":3,"author":{"gitId":"jonahtwl"},"content":"import seedu.duke.record.Record;"},{"lineNumber":4,"author":{"gitId":"jonahtwl"},"content":""},{"lineNumber":5,"author":{"gitId":"jonahtwl"},"content":"import java.io.File;"},{"lineNumber":6,"author":{"gitId":"jonahtwl"},"content":"import java.io.FileWriter;"},{"lineNumber":7,"author":{"gitId":"jonahtwl"},"content":"import java.io.IOException;"},{"lineNumber":8,"author":{"gitId":"jonahtwl"},"content":"import java.nio.file.Files;"},{"lineNumber":9,"author":{"gitId":"jonahtwl"},"content":"import java.nio.file.Path;"},{"lineNumber":10,"author":{"gitId":"jonahtwl"},"content":"import java.nio.file.Paths;"},{"lineNumber":11,"author":{"gitId":"jonahtwl"},"content":"import java.util.ArrayList;"},{"lineNumber":12,"author":{"gitId":"jonahtwl"},"content":"import java.util.Scanner;"},{"lineNumber":13,"author":{"gitId":"jonahtwl"},"content":"import java.util.StringJoiner;"},{"lineNumber":14,"author":{"gitId":"jonahtwl"},"content":""},{"lineNumber":15,"author":{"gitId":"LeeHanYongAndy"},"content":"public class Storage {"},{"lineNumber":16,"author":{"gitId":"jonahtwl"},"content":"    public static final Path SAVED_FILE_PATH \u003d Paths.get(\"finux.txt\");"},{"lineNumber":17,"author":{"gitId":"jonahtwl"},"content":""},{"lineNumber":18,"author":{"gitId":"jonahtwl"},"content":"    public Path dataFilePath;"},{"lineNumber":19,"author":{"gitId":"jonahtwl"},"content":""},{"lineNumber":20,"author":{"gitId":"jonahtwl"},"content":"    public Storage() {"},{"lineNumber":21,"author":{"gitId":"jonahtwl"},"content":"        this(SAVED_FILE_PATH);"},{"lineNumber":22,"author":{"gitId":"jonahtwl"},"content":"    }"},{"lineNumber":23,"author":{"gitId":"jonahtwl"},"content":""},{"lineNumber":24,"author":{"gitId":"jonahtwl"},"content":"    public Storage(Path dataFilePath) {"},{"lineNumber":25,"author":{"gitId":"jonahtwl"},"content":"        this.dataFilePath \u003d dataFilePath;"},{"lineNumber":26,"author":{"gitId":"jonahtwl"},"content":"    }"},{"lineNumber":27,"author":{"gitId":"jonahtwl"},"content":""},{"lineNumber":28,"author":{"gitId":"jonahtwl"},"content":"    private boolean saveFileExists(Path filePath) {"},{"lineNumber":29,"author":{"gitId":"jonahtwl"},"content":"        return Files.exists(filePath);"},{"lineNumber":30,"author":{"gitId":"jonahtwl"},"content":"    }"},{"lineNumber":31,"author":{"gitId":"jonahtwl"},"content":""},{"lineNumber":32,"author":{"gitId":"jonahtwl"},"content":"    public void saveFile(ArrayList\u003cRecord\u003e records) throws IOException {"},{"lineNumber":33,"author":{"gitId":"jonahtwl"},"content":"        FileWriter fw \u003d new FileWriter(dataFilePath.toString(), false);"},{"lineNumber":34,"author":{"gitId":"jonahtwl"},"content":"        fw.write(\"Test Save!\\n\");"},{"lineNumber":35,"author":{"gitId":"jonahtwl"},"content":"        for (Record r : records) {"},{"lineNumber":36,"author":{"gitId":"jonahtwl"},"content":"            fw.write(r.convertFileFormat() + System.lineSeparator());"},{"lineNumber":37,"author":{"gitId":"jonahtwl"},"content":"        }"},{"lineNumber":38,"author":{"gitId":"jonahtwl"},"content":"        fw.close();"},{"lineNumber":39,"author":{"gitId":"jonahtwl"},"content":"    }"},{"lineNumber":40,"author":{"gitId":"jonahtwl"},"content":""},{"lineNumber":41,"author":{"gitId":"jonahtwl"},"content":"    public void loadFile() {"},{"lineNumber":42,"author":{"gitId":"jonahtwl"},"content":"        try {"},{"lineNumber":43,"author":{"gitId":"jonahtwl"},"content":"            File loadFile \u003d dataFilePath.toFile();"},{"lineNumber":44,"author":{"gitId":"jonahtwl"},"content":"            Scanner sc \u003d new Scanner(loadFile);"},{"lineNumber":45,"author":{"gitId":"jonahtwl"},"content":"            StringJoiner jn \u003d new StringJoiner(\" \");"},{"lineNumber":46,"author":{"gitId":"jonahtwl"},"content":"            while (sc.hasNextLine()) {"},{"lineNumber":47,"author":{"gitId":"jonahtwl"},"content":"                String rawData \u003d sc.nextLine();"},{"lineNumber":48,"author":{"gitId":"jonahtwl"},"content":"                jn.add(rawData);"},{"lineNumber":49,"author":{"gitId":"jonahtwl"},"content":"            }"},{"lineNumber":50,"author":{"gitId":"jonahtwl"},"content":"            System.out.println(jn.toString());"},{"lineNumber":51,"author":{"gitId":"jonahtwl"},"content":"        } catch (Exception e) {"},{"lineNumber":52,"author":{"gitId":"jonahtwl"},"content":"            System.exit(-1);"},{"lineNumber":53,"author":{"gitId":"jonahtwl"},"content":"        }"},{"lineNumber":54,"author":{"gitId":"jonahtwl"},"content":"    }"},{"lineNumber":55,"author":{"gitId":"LeeHanYongAndy"},"content":"}"}],"authorContributionMap":{"jonahtwl":51,"LeeHanYongAndy":4}},{"path":"src/main/java/seedu/duke/ui/Ui.java","fileType":"functional-code","lines":[{"lineNumber":1,"author":{"gitId":"LeeHanYongAndy"},"content":"package seedu.duke.ui;"},{"lineNumber":2,"author":{"gitId":"LeeHanYongAndy"},"content":""},{"lineNumber":3,"author":{"gitId":"jonahtwl"},"content":"import seedu.duke.record.Record;"},{"lineNumber":4,"author":{"gitId":"jonahtwl"},"content":""},{"lineNumber":5,"author":{"gitId":"jonahtwl"},"content":"import java.io.InputStream;"},{"lineNumber":6,"author":{"gitId":"jonahtwl"},"content":"import java.util.Scanner;"},{"lineNumber":7,"author":{"gitId":"jonahtwl"},"content":""},{"lineNumber":8,"author":{"gitId":"LeeHanYongAndy"},"content":"public class Ui {"},{"lineNumber":9,"author":{"gitId":"jonahtwl"},"content":"    private static final String logo \u003d \"\u003d\u003d\u003d\u003d\u003d\u003d\u003d\u003d\u003d\u003d\u003d\u003d\u003d\u003d\u003d\u003d\u003d\u003d\u003d\u003d\u003d\u003d\u003d\u003d\u003d\u003d\u003d\u003d\u003d\u003d\u003d\u003d\u003d\u003d\u003d\u003d\u003d\u003d\u003d\u003d\u003d\u003d\u003d\u003d\u003d\u003d\u003d\u003d\u003d\u003d\u003d\u003d\u003d\u003d\u003d\u003d\u003d\\n\""},{"lineNumber":10,"author":{"gitId":"jonahtwl"},"content":"            + \"||    $$$$$$  $$$$$$  $$    $$  $$    $$   $$    $$    ||\\n\""},{"lineNumber":11,"author":{"gitId":"jonahtwl"},"content":"            + \"||    $$        $$    $$$   $$  $$    $$    $$  $$     ||\\n\""},{"lineNumber":12,"author":{"gitId":"jonahtwl"},"content":"            + \"||    $$$$$$    $$    $$ $$ $$  $$    $$      $$       ||\\n\""},{"lineNumber":13,"author":{"gitId":"jonahtwl"},"content":"            + \"||    $$        $$    $$   $$$  $$    $$    $$  $$     ||\\n\""},{"lineNumber":14,"author":{"gitId":"jonahtwl"},"content":"            + \"||    $$      $$$$$$  $$    $$   $$$$$$    $$    $$    ||\\n\""},{"lineNumber":15,"author":{"gitId":"jonahtwl"},"content":"            + \"\u003d\u003d\u003d\u003d\u003d\u003d\u003d\u003d\u003d\u003d\u003d\u003d\u003d\u003d\u003d\u003d\u003d\u003d\u003d\u003d\u003d\u003d\u003d\u003d\u003d\u003d\u003d\u003d\u003d\u003d\u003d\u003d\u003d\u003d\u003d\u003d\u003d\u003d\u003d\u003d\u003d\u003d\u003d\u003d\u003d\u003d\u003d\u003d\u003d\u003d\u003d\u003d\u003d\u003d\u003d\u003d\u003d\\n\";"},{"lineNumber":16,"author":{"gitId":"jonahtwl"},"content":""},{"lineNumber":17,"author":{"gitId":"jonahtwl"},"content":"    private static final String DIVIDER \u003d \"\u003d\u003d\u003d\u003d\u003d\u003d\u003d\u003d\u003d\u003d\u003d\u003d\u003d\u003d\u003d\u003d\u003d\u003d\u003d\u003d\u003d\u003d\u003d\u003d\u003d\u003d\u003d\u003d\u003d\u003d\u003d\u003d\u003d\u003d\u003d\u003d\u003d\u003d\u003d\u003d\u003d\u003d\u003d\u003d\u003d\u003d\u003d\u003d\u003d\u003d\u003d\u003d\u003d\u003d\u003d\u003d\u003d\";"},{"lineNumber":18,"author":{"gitId":"jonahtwl"},"content":"    private static final String MESSAGE_GREETING \u003d \"\";"},{"lineNumber":19,"author":{"gitId":"jonahtwl"},"content":"    private static final String MESSAGE_GOODBYE \u003d \"HUAT AH!\";"},{"lineNumber":20,"author":{"gitId":"jonahtwl"},"content":"    private static final String MESSAGE_LOADING \u003d \"Loading from save... \";"},{"lineNumber":21,"author":{"gitId":"jonahtwl"},"content":"    private static final String MESSAGE_SUCCESSFULLY_ADDED \u003d \"Record has been added...\";"},{"lineNumber":22,"author":{"gitId":"LeeHanYongAndy"},"content":""},{"lineNumber":23,"author":{"gitId":"jonahtwl"},"content":"    /** Decorative prefix for the FINUX Interface. */"},{"lineNumber":24,"author":{"gitId":"jonahtwl"},"content":"    private static final String FINUX_PREFIX \u003d \"$$\";"},{"lineNumber":25,"author":{"gitId":"LeeHanYongAndy"},"content":""},{"lineNumber":26,"author":{"gitId":"jonahtwl"},"content":"    private final Scanner input;"},{"lineNumber":27,"author":{"gitId":"LeeHanYongAndy"},"content":""},{"lineNumber":28,"author":{"gitId":"jonahtwl"},"content":"    public Ui() {"},{"lineNumber":29,"author":{"gitId":"jonahtwl"},"content":"        this(System.in);"},{"lineNumber":30,"author":{"gitId":"jonahtwl"},"content":"    }"},{"lineNumber":31,"author":{"gitId":"LeeHanYongAndy"},"content":""},{"lineNumber":32,"author":{"gitId":"jonahtwl"},"content":"    public Ui(InputStream in) {"},{"lineNumber":33,"author":{"gitId":"jonahtwl"},"content":"        this.input \u003d new Scanner(in);"},{"lineNumber":34,"author":{"gitId":"jonahtwl"},"content":"    }"},{"lineNumber":35,"author":{"gitId":"jonahtwl"},"content":""},{"lineNumber":36,"author":{"gitId":"jonahtwl"},"content":"    public static void printSuccessfulAdd(Record recordToAdd) {"},{"lineNumber":37,"author":{"gitId":"jonahtwl"},"content":"        System.out.println(DIVIDER);"},{"lineNumber":38,"author":{"gitId":"jonahtwl"},"content":"        System.out.println();"},{"lineNumber":39,"author":{"gitId":"jonahtwl"},"content":"        System.out.println(MESSAGE_SUCCESSFULLY_ADDED);"},{"lineNumber":40,"author":{"gitId":"jonahtwl"},"content":"        System.out.println(\"\\n\" + recordToAdd.getDescription() + \" \" + recordToAdd.getAmount()"},{"lineNumber":41,"author":{"gitId":"jonahtwl"},"content":"                + \" \" + recordToAdd.getIssueDate());"},{"lineNumber":42,"author":{"gitId":"jonahtwl"},"content":"        System.out.println();"},{"lineNumber":43,"author":{"gitId":"jonahtwl"},"content":"        System.out.println(DIVIDER);"},{"lineNumber":44,"author":{"gitId":"jonahtwl"},"content":"    }"},{"lineNumber":45,"author":{"gitId":"jonahtwl"},"content":""},{"lineNumber":46,"author":{"gitId":"jonahtwl"},"content":"    public String getUserInput() {"},{"lineNumber":47,"author":{"gitId":"jonahtwl"},"content":"        System.out.print(FINUX_PREFIX + \" \");"},{"lineNumber":48,"author":{"gitId":"jonahtwl"},"content":"        String userInput \u003d input.nextLine().strip();"},{"lineNumber":49,"author":{"gitId":"jonahtwl"},"content":""},{"lineNumber":50,"author":{"gitId":"jonahtwl"},"content":"        return userInput;"},{"lineNumber":51,"author":{"gitId":"jonahtwl"},"content":"    }"},{"lineNumber":52,"author":{"gitId":"jonahtwl"},"content":""},{"lineNumber":53,"author":{"gitId":"jonahtwl"},"content":"    public void printWelcomeMessage() {"},{"lineNumber":54,"author":{"gitId":"jonahtwl"},"content":"        System.out.println(logo);"},{"lineNumber":55,"author":{"gitId":"jonahtwl"},"content":"        System.out.println(MESSAGE_LOADING + fileLoadStatus());"},{"lineNumber":56,"author":{"gitId":"jonahtwl"},"content":"    }"},{"lineNumber":57,"author":{"gitId":"jonahtwl"},"content":""},{"lineNumber":58,"author":{"gitId":"jonahtwl"},"content":"    public void printGoodByeMessage() {"},{"lineNumber":59,"author":{"gitId":"jonahtwl"},"content":"        System.out.println(DIVIDER);"},{"lineNumber":60,"author":{"gitId":"jonahtwl"},"content":"        System.out.println();"},{"lineNumber":61,"author":{"gitId":"jonahtwl"},"content":"        System.out.println(MESSAGE_GOODBYE);"},{"lineNumber":62,"author":{"gitId":"jonahtwl"},"content":"        System.out.println();"},{"lineNumber":63,"author":{"gitId":"jonahtwl"},"content":"        System.out.println(DIVIDER);"},{"lineNumber":64,"author":{"gitId":"jonahtwl"},"content":"    }"},{"lineNumber":65,"author":{"gitId":"jonahtwl"},"content":""},{"lineNumber":66,"author":{"gitId":"marklowsk"},"content":"    public void printMessage(String message) {"},{"lineNumber":67,"author":{"gitId":"marklowsk"},"content":"        System.out.println(DIVIDER);"},{"lineNumber":68,"author":{"gitId":"marklowsk"},"content":"        System.out.println(message);"},{"lineNumber":69,"author":{"gitId":"marklowsk"},"content":"        System.out.println(DIVIDER);"},{"lineNumber":70,"author":{"gitId":"marklowsk"},"content":"    }"},{"lineNumber":71,"author":{"gitId":"marklowsk"},"content":""},{"lineNumber":72,"author":{"gitId":"jonahtwl"},"content":"    private String fileLoadStatus() {"},{"lineNumber":73,"author":{"gitId":"jonahtwl"},"content":"        return \"Successful\";"},{"lineNumber":74,"author":{"gitId":"jonahtwl"},"content":"    }"},{"lineNumber":75,"author":{"gitId":"LeeHanYongAndy"},"content":"}"}],"authorContributionMap":{"jonahtwl":61,"LeeHanYongAndy":8,"marklowsk":6}}]
