{"authorDailyContributionsMap":{"tzexern":[{"date":"2021-03-08","commitResults":[{"hash":"29e3afa379747c443bf8307f5d1cfb2096cbc0ae","messageTitle":"Update RecordHandler, Loan and Expense","messageBody":"Fixes #13\n","fileTypesAndContributionMap":{"functional-code":{"insertions":57,"deletions":2}}}]}],"jonahtwl":[{"date":"2021-03-08","commitResults":[{"hash":"d688cb54b2469763838021f4cbcdb94fdebb8e3a","messageTitle":"Rough skeleton of Ui","messageBody":"","fileTypesAndContributionMap":{"functional-code":{"insertions":79,"deletions":6}}},{"hash":"1a9964f5f5d6fc3ad86fe2e42bddff2d32378d6b","messageTitle":"Fixed CheckStyle errors","messageBody":"","fileTypesAndContributionMap":{"functional-code":{"insertions":5,"deletions":3}}},{"hash":"9f468f314fcc5c793ebc06b41a8f940cc01143c8","messageTitle":"Edited EXPECTED output","messageBody":"","fileTypesAndContributionMap":{"functional-code":{"insertions":1,"deletions":1}}}]},{"date":"2021-03-09","commitResults":[{"hash":"48e1cecfe677be4616dd94d903b1fa12ebbfab9d","messageTitle":"Updated Command class","messageBody":"- Added abstract Command class\n- Added AxitCommand subclass\n- Started on AddCommand subclass\n- Added InvalidCommandException\n- Rename RecordHandler to RecordList\n","fileTypesAndContributionMap":{"functional-code":{"insertions":183,"deletions":5},"other":{"insertions":6,"deletions":2}}},{"hash":"6cec9340fc49ab1f64341bd5c08abe52b253099b","messageTitle":"Add Storage class","messageBody":"- Save method is working\n- Load method is a WIP\n","fileTypesAndContributionMap":{"functional-code":{"insertions":97,"deletions":18}}}]}],"LeeHanYongAndy":[{"date":"2021-03-07","commitResults":[{"hash":"128e16d5a7ac4c789b7e5a89ac907f7fb5e79e60","messageTitle":"Add skeletons","messageBody":"Fixes #17\n","fileTypesAndContributionMap":{"functional-code":{"insertions":64,"deletions":1}}}]},{"date":"2021-03-08","commitResults":[{"hash":"c9cfb31bdc5130d299a82512c6e94f6edef6b880","messageTitle":"add parser class implementation","messageBody":"(before merging from master)\n","fileTypesAndContributionMap":{"functional-code":{"insertions":29,"deletions":0},"other":{"insertions":1,"deletions":0}}}]},{"date":"2021-03-09","commitResults":[{"hash":"95b2bf671dd72460481563c42d0cf1307d1df1ac","messageTitle":"Reimplement parser with proper logic flow. Need to refactor.","messageBody":"","fileTypesAndContributionMap":{"functional-code":{"insertions":26,"deletions":10}}},{"hash":"2f01d8b058c35b966a4bcffb106002cfa6c5bcc0","messageTitle":"Update refactoring for parser class","messageBody":"","fileTypesAndContributionMap":{"functional-code":{"insertions":28,"deletions":22}}},{"hash":"19280bbef944b298b273cc79b33ff56b1ad03e58","messageTitle":"update parser V2.0","messageBody":"Removed redundent declaration of string argument\n","fileTypesAndContributionMap":{"functional-code":{"insertions":3,"deletions":5}}}]},{"date":"2021-03-10","commitResults":[{"hash":"85a5bb4a036d089ee9b898a579a851526093e65b","messageTitle":"Update parser with new option called -i for tracking indexes.","messageBody":"","fileTypesAndContributionMap":{"functional-code":{"insertions":3,"deletions":3}}}]}],"marklowsk":[{"date":"2021-03-08","commitResults":[{"hash":"e496a02ac19f784058c429b4087f079006b254d7","messageTitle":"Add skeleton Command classes","messageBody":"","fileTypesAndContributionMap":{"functional-code":{"insertions":129,"deletions":1}}}]},{"date":"2021-03-09","commitResults":[{"hash":"d8c0a11916782dcf02b89d306283ef08d89a98b5","messageTitle":"Add Utils class for validation","messageBody":"Also change Command constructor.\n","fileTypesAndContributionMap":{"functional-code":{"insertions":148,"deletions":11}}},{"hash":"c0580ee4db6e165c8e15ce84e7227d845efa58e7","messageTitle":"Update Command classes","messageBody":"","fileTypesAndContributionMap":{"functional-code":{"insertions":102,"deletions":26}}},{"hash":"689a58fb233f479796452a1b1c387cfa64ef8527","messageTitle":"Add RecordType Enum to fix errors","messageBody":"","fileTypesAndContributionMap":{"functional-code":{"insertions":5,"deletions":0}}},{"hash":"3185f5c2bd3761ef07682811028dea155162433f","messageTitle":"Testing IO for list command","messageBody":"","fileTypesAndContributionMap":{"functional-code":{"insertions":44,"deletions":10}}}]},{"date":"2021-03-10","commitResults":[{"hash":"d22430097940db4a8dbab94fcd728dd234716350","messageTitle":"Add ArgumentType Enum","messageBody":"","fileTypesAndContributionMap":{"functional-code":{"insertions":5,"deletions":0}}},{"hash":"0ca9f2869a073819161f330cdce12d7bf3fe3a35","messageTitle":"Update validation for commands","messageBody":"Also improve and add existing/new Utils methods\n","fileTypesAndContributionMap":{"functional-code":{"insertions":164,"deletions":25}}},{"hash":"113a303071996dd16332443226a2c4a46712ed35","messageTitle":"Finalize command bases","messageBody":"","fileTypesAndContributionMap":{"functional-code":{"insertions":12,"deletions":10}}}]},{"date":"2021-03-11","commitResults":[{"hash":"411d42f0fc8b85a1710fc7de625754cc4b173a91","messageTitle":"Update RemoveCommand option","messageBody":"","fileTypesAndContributionMap":{"functional-code":{"insertions":8,"deletions":18}}}]}],"gerardtwk":[{"date":"2021-03-08","commitResults":[{"hash":"5dd151088fa2c1cae0ff76f54b8d13fc7b82287c","messageTitle":"Implemented Record and Saving class Constants used in both classes are placed inside Constant class","messageBody":"","fileTypesAndContributionMap":{"functional-code":{"insertions":18,"deletions":2}}}]}]},"authorFileTypeContributionMap":{"tzexern":{"docs":0,"functional-code":55,"test-code":0},"jonahtwl":{"docs":0,"functional-code":337,"test-code":0},"LeeHanYongAndy":{"docs":0,"functional-code":101,"test-code":0,"other":1},"marklowsk":{"docs":0,"functional-code":417,"test-code":0},"gerardtwk":{"docs":0,"functional-code":18,"test-code":0}},"authorContributionVariance":{"tzexern":426.24484,"jonahtwl":11742.571,"LeeHanYongAndy":1223.5509,"marklowsk":15757.388,"gerardtwk":48.97959},"authorDisplayNameMap":{"tzexern":"CS2113T-W09-1 TAN ..XERN","jonahtwl":"CS2113T-W09-1 JONA..LONG","LeeHanYongAndy":"CS2113T-W09-1 LEE ..ANDY","marklowsk":"CS2113T-W09-1 MARK..EONG","gerardtwk":"CS2113T-W09-1 GERA..KIAT"}}
