{"authorDailyContributionsMap":{"tzexern":[{"date":"2021-03-08","commitResults":[{"hash":"29e3afa379747c443bf8307f5d1cfb2096cbc0ae","messageTitle":"Update RecordHandler, Loan and Expense","messageBody":"Fixes #13\n","fileTypesAndContributionMap":{"functional-code":{"insertions":57,"deletions":2}}}]},{"date":"2021-03-11","commitResults":[{"hash":"abbf13eded2703cac97ce91a928acb3a6ef897fb","messageTitle":"Implement removeCommand class, Add InvalidIndexException","messageBody":"Fixes #32\n","fileTypesAndContributionMap":{"functional-code":{"insertions":43,"deletions":1}}}]},{"date":"2021-03-12","commitResults":[{"hash":"6f5243dd198082c984063520c6f8b43f2a6f9503","messageTitle":"Add Index Validation for remove Command","messageBody":"","fileTypesAndContributionMap":{"functional-code":{"insertions":23,"deletions":21}}},{"hash":"613b57f11c571115ab0e84399591b5e4e373797a","messageTitle":"Fix Coding Standard Violations","messageBody":"","fileTypesAndContributionMap":{"functional-code":{"insertions":4,"deletions":4}}},{"hash":"52ca652b2954f306665781cfe9b6578aecac217c","messageTitle":"Update Help Command","messageBody":"Continuation of #63\n","fileTypesAndContributionMap":{"functional-code":{"insertions":19,"deletions":0}}},{"hash":"e44723fc511ef8d693c692e81eefac244c976ca1","messageTitle":"Add Index Validation for Return Command","messageBody":"","fileTypesAndContributionMap":{"functional-code":{"insertions":26,"deletions":15}}},{"hash":"2bb74fad8d6b61b391289d26f2c7212a77c5db92","messageTitle":"Modify Index Validation for Return and Remove Commands","messageBody":"","fileTypesAndContributionMap":{"functional-code":{"insertions":35,"deletions":39}}},{"hash":"efb2ec79091306b3f5224e96bf75a22e180776dd","messageTitle":"Fix CI Error.","messageBody":"","fileTypesAndContributionMap":{"functional-code":{"insertions":4,"deletions":4}}},{"hash":"dd6bbca71ccc8aa672ff9f60928289f2e69340b6","messageTitle":"Update toString for Record Classes and minor UI changes","messageBody":"","fileTypesAndContributionMap":{"functional-code":{"insertions":42,"deletions":16},"test-code":{"insertions":5,"deletions":5}}}]},{"date":"2021-03-15","commitResults":[{"hash":"157b1437ef975d6742663babcba74da1273800bc","messageTitle":"Add Junit Test for RemoveCommand","messageBody":"","fileTypesAndContributionMap":{"test-code":{"insertions":101,"deletions":0}}},{"hash":"ede9615a54f289ac080c3fff73be2239ebdf3f6a","messageTitle":"Fix CI Error for RemoveCommanTest","messageBody":"","fileTypesAndContributionMap":{"test-code":{"insertions":30,"deletions":30}}}]},{"date":"2021-03-18","commitResults":[{"hash":"b0eb6faca0d691ce068286f223b7641c2b4674e0","messageTitle":"Add assertions to validateIndex","messageBody":"","fileTypesAndContributionMap":{"functional-code":{"insertions":3,"deletions":0}}},{"hash":"bf834b565e68d5af56522a8b47c2d0857556f504","messageTitle":"Add skeleton for CreditScoreCommand class","messageBody":"","fileTypesAndContributionMap":{"functional-code":{"insertions":30,"deletions":0}}},{"hash":"55bc897151557e1f7a766851b21398822c4aeb48","messageTitle":"Fix CI errors","messageBody":"","fileTypesAndContributionMap":{"functional-code":{"insertions":2,"deletions":2}}},{"hash":"a45f48204d3a1c82a6d49d729a3210de6d62c03a","messageTitle":"Fix Assertion bug","messageBody":"","fileTypesAndContributionMap":{"functional-code":{"insertions":1,"deletions":1}}}]},{"date":"2021-03-19","commitResults":[{"hash":"17ce4ae9b1d731ec4f67e99a0417f792a5a3d0dc","messageTitle":"Add logging for validateIndex","messageBody":"","fileTypesAndContributionMap":{"functional-code":{"insertions":4,"deletions":0}}},{"hash":"ef8ce2be6efdf45de93d4dbf485f8fe04b0b1f55","messageTitle":"Add credit score command case to switch statement","messageBody":"","fileTypesAndContributionMap":{"functional-code":{"insertions":3,"deletions":0}}},{"hash":"5ac2dac9643282ff21f4e298cf2ce2c5be3909ed","messageTitle":"Add javadocs","messageBody":"","fileTypesAndContributionMap":{"functional-code":{"insertions":120,"deletions":0}}},{"hash":"605e38eb28452478d32f24efc169f63128367219","messageTitle":"Update CreditScoreCommand","messageBody":"","fileTypesAndContributionMap":{"functional-code":{"insertions":30,"deletions":3}}},{"hash":"53b4ae68fdd7c2280fe8f86d894c8ddb396dce75","messageTitle":"Fix CI Errors","messageBody":"","fileTypesAndContributionMap":{"functional-code":{"insertions":4,"deletions":4}}}]},{"date":"2021-03-23","commitResults":[{"hash":"af5a6fe826217762c9fa6e6573c2c6b06ff1ead3","messageTitle":"Update User Guide","messageBody":"","fileTypesAndContributionMap":{"functional-code":{"insertions":5,"deletions":5},"docs":{"insertions":14,"deletions":14}}},{"hash":"c63ae2a3960ac57bbaf74e2db64f3a5f23e2e9b8","messageTitle":"Revert changes for logging","messageBody":"","fileTypesAndContributionMap":{"functional-code":{"insertions":5,"deletions":5}}},{"hash":"754d66e69b83868bc29085753b6077a2c9c784ff","messageTitle":"Update Help Page","messageBody":"","fileTypesAndContributionMap":{"functional-code":{"insertions":26,"deletions":0}}},{"hash":"85a152bccabf7d08991e0b0936b21a806479c899","messageTitle":"Modify DG Skeleton, Update DG","messageBody":"","fileTypesAndContributionMap":{"docs":{"insertions":159,"deletions":21}}}]},{"date":"2021-03-25","commitResults":[{"hash":"58897f4307ce07c9f7a6ce88a41aed6b478a67f6","messageTitle":"Update DG","messageBody":"Add Setting Up, UI Component\n","fileTypesAndContributionMap":{"docs":{"insertions":66,"deletions":4}}},{"hash":"fbe9aedcd45ea2d9813c0c8eacef9e2935b15510","messageTitle":"Update DG","messageBody":"Add Remove Feature\n","fileTypesAndContributionMap":{"docs":{"insertions":115,"deletions":0}}},{"hash":"742c2312d9a385ff7247b97588ac0665c8771d5d","messageTitle":"Modify getDayDifference method","messageBody":"","fileTypesAndContributionMap":{"functional-code":{"insertions":11,"deletions":3}}},{"hash":"92b23c5d55c16a3072ebd7a4c5ab7008c5a900d5","messageTitle":"Update UG","messageBody":"Add screenshots\n","fileTypesAndContributionMap":{"docs":{"insertions":2,"deletions":2}}}]},{"date":"2021-03-29","commitResults":[{"hash":"cee89295705b507cadcf8d3146750c70b25a316f","messageTitle":"Update UG Diagrams, validateIndex Logger","messageBody":"","fileTypesAndContributionMap":{"functional-code":{"insertions":3,"deletions":5},"docs":{"insertions":17,"deletions":17}}}]},{"date":"2021-03-30","commitResults":[{"hash":"d95dadf45e9e704e77525d4ce3464f5a318f586a","messageTitle":"Update DG diagram","messageBody":"","fileTypesAndContributionMap":{"docs":{"insertions":3,"deletions":6}}},{"hash":"532fe8f433c949ab3f30c9f35311313b9080576b","messageTitle":"Update Record class","messageBody":"Abstract method\n","fileTypesAndContributionMap":{"functional-code":{"insertions":1,"deletions":3}}},{"hash":"a51cf91e61929048ec8ab5ed300578e52a90202e","messageTitle":"Update UG, Add Example Output Screenshots","messageBody":"","fileTypesAndContributionMap":{"docs":{"insertions":24,"deletions":14}}},{"hash":"c269e8232b3c5000c79cbb0e5b0ef7fb7107f41f","messageTitle":"Update guard clause","messageBody":"","fileTypesAndContributionMap":{"functional-code":{"insertions":6,"deletions":6}}},{"hash":"e875e9112e8b81a53919541721171fd5d9569332","messageTitle":"Update DG diagram","messageBody":"","fileTypesAndContributionMap":{"docs":{"insertions":9,"deletions":2}}}]},{"date":"2021-03-31","commitResults":[{"hash":"5b1f00af38b71495ebb5b5a7056d4cec8d39520f","messageTitle":"Update DG","messageBody":"According to #155, rectified 1, 2, 4, 5\n","fileTypesAndContributionMap":{"docs":{"insertions":6,"deletions":6}}}]},{"date":"2021-04-01","commitResults":[{"hash":"e75e4a13c925aab7ef89f88c14a0f559a0833029","messageTitle":"Update DG on Ui","messageBody":"","fileTypesAndContributionMap":{"docs":{"insertions":10,"deletions":5}}}]},{"date":"2021-04-03","commitResults":[{"hash":"c88fb3657e1755f6000cc155aabcce7ae285168c","messageTitle":"Add List All method","messageBody":"","fileTypesAndContributionMap":{"functional-code":{"insertions":26,"deletions":3}}},{"hash":"cbc07b54070069dc932ae886d5d79476103f86fb","messageTitle":"Update UG for List All method","messageBody":"","fileTypesAndContributionMap":{"docs":{"insertions":14,"deletions":3}}},{"hash":"ee77b8facd8754c8768e5be47b24be48e5cf92df","messageTitle":"Update DG","messageBody":"Remove Glossary\n","fileTypesAndContributionMap":{"docs":{"insertions":0,"deletions":6}}},{"hash":"1ac9b40031e47140f709fc69f72620f15888ce82","messageTitle":"Update error message","messageBody":"","fileTypesAndContributionMap":{"functional-code":{"insertions":1,"deletions":1}}},{"hash":"c9297601d1fe8d5f046b41aa808b88f23e14610b","messageTitle":"Update DG for manual testing","messageBody":"","fileTypesAndContributionMap":{"docs":{"insertions":137,"deletions":2}}}]},{"date":"2021-04-10","commitResults":[{"hash":"29421ced818821a4b01091885ee4b15c1759f4df","messageTitle":"Updated output format","messageBody":"","fileTypesAndContributionMap":{"functional-code":{"insertions":23,"deletions":20}}},{"hash":"520db8c3bf8ce57843bab367e646f98ac75306d3","messageTitle":"Update output format","messageBody":"","fileTypesAndContributionMap":{"functional-code":{"insertions":9,"deletions":13}}},{"hash":"01ba648777c60908185f88b6c011007324adb336","messageTitle":"Update Junit tests","messageBody":"To align with output format changes\n","fileTypesAndContributionMap":{"test-code":{"insertions":64,"deletions":40}}},{"hash":"00417908762c3b0225aebe483f6ea13b98f2d320","messageTitle":"Update output format","messageBody":"","fileTypesAndContributionMap":{"functional-code":{"insertions":16,"deletions":13}}},{"hash":"19b91d6a4e7c7d52cff68ee55ac4604024048cef","messageTitle":"Update UG for new screenshots","messageBody":"","fileTypesAndContributionMap":{"docs":{"insertions":19,"deletions":19}}},{"hash":"0606bbefabfb65e4c45d6fe69a79d693a34ebeea","messageTitle":"Update AboutUs","messageBody":"","fileTypesAndContributionMap":{"docs":{"insertions":1,"deletions":1}}},{"hash":"3fbcecdc7241150f545eac9e2736374ffa41393f","messageTitle":"Update output format","messageBody":"","fileTypesAndContributionMap":{"functional-code":{"insertions":6,"deletions":4}}},{"hash":"287ebec5a5d6d4021c2a2fad02bf327bd01b3cfc","messageTitle":"Remove unwanted imports","messageBody":"","fileTypesAndContributionMap":{"functional-code":{"insertions":0,"deletions":1}}},{"hash":"3dbf377aeef60ddb509d904f727063e2f77da628","messageTitle":"Update Junit tests","messageBody":"","fileTypesAndContributionMap":{"test-code":{"insertions":38,"deletions":31}}},{"hash":"51ed51c86b9ee117ee57428d03e4dcdd86049939","messageTitle":"Add PPP","messageBody":"","fileTypesAndContributionMap":{"docs":{"insertions":96,"deletions":0}}}]},{"date":"2021-04-11","commitResults":[{"hash":"35e09bc7cf62eb12fc75e4536331159afc637fa4","messageTitle":"Add sequence diagrams","messageBody":"","fileTypesAndContributionMap":{"docs":{"insertions":65,"deletions":2}}},{"hash":"b87a96c038ecfac7983e4343bda5f5ce5453b5df","messageTitle":"Update DG","messageBody":"Add Return Feature\nUpdate screenshot for Setting Up\n","fileTypesAndContributionMap":{"docs":{"insertions":105,"deletions":21}}},{"hash":"9aaee83f54d759804f917b3d10906fb7fb30135f","messageTitle":"Update method and output","messageBody":"","fileTypesAndContributionMap":{"functional-code":{"insertions":10,"deletions":10}}},{"hash":"c76fa45b531c7e36823065cb56e742734f58630f","messageTitle":"Update DG bugs and grammar","messageBody":"","fileTypesAndContributionMap":{"docs":{"insertions":103,"deletions":96}}}]}],"jonahtwl":[{"date":"2021-03-08","commitResults":[{"hash":"d688cb54b2469763838021f4cbcdb94fdebb8e3a","messageTitle":"Rough skeleton of Ui","messageBody":"","fileTypesAndContributionMap":{"functional-code":{"insertions":79,"deletions":6}}},{"hash":"1a9964f5f5d6fc3ad86fe2e42bddff2d32378d6b","messageTitle":"Fixed CheckStyle errors","messageBody":"","fileTypesAndContributionMap":{"functional-code":{"insertions":5,"deletions":3}}},{"hash":"9f468f314fcc5c793ebc06b41a8f940cc01143c8","messageTitle":"Edited EXPECTED output","messageBody":"","fileTypesAndContributionMap":{"functional-code":{"insertions":1,"deletions":1}}}]},{"date":"2021-03-09","commitResults":[{"hash":"48e1cecfe677be4616dd94d903b1fa12ebbfab9d","messageTitle":"Updated Command class","messageBody":"- Added abstract Command class\n- Added AxitCommand subclass\n- Started on AddCommand subclass\n- Added InvalidCommandException\n- Rename RecordHandler to RecordList\n","fileTypesAndContributionMap":{"functional-code":{"insertions":183,"deletions":5},"other":{"insertions":6,"deletions":2}}},{"hash":"6cec9340fc49ab1f64341bd5c08abe52b253099b","messageTitle":"Add Storage class","messageBody":"- Save method is working\n- Load method is a WIP\n","fileTypesAndContributionMap":{"functional-code":{"insertions":97,"deletions":18}}}]},{"date":"2021-03-11","commitResults":[{"hash":"a72a41c27151d028b1f5927f906ebe3c1aa107e7","messageTitle":"Add load method","messageBody":"","fileTypesAndContributionMap":{"functional-code":{"insertions":122,"deletions":36}}}]},{"date":"2021-03-13","commitResults":[{"hash":"9be363f0edf2159e0f9965ac7242f3447dfc8474","messageTitle":"Added Load method in Storage","messageBody":"","fileTypesAndContributionMap":{"functional-code":{"insertions":111,"deletions":92}}},{"hash":"9afe73fe1c52bba97bf24c991892300d8b01d7d7","messageTitle":"Fixed CheckStyle Issues","messageBody":"- Credited AB2 author for the code\n","fileTypesAndContributionMap":{"functional-code":{"insertions":18,"deletions":14}}}]},{"date":"2021-03-15","commitResults":[{"hash":"298cf62af3d90755c439f0282e66d50931cca250","messageTitle":"Fixed load method","messageBody":"- Creates new file when file does not exist\n","fileTypesAndContributionMap":{"functional-code":{"insertions":30,"deletions":11}}},{"hash":"3e1e6f9469da06d1feafb423430c3c46e089ac38","messageTitle":"Added ReturnCommandTest","messageBody":"","fileTypesAndContributionMap":{"test-code":{"insertions":65,"deletions":0}}}]},{"date":"2021-03-20","commitResults":[{"hash":"b4605529691606462c1de26be015eb9b17b8d178","messageTitle":"Added assertions","messageBody":"- Added JavaDocs to UI class\n","fileTypesAndContributionMap":{"functional-code":{"insertions":56,"deletions":4}}}]},{"date":"2021-03-22","commitResults":[{"hash":"bec00cf3e7c8f4c3f991e7f078d229ff50be5f5d","messageTitle":"Updated UG for Storage Class","messageBody":"- Added minor JavaDocs to the Duke class\n- Changed the way failed file init is handled\n","fileTypesAndContributionMap":{"functional-code":{"insertions":11,"deletions":6},"docs":{"insertions":31,"deletions":11}}}]},{"date":"2021-03-24","commitResults":[{"hash":"7e04518d5a11ebcfd6c80db44568c0210cd3f1d4","messageTitle":"Added partial write up to DG","messageBody":"- Storage Design partially done\n","fileTypesAndContributionMap":{"docs":{"insertions":34,"deletions":1}}}]},{"date":"2021-03-25","commitResults":[{"hash":"044d22d01a0ca0f31bb7427687580e04d3130f3e","messageTitle":"Updated DG with more details on Storage","messageBody":"- Shifted some lines of code in Storage class which may break the program.\n","fileTypesAndContributionMap":{"functional-code":{"insertions":3,"deletions":2},"docs":{"insertions":31,"deletions":1}}}]},{"date":"2021-03-26","commitResults":[{"hash":"c2899cd486015be5231b0b1243ef0ac82d9eea1f","messageTitle":"Updated Storage and Loan class","messageBody":"","fileTypesAndContributionMap":{"functional-code":{"insertions":30,"deletions":16}}}]},{"date":"2021-03-29","commitResults":[{"hash":"b0ef239cfe20dd1c7140593a6ba43b8f11194e42","messageTitle":"Updated DG for Storage","messageBody":"- Added 4.6.1\n- Added 4.6.2\n- Minor fixes to UG picture positioning\n","fileTypesAndContributionMap":{"docs":{"insertions":58,"deletions":9}}}]},{"date":"2021-03-30","commitResults":[{"hash":"32c87d76ee7f6a45cf4b39b8cfe4b709f528c347","messageTitle":"Updated Storage Component in DG","messageBody":"- Updated 3.6 Design sub-section\n","fileTypesAndContributionMap":{"docs":{"insertions":48,"deletions":32}}},{"hash":"442da392e4b303d33da4bec6992e8779c361260b","messageTitle":"Added loggers","messageBody":"- Loggers added for errors from loading file\n","fileTypesAndContributionMap":{"functional-code":{"insertions":10,"deletions":0}}},{"hash":"163fa3ebca29964512912c1e34fe652354f03224","messageTitle":"Updated UG","messageBody":"- More user-centric\n","fileTypesAndContributionMap":{"docs":{"insertions":76,"deletions":49}}}]},{"date":"2021-03-31","commitResults":[{"hash":"0389621abb54ba33583d66810454765627d5eaf9","messageTitle":"Minor refactoring and updates","messageBody":"- extracted one method to make loadFile() less nested\n- edited UG link to V2.0 and other minor changes\n","fileTypesAndContributionMap":{"functional-code":{"insertions":27,"deletions":20}}},{"hash":"fda3027233c69f882c695a206fec45af4cc16b69","messageTitle":"Minor refactoring and updates","messageBody":"- extracted one method to make loadFile() less nested\n- edited UG link to V2.0 and other minor changes\n","fileTypesAndContributionMap":{"docs":{"insertions":3,"deletions":7}}},{"hash":"d64ef82b67a00f97146e20944bd103d2632f9317","messageTitle":"Updated DG with UML","messageBody":"- Updated storage (save)\n- storage (load) is still a wip\n","fileTypesAndContributionMap":{"docs":{"insertions":103,"deletions":0}}}]},{"date":"2021-04-03","commitResults":[{"hash":"d1ce2ff523f84c2ae888c5e67048a7f9a4fdc241","messageTitle":"Completed UML diagrams for Storage","messageBody":"","fileTypesAndContributionMap":{"docs":{"insertions":28,"deletions":2}}}]},{"date":"2021-04-04","commitResults":[{"hash":"0a3a93a32626b52febfca9f5fd469d5e9ced8c43","messageTitle":"Completed DG segment","messageBody":"- Implementation of steps for save function done\n","fileTypesAndContributionMap":{"docs":{"insertions":16,"deletions":1}}},{"hash":"9f174ad86bd8675746e9e6f10789d847adb4bff9","messageTitle":"Completed section 4 for storage features","messageBody":"","fileTypesAndContributionMap":{"docs":{"insertions":38,"deletions":7}}}]},{"date":"2021-04-05","commitResults":[{"hash":"40a7e753c148e3a1853e68bcb92edac478dfb60c","messageTitle":"Completed DG section for manual testing","messageBody":"","fileTypesAndContributionMap":{"functional-code":{"insertions":1,"deletions":1},"docs":{"insertions":34,"deletions":6}}}]},{"date":"2021-04-06","commitResults":[{"hash":"9183d85ab2634b90898e94250da14adbcbe346f7","messageTitle":"Edited creditscore segment","messageBody":"","fileTypesAndContributionMap":{"docs":{"insertions":8,"deletions":6}}},{"hash":"b34daa6d558ce35d79f60f0fca05f2191f69a5f3","messageTitle":"Updated section 2.2 and 2.4","messageBody":"","fileTypesAndContributionMap":{"docs":{"insertions":29,"deletions":29}}},{"hash":"9393c92112922392c15cada7aa032304946717f6","messageTitle":"Updated creditscore segment","messageBody":"","fileTypesAndContributionMap":{"docs":{"insertions":5,"deletions":4}}},{"hash":"fe8794ff036deeff95c74fc8497a4cde0861d861","messageTitle":"Changed static to non static","messageBody":"","fileTypesAndContributionMap":{"functional-code":{"insertions":2,"deletions":2}}}]},{"date":"2021-04-07","commitResults":[{"hash":"66962bb9371a117bc90474b74f15e4e79ae61b05","messageTitle":"Added CreditScoreCommandTest","messageBody":"- Fixed a minor error in ReturnCommandTest\n","fileTypesAndContributionMap":{"test-code":{"insertions":72,"deletions":14}}},{"hash":"4d315fb5ceaa307052f454b7b290dc5743daaa35","messageTitle":"Added AddCommandTest","messageBody":"","fileTypesAndContributionMap":{"test-code":{"insertions":51,"deletions":1}}},{"hash":"801e05d184bbfe90bf0fc8fea2b4a33a3eea2286","messageTitle":"Updated PPP","messageBody":"","fileTypesAndContributionMap":{"docs":{"insertions":90,"deletions":0}}},{"hash":"30c26f68278af3028aa9381eaf57c35f9346d193","messageTitle":"Updated some bugs for the Commands.","messageBody":"","fileTypesAndContributionMap":{"functional-code":{"insertions":9,"deletions":1}}},{"hash":"9549de0712d93ec2bdaf721c066194d107c29596","messageTitle":"Checkstyle error fix","messageBody":"","fileTypesAndContributionMap":{"functional-code":{"insertions":1,"deletions":1}}}]},{"date":"2021-04-11","commitResults":[{"hash":"222f5b7d377df52824539ee0da329893e8ba11e5","messageTitle":"Updated own Sequence Diagrams","messageBody":"","fileTypesAndContributionMap":{"docs":{"insertions":13,"deletions":8}}},{"hash":"7b97250ac22df4dad140cab7394119514b6496ca","messageTitle":"Updated names for creditScoreReturnedLoansMap","messageBody":"","fileTypesAndContributionMap":{"docs":{"insertions":8,"deletions":8}}},{"hash":"2d74dda128ee1211d7f0b8a86ede28634265395d","messageTitle":"Refactored magic strings to Constant and Messages class","messageBody":"","fileTypesAndContributionMap":{"functional-code":{"insertions":19,"deletions":9}}},{"hash":"e26f5530d6497b02d312f20e64cea879042b1cf2","messageTitle":"Updated UML diagrams and PPP","messageBody":"","fileTypesAndContributionMap":{"docs":{"insertions":7,"deletions":4}}},{"hash":"fbedb083907eb9c6abff7a5f37c639fe9e341027","messageTitle":"Fixed some minor changes","messageBody":"","fileTypesAndContributionMap":{"docs":{"insertions":3,"deletions":3}}},{"hash":"9b59f48b228f8d32bcc5544c2a9bc08e71f1bb49","messageTitle":"More minor changes","messageBody":"","fileTypesAndContributionMap":{"functional-code":{"insertions":7,"deletions":5}}},{"hash":"6d00046746bff947432d6e4a73ea183f800e1d7e","messageTitle":"More minor changes to UML diagram","messageBody":"","fileTypesAndContributionMap":{"docs":{"insertions":3,"deletions":3}}}]}],"LeeHanYongAndy":[{"date":"2021-03-07","commitResults":[{"hash":"128e16d5a7ac4c789b7e5a89ac907f7fb5e79e60","messageTitle":"Add skeletons","messageBody":"Fixes #17\n","fileTypesAndContributionMap":{"functional-code":{"insertions":64,"deletions":1}}}]},{"date":"2021-03-08","commitResults":[{"hash":"c9cfb31bdc5130d299a82512c6e94f6edef6b880","messageTitle":"add parser class implementation","messageBody":"(before merging from master)\n","fileTypesAndContributionMap":{"functional-code":{"insertions":29,"deletions":0},"other":{"insertions":1,"deletions":0}}}]},{"date":"2021-03-09","commitResults":[{"hash":"95b2bf671dd72460481563c42d0cf1307d1df1ac","messageTitle":"Reimplement parser with proper logic flow. Need to refactor.","messageBody":"","fileTypesAndContributionMap":{"functional-code":{"insertions":26,"deletions":10}}},{"hash":"2f01d8b058c35b966a4bcffb106002cfa6c5bcc0","messageTitle":"Update refactoring for parser class","messageBody":"","fileTypesAndContributionMap":{"functional-code":{"insertions":28,"deletions":22}}},{"hash":"19280bbef944b298b273cc79b33ff56b1ad03e58","messageTitle":"update parser V2.0","messageBody":"Removed redundent declaration of string argument\n","fileTypesAndContributionMap":{"functional-code":{"insertions":3,"deletions":5}}}]},{"date":"2021-03-10","commitResults":[{"hash":"85a5bb4a036d089ee9b898a579a851526093e65b","messageTitle":"Update parser with new option called -i for tracking indexes.","messageBody":"","fileTypesAndContributionMap":{"functional-code":{"insertions":3,"deletions":3}}}]},{"date":"2021-03-11","commitResults":[{"hash":"4eae4aabe57bcf6943608b2eb2a35de3c527d9a0","messageTitle":"Add view total amount methods. Pause break and merge with Gerard\u0027s latest implementation","messageBody":"","fileTypesAndContributionMap":{"functional-code":{"insertions":41,"deletions":1}}},{"hash":"d82432a496db36a1d48d59732b87e859c6906fcb","messageTitle":"Update view methods - shifting to UI class for consistency with list methods.","messageBody":"","fileTypesAndContributionMap":{"functional-code":{"insertions":46,"deletions":43}}},{"hash":"8208149859a6ed2452e5375588972a06de21657f","messageTitle":"Update the removal of setRecordList and also implemented the passing of recordList as a parameter.","messageBody":"","fileTypesAndContributionMap":{"functional-code":{"insertions":12,"deletions":18}}},{"hash":"da39cdd813387fbc03634a25f5fd2db578e2d3e0","messageTitle":"Add validateDate methods in Validators.java, Add exception catching in add command.","messageBody":"","fileTypesAndContributionMap":{"functional-code":{"insertions":21,"deletions":6}}},{"hash":"8a51a7c7bdcd69b724a368e060ff7d6c58caf1c7","messageTitle":"Update validateAmount to fixes parsing a double.","messageBody":"Removed StringUtils functionality as isNumeric does not parse the input correctly.\nFixes #54\n","fileTypesAndContributionMap":{"functional-code":{"insertions":12,"deletions":14}}},{"hash":"56cbbc5395aaf2e4674feee377561695566c2b38","messageTitle":"Update validateAmount to accept only values greater than 0","messageBody":"","fileTypesAndContributionMap":{"functional-code":{"insertions":8,"deletions":3}}},{"hash":"64e3fd0c95e0cdf18814685b20b6f32c5167cdfb","messageTitle":"Add fullstop to error message for consistency","messageBody":"","fileTypesAndContributionMap":{"functional-code":{"insertions":2,"deletions":2}}}]},{"date":"2021-03-12","commitResults":[{"hash":"4b42c40e2165a149edc725fc748a4b3bb1988c20","messageTitle":"Add help command to display the methods functionality","messageBody":"","fileTypesAndContributionMap":{"functional-code":{"insertions":141,"deletions":2}}},{"hash":"4fb5abcfc93cd86d171f465605dd112e1164206a","messageTitle":"Integration Check 1","messageBody":"","fileTypesAndContributionMap":{"functional-code":{"insertions":2,"deletions":9}}},{"hash":"a38211c1269470d1edd882508a1f6d5d2656708c","messageTitle":"Add JUnit test case for parseHandler","messageBody":"","fileTypesAndContributionMap":{"test-code":{"insertions":78,"deletions":0}}},{"hash":"019a89a3a34bff1d6b088f94831e54457ff73c37","messageTitle":"Update parser to allow detection of remove/return/help \u003cargument\u003e splitting","messageBody":"","fileTypesAndContributionMap":{"functional-code":{"insertions":14,"deletions":0}}}]},{"date":"2021-03-13","commitResults":[{"hash":"7fe448bc0699ac1346377f4b1c0bfd820600b6c4","messageTitle":"Modify areas with variable \"amount\" from type \"double\" to type \"BigDecimal\"","messageBody":"prints up to two decimal places with HALF_EVEN rounding.\n","fileTypesAndContributionMap":{"functional-code":{"insertions":32,"deletions":23},"test-code":{"insertions":11,"deletions":9}}},{"hash":"bb39069c9e76fa71dfd90e18aa89b68e65621f94","messageTitle":"added newline at end of function (line 78)","messageBody":"","fileTypesAndContributionMap":{"test-code":{"insertions":1,"deletions":1}}},{"hash":"f0def0303a0d8a383edcedc919070a4177eb8237","messageTitle":"Add junit test for validateAmount","messageBody":"","fileTypesAndContributionMap":{"test-code":{"insertions":30,"deletions":0}}}]},{"date":"2021-03-14","commitResults":[{"hash":"663e9b055a2ba0a67bfe06b4af4f29f69c642995","messageTitle":"Add JavaDoc (See details below)","messageBody":"1.Ui.java\n2. HelpPage.java\n3. ParserHandler.java\n4. Validators.java\n5. Utils.java\n6. Add/Exit/Command/Help/List/Remove/Return.java\n","fileTypesAndContributionMap":{"functional-code":{"insertions":134,"deletions":9}}},{"hash":"05892c706980961e77295066ca577ad7451dcafa","messageTitle":"refactor command class for add, list, remove, return, view.","messageBody":"","fileTypesAndContributionMap":{"functional-code":{"insertions":56,"deletions":18}}}]},{"date":"2021-03-17","commitResults":[{"hash":"98a1e485d9242921b4e6eb6f06c30029520b779f","messageTitle":"Add JavaDoc, Assertion, Renaming","messageBody":"","fileTypesAndContributionMap":{"functional-code":{"insertions":169,"deletions":37},"other":{"insertions":1,"deletions":0}}}]},{"date":"2021-03-18","commitResults":[{"hash":"f197508d9b665685ce2c602714fea3ae9e84c036","messageTitle":"add new option \"-p\" and credit score command word parsing","messageBody":"","fileTypesAndContributionMap":{"functional-code":{"insertions":4,"deletions":4}}}]},{"date":"2021-03-19","commitResults":[{"hash":"f9835dfba1f3620a7e4d2e1ba92990c6ac3ca673","messageTitle":"Update parser to accept creditscore requirement (see below)","messageBody":"update to accept -p option detection.\nupdate to parse creditscore / help into two block with relevant arugment block after command word.\n","fileTypesAndContributionMap":{"functional-code":{"insertions":15,"deletions":3}}},{"hash":"b227f5dc383641c7aa220033e0dfede554ef6089","messageTitle":"update junit for UtilsTest and HelpCommand for new value","messageBody":"","fileTypesAndContributionMap":{"test-code":{"insertions":6,"deletions":24}}},{"hash":"c5ac23dbae3f9accae28dcc3b0149849e550379c","messageTitle":"update junit for UtilsTest and HelpCommand for new value","messageBody":"additional file along original commit.\n","fileTypesAndContributionMap":{"functional-code":{"insertions":4,"deletions":1}}},{"hash":"f870a726fcc63b032c9aabe2e541640f80361d05","messageTitle":"update junit for parser v2.0","messageBody":"","fileTypesAndContributionMap":{"test-code":{"insertions":47,"deletions":0}}},{"hash":"0a90b2926fa1dea4710bad8af7579a2638b76b32","messageTitle":"update help command, validation of help command","messageBody":"allow user to enter help all, help add, help list and etc.\nadd validation method for help type - validateHelpType.\nmodify UI printing for new option and return.\n","fileTypesAndContributionMap":{"functional-code":{"insertions":27,"deletions":2}}},{"hash":"09df16bd0c2eab2fb0a601f0ec3135dc12ba5d89","messageTitle":"fixed check style error for additonal white space.","messageBody":"","fileTypesAndContributionMap":{"functional-code":{"insertions":1,"deletions":1}}},{"hash":"3803f5914a524f68c37a6c890c9702565e055389","messageTitle":"Fix bug for parsing help addall","messageBody":"","fileTypesAndContributionMap":{"functional-code":{"insertions":1,"deletions":1}}}]},{"date":"2021-03-20","commitResults":[{"hash":"3100fb6e41d807d29f01a93b25c4b610f75e0d03","messageTitle":"Add skeleton for UG.","messageBody":"Fixes #97\n","fileTypesAndContributionMap":{"docs":{"insertions":189,"deletions":28}}},{"hash":"4fe6a5142841c053c97dbabefc3f03ae8e8216e9","messageTitle":"add new folder for team members to include screen of output","messageBody":"","fileTypesAndContributionMap":{"docs":{"insertions":11,"deletions":11}}},{"hash":"bcd78e1d99769fcd335980582e88d15ef5c0b74d","messageTitle":"add junit test for view command","messageBody":"","fileTypesAndContributionMap":{"test-code":{"insertions":82,"deletions":0}}},{"hash":"c8be3842037a961de5457e89eb92682526cb83f1","messageTitle":"update view method to calculate the loan amount only for those not returned.","messageBody":"","fileTypesAndContributionMap":{"functional-code":{"insertions":10,"deletions":1}}}]},{"date":"2021-03-21","commitResults":[{"hash":"9b51bd4379410ec733cf536536d0255ae31aad9f","messageTitle":"Update userguide on view and exit section.","messageBody":"added photo for testing.\n","fileTypesAndContributionMap":{"docs":{"insertions":28,"deletions":8}}}]},{"date":"2021-03-23","commitResults":[{"hash":"96acb1984677787491e4aa465a95d6c72a04eef3","messageTitle":"Update parser class to become more object orientated.","messageBody":"ParserHandler now serves as a \"manager\" / \"man in the middle\".\n","fileTypesAndContributionMap":{"functional-code":{"insertions":22,"deletions":13},"test-code":{"insertions":62,"deletions":39}}}]},{"date":"2021-03-24","commitResults":[{"hash":"ea57c7f74d359901ed9aea230899439c0bc72047","messageTitle":"add ParserHandler class diagram","messageBody":"","fileTypesAndContributionMap":{"docs":{"insertions":26,"deletions":0}}},{"hash":"9fa5680cca2fedfdd837fd339cc8be6f89d4a153","messageTitle":"Refactor ParserHandler Class, Rename some variables.","messageBody":"Variable names are tagged accordingly to the ParserHandler Class Diagram.\n","fileTypesAndContributionMap":{"functional-code":{"insertions":14,"deletions":4}}},{"hash":"c2a352a90cb6d35867695f5dce6883ef6d038f97","messageTitle":"update parser component for DG.","messageBody":"","fileTypesAndContributionMap":{"docs":{"insertions":51,"deletions":1}}},{"hash":"84659e1e51120302bc0a835a8082a285a0a75711","messageTitle":"Updated Appendix A section","messageBody":"","fileTypesAndContributionMap":{"docs":{"insertions":34,"deletions":6}}}]},{"date":"2021-03-25","commitResults":[{"hash":"a7ac5a6d473fc0d452a48010e31308167d55ccf8","messageTitle":"Add ViewCommand Sequence Diagram","messageBody":"","fileTypesAndContributionMap":{"docs":{"insertions":36,"deletions":0}}},{"hash":"2b40f755b3dcee9c13cd41fd2dcdb520bc9f7197","messageTitle":"Update UserGuide with screenshot","messageBody":"Remove bad screenshot and replace with new screenshot\nEdit help page typo error in MAN_OPTION_RECORD_TYPE_VIEWING\n","fileTypesAndContributionMap":{"functional-code":{"insertions":1,"deletions":2},"docs":{"insertions":2,"deletions":2}}}]},{"date":"2021-03-26","commitResults":[{"hash":"456384cccf4811e2ea6845ef68692230e9f470dc","messageTitle":"Update View Feature Implementation for DG","messageBody":"","fileTypesAndContributionMap":{"docs":{"insertions":82,"deletions":3}}}]},{"date":"2021-03-29","commitResults":[{"hash":"b71ff285ce88793bbac0c2619fef2ed086a9bf5c","messageTitle":"Update Parser and ViewCommand Diagram","messageBody":"Minor fix on UG grammartical error\n","fileTypesAndContributionMap":{"docs":{"insertions":19,"deletions":7}}}]},{"date":"2021-03-30","commitResults":[{"hash":"27c6457cce2bc86948de0a7101ab26ff1e5fc5a6","messageTitle":"Update HelpCommand variable name","messageBody":"Change from HELP_TYPE to helpType\n","fileTypesAndContributionMap":{"functional-code":{"insertions":3,"deletions":3}}},{"hash":"e5ee78da9a31dd594024b975194d565dd6a06379","messageTitle":"update HelpCommand variable","messageBody":"helpType is final and non static\n","fileTypesAndContributionMap":{"functional-code":{"insertions":1,"deletions":1}}},{"hash":"d527f4ac5e362300407a0143881392a27d9ae560","messageTitle":"Update UserGuide for better readability","messageBody":"","fileTypesAndContributionMap":{"docs":{"insertions":83,"deletions":49}}},{"hash":"a7242d05a8a86d87b325a00c547d938ff69545b0","messageTitle":"Update the help command for better user readability","messageBody":"","fileTypesAndContributionMap":{"docs":{"insertions":26,"deletions":14}}},{"hash":"68e053b40bfa8d0071e2c9eefa6ceb957350eb02","messageTitle":"Update DG with parserHandler and viewCommand diagram png","messageBody":"","fileTypesAndContributionMap":{"docs":{"insertions":5,"deletions":4}}},{"hash":"91d691ecc47a35e555694c0457f96c31766c72dc","messageTitle":"Remove duplicate method in loan class","messageBody":"","fileTypesAndContributionMap":{"functional-code":{"insertions":6,"deletions":10}}}]},{"date":"2021-03-31","commitResults":[{"hash":"5db670d38d08bd1a52d6193b8aa43f9e07d07b02","messageTitle":"Update Table of Content and Section 2","messageBody":"","fileTypesAndContributionMap":{"docs":{"insertions":74,"deletions":63}}},{"hash":"204bbafa1a8495ca61f051e505d3a4d5915de481","messageTitle":"Update after DG feedback from Professor and Classmates","messageBody":"","fileTypesAndContributionMap":{"docs":{"insertions":18,"deletions":37}}},{"hash":"c9df062a7824121a42df95a69a5bac153abba2bf","messageTitle":"Add section 2.2 and 2.3 into the table of content","messageBody":"","fileTypesAndContributionMap":{"docs":{"insertions":4,"deletions":2}}}]},{"date":"2021-04-01","commitResults":[{"hash":"e5b95ab3189d294fc3e0a2a0127ba16d57282feb","messageTitle":"update UG with section 3.9.1 and 3.9.2","messageBody":"","fileTypesAndContributionMap":{"docs":{"insertions":10,"deletions":10}}},{"hash":"4d26a7d5ca6c5ec70eec85d4f39a747d52776642","messageTitle":"update DG to fix 3.7 line break","messageBody":"","fileTypesAndContributionMap":{"docs":{"insertions":12,"deletions":14}}}]},{"date":"2021-04-03","commitResults":[{"hash":"dd43823410f451c401e153eaf319042703307048","messageTitle":"Update view for v2.1","messageBody":"","fileTypesAndContributionMap":{"functional-code":{"insertions":43,"deletions":6}}},{"hash":"3c90c86062bd02b91f23cfc633e9b965c72a7696","messageTitle":"update UG for view section","messageBody":"","fileTypesAndContributionMap":{"docs":{"insertions":11,"deletions":0}}},{"hash":"d0152e48834300970609178649e5ff018aed7f09","messageTitle":"update junit test for viewCommandTest","messageBody":"","fileTypesAndContributionMap":{"test-code":{"insertions":3,"deletions":3}}},{"hash":"d2dbd1aa737e168acfb1cd0f25214adb8b564557","messageTitle":"update UG with v2.1 hyperlink and explanation","messageBody":"add explanation for valid option syntax under 2.2\n","fileTypesAndContributionMap":{"docs":{"insertions":8,"deletions":1}}}]},{"date":"2021-04-05","commitResults":[{"hash":"8fe0dcb19a75e4683094ac869d298da81d1249d5","messageTitle":"Update UG after PE Dry Run","messageBody":"Fixes #185 #186\n","fileTypesAndContributionMap":{"docs":{"insertions":12,"deletions":25}}},{"hash":"2db4ce6eb04ff155e636ba42eed41303b23481e5","messageTitle":"Update validation for amount","messageBody":"Fixes #170 #179\n","fileTypesAndContributionMap":{"functional-code":{"insertions":22,"deletions":1},"test-code":{"insertions":24,"deletions":8}}},{"hash":"cd94b72785faab6797ddb09056a6d6732beedbd6","messageTitle":"update help after PE dry run feed back","messageBody":"Fixes #176\n","fileTypesAndContributionMap":{"functional-code":{"insertions":45,"deletions":27}}}]},{"date":"2021-04-06","commitResults":[{"hash":"c611b43fc78dade55d8b5d8a93e5294fb2f2624e","messageTitle":"Add Andy\u0027s PPP","messageBody":"","fileTypesAndContributionMap":{"docs":{"insertions":104,"deletions":7}}}]},{"date":"2021-04-08","commitResults":[{"hash":"0cbd4cc479609f74cfc99f46466d7838b7624b60","messageTitle":"update DG for v2.1","messageBody":"","fileTypesAndContributionMap":{"docs":{"insertions":26,"deletions":25}}}]},{"date":"2021-04-10","commitResults":[{"hash":"c449cfb16f7b1ece4e45ce30f3b64623ca55b545","messageTitle":"update UG on help section","messageBody":"","fileTypesAndContributionMap":{"docs":{"insertions":17,"deletions":9}}}]},{"date":"2021-04-11","commitResults":[{"hash":"e330117a7525e3ec9d629c0c855b8e52985dee71","messageTitle":"update ParserHandler variable names","messageBody":"Update DG for consistency to new update on ParserHandler\n","fileTypesAndContributionMap":{"functional-code":{"insertions":26,"deletions":26},"docs":{"insertions":3,"deletions":3}}},{"hash":"2e50c41e246c4c958a544ccc8164b1f981d53c0f","messageTitle":"Add ListFeature for DG","messageBody":"Add documentation for List Feature Section in DG\n","fileTypesAndContributionMap":{"docs":{"insertions":123,"deletions":22}}},{"hash":"a87ad3860d5d92be1102b0fa70c8889ceabdab8e","messageTitle":"update UG DG and PPP format error","messageBody":"","fileTypesAndContributionMap":{"docs":{"insertions":19,"deletions":45}}},{"hash":"f65ca2b8802bbb23e7311f909a27b915a4843abf","messageTitle":"update UG and help command","messageBody":"Modify all index to record ID.\nModify help command according to new changes in UG.\n","fileTypesAndContributionMap":{"functional-code":{"insertions":3,"deletions":3},"docs":{"insertions":13,"deletions":11}}},{"hash":"67fe0855d0e4d523769fd4814b9c1f6d71bd9d2a","messageTitle":"Update UG after first UG review","messageBody":"","fileTypesAndContributionMap":{"functional-code":{"insertions":2,"deletions":2},"docs":{"insertions":27,"deletions":23}}},{"hash":"173d6faed2c429ae18d453dd87a542fb87f05997","messageTitle":"Refactor v2.1","messageBody":"","fileTypesAndContributionMap":{"functional-code":{"insertions":19,"deletions":10}}}]},{"date":"2021-04-12","commitResults":[{"hash":"f16e45741cd17a05f36f88897657bc4849a6561b","messageTitle":"Update minor DG error","messageBody":"","fileTypesAndContributionMap":{"docs":{"insertions":14,"deletions":15}}}]}],"marklowsk":[{"date":"2021-03-08","commitResults":[{"hash":"e496a02ac19f784058c429b4087f079006b254d7","messageTitle":"Add skeleton Command classes","messageBody":"","fileTypesAndContributionMap":{"functional-code":{"insertions":129,"deletions":1}}}]},{"date":"2021-03-09","commitResults":[{"hash":"d8c0a11916782dcf02b89d306283ef08d89a98b5","messageTitle":"Add Utils class for validation","messageBody":"Also change Command constructor.\n","fileTypesAndContributionMap":{"functional-code":{"insertions":148,"deletions":11}}},{"hash":"c0580ee4db6e165c8e15ce84e7227d845efa58e7","messageTitle":"Update Command classes","messageBody":"","fileTypesAndContributionMap":{"functional-code":{"insertions":102,"deletions":26}}},{"hash":"689a58fb233f479796452a1b1c387cfa64ef8527","messageTitle":"Add RecordType Enum to fix errors","messageBody":"","fileTypesAndContributionMap":{"functional-code":{"insertions":5,"deletions":0}}},{"hash":"3185f5c2bd3761ef07682811028dea155162433f","messageTitle":"Testing IO for list command","messageBody":"","fileTypesAndContributionMap":{"functional-code":{"insertions":44,"deletions":10}}}]},{"date":"2021-03-10","commitResults":[{"hash":"d22430097940db4a8dbab94fcd728dd234716350","messageTitle":"Add ArgumentType Enum","messageBody":"","fileTypesAndContributionMap":{"functional-code":{"insertions":5,"deletions":0}}},{"hash":"0ca9f2869a073819161f330cdce12d7bf3fe3a35","messageTitle":"Update validation for commands","messageBody":"Also improve and add existing/new Utils methods\n","fileTypesAndContributionMap":{"functional-code":{"insertions":164,"deletions":25}}},{"hash":"113a303071996dd16332443226a2c4a46712ed35","messageTitle":"Finalize command bases","messageBody":"","fileTypesAndContributionMap":{"functional-code":{"insertions":12,"deletions":10}}}]},{"date":"2021-03-11","commitResults":[{"hash":"411d42f0fc8b85a1710fc7de625754cc4b173a91","messageTitle":"Update RemoveCommand option","messageBody":"","fileTypesAndContributionMap":{"functional-code":{"insertions":8,"deletions":18}}},{"hash":"c7dad7bae3518b06d88d02e20745dd3173471c07","messageTitle":"Add LocalDate parser for validation","messageBody":"","fileTypesAndContributionMap":{"functional-code":{"insertions":48,"deletions":0}}},{"hash":"76bee988c0668f1696036c727ed19a7bdeae9d0b","messageTitle":"Fix AddCommand adding of Records","messageBody":"","fileTypesAndContributionMap":{"functional-code":{"insertions":5,"deletions":11}}},{"hash":"cafcafe4d7cf10db9fb2e3bdfa5227aed8de1992","messageTitle":"Add LocalDate support for Records","messageBody":"Updates to AddCommand with DateTimeException and LocalDate.\n","fileTypesAndContributionMap":{"functional-code":{"insertions":34,"deletions":34}}},{"hash":"de69af0c008dab0a20eb5c0a98a2e49e5950760a","messageTitle":"Complete the CustomException class for use","messageBody":"Fix coding standard violation for Validators.java\n","fileTypesAndContributionMap":{"functional-code":{"insertions":5,"deletions":2}}}]},{"date":"2021-03-12","commitResults":[{"hash":"947d6e25fd56a4d63c640165550c759dd130fb65","messageTitle":"Fix bug found by @tzexern","messageBody":"i.e. \"-1\" is seen as an option, change regex pattern from alphanumeric to letters only.\n","fileTypesAndContributionMap":{"functional-code":{"insertions":1,"deletions":1}}},{"hash":"1e7d3cb4c88af94ca84350bd89baa4225f1a021d","messageTitle":"Ignore empty String in CommandHandler","messageBody":"","fileTypesAndContributionMap":{"functional-code":{"insertions":2,"deletions":0}}},{"hash":"200af63da411ce881069bc459ddebcc46b1d1225","messageTitle":"Add some JUnit tests for command.Utils","messageBody":"","fileTypesAndContributionMap":{"test-code":{"insertions":59,"deletions":0}}},{"hash":"a3b4256a73c00d7fedbca429b831353e4616f881","messageTitle":"Add some JUnit tests for common.Validators","messageBody":"","fileTypesAndContributionMap":{"test-code":{"insertions":48,"deletions":0}}}]},{"date":"2021-03-13","commitResults":[{"hash":"f03ffd554b8f599172d82410dd292fe00a6ecf8d","messageTitle":"Add validateOptions method","messageBody":"This will help refactor code in Command child classes.\n","fileTypesAndContributionMap":{"functional-code":{"insertions":6,"deletions":0}}},{"hash":"26fc86057f58b26f9c25ac8ce202d08207554c4c","messageTitle":"Add JavaDoc comments for validateNotEmpty","messageBody":"","fileTypesAndContributionMap":{"functional-code":{"insertions":15,"deletions":0}}},{"hash":"d89ea01d7ab91b96dbc6ee7bfab383d6a0b269c2","messageTitle":"Edit JavaDoc comments for validateNotEmpty","messageBody":"","fileTypesAndContributionMap":{"functional-code":{"insertions":7,"deletions":6}}},{"hash":"13f568cb5b362ccca53f73d44103833d6a26259d","messageTitle":"Add JavaDoc comments for getOptionValue","messageBody":"","fileTypesAndContributionMap":{"functional-code":{"insertions":11,"deletions":0}}},{"hash":"93afb4eaa2b6e264f9b8b5c04059491a269e871b","messageTitle":"Add JavaDoc comments for validateOptions","messageBody":"","fileTypesAndContributionMap":{"functional-code":{"insertions":11,"deletions":0}}},{"hash":"b791a04d7af1d02c8e36cdf360db8b1c10ac23d8","messageTitle":"Add JavaDoc comments for checkInvalidOptions","messageBody":"","fileTypesAndContributionMap":{"functional-code":{"insertions":8,"deletions":0}}},{"hash":"1e41dc7b65c711244d0c85dd97515588412f423b","messageTitle":"Add JavaDoc comments for checkOptionConflict","messageBody":"","fileTypesAndContributionMap":{"functional-code":{"insertions":8,"deletions":0}}},{"hash":"511d28a98e0f96da0462a4171a121b548ea6fa86","messageTitle":"Add JavaDoc comments for validateArguments","messageBody":"","fileTypesAndContributionMap":{"functional-code":{"insertions":17,"deletions":0}}},{"hash":"f53e95e58d960c1295cfc92a60b3e05ee12d1987","messageTitle":"Add JavaDoc comments for validateArgument","messageBody":"","fileTypesAndContributionMap":{"functional-code":{"insertions":9,"deletions":0}}},{"hash":"7a5ced40dc0c5f694786520f96df839c41282f31","messageTitle":"Add JavaDoc comments and modify isOption","messageBody":"","fileTypesAndContributionMap":{"functional-code":{"insertions":9,"deletions":2}}},{"hash":"57b6db5fa2abbd372da7eb7bccf04b92d426de88","messageTitle":"Fix JavaDocs and add miscellaneous comments","messageBody":"","fileTypesAndContributionMap":{"functional-code":{"insertions":4,"deletions":3}}}]},{"date":"2021-03-14","commitResults":[{"hash":"8cb0b157b9c472dd027bf99b93455a60fc1e57ab","messageTitle":"Update old JUnit tests for command.Utils","messageBody":"","fileTypesAndContributionMap":{"test-code":{"insertions":55,"deletions":28}}},{"hash":"f080f177cea0deee0c25277db8c5d95b5d646957","messageTitle":"Add more JUnit tests for command.Utils","messageBody":"","fileTypesAndContributionMap":{"test-code":{"insertions":85,"deletions":15}}},{"hash":"502b3609c50279e03f8b5578d803109353513bc4","messageTitle":"Rectify some coding standard violations","messageBody":"","fileTypesAndContributionMap":{"functional-code":{"insertions":13,"deletions":13}}},{"hash":"62841e881a58aca88ed739aca7291031e31fd22c","messageTitle":"Add JUnit tests for validateOptions","messageBody":"","fileTypesAndContributionMap":{"test-code":{"insertions":40,"deletions":0}}},{"hash":"49188b4d5bec13335e4bed63e05a2bb0dc407e2a","messageTitle":"Add JUnit tests for getOptionValue","messageBody":"","fileTypesAndContributionMap":{"test-code":{"insertions":34,"deletions":0}}},{"hash":"6756f29712dd85c717b7e48be91b3752e9e00367","messageTitle":"Fix CI errors","messageBody":"","fileTypesAndContributionMap":{"test-code":{"insertions":5,"deletions":3}}},{"hash":"6f44e2f3f85ad022ddbf974100ae2e5fa8843f89","messageTitle":"Update some JavaDocs comments and spacing","messageBody":"","fileTypesAndContributionMap":{"functional-code":{"insertions":6,"deletions":5}}},{"hash":"1e75798caaa15ec3adc9445c8ab8d0e309f24c46","messageTitle":"Refector some Command child class constructor","messageBody":"","fileTypesAndContributionMap":{"functional-code":{"insertions":23,"deletions":18}}}]},{"date":"2021-03-18","commitResults":[{"hash":"bf16640a2be8779107179fc0d4b05fd22524f4fb","messageTitle":"Add assertions for command.Utils class","messageBody":"","fileTypesAndContributionMap":{"functional-code":{"insertions":4,"deletions":0}}},{"hash":"d12c6c48169edb5586a4fac93e3464c8c7dc5f67","messageTitle":"Edit the command.Utils class","messageBody":"Add missing assertion and edit class description.\n","fileTypesAndContributionMap":{"functional-code":{"insertions":2,"deletions":1}}}]},{"date":"2021-03-19","commitResults":[{"hash":"f9864bbb994f9f6230c9bea3f5f4cf2a241d9e57","messageTitle":"Add support for Loan type with person option","messageBody":"","fileTypesAndContributionMap":{"functional-code":{"insertions":26,"deletions":2}}},{"hash":"bfe60bb6519ae5ee383cd32e389e798907a76d2f","messageTitle":"Additional clean up of JavaDocs","messageBody":"","fileTypesAndContributionMap":{"functional-code":{"insertions":8,"deletions":4}}},{"hash":"f6cfb86d34c96928e12bb77ab521948b8197dbae","messageTitle":"Update Utils and CreditScoreCommand","messageBody":"","fileTypesAndContributionMap":{"functional-code":{"insertions":37,"deletions":5}}},{"hash":"aa827c2565903364462f5ed75ffcb14315921b70","messageTitle":"Update validateDate method","messageBody":"Supports \"today\" as a valid date input (returns LocalDate.now()).\n","fileTypesAndContributionMap":{"functional-code":{"insertions":6,"deletions":2}}},{"hash":"e0df4adcc97e4ed7e8fa5b3c5e8c59a9b4395026","messageTitle":"Update ValidatorTest date tests","messageBody":"","fileTypesAndContributionMap":{"test-code":{"insertions":3,"deletions":5}}},{"hash":"d7eca0a15d96e5a75c139b30de5383b6bea89e85","messageTitle":"Clean up command.Utils class","messageBody":"","fileTypesAndContributionMap":{"functional-code":{"insertions":18,"deletions":18}}},{"hash":"b2cc78b5779c6cd1108bc7c76781dcc24bf0524f","messageTitle":"Remove test prints","messageBody":"","fileTypesAndContributionMap":{"functional-code":{"insertions":1,"deletions":2}}}]},{"date":"2021-03-20","commitResults":[{"hash":"66c0cfbca7371ace63618f8f6e9cb056c9acf520","messageTitle":"Add format and examples for AddCommand","messageBody":"","fileTypesAndContributionMap":{"docs":{"insertions":10,"deletions":8}}},{"hash":"94a0b7c2db2786147b1d709f92f2d4da1b89694d","messageTitle":"Add description for DateFormats and today keyword","messageBody":"","fileTypesAndContributionMap":{"docs":{"insertions":9,"deletions":1}}}]},{"date":"2021-03-21","commitResults":[{"hash":"0d1c68ee8501815a46b6ea9c54e0fdb8b7a0263e","messageTitle":"Update slight discrepancy","messageBody":"Regarding the today keyword.\n","fileTypesAndContributionMap":{"docs":{"insertions":2,"deletions":1}}}]},{"date":"2021-03-22","commitResults":[{"hash":"f33c7f89086c14d10e29dc49fa8325f9f6392b93","messageTitle":"Add PlantUML architecture diagram","messageBody":"","fileTypesAndContributionMap":{"docs":{"insertions":62,"deletions":0}}},{"hash":"20d2e7240805f37ba68fcedc9ab88a6ab4738592","messageTitle":"Modify DG skeleton similar to AB3","messageBody":"","fileTypesAndContributionMap":{"docs":{"insertions":25,"deletions":2}}},{"hash":"7e327a80d02ec65a2559e67c9d180f7e21ce2f96","messageTitle":"Change CommandHandler into object","messageBody":"Update its usages in main and tests\n","fileTypesAndContributionMap":{"functional-code":{"insertions":18,"deletions":7},"test-code":{"insertions":12,"deletions":6}}},{"hash":"bc12c7e1fa8ee1fe3bee492ec20292a1f4b3ae40","messageTitle":"Refactor Logger message","messageBody":"","fileTypesAndContributionMap":{"functional-code":{"insertions":5,"deletions":4}}}]},{"date":"2021-03-23","commitResults":[{"hash":"8128a298d11004e630ce0218eb10300898ca833e","messageTitle":"Modify description for Dates and DateFormats","messageBody":"","fileTypesAndContributionMap":{"docs":{"insertions":13,"deletions":10}}},{"hash":"bf61b70f93ae0b0e8be4bde47d2299e6123f07c5","messageTitle":"Add description for Command formats","messageBody":"","fileTypesAndContributionMap":{"docs":{"insertions":22,"deletions":0}}}]},{"date":"2021-03-24","commitResults":[{"hash":"ef2e3d30f10f7f61117e1d3bfeb7a9c758281038","messageTitle":"Fix miscellaneous errors","messageBody":"","fileTypesAndContributionMap":{"docs":{"insertions":4,"deletions":4}}},{"hash":"5c9d424d13da2a20bf90b6cea86d949f4e01537c","messageTitle":"Add Command and Format Summary","messageBody":"","fileTypesAndContributionMap":{"docs":{"insertions":36,"deletions":10}}},{"hash":"20938a848970fbda5367d208ce6a284455315ae1","messageTitle":"Minor change to some descriptions","messageBody":"","fileTypesAndContributionMap":{"docs":{"insertions":3,"deletions":4}}}]},{"date":"2021-03-25","commitResults":[{"hash":"ec706fb414519e806b7143a6b25e2d2e40bff1d4","messageTitle":"Complete sample Architecture descriptions","messageBody":"Add two more sequence diagrams.\n","fileTypesAndContributionMap":{"docs":{"insertions":187,"deletions":18}}},{"hash":"a1d951ff813f0ebd846955f3a52ec450e9f10f7d","messageTitle":"Change component name back to Parser","messageBody":"","fileTypesAndContributionMap":{"docs":{"insertions":5,"deletions":5}}},{"hash":"c18ebc295c88aaacf530a9ed3255308ecbca0c93","messageTitle":"Add short description for CommandHandler","messageBody":"","fileTypesAndContributionMap":{"docs":{"insertions":11,"deletions":1}}},{"hash":"a1a9f1a4ab8c242c963cf7cf7d63a8a4a14f52d3","messageTitle":"Update UG with screenshots","messageBody":"For AddCommand and remove test prints for borrower name.\n","fileTypesAndContributionMap":{"functional-code":{"insertions":0,"deletions":1},"docs":{"insertions":3,"deletions":3}}}]},{"date":"2021-03-29","commitResults":[{"hash":"9fc061c7a9ab78a7728fe0e2a1e73c731842deca","messageTitle":"Update commandLooper sequence diagram","messageBody":"","fileTypesAndContributionMap":{"docs":{"insertions":4,"deletions":2}}},{"hash":"5b52f420806e7e9600bb34574e3d4e2f572487d3","messageTitle":"Update commandLooper method","messageBody":"Refactor commandLooper method.\nUpdate CommandHandler class.\nUpdate ExitCommand class.\n","fileTypesAndContributionMap":{"functional-code":{"insertions":17,"deletions":17}}},{"hash":"be204ccce6ee2c46358610c3a3cc2f670cbde483","messageTitle":"Add and update CommandHandler descriptions","messageBody":"","fileTypesAndContributionMap":{"functional-code":{"insertions":2,"deletions":2},"docs":{"insertions":20,"deletions":0}}},{"hash":"fe5a826ee8578f00acf54d9ae5560b89a2de5af6","messageTitle":"Rectify typo in CommandHandler diagram","messageBody":"","fileTypesAndContributionMap":{"docs":{"insertions":2,"deletions":2}}}]},{"date":"2021-03-30","commitResults":[{"hash":"26266af26847263bfc1b6f17eaf9bcfad763669b","messageTitle":"Add Command class component","messageBody":"","fileTypesAndContributionMap":{"docs":{"insertions":108,"deletions":4}}},{"hash":"8007a947b960f2f6985600ccd8ae482d91b0875d","messageTitle":"Update CommandHandler and Command components","messageBody":"","fileTypesAndContributionMap":{"docs":{"insertions":99,"deletions":4}}},{"hash":"e511e23ecd13cf37a94b6b821ca911f984bae878","messageTitle":"Add a bit more changes and updates to DG","messageBody":"","fileTypesAndContributionMap":{"docs":{"insertions":12,"deletions":2}}},{"hash":"7d79fd659cc731b65c67f90f0af864b68bcca6d0","messageTitle":"Update UG with descriptions for add","messageBody":"Move a chunk of command related descriptions above Features.\n","fileTypesAndContributionMap":{"docs":{"insertions":19,"deletions":7}}},{"hash":"4d7d6e568651c58c5cd2b8ff8e508e1818b8a672","messageTitle":"Add a more user-centric tone to Date format","messageBody":"","fileTypesAndContributionMap":{"docs":{"insertions":3,"deletions":1}}},{"hash":"39184271bded8153f2b409e3cf44ff32d2fe40e9","messageTitle":"Update some errors in diagram and DG","messageBody":"","fileTypesAndContributionMap":{"docs":{"insertions":22,"deletions":21}}}]},{"date":"2021-04-01","commitResults":[{"hash":"2699e789c5e428bf8061bfd920f39a83cf6a463b","messageTitle":"Update diagrams after review","messageBody":"","fileTypesAndContributionMap":{"docs":{"insertions":21,"deletions":71}}},{"hash":"5c1a480d83fcbf771d93f0cffbfa6679ed5b4be3","messageTitle":"Update minor details of diagrams","messageBody":"","fileTypesAndContributionMap":{"docs":{"insertions":5,"deletions":3}}}]},{"date":"2021-04-02","commitResults":[{"hash":"7965edab44565550f323a18409ada8a1bed7d7de","messageTitle":"Add and update diagrams and descriptions to DG","messageBody":"","fileTypesAndContributionMap":{"docs":{"insertions":101,"deletions":33}}},{"hash":"e14263ca742f2b65ec647f4057e73437d932bcad","messageTitle":"Add add feature description, update typos","messageBody":"","fileTypesAndContributionMap":{"docs":{"insertions":68,"deletions":8}}}]},{"date":"2021-04-03","commitResults":[{"hash":"e892652f1d7bb9074c651ae46345b2711118fc25","messageTitle":"Update DateFormats and ResolverStyle","messageBody":"","fileTypesAndContributionMap":{"functional-code":{"insertions":34,"deletions":11},"test-code":{"insertions":4,"deletions":5}}},{"hash":"456be36e8708d7256ee4fcacc1543e4039f31dd6","messageTitle":"Update changes in tests.","messageBody":"","fileTypesAndContributionMap":{"test-code":{"insertions":2,"deletions":2}}}]},{"date":"2021-04-06","commitResults":[{"hash":"a3edce9e1545d00b3e41105b9a10e79989afce00","messageTitle":"Tidy up command.Utils class","messageBody":"Two more functions to check or clean up.\n","fileTypesAndContributionMap":{"functional-code":{"insertions":29,"deletions":9}}}]},{"date":"2021-04-07","commitResults":[{"hash":"e1c5b9736212a670d8efcad6b8fcb323ed5657e8","messageTitle":"Modify command.Utils class to follow standard","messageBody":"","fileTypesAndContributionMap":{"functional-code":{"insertions":7,"deletions":7}}},{"hash":"3dee7857c8dbeea8207f70c503f43983353ff15d","messageTitle":"Clean up UtilsTest and add coverage","messageBody":"","fileTypesAndContributionMap":{"test-code":{"insertions":51,"deletions":8}}},{"hash":"af13db04d00d5f99a8c2e83afdd66903fc971142","messageTitle":"Use JUnit assertion instead","messageBody":"","fileTypesAndContributionMap":{"test-code":{"insertions":2,"deletions":6}}},{"hash":"e0b604d1534d67b0ae57fd0ab4b6d4ad3c8a0b49","messageTitle":"Improve test branch coverage UtilsTest","messageBody":"","fileTypesAndContributionMap":{"functional-code":{"insertions":5,"deletions":6},"test-code":{"insertions":21,"deletions":3}}},{"hash":"c55284eb199690826271039c584786d574b5e06c","messageTitle":"Refactor validateArgument in command.Utils class","messageBody":"","fileTypesAndContributionMap":{"functional-code":{"insertions":10,"deletions":7}}},{"hash":"143aecbe89b26d1a5c209afa09446c415ef0e8fa","messageTitle":"Add printError function for error messages","messageBody":"","fileTypesAndContributionMap":{"functional-code":{"insertions":13,"deletions":2}}}]},{"date":"2021-04-09","commitResults":[{"hash":"25673c05f2839dfdd0c9dcf38ddfa4a4f8b803e1","messageTitle":"Update diagrams in Command component","messageBody":"","fileTypesAndContributionMap":{"docs":{"insertions":127,"deletions":8}}},{"hash":"6ed6c4d42ab3a4249f1946e3d8384c47282bfce5","messageTitle":"Improve description in Command component","messageBody":"","fileTypesAndContributionMap":{"docs":{"insertions":36,"deletions":2}}},{"hash":"9c4499f8e94091bafa270d78da47416f722a77ce","messageTitle":"Update some typos in UG and DG","messageBody":"","fileTypesAndContributionMap":{"docs":{"insertions":11,"deletions":3}}},{"hash":"09ad23271647594fa30ddaec96cf91f1ffc74e29","messageTitle":"Add my PPP and update AboutUs.md","messageBody":"","fileTypesAndContributionMap":{"docs":{"insertions":107,"deletions":3}}}]},{"date":"2021-04-10","commitResults":[{"hash":"f1b93bce3ddf49ca16004ab5590973905ba291d3","messageTitle":"Fix some DG related errors","messageBody":"","fileTypesAndContributionMap":{"docs":{"insertions":19,"deletions":10}}},{"hash":"39583fd4a7be902af497bbb829f65ca72bd3fbf4","messageTitle":"Add Messages.java and refactor magic strings","messageBody":"Refactor magic strings in AddCommand.java\n","fileTypesAndContributionMap":{"functional-code":{"insertions":23,"deletions":7}}}]},{"date":"2021-04-11","commitResults":[{"hash":"5bf077f84682676ff50d7dcde15dff9d3da5d48e","messageTitle":"Refactor AddCommand","messageBody":"","fileTypesAndContributionMap":{"functional-code":{"insertions":39,"deletions":47}}},{"hash":"5d57d18a47e28e8a8c88140aade2b359890e8afe","messageTitle":"Update add command feature sequence diagram","messageBody":"","fileTypesAndContributionMap":{"docs":{"insertions":9,"deletions":0}}},{"hash":"60bea02733f8f2d073b9ee6e759cc9aee7711455","messageTitle":"Refactor magic string for validateDate()","messageBody":"","fileTypesAndContributionMap":{"functional-code":{"insertions":3,"deletions":1}}},{"hash":"54e5facf7a6eb29c7475d8a3159c750dabcade6b","messageTitle":"Add edits to the sequence diagrams","messageBody":"","fileTypesAndContributionMap":{"docs":{"insertions":13,"deletions":14}}},{"hash":"cf91a78a24058d8fe8ecc19c9505dbae11390739","messageTitle":"More edits to increase understandablilty","messageBody":"","fileTypesAndContributionMap":{"docs":{"insertions":5,"deletions":3}}},{"hash":"3e4394fa0294596a1ae5905dc7062279e69157f8","messageTitle":"Add some changes to the language","messageBody":"","fileTypesAndContributionMap":{"docs":{"insertions":19,"deletions":19}}}]}],"gerardtwk":[{"date":"2021-03-08","commitResults":[{"hash":"5dd151088fa2c1cae0ff76f54b8d13fc7b82287c","messageTitle":"Implemented Record and Saving class Constants used in both classes are placed inside Constant class","messageBody":"","fileTypesAndContributionMap":{"functional-code":{"insertions":18,"deletions":2}}}]},{"date":"2021-03-11","commitResults":[{"hash":"c62793faef2fa4bf668389f8870d74fc0fb2e50c","messageTitle":"Implemented listing of expenses, loans and savings for issue #34","messageBody":"","fileTypesAndContributionMap":{"functional-code":{"insertions":76,"deletions":21}}},{"hash":"251b8e355a240d79618ec8807b2b047fc969c67f","messageTitle":"Updated dummy string for toString() of Expense, Loan and Saving classes","messageBody":"","fileTypesAndContributionMap":{"functional-code":{"insertions":3,"deletions":3}}},{"hash":"7c2fa4a7c817ce8061495f7f22232ba85417ebcd","messageTitle":"Refactored Duke class to reflect the style presented in A-MoreOOP","messageBody":"","fileTypesAndContributionMap":{"functional-code":{"insertions":15,"deletions":34}}},{"hash":"5824950e0d791e48b74492f78083aae14e8cd854","messageTitle":"Implements ReturnCommand class for issue #51","messageBody":"","fileTypesAndContributionMap":{"functional-code":{"insertions":67,"deletions":0}}},{"hash":"8877a954ced6d11d24bad0e72af4f46bf65415d7","messageTitle":"Refactored the code involved in adding an expense record","messageBody":"","fileTypesAndContributionMap":{"functional-code":{"insertions":20,"deletions":22}}},{"hash":"9c7a68b8d9450dc41a72db9972631d23f9b95e70","messageTitle":"Renamed parameter variable in Ui::printSuccessfulAdd()","messageBody":"","fileTypesAndContributionMap":{"functional-code":{"insertions":3,"deletions":3}}},{"hash":"4530940a1a3205adbd16d728c1a273a47f06e28f","messageTitle":"Implements junit test for RecordList class","messageBody":"","fileTypesAndContributionMap":{"test-code":{"insertions":47,"deletions":0}}}]},{"date":"2021-03-15","commitResults":[{"hash":"5275f6b058511e4731899b6ac5cea75d8012ff91","messageTitle":"Refactor junit recordlist test - Extract repeated code used in populating the recordlist across the 3 tests and shift it to getPopulatedRecordList()","messageBody":"","fileTypesAndContributionMap":{"test-code":{"insertions":34,"deletions":18}}},{"hash":"c9a7917d0dac4530abbb1552cb8a510341cfcb2d","messageTitle":"Implement junit test for ListCommand class","messageBody":"","fileTypesAndContributionMap":{"test-code":{"insertions":88,"deletions":0}}},{"hash":"76f78f3cf4e2a34cdb70c3ef00642d918d77c2b3","messageTitle":"Removed the extra newline character in printExpenses(), printLoans() and printSavings()","messageBody":"","fileTypesAndContributionMap":{"functional-code":{"insertions":3,"deletions":3}}},{"hash":"c371d91b098686e3cbe1ddf8810f38f9a7860ecf","messageTitle":"Update EXPECTED.TXT - To reflect the removal of \"\\n\" in printExpenses(), printLoans() and printSavings()","messageBody":"","fileTypesAndContributionMap":{"test-code":{"insertions":1,"deletions":1}}}]},{"date":"2021-03-18","commitResults":[{"hash":"809b363063cab3a69fed3fdb52f04e017a37aeea","messageTitle":"Implemented Logging for CommandHandler and Assertion for ListCommand","messageBody":"","fileTypesAndContributionMap":{"functional-code":{"insertions":11,"deletions":1}}}]},{"date":"2021-03-20","commitResults":[{"hash":"9627832f6893c07fe0397d48900f9ee6140ac2d0","messageTitle":"Removed unnecessary constructor and unused import at Duke class","messageBody":"","fileTypesAndContributionMap":{"functional-code":{"insertions":0,"deletions":7}}}]},{"date":"2021-03-21","commitResults":[{"hash":"1533aa023f70c5ff5e4646411cf6623c20acca69","messageTitle":"Implements the execution of creditscore command 1) Implement execute() and computeCreditScore() of     CreditScoreCommand class 2) Add borrowerName and returnDate attributes to Loan class 3) Slight modifications to classes where the constructor of Loan class      is called    \u003d\u003e The classes modified are AddCommand, Storage, RecordListTest,         ListCommandTest, RemoveCommandTest and ReturnCommandTest","messageBody":"","fileTypesAndContributionMap":{"functional-code":{"insertions":55,"deletions":19},"test-code":{"insertions":9,"deletions":9}}}]},{"date":"2021-03-24","commitResults":[{"hash":"0924110b474dc02bd93609c95236783a767a7203","messageTitle":"Modify creditscore command:","messageBody":"1) Borrowers credit score for returned loans are persisted\n2) Updated the formula used in computeCreditScore() in\n    CreditScoreCommand class and ReturnCommand class\n3) Shift computeCreditScore() and getDayDifference() in\n    CreditScoreCommand class and ReturnCommand class to Utils.java\n","fileTypesAndContributionMap":{"functional-code":{"insertions":230,"deletions":95},"test-code":{"insertions":20,"deletions":7}}},{"hash":"75aea9832b3bd8eca0d06a6b8ac74afeab5bc120","messageTitle":"Edit ViewCommandTest to resolve the syntax error","messageBody":"","fileTypesAndContributionMap":{"test-code":{"insertions":6,"deletions":3}}}]},{"date":"2021-03-25","commitResults":[{"hash":"803f6a11fa7e0125c53c4109af357ce5b74db2ac","messageTitle":"Updated Developer Guide Draft","messageBody":"This update modifies the follow section of the developer guide:\n1) Section 3.5 RecordList component\n2) Section 4.2 List feature\n3) Section 4.4 Return feature\n4) Section 4.7 Credit Score feature\n","fileTypesAndContributionMap":{"docs":{"insertions":41,"deletions":4}}}]},{"date":"2021-03-26","commitResults":[{"hash":"80d100796a2313c3020b4743d883319b58021e6c","messageTitle":"Strengthen the file input validation for credit score of returned loans","messageBody":"1) Adds a check to ensure that the credit score read from the file is\n    within the acceptable credit score range\n2) Shift all codes related to credit score file input validation to\n    Storage::loadBorrowerCreditScoreForReturnedLoans()\n","fileTypesAndContributionMap":{"functional-code":{"insertions":15,"deletions":9}}},{"hash":"6f96a01c3a64fb2db9a15706aa264ebdf13227c2","messageTitle":"Adds an additional file validation check for borrower names","messageBody":"","fileTypesAndContributionMap":{"functional-code":{"insertions":5,"deletions":2}}}]},{"date":"2021-03-27","commitResults":[{"hash":"d2dd4e261412309d33b988d3ea0478f26611e591","messageTitle":"Implements FinuxLogger","messageBody":"1) Original logger in CommandHandler class is replaced with an\n    instance of FinuxLogger class\n2) FinuxLogger will not print logs to the console, but instead\n    print logs to a logfile in append mode\n","fileTypesAndContributionMap":{"functional-code":{"insertions":38,"deletions":6}}},{"hash":"e5ee24863cb944445ebf2e95b487a734025fb7be","messageTitle":"Shift FinuxLogger class to common package","messageBody":"1) Set logger to null in the catch block of FinuxLogger constructor,\n    in the event when either an IOException or a SecurityException is\n    thrown\n2) Declared a global static FINUX_LOGGER constant in Constant class\n3) Modified the way FINUX_LOGGER is being used in the CommandHandler\n    class\n","fileTypesAndContributionMap":{"functional-code":{"insertions":4,"deletions":13},"other":{"insertions":2,"deletions":1}}}]},{"date":"2021-03-29","commitResults":[{"hash":"c5e518f4c5f9f70ac1b474527bb1d2c2154d6f8a","messageTitle":"First round of refactoring","messageBody":"1) Edit build.gradle to reflect Finux as app name instead of Duke\n2) Remove \"Display\" column in AboutUs.md\n3) Fix broken links in UserGuide.md\n4) Rename variables and classes related to BorrowersCreditScoreForReturnedLoans\n5) Add exception handling in Ui::getUserInput()\n6) Ensure loan\u0027s returnDate is always after loan\u0027s issuedDate in ReturnCommand class\n7) Updated EXPECTED.txt, input.txt in text-ui-test folder\n8) Shift RecordListTest class to record package\n","fileTypesAndContributionMap":{"functional-code":{"insertions":96,"deletions":124},"other":{"insertions":12,"deletions":18},"docs":{"insertions":9,"deletions":9},"test-code":{"insertions":12,"deletions":12}}}]},{"date":"2021-03-30","commitResults":[{"hash":"90bbd04979e661b43a7d9bd7948448946f2f6cae","messageTitle":"Refactor creditscore command round 2","messageBody":"1) Rename CreditScoreMap class to CreditScoreReturnedLoansMap\n2) Rename the variables and methods names in\n    CreditScoreReturnedLoansMap class\n3) Standardize variables names and method callings related to\n    CreditScoreReturnedLoansMap class for classes in command package\n    and the corresponding command tests package\n4) Reformat the guard clause in ReturnCommand::getIndexInInteger()\n    to reflect the happy path code quality standard\n","fileTypesAndContributionMap":{"functional-code":{"insertions":57,"deletions":48},"test-code":{"insertions":18,"deletions":19}}},{"hash":"239848241f94bf19eb2e21cf7e9f065646b1c61f","messageTitle":"Polish UserGuide","messageBody":"1) Rephrase introduction, quick start and section 3.9.3\n2) Add UG for list command and mark a loan as return\n3) Reformat FAQ table and add an extra question\n4) Add example column to the command summary table\n5) Reorder the listings in command summary table to reflect\n    the order in UG\n","fileTypesAndContributionMap":{"docs":{"insertions":62,"deletions":42}}}]},{"date":"2021-03-31","commitResults":[{"hash":"56cde1600c2127cf37b62ea4590449d2fe556841","messageTitle":"Refactor creditscore command round 3","messageBody":"1) Standardize variables names and method callings related to\n    CreditScoreReturnedLoansMap class for Finux class and\n    Storage class\n2) Modify Storage::dataFilePath to be a private variable\n3) Rename \"records\" to \"recordList\" in both Finux and Storage class\n4) Extract magic literals for Storage and AddCommand class\n5) Shift common magic literals use by Storage, Utils,\n    CreditScoreReturnedLoansMap and AddCommand classes to\n    Constant class\n","fileTypesAndContributionMap":{"functional-code":{"insertions":67,"deletions":57}}}]},{"date":"2021-04-01","commitResults":[{"hash":"f0e20c7d12898509ffb11e0a74e78449914114bd","messageTitle":"Improve userguide","messageBody":"1) Update section 3.2, 3.4, 4 and 5\n2) Add a new section, 2.4\n3) Minor edits to sentence structure in section 2.1 and 2.3\n","fileTypesAndContributionMap":{"docs":{"insertions":63,"deletions":21}}},{"hash":"4917e29603dc34bd7ef276eb154ba5cf0e3bca09","messageTitle":"Add a divider between section 2.3 and section 2.4","messageBody":"","fileTypesAndContributionMap":{"docs":{"insertions":2,"deletions":0}}}]},{"date":"2021-04-06","commitResults":[{"hash":"b6dddd84d10ab23afc27c962e61d6a1ce1a79ebc","messageTitle":"Fix file writing bug of creditscore feature","messageBody":"1) Add a whitespace char before and after the file delimiter,\n    in Storage class line 94\n2) Rename FILE_DELIMITER to FILE_DELIMITER_CHAR in Constant class\n3) Rename FILE_DELIMITER_REGEX to FILE_DELIMITER_CHAR_REGEX in\n    Storage class\n","fileTypesAndContributionMap":{"functional-code":{"insertions":11,"deletions":9}}}]},{"date":"2021-04-08","commitResults":[{"hash":"65ab4d0b83ff78854afb3ae2f7d0f9b1d37f376b","messageTitle":"First draft for PPP","messageBody":"","fileTypesAndContributionMap":{"docs":{"insertions":45,"deletions":0}}},{"hash":"166914d5c1e2ef1782038f7dfe8b72f7154d372e","messageTitle":"Rename ppp to github username","messageBody":"","fileTypesAndContributionMap":{"docs":{"insertions":0,"deletions":0}}}]},{"date":"2021-04-11","commitResults":[{"hash":"1b030edccd2f18d6f303ffa18dd531116f75c16b","messageTitle":"CreditScoreCommand and RecordList developer guide documentation","messageBody":"","fileTypesAndContributionMap":{"docs":{"insertions":218,"deletions":8}}}]}]},"authorFileTypeContributionMap":{"tzexern":{"docs":800,"functional-code":343,"test-code":162},"jonahtwl":{"docs":480,"functional-code":483,"test-code":162},"LeeHanYongAndy":{"docs":685,"functional-code":741,"test-code":290,"other":2},"marklowsk":{"docs":865,"functional-code":717,"test-code":308},"gerardtwk":{"docs":355,"functional-code":435,"test-code":151,"other":2}},"authorContributionVariance":{"tzexern":12297.598,"jonahtwl":6380.868,"LeeHanYongAndy":9768.663,"marklowsk":11061.922,"gerardtwk":9547.547},"authorDisplayNameMap":{"tzexern":"CS2113T-W09-1 TAN ..XERN","jonahtwl":"CS2113T-W09-1 JONA..LONG","LeeHanYongAndy":"CS2113T-W09-1 LEE ..ANDY","marklowsk":"CS2113T-W09-1 MARK..EONG","gerardtwk":"CS2113T-W09-1 GERA..KIAT"}}
