{"authorDailyContributionsMap":{"isaharon":[{"date":"2021-03-05","commitResults":[{"hash":"498809b1f623ea5f883f9d749350f5156a429d4b","messageTitle":"Update Duke.java","messageBody":"","fileTypesAndContributionMap":{"functional-code":{"insertions":8,"deletions":10}}},{"hash":"41251c3f15fc512bc8dc1ef30fdba69e0c245ed5","messageTitle":"Update ModuleList.java","messageBody":"","fileTypesAndContributionMap":{"functional-code":{"insertions":1,"deletions":1}}},{"hash":"888936863b2f5a67231ec876f68628f786d4d64b","messageTitle":"Update Lesson.java","messageBody":"","fileTypesAndContributionMap":{"functional-code":{"insertions":3,"deletions":3}}},{"hash":"546834e4e727d983ebf6ed14080b93dd2c012eaa","messageTitle":"Update Module.java","messageBody":"","fileTypesAndContributionMap":{"functional-code":{"insertions":3,"deletions":3}}}]},{"date":"2021-03-09","commitResults":[{"hash":"f28c982d5d796b739eec5c71af0d77eb8c694eec","messageTitle":"Implement PrintHelpCommand","messageBody":"- Added enums for dashboard commands and module commands\n- Added a general format for listing help commands and description\n- Updated ModuleList class and added addModule method\n- Updated attributes of Module class\n- Added printMessage method in UI\n- Added PrintHelpCommand class with test file\n","fileTypesAndContributionMap":{"functional-code":{"insertions":142,"deletions":17},"test-code":{"insertions":47,"deletions":0}}},{"hash":"4425df1d0dc9d87b50a3ebd99aa4196bceafed06","messageTitle":"Implement ExitProgramCommand","messageBody":"- Added general exit message in Messages.java\n- Added ExitProgramCommand class and test file\n","fileTypesAndContributionMap":{"functional-code":{"insertions":23,"deletions":0},"test-code":{"insertions":38,"deletions":0}}},{"hash":"3ca4a45c20e6d74f67ceabb8108265ece16f22af","messageTitle":"Implement EnterModuleCommand","messageBody":"- Added constructor in ModuleList class\n- Add CommandException class to handle command exception\n- Update Command class with exception signature to execute method\n- Add EnterModuleCommand class and test file\n- Updated test files to handle command exception\n","fileTypesAndContributionMap":{"functional-code":{"insertions":53,"deletions":1},"test-code":{"insertions":59,"deletions":5}}},{"hash":"8e1b34cc9d2cdd231aa5316de847badfb4d0bd39","messageTitle":"Implement AddModuleCommand","messageBody":"- Added hasModuleCode method in ModuleList class\n- Update printing of messages in commands\n- Added AddModuleCommand class and test file\n","fileTypesAndContributionMap":{"functional-code":{"insertions":44,"deletions":4},"test-code":{"insertions":48,"deletions":0}}},{"hash":"413e3cf1728d85fbf67a18f063c304cd2f731303","messageTitle":"Implement DeleteModuleCommand","messageBody":"- Added general format for listing items in Messages class\n- Added deleteModules method in ModuleList class\n- Added temporary readIntegers method in UI class\n- Added DeleteModuleCommand class and test file\n","fileTypesAndContributionMap":{"functional-code":{"insertions":81,"deletions":0},"test-code":{"insertions":57,"deletions":0}}},{"hash":"cdc5831a2ce8979b28af97c899427b95cb635edb","messageTitle":"Implement ListModuleCommand","messageBody":"- Added ListModuleCommand class and test file\n","fileTypesAndContributionMap":{"functional-code":{"insertions":32,"deletions":0},"test-code":{"insertions":47,"deletions":0}}},{"hash":"626e3d7e2343fb9bf61276ab341b8858761f4d31","messageTitle":"Update files to comply with gradle checks","messageBody":"","fileTypesAndContributionMap":{"functional-code":{"insertions":3,"deletions":2},"test-code":{"insertions":23,"deletions":15}}},{"hash":"6757279708d5a881ee673da1af3717058b8955c8","messageTitle":"Remove test files","messageBody":"","fileTypesAndContributionMap":{"test-code":{"insertions":0,"deletions":299}}},{"hash":"6c695a49bb7101744b11b0ca09f523342d3590f6","messageTitle":"Update commands with exception","messageBody":"- Added CommandException\n- Updated commands with exceptions and isExit method\n","fileTypesAndContributionMap":{"functional-code":{"insertions":81,"deletions":11}}},{"hash":"51e6302436dc2648a36902f7249428347649a5c6","messageTitle":"Update ModuleList.java","messageBody":"","fileTypesAndContributionMap":{"functional-code":{"insertions":4,"deletions":5}}},{"hash":"27948860de29cbbfc89edc6088557200633bfb7c","messageTitle":"Update Messages.java","messageBody":"","fileTypesAndContributionMap":{"functional-code":{"insertions":1,"deletions":1}}}]},{"date":"2021-03-10","commitResults":[{"hash":"70746b12b9dc2d8b28aadb9f9f113e0350286231","messageTitle":"Add test files for module commands","messageBody":"","fileTypesAndContributionMap":{"test-code":{"insertions":276,"deletions":0}}},{"hash":"0bde3836aedd2987666b51d07146254f6d2fb8ed","messageTitle":"Update ModuleList.java","messageBody":"Added a general clearModules method for testing\n","fileTypesAndContributionMap":{"functional-code":{"insertions":4,"deletions":1},"test-code":{"insertions":2,"deletions":0}}},{"hash":"f9f8036b5c1205ff19ac7f520a291161e6c9a482","messageTitle":"Update DeleteModuleCommand test file","messageBody":"","fileTypesAndContributionMap":{"test-code":{"insertions":1,"deletions":0}}}]},{"date":"2021-03-13","commitResults":[{"hash":"3cb97a9887a6f3fd919a19afb052eeae4007fd18","messageTitle":"Hide invalid command","messageBody":"","fileTypesAndContributionMap":{"functional-code":{"insertions":8,"deletions":0},"test-code":{"insertions":3,"deletions":0}}},{"hash":"4fa8348b506e396ff066a92bcd55bc31e7054132","messageTitle":"Update exception package classes","messageBody":"- Add printError message in UI.java\n- Update run method to catch all program exceptions and print an error\nmessage\n","fileTypesAndContributionMap":{"functional-code":{"insertions":33,"deletions":17}}}]},{"date":"2021-03-14","commitResults":[{"hash":"6651768b73fab257f5bc50051702c0820dda4f11","messageTitle":"Update DeleteModuleCommand.java","messageBody":"- Add invalid indices message to Messages.java\n- Remove redundant method in UI.java\n","fileTypesAndContributionMap":{"functional-code":{"insertions":29,"deletions":20}}},{"hash":"b7fbba316eda5427d34376fb797d2abb53ad25bf","messageTitle":"Rename method name","messageBody":"","fileTypesAndContributionMap":{"functional-code":{"insertions":2,"deletions":2}}}]},{"date":"2021-03-15","commitResults":[{"hash":"e68b714732c4a995387abd258c8ecc1af94054cc","messageTitle":"Move getIndicesFromUser to the UI class","messageBody":"","fileTypesAndContributionMap":{"functional-code":{"insertions":22,"deletions":25}}}]},{"date":"2021-03-16","commitResults":[{"hash":"dfef9b41d280bae672a5c03a52b5ee7b036de72f","messageTitle":"Update delete module command","messageBody":"- Add checks during execution\n- Update getIndicesFromUser method in UI.java\n- Add message in Messages.java\n","fileTypesAndContributionMap":{"functional-code":{"insertions":20,"deletions":24}}},{"hash":"13d1c263ee5da23e61bf7a06c0886e6471401ea3","messageTitle":"Update print help command","messageBody":"- Add argument format for commands with arguments\n- Add title information before printing help infomation\n- Add getArgumentsFormat method in CommandList interface\n- Update test case in PrintHelpCommandTest.java\n","fileTypesAndContributionMap":{"functional-code":{"insertions":45,"deletions":7},"test-code":{"insertions":9,"deletions":2}}},{"hash":"88a4cf96e3ef3dd47206636df0ff74b89cb07c5f","messageTitle":"Update test file","messageBody":"","fileTypesAndContributionMap":{"test-code":{"insertions":3,"deletions":1}}},{"hash":"1fe32045d6590f473bdd830fb5c039c12466495d","messageTitle":"Update command enums","messageBody":"","fileTypesAndContributionMap":{"functional-code":{"insertions":2,"deletions":2}}}]},{"date":"2021-03-19","commitResults":[{"hash":"10e44c5929fad0965167b8beaae8da609826105f","messageTitle":"Add assert statement","messageBody":"","fileTypesAndContributionMap":{"functional-code":{"insertions":2,"deletions":0}}}]},{"date":"2021-03-20","commitResults":[{"hash":"171cd00978d95d19761050108f0d12b89a32e7f5","messageTitle":"Move parser methods","messageBody":"- Move some methods in parser to appropriate enum classes\n- Removed some static imports for readability\n- Add ParserException class to generalize exceptions in Parser\n- Move methods related to specific classes approriately\n- Removed invalid command entirely from enum commands\n","fileTypesAndContributionMap":{"functional-code":{"insertions":204,"deletions":170},"test-code":{"insertions":7,"deletions":18}}}]},{"date":"2021-03-21","commitResults":[{"hash":"7b92c4821df7bdb6a91dc27f98d98ecad70bb645","messageTitle":"Update Parser.java","messageBody":"- Change splitting of command word and arguments to\ninitial part of parse methods\n","fileTypesAndContributionMap":{"functional-code":{"insertions":94,"deletions":80}}}]}],"aliciatay-zls":[{"date":"2021-03-08","commitResults":[{"hash":"07a732c642b30829ce050972baa62ee8ae6f6b24","messageTitle":"Update AboutUs, undo changes to CONTRIBUTORS","messageBody":"","fileTypesAndContributionMap":{"docs":{"insertions":3,"deletions":3}}}]},{"date":"2021-03-09","commitResults":[{"hash":"8b928286848f9f2d504536515f7decea8a4d4eb9","messageTitle":"Modify execute() method in Command class","messageBody":"","fileTypesAndContributionMap":{"functional-code":{"insertions":4,"deletions":1}}},{"hash":"3aed2bd6a002e9ecbd76dc3782205953b6c86a8e","messageTitle":"Add getter and modify setter for selectedModule attribute","messageBody":"","fileTypesAndContributionMap":{"functional-code":{"insertions":8,"deletions":6}}},{"hash":"a7abfe74c06bdfb24d944c44a1f271985b3cb37f","messageTitle":"Add methods used by task commands to Module class","messageBody":"Change access modifiers for attributes\n","fileTypesAndContributionMap":{"functional-code":{"insertions":26,"deletions":2}}},{"hash":"0392bb0921bd3c8ac42aeaf8cb8de57412eea415","messageTitle":"Implement task commands","messageBody":"Add constructor, change LocalDateTime to LocalDate in Task class\nAdd message constants used by task commands in Messages class\nCreate new Constants class\n","fileTypesAndContributionMap":{"functional-code":{"insertions":266,"deletions":4}}},{"hash":"a82c751e61a74f8daada29f4974addead252ec01","messageTitle":"Implement JUnit tests for task commands","messageBody":"Create new CommandTestUtil class\n","fileTypesAndContributionMap":{"test-code":{"insertions":471,"deletions":0}}},{"hash":"2b9b906bdffd1c8ae387ce4bfdfbeb2c7fb086d5","messageTitle":"Fix checkstyle issues","messageBody":"","fileTypesAndContributionMap":{"functional-code":{"insertions":6,"deletions":6},"test-code":{"insertions":12,"deletions":11}}}]},{"date":"2021-03-10","commitResults":[{"hash":"7830bd749505007ccf5585e8a94b621155311081","messageTitle":"Add JUnit for task commands","messageBody":"Resolves #30\n","fileTypesAndContributionMap":{"test-code":{"insertions":516,"deletions":0}}},{"hash":"c174aa27179d64360eaf6f049d08f8968fa755e4","messageTitle":"Implement JUnit tests for task commands","messageBody":"","fileTypesAndContributionMap":{"test-code":{"insertions":27,"deletions":45}}},{"hash":"80e1bcbbf472149a74005f199bc034eb12977c75","messageTitle":"Add comment in AddTaskCommand class","messageBody":"","fileTypesAndContributionMap":{"functional-code":{"insertions":1,"deletions":1}}},{"hash":"41dc06e524368dac02e7cc90efde17dada0b7f98","messageTitle":"Remove duplicate statements in MarkAsUndoneCommandTest.java","messageBody":"Improve readability in CommandTestUtil\n","fileTypesAndContributionMap":{"test-code":{"insertions":7,"deletions":3}}},{"hash":"5202bb265226a90ecf239475d83d5f7dc5554080","messageTitle":"Edit UI class as advised in PR review for #20","messageBody":"Standardise enum description parameter\n","fileTypesAndContributionMap":{"functional-code":{"insertions":60,"deletions":63}}}]},{"date":"2021-03-11","commitResults":[{"hash":"bb714e16c8227eaac2f1121e939a21d2be7d0bb7","messageTitle":"Modify moved methods in Module class","messageBody":"","fileTypesAndContributionMap":{"functional-code":{"insertions":26,"deletions":16}}}]},{"date":"2021-03-16","commitResults":[{"hash":"b4e8522862334275c1fd6bd4a4648be6a8f27a18","messageTitle":"Convert user\u0027s isTaskGraded input to uppercase","messageBody":"","fileTypesAndContributionMap":{"functional-code":{"insertions":1,"deletions":1}}},{"hash":"2a4cfd47f123ade02c27974af0b784388e045439","messageTitle":"Fix unhidden invalid command in help page when a module is selected","messageBody":"Format and make minor edits to help page\nAdd author tags\n","fileTypesAndContributionMap":{"functional-code":{"insertions":7,"deletions":4}}},{"hash":"b4de6b0a345b1798271aae0cada635fe628b2af2","messageTitle":"Update AddTaskCommandTest, fix checkstyle issue","messageBody":"","fileTypesAndContributionMap":{"functional-code":{"insertions":2,"deletions":2},"test-code":{"insertions":2,"deletions":2}}},{"hash":"b72794ed4f6ea326541f848f73d4096420adca27","messageTitle":"Edit JavaDoc header comments for task commands","messageBody":"","fileTypesAndContributionMap":{"functional-code":{"insertions":11,"deletions":11}}},{"hash":"16feaa8fb7c022c4ced9d0f57171fef67628f8fa","messageTitle":"Add message constant strings for Parser","messageBody":"","fileTypesAndContributionMap":{"functional-code":{"insertions":15,"deletions":0}}},{"hash":"96792534fb7ed5cd3821982d46cbe0e7f1e98087","messageTitle":"Remove special character in message","messageBody":"","fileTypesAndContributionMap":{"functional-code":{"insertions":1,"deletions":1}}}]},{"date":"2021-03-17","commitResults":[{"hash":"f1dddc897c316e711a1737fce5e1228dfc365690","messageTitle":"Re-order code for better flow in Task class","messageBody":"","fileTypesAndContributionMap":{"functional-code":{"insertions":14,"deletions":12}}},{"hash":"56419f762f77acbc4d49e92970bd25fa74f66840","messageTitle":"Update WriterTest after changes to Task class","messageBody":"","fileTypesAndContributionMap":{"test-code":{"insertions":8,"deletions":8}}}]},{"date":"2021-03-20","commitResults":[{"hash":"5fb45e9c019821e777cf579699eb500bef1feca9","messageTitle":"Reorder, clean up code for task commands","messageBody":"","fileTypesAndContributionMap":{"functional-code":{"insertions":21,"deletions":24}}}]},{"date":"2021-03-21","commitResults":[{"hash":"08d11deb454f4c6500e18c12a13d7c676d21ce68","messageTitle":"Add ability to alert user to duplicate task being added","messageBody":"","fileTypesAndContributionMap":{"functional-code":{"insertions":32,"deletions":0}}}]},{"date":"2021-03-22","commitResults":[{"hash":"44e34cb285914741ff29a66c78bb94c84ab86587","messageTitle":"Prevent task with same description from being added at all","messageBody":"","fileTypesAndContributionMap":{"functional-code":{"insertions":20,"deletions":23}}},{"hash":"de53288fd807f306a05d091ea78314e4e917e114","messageTitle":"Add Javadoc header comment","messageBody":"","fileTypesAndContributionMap":{"functional-code":{"insertions":9,"deletions":1}}},{"hash":"219980f1233606595c217758f33c8de61fcd7648","messageTitle":"Disable deleting/mark/unmark of tasks when list empty","messageBody":"","fileTypesAndContributionMap":{"functional-code":{"insertions":16,"deletions":0}}},{"hash":"c75e119a1f05db44cf2f291337ab7900948d4f7c","messageTitle":"Print more information when delete/mark/unmark task failed","messageBody":"","fileTypesAndContributionMap":{"functional-code":{"insertions":18,"deletions":2}}}]}],"8kdesign":[{"date":"2021-03-05","commitResults":[{"hash":"92b8fc182fc4a5599f836255fe29c982668fac03","messageTitle":"Replace LocalDateTime with LocalDate","messageBody":"","fileTypesAndContributionMap":{"functional-code":{"insertions":14,"deletions":15}}},{"hash":"6ead9835cf1fca82db9c39b54444e8896b72e04d","messageTitle":"Rename addModule method","messageBody":"","fileTypesAndContributionMap":{"functional-code":{"insertions":1,"deletions":1}}},{"hash":"8ce5e27da495144ee92bbe2c8d6e51ed8c6b2dbb","messageTitle":"Add JUnit tests","messageBody":"","fileTypesAndContributionMap":{"functional-code":{"insertions":45,"deletions":31},"test-code":{"insertions":232,"deletions":0}}}]},{"date":"2021-03-07","commitResults":[{"hash":"c7fcacf602d0fc601ac1ac80d0b3e7b373e487b3","messageTitle":"Add invalid file test","messageBody":"","fileTypesAndContributionMap":{"test-code":{"insertions":18,"deletions":1}}}]},{"date":"2021-03-09","commitResults":[{"hash":"4f91e1cfc1bd78d458f21fa40d89b8115e540a5c","messageTitle":"Import constants as static","messageBody":"","fileTypesAndContributionMap":{"functional-code":{"insertions":56,"deletions":55},"other":{"insertions":2,"deletions":2},"test-code":{"insertions":13,"deletions":11}}},{"hash":"d866b9d5ad95ad467c20a3ff098e926d78d1bdfa","messageTitle":"Remove invalid content on load","messageBody":"","fileTypesAndContributionMap":{"functional-code":{"insertions":5,"deletions":1},"test-code":{"insertions":22,"deletions":7}}},{"hash":"8bbaec9ddeeaf446849dcdae3293edc78fbf9b19","messageTitle":"Add new format for load lesson","messageBody":"","fileTypesAndContributionMap":{"functional-code":{"insertions":12,"deletions":9},"other":{"insertions":6,"deletions":4},"test-code":{"insertions":3,"deletions":3}}},{"hash":"1a7e5b06e80059e77abca09855a459a22694a76f","messageTitle":"Fix failing CI","messageBody":"","fileTypesAndContributionMap":{"functional-code":{"insertions":1,"deletions":0}}},{"hash":"bbb9ca62f14439f2c096d83fbf3552e2f8ced2b2","messageTitle":"Fix failing CI","messageBody":"","fileTypesAndContributionMap":{"functional-code":{"insertions":1,"deletions":0}}},{"hash":"c107be4fa111361fe63e54ea3d82f8a782d37123","messageTitle":"Fix failing CI","messageBody":"","fileTypesAndContributionMap":{"functional-code":{"insertions":41,"deletions":2}}},{"hash":"ddaec874399fce002c266322ab94c27b89c63fe1","messageTitle":"Fix checkstyletest","messageBody":"","fileTypesAndContributionMap":{"test-code":{"insertions":7,"deletions":4}}},{"hash":"5795833287a8b16b39e5a5dca7b75d770345ad40","messageTitle":"Remove tests","messageBody":"","fileTypesAndContributionMap":{"test-code":{"insertions":0,"deletions":741}}},{"hash":"72ea3b897f733c0756253591c32956888872859f","messageTitle":"Fix loop","messageBody":"","fileTypesAndContributionMap":{"functional-code":{"insertions":1,"deletions":1}}}]},{"date":"2021-03-10","commitResults":[{"hash":"ee1d23d95d3aabffc9fb0213846ca57f4346472b","messageTitle":"Add write module JUnit test","messageBody":"","fileTypesAndContributionMap":{"test-code":{"insertions":85,"deletions":0}}},{"hash":"03b142a5ade6ff39cfb5b3ff5f8a03bbc00bba42","messageTitle":"Add read module JUnit test","messageBody":"","fileTypesAndContributionMap":{"functional-code":{"insertions":1,"deletions":0},"test-code":{"insertions":337,"deletions":1}}},{"hash":"727669cd6eba496b2ff713cb4ed9204ecf6a1525","messageTitle":"Combine module list tests","messageBody":"","fileTypesAndContributionMap":{"functional-code":{"insertions":0,"deletions":1},"other":{"insertions":1,"deletions":1},"test-code":{"insertions":233,"deletions":336}}}]},{"date":"2021-03-11","commitResults":[{"hash":"63cc6d152fb2193d8584f012b7611ed7870d8526","messageTitle":"Integrate storage with commands","messageBody":"","fileTypesAndContributionMap":{"functional-code":{"insertions":133,"deletions":101},"test-code":{"insertions":286,"deletions":235}}},{"hash":"42d566b23cf0dd4c3223c5c186b93806b7b2b655","messageTitle":"Move module indicator to UI","messageBody":"","fileTypesAndContributionMap":{"functional-code":{"insertions":10,"deletions":5},"test-code":{"insertions":0,"deletions":8}}},{"hash":"b5a4b54d26dc3a80c2c8af3ef9d72080e573020f","messageTitle":"Shift strings to Messages.java","messageBody":"","fileTypesAndContributionMap":{"functional-code":{"insertions":474,"deletions":453},"other":{"insertions":42,"deletions":14},"test-code":{"insertions":240,"deletions":225}}}]},{"date":"2021-03-12","commitResults":[{"hash":"2c26c71ff20d8488257a5a484f5e4619b789e71e","messageTitle":"Remove redundant/duplicate methods","messageBody":"","fileTypesAndContributionMap":{"functional-code":{"insertions":590,"deletions":478},"other":{"insertions":46,"deletions":46},"test-code":{"insertions":54,"deletions":81}}},{"hash":"f38e39a50477b162a69be96c6df4ce2032f11897","messageTitle":"Change invalid module message","messageBody":"","fileTypesAndContributionMap":{"functional-code":{"insertions":1,"deletions":1}}}]},{"date":"2021-03-13","commitResults":[{"hash":"07d28af1e8ac3585b593cea54eda9b057d288a4d","messageTitle":"Add author tags","messageBody":"","fileTypesAndContributionMap":{"functional-code":{"insertions":81,"deletions":2},"test-code":{"insertions":56,"deletions":3}}},{"hash":"29acad3f227bd0a54bdcd45426420f796b50ae9c","messageTitle":"Remove unneeded author tags","messageBody":"","fileTypesAndContributionMap":{"functional-code":{"insertions":4,"deletions":68},"test-code":{"insertions":1,"deletions":27}}}]},{"date":"2021-03-14","commitResults":[{"hash":"646b54354ffa067d9c5cdce6338817bba1147ed3","messageTitle":"Fix UI consistency","messageBody":"","fileTypesAndContributionMap":{"functional-code":{"insertions":75,"deletions":61},"test-code":{"insertions":17,"deletions":14}}},{"hash":"5afc1b894222cfbe3eb1a5b25409c1ab9d607c97","messageTitle":"Fix ModuleInfoCommand print task","messageBody":"","fileTypesAndContributionMap":{"functional-code":{"insertions":25,"deletions":30},"test-code":{"insertions":8,"deletions":6}}},{"hash":"1ca22f81f2bb773f03575a602540d4ed6fdc5eeb","messageTitle":"Fix inconsistency with UG","messageBody":"","fileTypesAndContributionMap":{"functional-code":{"insertions":24,"deletions":10},"test-code":{"insertions":10,"deletions":8}}}]},{"date":"2021-03-15","commitResults":[{"hash":"24ccdc993a418eaab16571e86bc17e272779634c","messageTitle":"Add space after tag","messageBody":"","fileTypesAndContributionMap":{"functional-code":{"insertions":2,"deletions":2}}},{"hash":"895165cac433081ab0389098bc97f5513ba4c2c5","messageTitle":"Remove blank line when modules empty","messageBody":"","fileTypesAndContributionMap":{"functional-code":{"insertions":10,"deletions":5}}},{"hash":"c423a9ab2cf8b7676fffcf7a68458873349b6858","messageTitle":"Fix list modules test","messageBody":"","fileTypesAndContributionMap":{"test-code":{"insertions":1,"deletions":1}}},{"hash":"b623c5d4aa4caaec8d8faac6e9755a16c5e539fd","messageTitle":"Remove magic string","messageBody":"","fileTypesAndContributionMap":{"functional-code":{"insertions":6,"deletions":5},"test-code":{"insertions":6,"deletions":6}}},{"hash":"c55cb36c0b579b98f720fa05b7db97f5a8a774b1","messageTitle":"Remove magic int","messageBody":"","fileTypesAndContributionMap":{"functional-code":{"insertions":4,"deletions":3}}}]},{"date":"2021-03-16","commitResults":[{"hash":"9ab897e61249602e426b19c7b2fcf7cc82e9e9c8","messageTitle":"Add assertion and logging","messageBody":"","fileTypesAndContributionMap":{"functional-code":{"insertions":48,"deletions":11}}},{"hash":"2118b2253f32c2a51d36d0591e99f1646912e658","messageTitle":"Add spacing for help command","messageBody":"","fileTypesAndContributionMap":{"functional-code":{"insertions":1,"deletions":1},"test-code":{"insertions":2,"deletions":2}}}]},{"date":"2021-03-17","commitResults":[{"hash":"baf3947f6f7ac6101ef59535bf1471c8a2365b91","messageTitle":"Rename startsWith method","messageBody":"","fileTypesAndContributionMap":{"functional-code":{"insertions":7,"deletions":7}}},{"hash":"1556d413f3602fd39f393ade3c6d61964e002cee","messageTitle":"Fix help command for V1.0","messageBody":"","fileTypesAndContributionMap":{"functional-code":{"insertions":6,"deletions":1},"test-code":{"insertions":6,"deletions":1}}}]},{"date":"2021-03-19","commitResults":[{"hash":"6195a2b5c598ba3aeec3a6386ad502ee8ede4255","messageTitle":"Add days remaining for undone tasks","messageBody":"","fileTypesAndContributionMap":{"functional-code":{"insertions":67,"deletions":24},"test-code":{"insertions":11,"deletions":9}}},{"hash":"f6850eee6c5cffca76d6751b0d35eedf25f2cc5c","messageTitle":"Sort lesson and task list","messageBody":"","fileTypesAndContributionMap":{"functional-code":{"insertions":39,"deletions":2},"test-code":{"insertions":11,"deletions":11}}},{"hash":"6216568b8faae1760bde912e5fb17d4efa83e1bf","messageTitle":"Shift SortLessonCommand to unused","messageBody":"","fileTypesAndContributionMap":{"functional-code":{"insertions":14,"deletions":13},"other":{"insertions":5,"deletions":1},"test-code":{"insertions":21,"deletions":54}}},{"hash":"c3855376b46a8e36ff9651f20394478d4b90b3c4","messageTitle":"Add unused suffix","messageBody":"","fileTypesAndContributionMap":{"other":{"insertions":1,"deletions":1}}}]},{"date":"2021-03-20","commitResults":[{"hash":"63012f0939403cb5a0feeb85b3fb1ea8432f684c","messageTitle":"Fix time dependency of test","messageBody":"","fileTypesAndContributionMap":{"functional-code":{"insertions":1,"deletions":1},"other":{"insertions":1,"deletions":0},"test-code":{"insertions":12,"deletions":6}}}]},{"date":"2021-03-21","commitResults":[{"hash":"6cb6958424766ceefc539fb87cb060aa99a268b6","messageTitle":"Add module directory","messageBody":"","fileTypesAndContributionMap":{"functional-code":{"insertions":42,"deletions":29},"test-code":{"insertions":37,"deletions":31}}},{"hash":"f3e20e92ad3c5b729b5a22582d6776251b6dc32e","messageTitle":"Create cheatsheat directory","messageBody":"","fileTypesAndContributionMap":{"functional-code":{"insertions":14,"deletions":5}}},{"hash":"d082ac185d61767463d019a4d22f4b744d97333f","messageTitle":"Add key listener for text editor","messageBody":"","fileTypesAndContributionMap":{"functional-code":{"insertions":37,"deletions":1}}},{"hash":"2b21e3a28374b966415a1b4d4168a83dbaa5fc9d","messageTitle":"Add test editor save shortcut","messageBody":"","fileTypesAndContributionMap":{"functional-code":{"insertions":40,"deletions":1}}},{"hash":"3f2933aaadf97bc5cb1b9449f5703335b1329f6b","messageTitle":"Set focus for text editor","messageBody":"","fileTypesAndContributionMap":{"functional-code":{"insertions":1,"deletions":0}}},{"hash":"fe23fce2f58cf2018a2fe00f488b16d3098c9285","messageTitle":"Fix magic number","messageBody":"","fileTypesAndContributionMap":{"functional-code":{"insertions":5,"deletions":2}}}]}],"H-horizon":[{"date":"2021-03-07","commitResults":[{"hash":"7e1ea379051a46d216824e89b5553fa356cf615d","messageTitle":"Implemented add lesson","messageBody":"","fileTypesAndContributionMap":{"functional-code":{"insertions":59,"deletions":1}}},{"hash":"6c9e0108df0efd5343e2b79f2bf4e5894b235c48","messageTitle":"Implemented delete lesson","messageBody":"","fileTypesAndContributionMap":{"functional-code":{"insertions":53,"deletions":1}}},{"hash":"f7d3ce400f1d00cb386b204970b089078a2903a5","messageTitle":"Implemented open lesson link","messageBody":"","fileTypesAndContributionMap":{"functional-code":{"insertions":61,"deletions":6}}},{"hash":"f28dc3859dffe7f8e3dc14ffe386840d9eb0160e","messageTitle":"Refactored","messageBody":"","fileTypesAndContributionMap":{"functional-code":{"insertions":8,"deletions":3}}},{"hash":"560ce6b13ccb2eb75c565319fa8f4565e05de3dc","messageTitle":"Added missing ;","messageBody":"","fileTypesAndContributionMap":{"functional-code":{"insertions":1,"deletions":1}}},{"hash":"82e3fd21fe309513d3d3242531d901fa3a04c591","messageTitle":"Implemented print list of all lessons","messageBody":"","fileTypesAndContributionMap":{"functional-code":{"insertions":37,"deletions":0}}},{"hash":"2018a91ec53338b1db4cf68d5d3dfae859d298e9","messageTitle":"Implemented method to list all teaching staff","messageBody":"","fileTypesAndContributionMap":{"functional-code":{"insertions":33,"deletions":1}}}]},{"date":"2021-03-08","commitResults":[{"hash":"95e86a8e87d55d46bb2e2446321564ab24361d7f","messageTitle":"Refactored code","messageBody":"","fileTypesAndContributionMap":{"functional-code":{"insertions":88,"deletions":39}}}]},{"date":"2021-03-09","commitResults":[{"hash":"7b353c6feb5a4057151d2af52a5c3de8def1124f","messageTitle":"Added some JUnit Tests","messageBody":"","fileTypesAndContributionMap":{"functional-code":{"insertions":31,"deletions":27},"test-code":{"insertions":324,"deletions":0}}},{"hash":"27782f4f251055afe50927509f350a018e23f7b2","messageTitle":"Implemented superclass for all lesson commands test(happy path only) and included final JUnit test file for open lesson link","messageBody":"","fileTypesAndContributionMap":{"functional-code":{"insertions":6,"deletions":2},"test-code":{"insertions":113,"deletions":176}}},{"hash":"27a4d4dd9d43fdfd64a5a6ec539e81392e437a39","messageTitle":"Attempted to fix checkstyleTest errors; trial 1","messageBody":"","fileTypesAndContributionMap":{"test-code":{"insertions":17,"deletions":31}}},{"hash":"6100f31632d98d28d8053bfabd5a1104efa614f4","messageTitle":"Updated lesson links fields for checkstyleTest","messageBody":"","fileTypesAndContributionMap":{"test-code":{"insertions":4,"deletions":2}}},{"hash":"96d06853cf6b4a89eb753d687193d14500aa987e","messageTitle":"Reformatted variable name","messageBody":"","fileTypesAndContributionMap":{"test-code":{"insertions":4,"deletions":6}}},{"hash":"247996e822ea1216593880ca582480732c8d0b40","messageTitle":"Attempted to make openLink method platform independent for lessons","messageBody":"","fileTypesAndContributionMap":{"functional-code":{"insertions":18,"deletions":7}}},{"hash":"db0b1a1f95e215f7fa1862010c1d8a14541e6d25","messageTitle":"Remove duplicate method","messageBody":"","fileTypesAndContributionMap":{"functional-code":{"insertions":0,"deletions":5}}},{"hash":"e0f30233d72a8501eab42fdda40242f4ddd19015","messageTitle":"Delete AddLessonCommandTest","messageBody":"","fileTypesAndContributionMap":{"test-code":{"insertions":0,"deletions":34}}},{"hash":"30c8555f63b532c577a6d486dd3c88808ebd006a","messageTitle":"Delete DeleteLessonCommandTest","messageBody":"","fileTypesAndContributionMap":{"test-code":{"insertions":0,"deletions":39}}},{"hash":"34ec022e4dc9ee2fe767a8f91ade60f27b27b4b9","messageTitle":"Delete ViewTeachingStaffCommandTest.java","messageBody":"","fileTypesAndContributionMap":{"test-code":{"insertions":0,"deletions":35}}},{"hash":"80bfed20bb189910f5f146d7f274a1f3854f1fd1","messageTitle":"Delete OpenLessonLinkCommandTest.java","messageBody":"","fileTypesAndContributionMap":{"test-code":{"insertions":0,"deletions":38}}},{"hash":"11b92d331eda953cb6711a015a3058bba8432f28","messageTitle":"Delete LessonCommandTest.java","messageBody":"","fileTypesAndContributionMap":{"test-code":{"insertions":0,"deletions":66}}},{"hash":"536ea1b46a7c9e73a1a3a8c1cb395862721732ba","messageTitle":"Delete ListLessonsCommandTest.java","messageBody":"","fileTypesAndContributionMap":{"test-code":{"insertions":0,"deletions":35}}}]},{"date":"2021-03-10","commitResults":[{"hash":"eeef84790a292e9aaed0241792234f95046000cd","messageTitle":"Implement AddLessonCommandTest","messageBody":"","fileTypesAndContributionMap":{"test-code":{"insertions":33,"deletions":0}}},{"hash":"da822ff39a7d5083abc6e6f053a856eff3334a2e","messageTitle":"Implement superclass for lesson commands test","messageBody":"","fileTypesAndContributionMap":{"test-code":{"insertions":89,"deletions":4}}},{"hash":"05a2666ea52c527bc24ee9759a2421352457d52b","messageTitle":"Implement DeleteLessonCommandTest","messageBody":"","fileTypesAndContributionMap":{"test-code":{"insertions":39,"deletions":0}}},{"hash":"e4e746a80162fcce6948aef53d7a9f53c62ea4b2","messageTitle":"Implement ListLessonsCommandTest","messageBody":"","fileTypesAndContributionMap":{"test-code":{"insertions":35,"deletions":0}}},{"hash":"8f95989c2a433031ada9f50b34eefdcabd5b1029","messageTitle":"Implement OpenLessonLinkCommandTest","messageBody":"","fileTypesAndContributionMap":{"test-code":{"insertions":38,"deletions":0}}},{"hash":"e306b7e1fd583c83a4816587fbcd9f20c3c800c3","messageTitle":"Implement ViewTeachingStaffCommandTest and fix CI","messageBody":"","fileTypesAndContributionMap":{"test-code":{"insertions":47,"deletions":7}}},{"hash":"3f452482a69688251f8b14986312637399c3e85f","messageTitle":"Make changes requested by isaharon","messageBody":"","fileTypesAndContributionMap":{"test-code":{"insertions":5,"deletions":5}}}]},{"date":"2021-03-12","commitResults":[{"hash":"5113fbee945e49b1096ab54a0488773176c8600e","messageTitle":"Implement Module info command + JUnit test","messageBody":"","fileTypesAndContributionMap":{"functional-code":{"insertions":58,"deletions":0},"test-code":{"insertions":54,"deletions":3}}},{"hash":"439c836f898a0418d9cbab242b4ef688351522e3","messageTitle":"Add module info command to parser","messageBody":"","fileTypesAndContributionMap":{"functional-code":{"insertions":2,"deletions":3}}},{"hash":"e5f0a60b66f308ce6dca451bba87108ac6c91700","messageTitle":"Move messages to Messages.java","messageBody":"","fileTypesAndContributionMap":{"functional-code":{"insertions":15,"deletions":10}}},{"hash":"944f7e75d9cb284bb68d4ab8dc5edcaeaad4b499","messageTitle":"Add javadoc for module info command","messageBody":"","fileTypesAndContributionMap":{"functional-code":{"insertions":46,"deletions":12}}}]},{"date":"2021-03-15","commitResults":[{"hash":"59b2351cca8cf1395a451d27f067591e0b49a1f1","messageTitle":"Implement method to valid lesson links when user tries to open them","messageBody":"","fileTypesAndContributionMap":{"functional-code":{"insertions":27,"deletions":3}}},{"hash":"d331d414df7a3915749dc26bcb4ce80b6162667b","messageTitle":"SLAP code","messageBody":"","fileTypesAndContributionMap":{"functional-code":{"insertions":20,"deletions":10}}}]},{"date":"2021-03-16","commitResults":[{"hash":"a0263a854ece658c483db10f2323c0bca7343f5a","messageTitle":"Update Messages.java","messageBody":"","fileTypesAndContributionMap":{"functional-code":{"insertions":3,"deletions":7}}},{"hash":"427e1e1e8828a830ccc2ac6939c73391aa9f776d","messageTitle":"Resolve conflicts","messageBody":"","fileTypesAndContributionMap":{"functional-code":{"insertions":1,"deletions":1}}},{"hash":"90de3153901ca77380aa76e9fd413757124949c4","messageTitle":"Added message for incorrect lesson time","messageBody":"","fileTypesAndContributionMap":{"functional-code":{"insertions":6,"deletions":5}}}]},{"date":"2021-03-17","commitResults":[{"hash":"00312ea8b99173f73fe06972e05eb958baa7f4e7","messageTitle":"Add sort lessons command","messageBody":"","fileTypesAndContributionMap":{"functional-code":{"insertions":47,"deletions":1}}},{"hash":"495bfdd28e0ad79b2ebb722eb2e44b6409635d0a","messageTitle":"Add JUnit test files","messageBody":"","fileTypesAndContributionMap":{"test-code":{"insertions":57,"deletions":2}}},{"hash":"167585f04f77fd59c86d3a3c7832b117945a4619","messageTitle":"Refactor Code","messageBody":"","fileTypesAndContributionMap":{"functional-code":{"insertions":4,"deletions":1},"test-code":{"insertions":1,"deletions":2}}},{"hash":"279230ec7515a156670aba110605f01fcc2ccca0","messageTitle":"Disable deleting lessons when list is empty","messageBody":"","fileTypesAndContributionMap":{"functional-code":{"insertions":22,"deletions":5}}},{"hash":"5e24b76984f5ececcc2afa7365d81289e2f884f2","messageTitle":"Remove empty blank lines","messageBody":"","fileTypesAndContributionMap":{"functional-code":{"insertions":0,"deletions":2}}},{"hash":"e1e0bc21132e611bd90b026d648e43dcf3fcf1b9","messageTitle":"Add Java-Doc for SortLessonsCommand","messageBody":"","fileTypesAndContributionMap":{"functional-code":{"insertions":21,"deletions":5}}}]},{"date":"2021-03-19","commitResults":[{"hash":"dcfc5aa3acf1717765b90cd5900737f90b27af75","messageTitle":"Add an assertion statement in the functional code","messageBody":"","fileTypesAndContributionMap":{"functional-code":{"insertions":5,"deletions":3}}},{"hash":"8347df6513ffa60376631638366af177c68a1988","messageTitle":"Add logging for OpenLessonLinkCommand","messageBody":"","fileTypesAndContributionMap":{"functional-code":{"insertions":23,"deletions":0}}},{"hash":"1a7b824dfdfe8d8b1b0f1c2f5d93c26cded8eb7f","messageTitle":"Update assert","messageBody":"","fileTypesAndContributionMap":{"functional-code":{"insertions":4,"deletions":5}}}]},{"date":"2021-03-20","commitResults":[{"hash":"51a48e695c33c3451393b645c9220a5aa3ecc2ac","messageTitle":"Implement text editor 1.0","messageBody":"","fileTypesAndContributionMap":{"functional-code":{"insertions":180,"deletions":3}}}]},{"date":"2021-03-21","commitResults":[{"hash":"4ffe7e918b0514ce390871f8789a94fce1e938c1","messageTitle":"Implement add cheatsheet command","messageBody":"","fileTypesAndContributionMap":{"functional-code":{"insertions":57,"deletions":1}}},{"hash":"337b8fc465188808f11420198bcca43bb452811b","messageTitle":"Implement delete cheat sheet command","messageBody":"","fileTypesAndContributionMap":{"functional-code":{"insertions":58,"deletions":5}}},{"hash":"158a6b51f12bf5150f25754419c8c7131d0c818d","messageTitle":"Change deleteIfExists to delete","messageBody":"","fileTypesAndContributionMap":{"functional-code":{"insertions":2,"deletions":1}}},{"hash":"b35d520c731f16a44c104e1dbf5f8cf3bb9af8a8","messageTitle":"Implement Edit Cheat sheet command","messageBody":"","fileTypesAndContributionMap":{"functional-code":{"insertions":46,"deletions":6}}},{"hash":"aefeb8e6b819de17c0b175ff088fec1ee0200b28","messageTitle":"Implement load file for edit cheat sheet command","messageBody":"","fileTypesAndContributionMap":{"functional-code":{"insertions":25,"deletions":3}}},{"hash":"054497cebf205a09761f37e357de885df1183636","messageTitle":"Fix CI","messageBody":"","fileTypesAndContributionMap":{"functional-code":{"insertions":1,"deletions":1}}}]},{"date":"2021-03-22","commitResults":[{"hash":"eaf5859889308d6275acf26519520831f2410292","messageTitle":"Apply requests","messageBody":"","fileTypesAndContributionMap":{"functional-code":{"insertions":2,"deletions":5}}},{"hash":"95d374f313d6c16b908e1f1b690c7a7a0dec745c","messageTitle":"Refactor magic string","messageBody":"","fileTypesAndContributionMap":{"functional-code":{"insertions":4,"deletions":1}}},{"hash":"6e8bc94af6e1928a0d99ad210a7f9a63dd159ee8","messageTitle":"Add cheat sheet commands to ModuleCommands","messageBody":"","fileTypesAndContributionMap":{"functional-code":{"insertions":14,"deletions":1}}},{"hash":"baafeabeb4c020fa73c198d5706726f2b6a42c32","messageTitle":"Edit commands","messageBody":"","fileTypesAndContributionMap":{"functional-code":{"insertions":3,"deletions":3}}},{"hash":"a35df6adfaac37ff8b4f2a42fb364d0da350967d","messageTitle":"Update parser","messageBody":"","fileTypesAndContributionMap":{"functional-code":{"insertions":24,"deletions":28}}},{"hash":"050061fe2d5f219868946ca5ab21031087812197","messageTitle":"Fix CI","messageBody":"","fileTypesAndContributionMap":{"functional-code":{"insertions":23,"deletions":2}}},{"hash":"e37508a8088776ff17978fcd5cb559fc073c1765","messageTitle":"Add save option to shortcut listener","messageBody":"","fileTypesAndContributionMap":{"functional-code":{"insertions":12,"deletions":9}}},{"hash":"6ebae20d4bacb7d5a49f24f06330d42839691fcd","messageTitle":"Add method to flush text before opening text editor","messageBody":"","fileTypesAndContributionMap":{"functional-code":{"insertions":8,"deletions":0}}},{"hash":"b7e5b008c8718f006314823df0c859d93a9993fb","messageTitle":"Implement list cheat-sheets Handle empty list of cheat-sheets","messageBody":"","fileTypesAndContributionMap":{"functional-code":{"insertions":79,"deletions":1}}}]}],"ivanchongzhien":[{"date":"2021-03-05","commitResults":[{"hash":"8bc78585d9431f30d1169e056487bdd89bd764f8","messageTitle":"Implement parser for commands at the outer layer","messageBody":"Add method that checks user input and converts identified command to an integer. Integer is used by parser to parse the respective fields for the respective commands.\nStore integer constants under command class.\nAdd new exception to be thrown when unknown command is entered\n","fileTypesAndContributionMap":{"functional-code":{"insertions":145,"deletions":8}}}]},{"date":"2021-03-06","commitResults":[{"hash":"185cee244d2d974ac6e9c63e20d1e40d1fa6072b","messageTitle":"Partially implement parser for inner commands","messageBody":"","fileTypesAndContributionMap":{"functional-code":{"insertions":241,"deletions":54}}}]},{"date":"2021-03-07","commitResults":[{"hash":"8778c0de01565beda43b7b218a3043df15a29a7c","messageTitle":"Implement parser for inner commands","messageBody":"Implement methods to parse and form new lesson and task objects\n","fileTypesAndContributionMap":{"functional-code":{"insertions":142,"deletions":98}}},{"hash":"4bf54928a82bdde6e546415ddf9ce34a9cdd82c4","messageTitle":"Add constructor for Task class","messageBody":"Change localDateTime to localDate\n","fileTypesAndContributionMap":{"functional-code":{"insertions":12,"deletions":4}}},{"hash":"67b6cc02341164be2d6e236eebdd4ec4a924706b","messageTitle":"Add javaDocs for parser methods","messageBody":"","fileTypesAndContributionMap":{"functional-code":{"insertions":123,"deletions":52}}},{"hash":"86488950680475e380f2707dbaa88495e0da24e7","messageTitle":"Fix bug in checkIndex method","messageBody":"","fileTypesAndContributionMap":{"functional-code":{"insertions":8,"deletions":9}}},{"hash":"85e48dfac219d8b8f67b52232a1455de5795b752","messageTitle":"Replace magic strings with constants","messageBody":"","fileTypesAndContributionMap":{"functional-code":{"insertions":37,"deletions":15}}}]},{"date":"2021-03-08","commitResults":[{"hash":"6dbca19683dfd8658027a43ba6e9b1155cf844e7","messageTitle":"Simplify parser methods to immediately return Command object","messageBody":"Replace date format string with a string constant\nAdd todo comments to remind to handle exceptions in later version\n","fileTypesAndContributionMap":{"functional-code":{"insertions":33,"deletions":55}}},{"hash":"e7133aa532cb07aef64661da0785f818c3c4b0b9","messageTitle":"Add proper check to isValidModuleName method","messageBody":"Use match method with a regex expression to determine if a string is a valid module code\n","fileTypesAndContributionMap":{"functional-code":{"insertions":11,"deletions":15}}},{"hash":"6da0dae8e457f69cd78c24104d0e4971c07bb394","messageTitle":"Move parser constants to new class: commons/ParserConstants","messageBody":"","fileTypesAndContributionMap":{"functional-code":{"insertions":105,"deletions":50}}}]},{"date":"2021-03-10","commitResults":[{"hash":"1185a0b61b6e5fccace5a0ea4fa5b12e9102b044","messageTitle":"Add import statements for commands","messageBody":"","fileTypesAndContributionMap":{"functional-code":{"insertions":22,"deletions":2}}},{"hash":"667f1b73c31dc9b6858bfdc40dc95ad3300f038d","messageTitle":"Update Task.java","messageBody":"","fileTypesAndContributionMap":{"functional-code":{"insertions":1,"deletions":9}}},{"hash":"a8ce265f4bb0367dd7eabd0a7bedbcb17cf8a97b","messageTitle":"Fix error in Parser.java","messageBody":"","fileTypesAndContributionMap":{"functional-code":{"insertions":1,"deletions":1}}},{"hash":"a2635fd033c60d304f6cabadac9f12e6ffc7bd94","messageTitle":"Remove extra whitespace","messageBody":"","fileTypesAndContributionMap":{"functional-code":{"insertions":1,"deletions":1}}},{"hash":"0c883738822e9212cdf71c8171265bc6031740b9","messageTitle":"Rename variable TYPE","messageBody":"","fileTypesAndContributionMap":{"functional-code":{"insertions":2,"deletions":2}}},{"hash":"fe712ff4cd6ce7969321e1f4f77e38c1d0b6b242","messageTitle":"Add test for parser","messageBody":"","fileTypesAndContributionMap":{"test-code":{"insertions":45,"deletions":0}}}]},{"date":"2021-03-12","commitResults":[{"hash":"3b2b136b0290d8edc74b89c45c23b266957a92f3","messageTitle":"Add simple tests to check if parser returns correct command object type","messageBody":"","fileTypesAndContributionMap":{"functional-code":{"insertions":0,"deletions":1},"test-code":{"insertions":30,"deletions":12}}},{"hash":"92e55ae0ba235d39399062d2b89cd0d5ce7fe529","messageTitle":"Fix checkstyle","messageBody":"","fileTypesAndContributionMap":{"test-code":{"insertions":9,"deletions":9}}}]},{"date":"2021-03-13","commitResults":[{"hash":"14de71246e9403c74a83c8ad94887ef4de7850c0","messageTitle":"Validate module code when adding module","messageBody":"Convert user input to uppercase when entering module\n","fileTypesAndContributionMap":{"functional-code":{"insertions":16,"deletions":6},"test-code":{"insertions":4,"deletions":3}}}]},{"date":"2021-03-14","commitResults":[{"hash":"577fa23cde68f11617bffca51189ad5beb877c58","messageTitle":"Add check for lesson fields","messageBody":"Check if details are missing\nCheck valid link\nCheck valid email\n","fileTypesAndContributionMap":{"functional-code":{"insertions":54,"deletions":23}}}]},{"date":"2021-03-15","commitResults":[{"hash":"786061c4d07957389d0efce056db91d4f197b920","messageTitle":"Check invalid inputs for task, fix bug in checkIndices","messageBody":"Check for missing task details\nCheck for invalid date\n\nFix bug in checkIndices where after removal, some numbers are skipped\nAdd feature to checkIndices to remove non-integer values in input, does not throw exception anymore\n","fileTypesAndContributionMap":{"functional-code":{"insertions":28,"deletions":14}}},{"hash":"d3ad2e229d7eaa149f6163f6cc338190797422b3","messageTitle":"Add test for checkIndices","messageBody":"","fileTypesAndContributionMap":{"test-code":{"insertions":26,"deletions":0}}},{"hash":"310f49471d2f89a70b48f7ef4073f8c52c1796e2","messageTitle":"Remove star imports","messageBody":"","fileTypesAndContributionMap":{"functional-code":{"insertions":17,"deletions":1}}},{"hash":"1440726313642eab9544a3f9652966db60827b38","messageTitle":"Add placeholder warning for non-integer value in checkIndices","messageBody":"","fileTypesAndContributionMap":{"functional-code":{"insertions":8,"deletions":0}}},{"hash":"7a58ada07cc598436d49e8a5c81b6df152920b1e","messageTitle":"Prints warning along with indices that were out of bounds (checkIndices method)","messageBody":"","fileTypesAndContributionMap":{"functional-code":{"insertions":10,"deletions":3}}}]},{"date":"2021-03-16","commitResults":[{"hash":"6a63c148c08b655ac9957b6d9a46cbe665bcf685","messageTitle":"Add extra check to link to allow when user does not enter a link.","messageBody":"","fileTypesAndContributionMap":{"functional-code":{"insertions":1,"deletions":3}}},{"hash":"72ab77c7e2309967ade6c2bab95b109f8af7c43f","messageTitle":"Change delimter to not include whitespace character.","messageBody":"This caused some buggy behaviour when user did not include whitespace at the end of command\n","fileTypesAndContributionMap":{"functional-code":{"insertions":1,"deletions":1}}},{"hash":"447ee9dddcc786a4d79df14f1ec7f5f1127ea967","messageTitle":"Replace magic strings with constants","messageBody":"Used ui object to print warnings\n","fileTypesAndContributionMap":{"functional-code":{"insertions":21,"deletions":19}}},{"hash":"ac00713c3bfc94cf7e3aa5faf8116b1003ef9e3e","messageTitle":"Add javadocs, change printing nonIntegers as entire array instead of one by one","messageBody":"","fileTypesAndContributionMap":{"functional-code":{"insertions":33,"deletions":5}}}]},{"date":"2021-03-19","commitResults":[{"hash":"ee971d204e2bb2e290e6718302944e6d66858542","messageTitle":"Add assert statements","messageBody":"","fileTypesAndContributionMap":{"functional-code":{"insertions":6,"deletions":0}}},{"hash":"a9edbe4811f086eb2d05fb1f9da066982fe4cedd","messageTitle":"Fix checkstyle","messageBody":"","fileTypesAndContributionMap":{"functional-code":{"insertions":3,"deletions":3}}}]},{"date":"2021-03-20","commitResults":[{"hash":"709ec08f57928001bf3b67785a80823ebb1c3274","messageTitle":"Add skeleton for editLessonCommand","messageBody":"","fileTypesAndContributionMap":{"functional-code":{"insertions":19,"deletions":0}}}]},{"date":"2021-03-21","commitResults":[{"hash":"af98d7bd10ce057b69875a10fef8b5f21ac51653","messageTitle":"Implement editLessonCommand","messageBody":"Includes editting teaching staff fields\n","fileTypesAndContributionMap":{"functional-code":{"insertions":182,"deletions":17}}},{"hash":"00b5c58dd24dbdd1f3c55ec96480d8922b6589f4","messageTitle":"Fix checkstyle","messageBody":"","fileTypesAndContributionMap":{"functional-code":{"insertions":37,"deletions":19}}}]},{"date":"2021-03-22","commitResults":[{"hash":"64070091ecfa6506af94bce124be001d710a53d2","messageTitle":"Fix bug which caused out of bounds access","messageBody":"","fileTypesAndContributionMap":{"functional-code":{"insertions":1,"deletions":1},"test-code":{"insertions":3,"deletions":1}}},{"hash":"82d0aad0d6476072cb324f78da3f279e50b7b144","messageTitle":"Add JUnit testing for EditLessonCommand","messageBody":"","fileTypesAndContributionMap":{"test-code":{"insertions":61,"deletions":1}}},{"hash":"7ee1f06f6ca9cbb52b7eff4c57038f54c2793797","messageTitle":"Fix checkstyle for tests","messageBody":"","fileTypesAndContributionMap":{"test-code":{"insertions":4,"deletions":3}}},{"hash":"bca5aa28a288accfb0fcf1e653d91ae4bae170aa","messageTitle":"Add missing curly braces causing test to fail","messageBody":"","fileTypesAndContributionMap":{"functional-code":{"insertions":2,"deletions":0}}},{"hash":"65716acb03d568f83dc0ff33b72d9404341a3eeb","messageTitle":"Remove unused import statement in Parser.java","messageBody":"","fileTypesAndContributionMap":{"functional-code":{"insertions":0,"deletions":1}}}]}]},"authorFileTypeContributionMap":{"isaharon":{"docs":0,"functional-code":469,"test-code":300},"aliciatay-zls":{"docs":2,"functional-code":486,"test-code":461},"8kdesign":{"docs":0,"functional-code":1125,"test-code":482,"other":1},"H-horizon":{"docs":0,"functional-code":922,"test-code":311},"ivanchongzhien":{"docs":0,"functional-code":782,"test-code":149}},"authorContributionVariance":{"isaharon":72395.8,"aliciatay-zls":56976.58,"8kdesign":346982.38,"H-horizon":54250.465,"ivanchongzhien":17385.357},"authorDisplayNameMap":{"isaharon":"CS2113T-W09-3 ISA ..ARON","aliciatay-zls":"CS2113T-W09-3 ALIC.. TAY","8kdesign":"CS2113T-W09-3 CHON.. HAO","H-horizon":"CS2113T-W09-3 BUND..RISH","ivanchongzhien":"CS2113T-W09-3 IVAN..I EN"}}
