{"authorDailyContributionsMap":{"isaharon":[{"date":"2021-03-05","commitResults":[{"hash":"498809b1f623ea5f883f9d749350f5156a429d4b","messageTitle":"Update Duke.java","messageBody":"","fileTypesAndContributionMap":{"functional-code":{"insertions":8,"deletions":10}}},{"hash":"41251c3f15fc512bc8dc1ef30fdba69e0c245ed5","messageTitle":"Update ModuleList.java","messageBody":"","fileTypesAndContributionMap":{"functional-code":{"insertions":1,"deletions":1}}},{"hash":"888936863b2f5a67231ec876f68628f786d4d64b","messageTitle":"Update Lesson.java","messageBody":"","fileTypesAndContributionMap":{"functional-code":{"insertions":3,"deletions":3}}},{"hash":"546834e4e727d983ebf6ed14080b93dd2c012eaa","messageTitle":"Update Module.java","messageBody":"","fileTypesAndContributionMap":{"functional-code":{"insertions":3,"deletions":3}}}]},{"date":"2021-03-09","commitResults":[{"hash":"f28c982d5d796b739eec5c71af0d77eb8c694eec","messageTitle":"Implement PrintHelpCommand","messageBody":"- Added enums for dashboard commands and module commands\n- Added a general format for listing help commands and description\n- Updated ModuleList class and added addModule method\n- Updated attributes of Module class\n- Added printMessage method in UI\n- Added PrintHelpCommand class with test file\n","fileTypesAndContributionMap":{"functional-code":{"insertions":142,"deletions":17},"test-code":{"insertions":47,"deletions":0}}},{"hash":"4425df1d0dc9d87b50a3ebd99aa4196bceafed06","messageTitle":"Implement ExitProgramCommand","messageBody":"- Added general exit message in Messages.java\n- Added ExitProgramCommand class and test file\n","fileTypesAndContributionMap":{"functional-code":{"insertions":23,"deletions":0},"test-code":{"insertions":38,"deletions":0}}},{"hash":"3ca4a45c20e6d74f67ceabb8108265ece16f22af","messageTitle":"Implement EnterModuleCommand","messageBody":"- Added constructor in ModuleList class\n- Add CommandException class to handle command exception\n- Update Command class with exception signature to execute method\n- Add EnterModuleCommand class and test file\n- Updated test files to handle command exception\n","fileTypesAndContributionMap":{"functional-code":{"insertions":53,"deletions":1},"test-code":{"insertions":59,"deletions":5}}},{"hash":"8e1b34cc9d2cdd231aa5316de847badfb4d0bd39","messageTitle":"Implement AddModuleCommand","messageBody":"- Added hasModuleCode method in ModuleList class\n- Update printing of messages in commands\n- Added AddModuleCommand class and test file\n","fileTypesAndContributionMap":{"functional-code":{"insertions":44,"deletions":4},"test-code":{"insertions":48,"deletions":0}}},{"hash":"413e3cf1728d85fbf67a18f063c304cd2f731303","messageTitle":"Implement DeleteModuleCommand","messageBody":"- Added general format for listing items in Messages class\n- Added deleteModules method in ModuleList class\n- Added temporary readIntegers method in UI class\n- Added DeleteModuleCommand class and test file\n","fileTypesAndContributionMap":{"functional-code":{"insertions":81,"deletions":0},"test-code":{"insertions":57,"deletions":0}}},{"hash":"cdc5831a2ce8979b28af97c899427b95cb635edb","messageTitle":"Implement ListModuleCommand","messageBody":"- Added ListModuleCommand class and test file\n","fileTypesAndContributionMap":{"functional-code":{"insertions":32,"deletions":0},"test-code":{"insertions":47,"deletions":0}}},{"hash":"626e3d7e2343fb9bf61276ab341b8858761f4d31","messageTitle":"Update files to comply with gradle checks","messageBody":"","fileTypesAndContributionMap":{"functional-code":{"insertions":3,"deletions":2},"test-code":{"insertions":23,"deletions":15}}},{"hash":"6757279708d5a881ee673da1af3717058b8955c8","messageTitle":"Remove test files","messageBody":"","fileTypesAndContributionMap":{"test-code":{"insertions":0,"deletions":299}}},{"hash":"6c695a49bb7101744b11b0ca09f523342d3590f6","messageTitle":"Update commands with exception","messageBody":"- Added CommandException\n- Updated commands with exceptions and isExit method\n","fileTypesAndContributionMap":{"functional-code":{"insertions":81,"deletions":11}}},{"hash":"51e6302436dc2648a36902f7249428347649a5c6","messageTitle":"Update ModuleList.java","messageBody":"","fileTypesAndContributionMap":{"functional-code":{"insertions":4,"deletions":5}}},{"hash":"27948860de29cbbfc89edc6088557200633bfb7c","messageTitle":"Update Messages.java","messageBody":"","fileTypesAndContributionMap":{"functional-code":{"insertions":1,"deletions":1}}}]}],"aliciatay-zls":[{"date":"2021-03-08","commitResults":[{"hash":"07a732c642b30829ce050972baa62ee8ae6f6b24","messageTitle":"Update AboutUs, undo changes to CONTRIBUTORS","messageBody":"","fileTypesAndContributionMap":{"docs":{"insertions":3,"deletions":3}}}]},{"date":"2021-03-09","commitResults":[{"hash":"8b928286848f9f2d504536515f7decea8a4d4eb9","messageTitle":"Modify execute() method in Command class","messageBody":"","fileTypesAndContributionMap":{"functional-code":{"insertions":4,"deletions":1}}},{"hash":"3aed2bd6a002e9ecbd76dc3782205953b6c86a8e","messageTitle":"Add getter and modify setter for selectedModule attribute","messageBody":"","fileTypesAndContributionMap":{"functional-code":{"insertions":8,"deletions":6}}},{"hash":"a7abfe74c06bdfb24d944c44a1f271985b3cb37f","messageTitle":"Add methods used by task commands to Module class","messageBody":"Change access modifiers for attributes\n","fileTypesAndContributionMap":{"functional-code":{"insertions":26,"deletions":2}}},{"hash":"0392bb0921bd3c8ac42aeaf8cb8de57412eea415","messageTitle":"Implement task commands","messageBody":"Add constructor, change LocalDateTime to LocalDate in Task class\nAdd message constants used by task commands in Messages class\nCreate new Constants class\n","fileTypesAndContributionMap":{"functional-code":{"insertions":266,"deletions":4}}},{"hash":"a82c751e61a74f8daada29f4974addead252ec01","messageTitle":"Implement JUnit tests for task commands","messageBody":"Create new CommandTestUtil class\n","fileTypesAndContributionMap":{"test-code":{"insertions":471,"deletions":0}}},{"hash":"2b9b906bdffd1c8ae387ce4bfdfbeb2c7fb086d5","messageTitle":"Fix checkstyle issues","messageBody":"","fileTypesAndContributionMap":{"functional-code":{"insertions":6,"deletions":6},"test-code":{"insertions":12,"deletions":11}}}]}],"8kdesign":[{"date":"2021-03-05","commitResults":[{"hash":"92b8fc182fc4a5599f836255fe29c982668fac03","messageTitle":"Replace LocalDateTime with LocalDate","messageBody":"","fileTypesAndContributionMap":{"functional-code":{"insertions":14,"deletions":15}}},{"hash":"6ead9835cf1fca82db9c39b54444e8896b72e04d","messageTitle":"Rename addModule method","messageBody":"","fileTypesAndContributionMap":{"functional-code":{"insertions":1,"deletions":1}}},{"hash":"8ce5e27da495144ee92bbe2c8d6e51ed8c6b2dbb","messageTitle":"Add JUnit tests","messageBody":"","fileTypesAndContributionMap":{"functional-code":{"insertions":45,"deletions":31},"test-code":{"insertions":232,"deletions":0}}}]},{"date":"2021-03-07","commitResults":[{"hash":"c7fcacf602d0fc601ac1ac80d0b3e7b373e487b3","messageTitle":"Add invalid file test","messageBody":"","fileTypesAndContributionMap":{"test-code":{"insertions":18,"deletions":1}}}]},{"date":"2021-03-09","commitResults":[{"hash":"4f91e1cfc1bd78d458f21fa40d89b8115e540a5c","messageTitle":"Import constants as static","messageBody":"","fileTypesAndContributionMap":{"functional-code":{"insertions":56,"deletions":55},"other":{"insertions":2,"deletions":2},"test-code":{"insertions":13,"deletions":11}}},{"hash":"d866b9d5ad95ad467c20a3ff098e926d78d1bdfa","messageTitle":"Remove invalid content on load","messageBody":"","fileTypesAndContributionMap":{"functional-code":{"insertions":5,"deletions":1},"test-code":{"insertions":22,"deletions":7}}},{"hash":"8bbaec9ddeeaf446849dcdae3293edc78fbf9b19","messageTitle":"Add new format for load lesson","messageBody":"","fileTypesAndContributionMap":{"functional-code":{"insertions":12,"deletions":9},"other":{"insertions":6,"deletions":4},"test-code":{"insertions":3,"deletions":3}}},{"hash":"1a7e5b06e80059e77abca09855a459a22694a76f","messageTitle":"Fix failing CI","messageBody":"","fileTypesAndContributionMap":{"functional-code":{"insertions":1,"deletions":0}}},{"hash":"bbb9ca62f14439f2c096d83fbf3552e2f8ced2b2","messageTitle":"Fix failing CI","messageBody":"","fileTypesAndContributionMap":{"functional-code":{"insertions":1,"deletions":0}}},{"hash":"c107be4fa111361fe63e54ea3d82f8a782d37123","messageTitle":"Fix failing CI","messageBody":"","fileTypesAndContributionMap":{"functional-code":{"insertions":41,"deletions":2}}},{"hash":"ddaec874399fce002c266322ab94c27b89c63fe1","messageTitle":"Fix checkstyletest","messageBody":"","fileTypesAndContributionMap":{"test-code":{"insertions":7,"deletions":4}}},{"hash":"5795833287a8b16b39e5a5dca7b75d770345ad40","messageTitle":"Remove tests","messageBody":"","fileTypesAndContributionMap":{"test-code":{"insertions":0,"deletions":741}}},{"hash":"72ea3b897f733c0756253591c32956888872859f","messageTitle":"Fix loop","messageBody":"","fileTypesAndContributionMap":{"functional-code":{"insertions":1,"deletions":1}}}]}],"H-horizon":[{"date":"2021-03-07","commitResults":[{"hash":"7e1ea379051a46d216824e89b5553fa356cf615d","messageTitle":"Implemented add lesson","messageBody":"","fileTypesAndContributionMap":{"functional-code":{"insertions":59,"deletions":1}}},{"hash":"6c9e0108df0efd5343e2b79f2bf4e5894b235c48","messageTitle":"Implemented delete lesson","messageBody":"","fileTypesAndContributionMap":{"functional-code":{"insertions":53,"deletions":1}}},{"hash":"f7d3ce400f1d00cb386b204970b089078a2903a5","messageTitle":"Implemented open lesson link","messageBody":"","fileTypesAndContributionMap":{"functional-code":{"insertions":61,"deletions":6}}},{"hash":"f28dc3859dffe7f8e3dc14ffe386840d9eb0160e","messageTitle":"Refactored","messageBody":"","fileTypesAndContributionMap":{"functional-code":{"insertions":8,"deletions":3}}},{"hash":"560ce6b13ccb2eb75c565319fa8f4565e05de3dc","messageTitle":"Added missing ;","messageBody":"","fileTypesAndContributionMap":{"functional-code":{"insertions":1,"deletions":1}}},{"hash":"82e3fd21fe309513d3d3242531d901fa3a04c591","messageTitle":"Implemented print list of all lessons","messageBody":"","fileTypesAndContributionMap":{"functional-code":{"insertions":37,"deletions":0}}},{"hash":"2018a91ec53338b1db4cf68d5d3dfae859d298e9","messageTitle":"Implemented method to list all teaching staff","messageBody":"","fileTypesAndContributionMap":{"functional-code":{"insertions":33,"deletions":1}}}]},{"date":"2021-03-08","commitResults":[{"hash":"95e86a8e87d55d46bb2e2446321564ab24361d7f","messageTitle":"Refactored code","messageBody":"","fileTypesAndContributionMap":{"functional-code":{"insertions":88,"deletions":39}}}]},{"date":"2021-03-09","commitResults":[{"hash":"7b353c6feb5a4057151d2af52a5c3de8def1124f","messageTitle":"Added some JUnit Tests","messageBody":"","fileTypesAndContributionMap":{"functional-code":{"insertions":31,"deletions":27},"test-code":{"insertions":324,"deletions":0}}},{"hash":"27782f4f251055afe50927509f350a018e23f7b2","messageTitle":"Implemented superclass for all lesson commands test(happy path only) and included final JUnit test file for open lesson link","messageBody":"","fileTypesAndContributionMap":{"functional-code":{"insertions":6,"deletions":2},"test-code":{"insertions":113,"deletions":176}}},{"hash":"27a4d4dd9d43fdfd64a5a6ec539e81392e437a39","messageTitle":"Attempted to fix checkstyleTest errors; trial 1","messageBody":"","fileTypesAndContributionMap":{"test-code":{"insertions":17,"deletions":31}}},{"hash":"6100f31632d98d28d8053bfabd5a1104efa614f4","messageTitle":"Updated lesson links fields for checkstyleTest","messageBody":"","fileTypesAndContributionMap":{"test-code":{"insertions":4,"deletions":2}}},{"hash":"96d06853cf6b4a89eb753d687193d14500aa987e","messageTitle":"Reformatted variable name","messageBody":"","fileTypesAndContributionMap":{"test-code":{"insertions":4,"deletions":6}}},{"hash":"247996e822ea1216593880ca582480732c8d0b40","messageTitle":"Attempted to make openLink method platform independent for lessons","messageBody":"","fileTypesAndContributionMap":{"functional-code":{"insertions":18,"deletions":7}}},{"hash":"db0b1a1f95e215f7fa1862010c1d8a14541e6d25","messageTitle":"Remove duplicate method","messageBody":"","fileTypesAndContributionMap":{"functional-code":{"insertions":0,"deletions":5}}},{"hash":"e0f30233d72a8501eab42fdda40242f4ddd19015","messageTitle":"Delete AddLessonCommandTest","messageBody":"","fileTypesAndContributionMap":{"test-code":{"insertions":0,"deletions":34}}},{"hash":"30c8555f63b532c577a6d486dd3c88808ebd006a","messageTitle":"Delete DeleteLessonCommandTest","messageBody":"","fileTypesAndContributionMap":{"test-code":{"insertions":0,"deletions":39}}},{"hash":"34ec022e4dc9ee2fe767a8f91ade60f27b27b4b9","messageTitle":"Delete ViewTeachingStaffCommandTest.java","messageBody":"","fileTypesAndContributionMap":{"test-code":{"insertions":0,"deletions":35}}},{"hash":"80bfed20bb189910f5f146d7f274a1f3854f1fd1","messageTitle":"Delete OpenLessonLinkCommandTest.java","messageBody":"","fileTypesAndContributionMap":{"test-code":{"insertions":0,"deletions":38}}},{"hash":"11b92d331eda953cb6711a015a3058bba8432f28","messageTitle":"Delete LessonCommandTest.java","messageBody":"","fileTypesAndContributionMap":{"test-code":{"insertions":0,"deletions":66}}},{"hash":"536ea1b46a7c9e73a1a3a8c1cb395862721732ba","messageTitle":"Delete ListLessonsCommandTest.java","messageBody":"","fileTypesAndContributionMap":{"test-code":{"insertions":0,"deletions":35}}}]}],"ivanchongzhien":[]},"authorFileTypeContributionMap":{"isaharon":{"docs":0,"functional-code":431,"test-code":0},"aliciatay-zls":{"docs":2,"functional-code":261,"test-code":0},"8kdesign":{"docs":0,"functional-code":180,"test-code":0},"H-horizon":{"docs":0,"functional-code":280,"test-code":0},"ivanchongzhien":{"docs":0,"functional-code":0,"test-code":0}},"authorContributionVariance":{"isaharon":206269.6,"aliciatay-zls":107983.36,"8kdesign":152219.45,"H-horizon":145601.03,"ivanchongzhien":0.0},"authorDisplayNameMap":{"isaharon":"CS2113T-W09-3 ISA ..ARON","aliciatay-zls":"CS2113T-W09-3 ALIC.. TAY","8kdesign":"CS2113T-W09-3 CHON.. HAO","H-horizon":"CS2113T-W09-3 BUND..RISH","ivanchongzhien":"CS2113T-W09-3 IVAN..I EN"}}
