{"authorDailyContributionsMap":{"douglaslewpc":[{"date":"2021-03-11","commitResults":[{"hash":"66ceed972291a962680f39ae36937cf2fa9d469e","messageTitle":"v1.0","messageBody":"","fileTypesAndContributionMap":{"functional-code":{"insertions":223,"deletions":0}}},{"hash":"7c1f03f5a404fa0c27acc599d4b698b4278308fe","messageTitle":"Added J-unit test for getTeamMember method of the TeamManager class","messageBody":"","fileTypesAndContributionMap":{"test-code":{"insertions":18,"deletions":0}}},{"hash":"338822bb48a19034bdd7997c1004093db5c00d0c","messageTitle":"Updated TeamPlanner classes","messageBody":"","fileTypesAndContributionMap":{"functional-code":{"insertions":31,"deletions":29}}}]}],"rageqqq":[{"date":"2021-03-11","commitResults":[{"hash":"ab91f53114344e746d24684b2c28ae550943036c","messageTitle":"v1.0 Chester","messageBody":"Added basic commands to food recommendation component (add,delete,find,print)\nCreated new food store class\n","fileTypesAndContributionMap":{"functional-code":{"insertions":75,"deletions":0}}},{"hash":"da31a404627c1e57f306b123c3d7c94e216d04cb","messageTitle":"JUnit","messageBody":"Added test for toString() method\n","fileTypesAndContributionMap":{"functional-code":{"insertions":2,"deletions":2},"test-code":{"insertions":16,"deletions":0}}},{"hash":"c1a7b7018f4fe0e8206d485120796aaa6e726222","messageTitle":"Coding standard","messageBody":"","fileTypesAndContributionMap":{"functional-code":{"insertions":4,"deletions":2}}}]}],"fangxinjia0203":[],"soepaingzaw":[{"date":"2021-03-09","commitResults":[{"hash":"de29a41f6d553fa3e62938a611e4858b463f9c04","messageTitle":"add seedu.duke package","messageBody":"","fileTypesAndContributionMap":{"other":{"insertions":2,"deletions":3}}},{"hash":"9df0b876b6a7318c3ecbdb7df821b6d70cffe9b3","messageTitle":"basic I/O","messageBody":"","fileTypesAndContributionMap":{"functional-code":{"insertions":40,"deletions":11}}},{"hash":"f7cae44f7d27c1d91c94e85073e5097b78923e38","messageTitle":"new Class ModuleList created","messageBody":"","fileTypesAndContributionMap":{"functional-code":{"insertions":44,"deletions":5},"other":{"insertions":2,"deletions":2}}}]},{"date":"2021-03-11","commitResults":[{"hash":"328d348f896571f37e70915adc82638d1fb41665","messageTitle":"half implementation of calculation","messageBody":"","fileTypesAndContributionMap":{"functional-code":{"insertions":88,"deletions":7}}},{"hash":"5eefa18eb092472b87c3f8a0cfa08ed44874f90f","messageTitle":"added edit and delete","messageBody":"","fileTypesAndContributionMap":{"functional-code":{"insertions":131,"deletions":71}}},{"hash":"075e02b1a5ac2cffad7ae384bc1ce395f28b231e","messageTitle":"refactoring","messageBody":"","fileTypesAndContributionMap":{"functional-code":{"insertions":7,"deletions":8}}},{"hash":"2b34874cb2dd6aa6dd33fd2dd88ab614d50d2514","messageTitle":"implemented JUnit","messageBody":"","fileTypesAndContributionMap":{"test-code":{"insertions":16,"deletions":0}}},{"hash":"d4812366e43b4f87d6cac62401ebc484c2b6a015","messageTitle":"created multiple packages and cleared duke","messageBody":"","fileTypesAndContributionMap":{"functional-code":{"insertions":84,"deletions":71},"other":{"insertions":7,"deletions":6},"test-code":{"insertions":1,"deletions":1}}}]},{"date":"2021-03-12","commitResults":[{"hash":"30a5f0b4423f8fef995f681fd7ce979e76aa6852","messageTitle":"resolve class issue","messageBody":"","fileTypesAndContributionMap":{"other":{"insertions":21,"deletions":37},"test-code":{"insertions":2,"deletions":2}}}]}]},"authorFileTypeContributionMap":{"douglaslewpc":{"docs":0,"functional-code":225,"test-code":18},"rageqqq":{"docs":0,"functional-code":77,"test-code":16},"fangxinjia0203":{"docs":0,"functional-code":0,"test-code":0},"soepaingzaw":{"docs":0,"functional-code":217,"test-code":16}},"authorContributionVariance":{"douglaslewpc":9909.484,"rageqqq":1115.7344,"fangxinjia0203":0.0,"soepaingzaw":25972.984},"authorDisplayNameMap":{"douglaslewpc":"CS2113T-T09-3 LEW ..GLAS","rageqqq":"CS2113T-T09-3 CHES..ERNG","fangxinjia0203":"CS2113T-T09-3 FANG..NJIA","soepaingzaw":"CS2113T-T09-3 SOE .. ZAW"}}
