{"authorDailyContributionsMap":{"douglaslewpc":[{"date":"2021-03-11","commitResults":[{"hash":"66ceed972291a962680f39ae36937cf2fa9d469e","messageTitle":"v1.0","messageBody":"","fileTypesAndContributionMap":{"functional-code":{"insertions":223,"deletions":0}}},{"hash":"7c1f03f5a404fa0c27acc599d4b698b4278308fe","messageTitle":"Added J-unit test for getTeamMember method of the TeamManager class","messageBody":"","fileTypesAndContributionMap":{"test-code":{"insertions":18,"deletions":0}}},{"hash":"338822bb48a19034bdd7997c1004093db5c00d0c","messageTitle":"Updated TeamPlanner classes","messageBody":"","fileTypesAndContributionMap":{"functional-code":{"insertions":31,"deletions":29}}}]},{"date":"2021-03-13","commitResults":[{"hash":"5cba85ea764377684b494120bb67ae6631ed94a0","messageTitle":"Edited code for teamplanner","messageBody":"","fileTypesAndContributionMap":{"functional-code":{"insertions":13,"deletions":11},"other":{"insertions":8,"deletions":8},"test-code":{"insertions":2,"deletions":2}}},{"hash":"a84b1c79b2a8a0e768bf1cce9acaf2eb0d281d1b","messageTitle":"Edited teamplanner code","messageBody":"","fileTypesAndContributionMap":{"functional-code":{"insertions":6,"deletions":6},"other":{"insertions":13,"deletions":13}}},{"hash":"909a1ac7736427919174d6b5caa2e87cd010a842","messageTitle":"v1.2","messageBody":"","fileTypesAndContributionMap":{"functional-code":{"insertions":138,"deletions":11}}},{"hash":"fccc90ffaa1af86a83dd6de153e247886b6bf089","messageTitle":"v1.2.1","messageBody":"","fileTypesAndContributionMap":{"functional-code":{"insertions":6,"deletions":6}}},{"hash":"df25ddbce045073f1da37a1ee437f33815ebae98","messageTitle":"v1.2.2","messageBody":"","fileTypesAndContributionMap":{"test-code":{"insertions":1,"deletions":1}}}]},{"date":"2021-03-16","commitResults":[{"hash":"054c392a80d049114baa322706b127b033c8a455","messageTitle":"v1.0","messageBody":"","fileTypesAndContributionMap":{"functional-code":{"insertions":120,"deletions":93}}},{"hash":"a982bd1979148fbdf7fa20a7b6ddf3b279efd41b","messageTitle":"v1.0","messageBody":"","fileTypesAndContributionMap":{"functional-code":{"insertions":7,"deletions":7}}},{"hash":"cb6c3872f0eb1f479b45ba5d8fa1ab8a54ed0f41","messageTitle":"v1.0","messageBody":"","fileTypesAndContributionMap":{"functional-code":{"insertions":9,"deletions":10}}},{"hash":"35a244b6eee991c6b6371f751b9d8be9fef5bfef","messageTitle":"v1.01","messageBody":"","fileTypesAndContributionMap":{"functional-code":{"insertions":37,"deletions":5}}}]},{"date":"2021-03-17","commitResults":[{"hash":"3e42ca51a8a0324188c40c87724d787c32562b32","messageTitle":"v1.0","messageBody":"","fileTypesAndContributionMap":{"functional-code":{"insertions":167,"deletions":46}}}]},{"date":"2021-03-20","commitResults":[{"hash":"b0d002d692c57ae2b1421b2629610cfa6c44e361","messageTitle":"v1.0","messageBody":"","fileTypesAndContributionMap":{"functional-code":{"insertions":9,"deletions":4}}},{"hash":"26d08412bfb2509c0baaeb1a30176c76b3d1b4d7","messageTitle":"v1.0","messageBody":"","fileTypesAndContributionMap":{"functional-code":{"insertions":0,"deletions":31}}}]},{"date":"2021-03-23","commitResults":[{"hash":"ab6be8549785f5c033627770b85beaeb40022b9b","messageTitle":"UG","messageBody":"","fileTypesAndContributionMap":{"docs":{"insertions":20,"deletions":19}}},{"hash":"8ccaf24c12dec6edd4eeb4ac788128c3439131bc","messageTitle":"UG","messageBody":"","fileTypesAndContributionMap":{"docs":{"insertions":14,"deletions":5}}},{"hash":"e031bcf0741f54b382d66c24b55c235c0008b4f4","messageTitle":"UG","messageBody":"","fileTypesAndContributionMap":{"docs":{"insertions":3,"deletions":3}}},{"hash":"02c37ea1912b11ba3ab180f07fe4463b4cea8689","messageTitle":"UG","messageBody":"","fileTypesAndContributionMap":{"docs":{"insertions":0,"deletions":2}}}]},{"date":"2021-03-25","commitResults":[{"hash":"5f057384e6ec513374d6deaa77ae0c0a862cc32e","messageTitle":"Update DeveloperGuide.md","messageBody":"Updated DG with UML Diagram for TeamPlanner Class","fileTypesAndContributionMap":{"docs":{"insertions":2,"deletions":1}}},{"hash":"bd3fe3cd3591208905e795d4acec56c5c3db909b","messageTitle":"Update DeveloperGuide.md","messageBody":"","fileTypesAndContributionMap":{"docs":{"insertions":2,"deletions":1}}},{"hash":"dfd545a7939d42ae494d14e8b645e2b315752c54","messageTitle":"Update DeveloperGuide.md","messageBody":"","fileTypesAndContributionMap":{"docs":{"insertions":6,"deletions":0}}},{"hash":"c89e0c4f99fb47bf0ca710114cf44f5ed3b216bb","messageTitle":"Update AboutUs.md","messageBody":"Added picture and GitHub Link","fileTypesAndContributionMap":{"docs":{"insertions":1,"deletions":1}}},{"hash":"14a380bc148334886c608048b0df3de0d85dd7c3","messageTitle":"Update AboutUs.md","messageBody":"","fileTypesAndContributionMap":{"docs":{"insertions":1,"deletions":1}}},{"hash":"9c41147f9201d02163f6aa98877430b486c53e60","messageTitle":"Update AboutUs.md","messageBody":"","fileTypesAndContributionMap":{"docs":{"insertions":1,"deletions":1}}},{"hash":"653b566d7300eaf76d29b32d22fd1915b3ae5d02","messageTitle":"Update AboutUs.md","messageBody":"Updated Picture","fileTypesAndContributionMap":{"docs":{"insertions":1,"deletions":1}}},{"hash":"f18bd387fcffd93380b6e4ea43d7bb60f7f119d1","messageTitle":"Update AboutUs.md","messageBody":"","fileTypesAndContributionMap":{"docs":{"insertions":1,"deletions":1}}}]},{"date":"2021-03-28","commitResults":[{"hash":"c4353c1df5a4d4f17c56b87e09e3af521e02eb91","messageTitle":"Added feature to add/delete tasks and modifited various classes","messageBody":"","fileTypesAndContributionMap":{"functional-code":{"insertions":322,"deletions":211}}}]},{"date":"2021-04-02","commitResults":[{"hash":"565321f20eca9edd3087446f40efed5b52e46824","messageTitle":"v2.0","messageBody":"","fileTypesAndContributionMap":{"functional-code":{"insertions":226,"deletions":59}}}]},{"date":"2021-04-04","commitResults":[{"hash":"312f6afbc907651742a7939b6fd0bd2f73ebc856","messageTitle":"Updated UG with TeamPlanner features","messageBody":"","fileTypesAndContributionMap":{"docs":{"insertions":58,"deletions":7}}},{"hash":"d0ddc88b3ae7ce1f1bf009b1fef31d314ed956e4","messageTitle":"no message","messageBody":"","fileTypesAndContributionMap":{"docs":{"insertions":1,"deletions":1}}}]},{"date":"2021-04-06","commitResults":[{"hash":"b9a0aaae75812fa29d32248e0b1d703bd8a263c8","messageTitle":"v2.01","messageBody":"","fileTypesAndContributionMap":{"functional-code":{"insertions":254,"deletions":134}}}]},{"date":"2021-04-12","commitResults":[{"hash":"d962a8f302e3cf6069e193607a2c0a750b8d45d3","messageTitle":"Edited code, UG and ReadME documents","messageBody":"","fileTypesAndContributionMap":{"functional-code":{"insertions":24,"deletions":18},"docs":{"insertions":235,"deletions":11}}},{"hash":"1adf18f9b61119532f1ae30a63c32af096612296","messageTitle":"Edited UG","messageBody":"","fileTypesAndContributionMap":{"docs":{"insertions":23,"deletions":25}}},{"hash":"a65428c782357f12802a8775a51a9910a46b5826","messageTitle":"Updated Command Summary Table","messageBody":"","fileTypesAndContributionMap":{"docs":{"insertions":11,"deletions":0}}},{"hash":"1c46af43db2c941877f5bd0ae12a819d16e455cf","messageTitle":"Updated UG","messageBody":"","fileTypesAndContributionMap":{"docs":{"insertions":2,"deletions":2}}},{"hash":"80c79e821a203bda3cdfd1d994573c1f7883c1b5","messageTitle":"Update DeveloperGuide.md","messageBody":"","fileTypesAndContributionMap":{"docs":{"insertions":1,"deletions":1}}},{"hash":"2ce76351281c921563efdaf81f55ddd7a370c76e","messageTitle":"Update DeveloperGuide.md","messageBody":"","fileTypesAndContributionMap":{"docs":{"insertions":31,"deletions":4}}},{"hash":"95cc9b8defbb236b1a2dfc3e8691fc5a7a887f93","messageTitle":"Update DeveloperGuide.md","messageBody":"","fileTypesAndContributionMap":{"docs":{"insertions":5,"deletions":5}}}]}],"rageqqq":[{"date":"2021-03-11","commitResults":[{"hash":"ab91f53114344e746d24684b2c28ae550943036c","messageTitle":"v1.0 Chester","messageBody":"Added basic commands to food recommendation component (add,delete,find,print)\nCreated new food store class\n","fileTypesAndContributionMap":{"functional-code":{"insertions":75,"deletions":0}}},{"hash":"da31a404627c1e57f306b123c3d7c94e216d04cb","messageTitle":"JUnit","messageBody":"Added test for toString() method\n","fileTypesAndContributionMap":{"functional-code":{"insertions":2,"deletions":2},"test-code":{"insertions":16,"deletions":0}}},{"hash":"c1a7b7018f4fe0e8206d485120796aaa6e726222","messageTitle":"Coding standard","messageBody":"","fileTypesAndContributionMap":{"functional-code":{"insertions":4,"deletions":2}}}]},{"date":"2021-03-13","commitResults":[{"hash":"a1405a859848e54a396b23c3e2f50a0ab446680f","messageTitle":"v1.01","messageBody":"Fixed Java CI requirements\nAdded printWelcomeMessage and printAvailableCommands methods\n","fileTypesAndContributionMap":{"functional-code":{"insertions":23,"deletions":3}}},{"hash":"12f09c513522c3bda9c129bb9812e126c542472b","messageTitle":"coding standard","messageBody":"changed assertion import\n","fileTypesAndContributionMap":{"test-code":{"insertions":1,"deletions":1}}}]},{"date":"2021-03-14","commitResults":[{"hash":"9cba410ca24268eae9b402f472ef4687d1fe7e6c","messageTitle":"Update runtest.sh","messageBody":"","fileTypesAndContributionMap":{"other":{"insertions":0,"deletions":0}}}]},{"date":"2021-03-16","commitResults":[{"hash":"56333e95efecb27f5fda45b3c863f83f6d45cdc7","messageTitle":"v1.02","messageBody":"Added parser and exceptions\n","fileTypesAndContributionMap":{"functional-code":{"insertions":127,"deletions":7},"test-code":{"insertions":2,"deletions":2}}},{"hash":"26822258a70cd670259d122b6146ee8543b7f833","messageTitle":"v1.0","messageBody":"added food recommendation to overallparser\n","fileTypesAndContributionMap":{"functional-code":{"insertions":10,"deletions":10},"other":{"insertions":1,"deletions":0},"docs":{"insertions":81,"deletions":4}}},{"hash":"bc95d9661448f5d800fc3632cd7e3bf21df5c405","messageTitle":"v1.0","messageBody":"removed assertion\n","fileTypesAndContributionMap":{"functional-code":{"insertions":8,"deletions":16}}},{"hash":"c8e0a769ff30a49592cfb672e32126b39d57a39c","messageTitle":"added exit command for overallparser","messageBody":"","fileTypesAndContributionMap":{"functional-code":{"insertions":13,"deletions":6}}},{"hash":"3132ec6954e82169f52c3b214961610068cb1d3b","messageTitle":"v1.0","messageBody":"added messages to acknowledge commands are received\n","fileTypesAndContributionMap":{"functional-code":{"insertions":23,"deletions":7},"test-code":{"insertions":1,"deletions":1}}}]},{"date":"2021-03-17","commitResults":[{"hash":"ecd99507e352974acb2a20da29f835f65fa2df06","messageTitle":"v1.0","messageBody":"added storage text\n","fileTypesAndContributionMap":{"functional-code":{"insertions":81,"deletions":18}}}]},{"date":"2021-03-23","commitResults":[{"hash":"7b8f423b4ec024d4509fa7bbf43dcc0087ce16ef","messageTitle":"v1.0","messageBody":"Updated UG\n","fileTypesAndContributionMap":{"docs":{"insertions":21,"deletions":8}}},{"hash":"3317ce9dddd020426eae53f9a8bbc288a72ca4f0","messageTitle":"v1.0","messageBody":"updated UG again\n","fileTypesAndContributionMap":{"docs":{"insertions":40,"deletions":21}}},{"hash":"927dbb5a220a975c068a962c39f4097eba635d14","messageTitle":"v1.0","messageBody":"updated UG AGAIN\n","fileTypesAndContributionMap":{"docs":{"insertions":29,"deletions":29}}},{"hash":"7a44a6e56e506c00e6ad2d687eb53249cf83db53","messageTitle":"v1.0-ug","messageBody":"","fileTypesAndContributionMap":{"docs":{"insertions":31,"deletions":30}}}]},{"date":"2021-03-24","commitResults":[{"hash":"9aa17d603faf64326a3392be5f7b8d74e6319e6a","messageTitle":"dg","messageBody":"","fileTypesAndContributionMap":{"docs":{"insertions":2,"deletions":0}}}]},{"date":"2021-03-25","commitResults":[{"hash":"9a727e1cfc87fd3be974faa14f6e20dee9497979","messageTitle":"Update AboutUs.md","messageBody":"","fileTypesAndContributionMap":{"docs":{"insertions":1,"deletions":1}}}]},{"date":"2021-03-30","commitResults":[{"hash":"9819b56f8aca89ec495167152ef522d1b8894f1c","messageTitle":"v2.0","messageBody":"Added locations, which are seperated by sub classes\nAdded find command, can find stores by keyword\nAdded halal command, can change whether the store is halal or not\n","fileTypesAndContributionMap":{"functional-code":{"insertions":397,"deletions":97}}}]},{"date":"2021-04-01","commitResults":[{"hash":"e3b9d687b045e224a901ea7150164bb0dc154870","messageTitle":"Improve code for Java CI","messageBody":"","fileTypesAndContributionMap":{"functional-code":{"insertions":24,"deletions":19}}},{"hash":"dbc31bbda3a5d52d786666335ddadaa2c132f11b","messageTitle":"Improve code for Java CI","messageBody":"","fileTypesAndContributionMap":{"functional-code":{"insertions":12,"deletions":13}}},{"hash":"d600f02b79288c0f99fe2fe7b4ed84f8a6219248","messageTitle":"Update DeveloperGuide.md","messageBody":"","fileTypesAndContributionMap":{"docs":{"insertions":7,"deletions":1}}}]},{"date":"2021-04-02","commitResults":[{"hash":"ab1621c7f717a9397c423acfea83beb75a77933f","messageTitle":"Added exception","messageBody":"","fileTypesAndContributionMap":{"functional-code":{"insertions":10,"deletions":2}}}]},{"date":"2021-04-12","commitResults":[{"hash":"eb3b487cf530660fbf74fa568a8953ca74784aca","messageTitle":"add error message for unknown command in main food bot screen show bye command to user to leave the food bot fix delete and halal command to handle empty index, negative and 0 values fix add command to handle empty descriptions (d/ followed by nothing)","messageBody":"","fileTypesAndContributionMap":{"functional-code":{"insertions":41,"deletions":16}}},{"hash":"95872756b6a6e63dc28e7ccb5af97e43005012ce","messageTitle":"added to ug","messageBody":"","fileTypesAndContributionMap":{"functional-code":{"insertions":9,"deletions":3},"docs":{"insertions":204,"deletions":4}}},{"hash":"b3ee9a230d034a806df8604ab251124c3be67eb8","messageTitle":"updated summary and index","messageBody":"","fileTypesAndContributionMap":{"docs":{"insertions":15,"deletions":2}}},{"hash":"c48774b3969deaa66a5bcd8d8d8528e408aabc9f","messageTitle":"updated dg with design","messageBody":"","fileTypesAndContributionMap":{"docs":{"insertions":154,"deletions":1}}},{"hash":"54ed1615d6fd724713b075eaea53bf831431590a","messageTitle":"updated implementation","messageBody":"","fileTypesAndContributionMap":{"docs":{"insertions":27,"deletions":6}}}]}],"fangxinjia0203":[{"date":"2021-03-11","commitResults":[{"hash":"029f8000624e60fd7640d947a4545beaaa524bb2","messageTitle":"1st","messageBody":"","fileTypesAndContributionMap":{"functional-code":{"insertions":18,"deletions":4}}},{"hash":"8a05b3d713336e9bf42e5e7e4715fab2dff747b6","messageTitle":"2nd","messageBody":"","fileTypesAndContributionMap":{"functional-code":{"insertions":69,"deletions":7}}}]},{"date":"2021-03-13","commitResults":[{"hash":"80895eaa303b6b7cb62f8863c5e0a73e7499f232","messageTitle":"add Junit for Class Student","messageBody":"","fileTypesAndContributionMap":{"functional-code":{"insertions":108,"deletions":13},"test-code":{"insertions":30,"deletions":0}}},{"hash":"126b37fa4e9da1a5e99c78b151553269abeb36d0","messageTitle":"v1.1","messageBody":"","fileTypesAndContributionMap":{"functional-code":{"insertions":133,"deletions":134},"other":{"insertions":6,"deletions":8}}},{"hash":"44d267b01aa89308f26cb0cfa04175537ce0692e","messageTitle":"coding standard","messageBody":"","fileTypesAndContributionMap":{"functional-code":{"insertions":18,"deletions":13},"other":{"insertions":1,"deletions":1}}},{"hash":"1d17307f282bf0adc92bc4b56970bea74bb126e5","messageTitle":"coding standard 2nd","messageBody":"","fileTypesAndContributionMap":{"functional-code":{"insertions":3,"deletions":17},"other":{"insertions":1,"deletions":1}}},{"hash":"bb5c92d791b44744cefdcb7e8bcee6f468c27f6e","messageTitle":"coding standard 3rd","messageBody":"","fileTypesAndContributionMap":{"test-code":{"insertions":6,"deletions":6}}},{"hash":"62523671a409c9f33a8a73620f837fe13280d19b","messageTitle":"4th","messageBody":"","fileTypesAndContributionMap":{"other":{"insertions":0,"deletions":0}}}]},{"date":"2021-03-16","commitResults":[{"hash":"ff31f78d2c10c2f49eac59d3bfb3713dd0265a47","messageTitle":"add storage","messageBody":"","fileTypesAndContributionMap":{"functional-code":{"insertions":75,"deletions":4}}},{"hash":"c37eddd5eb2e10d0a3931c875c73b58e2726ed75","messageTitle":"better ui","messageBody":"","fileTypesAndContributionMap":{"functional-code":{"insertions":11,"deletions":7}}},{"hash":"516378fbee87d85349774bd7734130e6d844b4b6","messageTitle":"not completed","messageBody":"","fileTypesAndContributionMap":{"functional-code":{"insertions":32,"deletions":12},"test-code":{"insertions":1,"deletions":1}}}]},{"date":"2021-03-17","commitResults":[{"hash":"b3f2a142c893f665294801a501993184ea10f625","messageTitle":"v1.0 xinjia","messageBody":"","fileTypesAndContributionMap":{"functional-code":{"insertions":11,"deletions":6}}}]},{"date":"2021-03-18","commitResults":[{"hash":"8363078a66885637583b7469018f2256fb1f896a","messageTitle":"userguide","messageBody":"","fileTypesAndContributionMap":{"functional-code":{"insertions":1,"deletions":1},"docs":{"insertions":28,"deletions":17}}}]},{"date":"2021-03-22","commitResults":[{"hash":"bafb7ce6856406b48700a73d365de9ceb421c10d","messageTitle":"fix bugs for modplanner","messageBody":"","fileTypesAndContributionMap":{"functional-code":{"insertions":19,"deletions":25}}},{"hash":"ff39e086fa1c73ba0e28be2beebdd235e94c2d0c","messageTitle":"hyperlink","messageBody":"","fileTypesAndContributionMap":{"docs":{"insertions":13,"deletions":6}}},{"hash":"f1a49fce0ba55900e148e4660ccff195d1d2ec81","messageTitle":"hyperlink 2","messageBody":"","fileTypesAndContributionMap":{"docs":{"insertions":5,"deletions":5}}}]},{"date":"2021-03-23","commitResults":[{"hash":"a8492efde91da03b85c6577a62f2ee21633318c4","messageTitle":"hyperlink 3","messageBody":"","fileTypesAndContributionMap":{"docs":{"insertions":4,"deletions":4}}},{"hash":"0c929ce61dcb7f5b9144fcf92ba1ac34a2583151","messageTitle":"hyperlink 4","messageBody":"","fileTypesAndContributionMap":{"docs":{"insertions":26,"deletions":10}}}]},{"date":"2021-03-25","commitResults":[{"hash":"982ec3b4ee84e9f3f3ecf5bbe3cb8f5690627a70","messageTitle":"uml","messageBody":"","fileTypesAndContributionMap":{"functional-code":{"insertions":80,"deletions":0},"docs":{"insertions":3,"deletions":0}}},{"hash":"15e4634c489d92a2964b84e045b5ef02c1d00391","messageTitle":"Update DeveloperGuide.md","messageBody":"","fileTypesAndContributionMap":{"docs":{"insertions":1,"deletions":1}}}]},{"date":"2021-04-02","commitResults":[{"hash":"21ef886eeaef81a99c0d99664551660f07c65e4b","messageTitle":"fix bugs and add delete student for moduleplanner","messageBody":"","fileTypesAndContributionMap":{"functional-code":{"insertions":22,"deletions":12},"docs":{"insertions":6,"deletions":17}}},{"hash":"00fec8f9d95a6885cfdfae2df68172b886246b68","messageTitle":"fix bugs","messageBody":"","fileTypesAndContributionMap":{"docs":{"insertions":1,"deletions":1}}}]},{"date":"2021-04-10","commitResults":[{"hash":"5ee051b31189f153f5ab7a35c91a145370fb877c","messageTitle":"minor bugs fixed","messageBody":"","fileTypesAndContributionMap":{"functional-code":{"insertions":1,"deletions":1}}},{"hash":"73c9053aa264e896bc321cfeddd13e056439298e","messageTitle":"ppp","messageBody":"","fileTypesAndContributionMap":{"docs":{"insertions":52,"deletions":0}}}]}],"soepaingzaw":[{"date":"2021-03-09","commitResults":[{"hash":"de29a41f6d553fa3e62938a611e4858b463f9c04","messageTitle":"add seedu.duke package","messageBody":"","fileTypesAndContributionMap":{"other":{"insertions":2,"deletions":3}}},{"hash":"9df0b876b6a7318c3ecbdb7df821b6d70cffe9b3","messageTitle":"basic I/O","messageBody":"","fileTypesAndContributionMap":{"functional-code":{"insertions":40,"deletions":11}}},{"hash":"f7cae44f7d27c1d91c94e85073e5097b78923e38","messageTitle":"new Class ModuleList created","messageBody":"","fileTypesAndContributionMap":{"functional-code":{"insertions":44,"deletions":5},"other":{"insertions":2,"deletions":2}}}]},{"date":"2021-03-11","commitResults":[{"hash":"328d348f896571f37e70915adc82638d1fb41665","messageTitle":"half implementation of calculation","messageBody":"","fileTypesAndContributionMap":{"functional-code":{"insertions":88,"deletions":7}}},{"hash":"5eefa18eb092472b87c3f8a0cfa08ed44874f90f","messageTitle":"added edit and delete","messageBody":"","fileTypesAndContributionMap":{"functional-code":{"insertions":131,"deletions":71}}},{"hash":"075e02b1a5ac2cffad7ae384bc1ce395f28b231e","messageTitle":"refactoring","messageBody":"","fileTypesAndContributionMap":{"functional-code":{"insertions":7,"deletions":8}}},{"hash":"2b34874cb2dd6aa6dd33fd2dd88ab614d50d2514","messageTitle":"implemented JUnit","messageBody":"","fileTypesAndContributionMap":{"test-code":{"insertions":16,"deletions":0}}},{"hash":"d4812366e43b4f87d6cac62401ebc484c2b6a015","messageTitle":"created multiple packages and cleared duke","messageBody":"","fileTypesAndContributionMap":{"functional-code":{"insertions":84,"deletions":71},"other":{"insertions":7,"deletions":6},"test-code":{"insertions":1,"deletions":1}}}]},{"date":"2021-03-12","commitResults":[{"hash":"30a5f0b4423f8fef995f681fd7ce979e76aa6852","messageTitle":"resolve class issue","messageBody":"","fileTypesAndContributionMap":{"other":{"insertions":21,"deletions":37},"test-code":{"insertions":2,"deletions":2}}},{"hash":"4fbbd99d9f02047866b9ea1fe44cdcb7277a173a","messageTitle":"test file to package","messageBody":"","fileTypesAndContributionMap":{"other":{"insertions":1,"deletions":1}}}]},{"date":"2021-03-13","commitResults":[{"hash":"32aa85b979342ae71cb92771fc786220055baaef","messageTitle":"created storage system","messageBody":"","fileTypesAndContributionMap":{"functional-code":{"insertions":96,"deletions":4},"test-code":{"insertions":0,"deletions":1}}},{"hash":"ec24279c0a21ecac6133010c27edb991e0de2733","messageTitle":"Fine-tuned storage function","messageBody":"","fileTypesAndContributionMap":{"functional-code":{"insertions":70,"deletions":44}}},{"hash":"7281bf3f3cf7b7c56c9e4e137e9b695c980a217d","messageTitle":"refactoring to adhere to coding standards","messageBody":"","fileTypesAndContributionMap":{"functional-code":{"insertions":10,"deletions":12},"other":{"insertions":29,"deletions":34}}},{"hash":"dd3871c1ad3b413cc46858cbecb1083ffbf62ecc","messageTitle":"JUnit Coding standard","messageBody":"","fileTypesAndContributionMap":{"test-code":{"insertions":1,"deletions":1}}}]},{"date":"2021-03-16","commitResults":[{"hash":"79a5e5547e4ddc3065a1aa431886451a28f5fe6b","messageTitle":"partial parser","messageBody":"","fileTypesAndContributionMap":{"functional-code":{"insertions":56,"deletions":5}}}]},{"date":"2021-03-17","commitResults":[{"hash":"af21af4eadb5cd907276b7b747d5ecc8cca8843e","messageTitle":"multiple refactoring of classes and creation of main file","messageBody":"","fileTypesAndContributionMap":{"functional-code":{"insertions":11,"deletions":51},"other":{"insertions":45,"deletions":67}}}]},{"date":"2021-03-18","commitResults":[{"hash":"c3084ffd31fe406b51a22df4e9da6f7deaa59f8a","messageTitle":"assertion successful","messageBody":"","fileTypesAndContributionMap":{"functional-code":{"insertions":24,"deletions":17},"other":{"insertions":3,"deletions":3}}},{"hash":"03599623769faa8aa377ed5f77bf5dc7a2ee4b03","messageTitle":"clear checkstyle of cap calculator","messageBody":"","fileTypesAndContributionMap":{"functional-code":{"insertions":1,"deletions":1}}}]},{"date":"2021-03-23","commitResults":[{"hash":"6c02191ac4c5273a75d4a39bd0f0988d7392b3da","messageTitle":"enable assertions","messageBody":"","fileTypesAndContributionMap":{"other":{"insertions":1,"deletions":1}}},{"hash":"39a05403f425a8e36b69c787000472d1c5335215","messageTitle":"implement sem information","messageBody":"","fileTypesAndContributionMap":{"functional-code":{"insertions":33,"deletions":6}}},{"hash":"fa4711507819b69cc35a97af7ba1feb8430f9e20","messageTitle":"Implement show all function","messageBody":"","fileTypesAndContributionMap":{"functional-code":{"insertions":35,"deletions":4}}}]},{"date":"2021-03-24","commitResults":[{"hash":"bd1177326ea785507c5d6451ceb2314723251e8e","messageTitle":"DG add image and draft UML diagram","messageBody":"","fileTypesAndContributionMap":{"functional-code":{"insertions":8,"deletions":0},"docs":{"insertions":41,"deletions":9}}},{"hash":"fa084ee2a4ec0637d40a5e0ba284dd3d36796583","messageTitle":"added seperation lines between different features","messageBody":"","fileTypesAndContributionMap":{"docs":{"insertions":11,"deletions":6}}},{"hash":"bdabeaa5220bb7f2f13c6f9c290b04d257e88091","messageTitle":"Update names in team","messageBody":"","fileTypesAndContributionMap":{"docs":{"insertions":4,"deletions":5}}}]},{"date":"2021-03-25","commitResults":[{"hash":"4a652c9c63ab3fdf88bcb806ed76ca595179d9cd","messageTitle":"update About us","messageBody":"","fileTypesAndContributionMap":{"docs":{"insertions":2,"deletions":4}}},{"hash":"921c387199c76d5ded67b0b034c0e535ec6ff70d","messageTitle":"update about us","messageBody":"","fileTypesAndContributionMap":{"docs":{"insertions":1,"deletions":1}}},{"hash":"f9b21238f289451d2d0e2bd441d6028129c26b88","messageTitle":"resize picture","messageBody":"","fileTypesAndContributionMap":{"docs":{"insertions":1,"deletions":1}}}]},{"date":"2021-03-27","commitResults":[{"hash":"91e7decab3b9e8a95328a1be38165ff4559babef","messageTitle":"store current sem of student","messageBody":"","fileTypesAndContributionMap":{"functional-code":{"insertions":84,"deletions":42}}}]},{"date":"2021-03-28","commitResults":[{"hash":"2ba69196ec6ff17a7cb55186d98a189328a4acb4","messageTitle":"clean up format for Cap Calculator","messageBody":"","fileTypesAndContributionMap":{"functional-code":{"insertions":90,"deletions":28}}}]},{"date":"2021-03-30","commitResults":[{"hash":"a63338e11937a1641b715f4cb1f5bac2adcbe55e","messageTitle":"added update feature","messageBody":"","fileTypesAndContributionMap":{"functional-code":{"insertions":32,"deletions":10}}},{"hash":"5151febfb59e08d4f1d0762f4acab24917766ccc","messageTitle":"finished Cap Calculator features","messageBody":"","fileTypesAndContributionMap":{"functional-code":{"insertions":39,"deletions":42}}}]},{"date":"2021-03-31","commitResults":[{"hash":"6be74b158cd413cf0e08c33c9e6d6b59edb6b7ea","messageTitle":"improve code architecture","messageBody":"","fileTypesAndContributionMap":{"functional-code":{"insertions":660,"deletions":218},"other":{"insertions":17,"deletions":10},"test-code":{"insertions":1,"deletions":0}}},{"hash":"5c3ec2602b245ed0bc7f193a43320725d267b3d7","messageTitle":"update architecture","messageBody":"","fileTypesAndContributionMap":{"functional-code":{"insertions":153,"deletions":195}}},{"hash":"c3dc573f0e33645a71eaa07c4cdde1e1e5e91842","messageTitle":"V2.0","messageBody":"","fileTypesAndContributionMap":{"functional-code":{"insertions":18,"deletions":9}}}]},{"date":"2021-04-01","commitResults":[{"hash":"ec63a75d3832f85235ede5ff50fc1382fbea3f52","messageTitle":"update checkstyle","messageBody":"","fileTypesAndContributionMap":{"functional-code":{"insertions":0,"deletions":10},"other":{"insertions":355,"deletions":209},"docs":{"insertions":81,"deletions":0}}},{"hash":"05adb48d82779b26d5d204a8264d71b3b3f13686","messageTitle":"DG update","messageBody":"","fileTypesAndContributionMap":{"functional-code":{"insertions":12,"deletions":1},"docs":{"insertions":41,"deletions":49}}},{"hash":"409eb1ed0c4b135a3b32680bfbf317d0fe1aecd7","messageTitle":"Adding diagrams for Cap Calculator Implementation","messageBody":"","fileTypesAndContributionMap":{"docs":{"insertions":28,"deletions":8}}},{"hash":"e7ec10d034ca94b699c470517f82e6021a3cf83e","messageTitle":"minor update","messageBody":"","fileTypesAndContributionMap":{"docs":{"insertions":11,"deletions":0}}}]},{"date":"2021-04-03","commitResults":[{"hash":"64a803a667cf8549df8e09683b227c98bc23b588","messageTitle":"update UG and tweak code","messageBody":"","fileTypesAndContributionMap":{"functional-code":{"insertions":46,"deletions":21},"docs":{"insertions":60,"deletions":10}}},{"hash":"0a91e381bca157e09363614ce4b798650d83f4be","messageTitle":"minor changes to UG","messageBody":"","fileTypesAndContributionMap":{"docs":{"insertions":2,"deletions":1}}},{"hash":"a13f5473058b2583aa456944978da01db8a3de91","messageTitle":"changes for demo","messageBody":"","fileTypesAndContributionMap":{"functional-code":{"insertions":48,"deletions":19},"docs":{"insertions":14,"deletions":1}}}]},{"date":"2021-04-04","commitResults":[{"hash":"40348b01ac8713fdea0bcde58c89cd41f8395376","messageTitle":"Increase readability of app","messageBody":"","fileTypesAndContributionMap":{"functional-code":{"insertions":42,"deletions":46}}}]},{"date":"2021-04-08","commitResults":[{"hash":"ef773c1eea095594b4ecbbfd5a30526f358ad13e","messageTitle":"update edit command","messageBody":"","fileTypesAndContributionMap":{"functional-code":{"insertions":15,"deletions":2}}},{"hash":"71c325897ecc383819056cf13f431707d2ee8b42","messageTitle":"PPP draft","messageBody":"","fileTypesAndContributionMap":{"docs":{"insertions":64,"deletions":0}}},{"hash":"05b839e62856d0b65e425d3f6e1f5b76a6038924","messageTitle":"empty line and incorrect sem handling","messageBody":"","fileTypesAndContributionMap":{"functional-code":{"insertions":96,"deletions":14}}}]},{"date":"2021-04-11","commitResults":[{"hash":"bfa228d55b14a64cd2f0dec456facd55d96da0e2","messageTitle":"PE prep","messageBody":"","fileTypesAndContributionMap":{"functional-code":{"insertions":217,"deletions":50},"test-code":{"insertions":4,"deletions":1}}},{"hash":"7a27abcaf263ba7d1a1226e08009d1555e520791","messageTitle":"Update main menu","messageBody":"","fileTypesAndContributionMap":{"functional-code":{"insertions":8,"deletions":6},"docs":{"insertions":12,"deletions":5}}},{"hash":"5a4f1a41ba111048564b46bf534dcc550f892742","messageTitle":"reformat links for better readability","messageBody":"","fileTypesAndContributionMap":{"docs":{"insertions":211,"deletions":87}}},{"hash":"1356830ecd4a6649eb266ac70bf0d7212438af58","messageTitle":"minor tweak to UG","messageBody":"","fileTypesAndContributionMap":{"docs":{"insertions":43,"deletions":43}}},{"hash":"8943aad2ad8602910a827c077260042cd4dcb257","messageTitle":"enable hyperlink and add Command summary","messageBody":"","fileTypesAndContributionMap":{"docs":{"insertions":20,"deletions":20}}},{"hash":"78d913c727e657c9a40eb9bbb5db2f7a667cdccf","messageTitle":"update hyperlink","messageBody":"","fileTypesAndContributionMap":{"docs":{"insertions":44,"deletions":44}}},{"hash":"adb9d9cb1e79eeea32f37259fcd939df236c0499","messageTitle":"minor changes to UG","messageBody":"","fileTypesAndContributionMap":{"docs":{"insertions":4,"deletions":2}}},{"hash":"183edd50291277f28f3f1a78d20dd2574d0c5904","messageTitle":"added sample outputs to UG","messageBody":"","fileTypesAndContributionMap":{"docs":{"insertions":207,"deletions":16}}},{"hash":"3c2d6a496600a10fca35302cc71413bf2d4bcfdf","messageTitle":"finalised CAP Calculator UG","messageBody":"","fileTypesAndContributionMap":{"docs":{"insertions":8,"deletions":1}}}]},{"date":"2021-04-12","commitResults":[{"hash":"65aefac33fd935c6a08fea0513d4667d2b41db66","messageTitle":"added test code","messageBody":"","fileTypesAndContributionMap":{"test-code":{"insertions":115,"deletions":3}}},{"hash":"d21ab575e82f503c8ded9b0dec051690ba96b56b","messageTitle":"add more Exceptions, logging and assertions","messageBody":"","fileTypesAndContributionMap":{"functional-code":{"insertions":75,"deletions":32}}},{"hash":"ed0d6530e3e4edbc85221b514cd719bbc40e101b","messageTitle":"update DG","messageBody":"","fileTypesAndContributionMap":{"docs":{"insertions":83,"deletions":19}}},{"hash":"75e075ef9d2a329568f6abaf65cf65d557fa8257","messageTitle":"fix capitalisation problem","messageBody":"","fileTypesAndContributionMap":{"functional-code":{"insertions":4,"deletions":1},"docs":{"insertions":78,"deletions":0}}},{"hash":"9fdced5a445a34f81ca5e6dcc9ddbb8863a640cf","messageTitle":"updates to Cap Calculator DG","messageBody":"","fileTypesAndContributionMap":{"docs":{"insertions":258,"deletions":88}}},{"hash":"8c2dc6ce8ce3800e46045f91be7d8e83a151bac9","messageTitle":"code quality CAP Calculator","messageBody":"","fileTypesAndContributionMap":{"functional-code":{"insertions":32,"deletions":72},"docs":{"insertions":1,"deletions":1}}},{"hash":"83e486989470a1083f5bc782afc7187c5914fbd6","messageTitle":"change about us PPP link","messageBody":"","fileTypesAndContributionMap":{"functional-code":{"insertions":4,"deletions":5},"docs":{"insertions":1,"deletions":1}}},{"hash":"557cde89d9e09c6c323f11459da2eef47f15399b","messageTitle":"soe paing\u0027s PPP","messageBody":"","fileTypesAndContributionMap":{"docs":{"insertions":29,"deletions":23}}}]}]},"authorFileTypeContributionMap":{"douglaslewpc":{"docs":342,"functional-code":865,"test-code":17},"rageqqq":{"docs":437,"functional-code":635,"test-code":15},"fangxinjia0203":{"docs":70,"functional-code":345,"test-code":26},"soepaingzaw":{"docs":1014,"functional-code":1333,"test-code":136,"other":343}},"authorContributionVariance":{"douglaslewpc":19389.666,"rageqqq":14441.258,"fangxinjia0203":6931.5977,"soepaingzaw":96380.76},"authorDisplayNameMap":{"douglaslewpc":"CS2113T-T09-3 LEW ..GLAS","rageqqq":"CS2113T-T09-3 CHES..ERNG","fangxinjia0203":"CS2113T-T09-3 FANG..NJIA","soepaingzaw":"CS2113T-T09-3 SOE .. ZAW"}}
