{"authorDailyContributionsMap":{"lamzf1998":[],"e0699194":[{"date":"2021-03-10","commitResults":[{"hash":"0c0e48316c8ed4fe800c8cf62cbec7f6ffc21886","messageTitle":"Changed directory of DiliverTest.java","messageBody":"","fileTypesAndContributionMap":{"other":{"insertions":0,"deletions":0}}},{"hash":"3a36eebe15595a31baf3ff81591f8bbeb5c54d05","messageTitle":"Added original tP directory for main and test (..//java/seedu/duke)","messageBody":"","fileTypesAndContributionMap":{"other":{"insertions":0,"deletions":0}}},{"hash":"7fab1f490051a75a9e9decf8cc0431b81ce8b874","messageTitle":"Renamed DeliveriTest.java and Deliviri.java to DukeTest.java and Duke.java respectively","messageBody":"","fileTypesAndContributionMap":{"other":{"insertions":2,"deletions":2}}},{"hash":"8761d8b993698386be9253b86301a3b450a160a8","messageTitle":"Renamed package seedu.duke","messageBody":"","fileTypesAndContributionMap":{"functional-code":{"insertions":2,"deletions":0}}}]}],"averliz":[{"date":"2021-03-13","commitResults":[{"hash":"6db8c946b5555d5187ad8f806f9119b7b2e5da72","messageTitle":"Updated the Parser class and updated Duke Main to test parser!","messageBody":"","fileTypesAndContributionMap":{"functional-code":{"insertions":84,"deletions":2}}}]}],"ManikaHennedige":[{"date":"2021-03-07","commitResults":[{"hash":"c2f04074ac4cbf54ac84b52b476af8ee96e1c9c4","messageTitle":"Add skeleton for Diliveri","messageBody":"","fileTypesAndContributionMap":{"functional-code":{"insertions":85,"deletions":0},"other":{"insertions":2,"deletions":4},"docs":{"insertions":6,"deletions":6}}}]},{"date":"2021-03-11","commitResults":[{"hash":"7773d6c0b0177247e943322b5a4cb4cd67b25f3c","messageTitle":"Add package name","messageBody":"","fileTypesAndContributionMap":{"functional-code":{"insertions":10,"deletions":0}}},{"hash":"2b19984dd337d58d8ccd6628e1026d44747a7652","messageTitle":"Add finalized structure","messageBody":"","fileTypesAndContributionMap":{"functional-code":{"insertions":17,"deletions":8}}}]}],"JethroPhuah":[{"date":"2021-03-12","commitResults":[{"hash":"690a0522414b00e1812dde8b58207fbba5b3178d","messageTitle":"Update Delivery and Item class","messageBody":"","fileTypesAndContributionMap":{"functional-code":{"insertions":64,"deletions":3}}},{"hash":"b2f812c71bfecde3ce2e5d64c4dafb21efcbc01c","messageTitle":"Update test","messageBody":"","fileTypesAndContributionMap":{"functional-code":{"insertions":1,"deletions":0}}}]}]},"authorFileTypeContributionMap":{"lamzf1998":{"docs":0,"functional-code":0,"test-code":0},"e0699194":{"docs":0,"functional-code":0,"test-code":0},"averliz":{"docs":0,"functional-code":84,"test-code":0},"ManikaHennedige":{"docs":6,"functional-code":101,"test-code":0},"JethroPhuah":{"docs":0,"functional-code":65,"test-code":0}},"authorContributionVariance":{"lamzf1998":0.0,"e0699194":3.5555556,"averliz":730.4691,"ManikaHennedige":1079.7778,"JethroPhuah":456.69128},"authorDisplayNameMap":{"lamzf1998":"CS2113-W10-1 LAM .. FAH","e0699194":"CS2113-W10-1 LOW ..LVIN","averliz":"CS2113-W10-1 JERE.. PNG","ManikaHennedige":"CS2113-W10-1 KALA..DIGE","JethroPhuah":"CS2113-W10-1 JETH..PING"}}
