{"authorDailyContributionsMap":{"lamzf1998":[],"e0699194":[{"date":"2021-03-10","commitResults":[{"hash":"0c0e48316c8ed4fe800c8cf62cbec7f6ffc21886","messageTitle":"Changed directory of DiliverTest.java","messageBody":"","fileTypesAndContributionMap":{"other":{"insertions":0,"deletions":0}}},{"hash":"3a36eebe15595a31baf3ff81591f8bbeb5c54d05","messageTitle":"Added original tP directory for main and test (..//java/seedu/duke)","messageBody":"","fileTypesAndContributionMap":{"other":{"insertions":0,"deletions":0}}},{"hash":"7fab1f490051a75a9e9decf8cc0431b81ce8b874","messageTitle":"Renamed DeliveriTest.java and Deliviri.java to DukeTest.java and Duke.java respectively","messageBody":"","fileTypesAndContributionMap":{"other":{"insertions":2,"deletions":2}}},{"hash":"8761d8b993698386be9253b86301a3b450a160a8","messageTitle":"Renamed package seedu.duke","messageBody":"","fileTypesAndContributionMap":{"functional-code":{"insertions":2,"deletions":0}}}]},{"date":"2021-03-15","commitResults":[{"hash":"026bb07377b1a2340072f5c5d079dccd3e765507","messageTitle":"Added DataManager class, ability to load and save user profile from txt file.","messageBody":"","fileTypesAndContributionMap":{"functional-code":{"insertions":71,"deletions":6}}},{"hash":"ef95de64d67eb42a37ba61abadaab2957af116bc","messageTitle":"Added method to edit user profile","messageBody":"","fileTypesAndContributionMap":{"functional-code":{"insertions":43,"deletions":18}}}]}],"averliz":[{"date":"2021-03-13","commitResults":[{"hash":"6db8c946b5555d5187ad8f806f9119b7b2e5da72","messageTitle":"Updated the Parser class and updated Duke Main to test parser!","messageBody":"","fileTypesAndContributionMap":{"functional-code":{"insertions":84,"deletions":2}}}]}],"ManikaHennedige":[{"date":"2021-03-07","commitResults":[{"hash":"c2f04074ac4cbf54ac84b52b476af8ee96e1c9c4","messageTitle":"Add skeleton for Diliveri","messageBody":"","fileTypesAndContributionMap":{"functional-code":{"insertions":85,"deletions":0},"other":{"insertions":2,"deletions":4},"docs":{"insertions":6,"deletions":6}}}]},{"date":"2021-03-11","commitResults":[{"hash":"7773d6c0b0177247e943322b5a4cb4cd67b25f3c","messageTitle":"Add package name","messageBody":"","fileTypesAndContributionMap":{"functional-code":{"insertions":10,"deletions":0}}},{"hash":"2b19984dd337d58d8ccd6628e1026d44747a7652","messageTitle":"Add finalized structure","messageBody":"","fileTypesAndContributionMap":{"functional-code":{"insertions":17,"deletions":8}}}]},{"date":"2021-03-13","commitResults":[{"hash":"d37546337b6790e796005fd0e6c0458fd92b8de9","messageTitle":"Add changes to Duke.java and Ui.java only","messageBody":"","fileTypesAndContributionMap":{"functional-code":{"insertions":103,"deletions":14}}},{"hash":"7662c7d1b38d572b9500afa92feb3aa218747f05","messageTitle":"Finalize structure - Edited Duke.java, Parser.java, Ui.java - rectified merge conflicts with previous push","messageBody":"","fileTypesAndContributionMap":{"functional-code":{"insertions":58,"deletions":27}}}]},{"date":"2021-03-15","commitResults":[{"hash":"9f6e627de5f66dbbaa77b0b494fb998878a6b4e9","messageTitle":"Update Delivery.java to include boolean isComplete, setDeliveryAsComplete() and override toString(). Remove redundant method from DeliveryList.java","messageBody":"","fileTypesAndContributionMap":{"functional-code":{"insertions":30,"deletions":3}}},{"hash":"12b20703b8f3e109787b1d8efd1f08de148db8f3","messageTitle":"Update Parser.java to return values back to Ui. Improve Ui.java","messageBody":"","fileTypesAndContributionMap":{"functional-code":{"insertions":44,"deletions":34}}},{"hash":"0df34b591a5905da37c21ed53d9d1f617965ea36","messageTitle":"Add more specific todos, add showProfile() in UI, instantiate Deliveryman in Duke","messageBody":"","fileTypesAndContributionMap":{"functional-code":{"insertions":18,"deletions":0}}}]}],"JethroPhuah":[{"date":"2021-03-12","commitResults":[{"hash":"690a0522414b00e1812dde8b58207fbba5b3178d","messageTitle":"Update Delivery and Item class","messageBody":"","fileTypesAndContributionMap":{"functional-code":{"insertions":64,"deletions":3}}},{"hash":"b2f812c71bfecde3ce2e5d64c4dafb21efcbc01c","messageTitle":"Update test","messageBody":"","fileTypesAndContributionMap":{"functional-code":{"insertions":1,"deletions":0}}}]}]},"authorFileTypeContributionMap":{"lamzf1998":{"docs":0,"functional-code":0,"test-code":0},"e0699194":{"docs":0,"functional-code":109,"test-code":0},"averliz":{"docs":0,"functional-code":42,"test-code":0},"ManikaHennedige":{"docs":6,"functional-code":303,"test-code":0},"JethroPhuah":{"docs":0,"functional-code":65,"test-code":0}},"authorContributionVariance":{"lamzf1998":0.0,"e0699194":1563.1735,"averliz":611.2397,"ManikaHennedige":4480.231,"JethroPhuah":382.1488},"authorDisplayNameMap":{"lamzf1998":"CS2113-W10-1 LAM .. FAH","e0699194":"CS2113-W10-1 LOW ..LVIN","averliz":"CS2113-W10-1 JERE.. PNG","ManikaHennedige":"CS2113-W10-1 KALA..DIGE","JethroPhuah":"CS2113-W10-1 JETH..PING"}}
