{"authorDailyContributionsMap":{"lamzf1998":[{"date":"2021-03-16","commitResults":[{"hash":"cbe442e4086b75638698bfd9247fc1b59316655e","messageTitle":"Update DeliveryList","messageBody":"","fileTypesAndContributionMap":{"functional-code":{"insertions":40,"deletions":6}}}]}],"e0699194":[{"date":"2021-03-10","commitResults":[{"hash":"0c0e48316c8ed4fe800c8cf62cbec7f6ffc21886","messageTitle":"Changed directory of DiliverTest.java","messageBody":"","fileTypesAndContributionMap":{"other":{"insertions":0,"deletions":0}}},{"hash":"3a36eebe15595a31baf3ff81591f8bbeb5c54d05","messageTitle":"Added original tP directory for main and test (..//java/seedu/duke)","messageBody":"","fileTypesAndContributionMap":{"other":{"insertions":0,"deletions":0}}},{"hash":"7fab1f490051a75a9e9decf8cc0431b81ce8b874","messageTitle":"Renamed DeliveriTest.java and Deliviri.java to DukeTest.java and Duke.java respectively","messageBody":"","fileTypesAndContributionMap":{"other":{"insertions":2,"deletions":2}}},{"hash":"8761d8b993698386be9253b86301a3b450a160a8","messageTitle":"Renamed package seedu.duke","messageBody":"","fileTypesAndContributionMap":{"functional-code":{"insertions":2,"deletions":0}}}]},{"date":"2021-03-15","commitResults":[{"hash":"026bb07377b1a2340072f5c5d079dccd3e765507","messageTitle":"Added DataManager class, ability to load and save user profile from txt file.","messageBody":"","fileTypesAndContributionMap":{"functional-code":{"insertions":71,"deletions":6}}},{"hash":"ef95de64d67eb42a37ba61abadaab2957af116bc","messageTitle":"Added method to edit user profile","messageBody":"","fileTypesAndContributionMap":{"functional-code":{"insertions":43,"deletions":18}}}]},{"date":"2021-03-29","commitResults":[{"hash":"1d9c9deb98deaadd1198bb4981bdc329e6115508","messageTitle":"Added methods to sort routes and print list of routes by shortest distance","messageBody":"","fileTypesAndContributionMap":{"functional-code":{"insertions":69,"deletions":2}}}]},{"date":"2021-03-30","commitResults":[{"hash":"acbd88686895fea24e976e5c1d2bcab512013454","messageTitle":"Fixed UiTest failing issue","messageBody":"","fileTypesAndContributionMap":{"test-code":{"insertions":3,"deletions":3}}},{"hash":"8cab944af58e072520f9aff2fa708ffc61109873","messageTitle":"Modified printMap method in Ui.java to print only address plus arrow","messageBody":"","fileTypesAndContributionMap":{"functional-code":{"insertions":15,"deletions":3}}}]},{"date":"2021-04-06","commitResults":[{"hash":"fe18239594341c1e04d7511e249da15274e2b07d","messageTitle":"Fixed no input error. Deliviri is now able to handle when user enters a blank string.","messageBody":"","fileTypesAndContributionMap":{"functional-code":{"insertions":2,"deletions":0}}},{"hash":"55ccdd7cb10673336336199e01e611380c79bacb","messageTitle":"Fixed issue where commands take in more parameters when not needed","messageBody":"","fileTypesAndContributionMap":{"functional-code":{"insertions":25,"deletions":13}}},{"hash":"af4a5ecfe62908a9aa4208e68259b137e8925df9","messageTitle":"Added Menu class for showLoopingMenuUntiExit","messageBody":"","fileTypesAndContributionMap":{"functional-code":{"insertions":85,"deletions":67}}}]}],"averliz":[{"date":"2021-03-13","commitResults":[{"hash":"6db8c946b5555d5187ad8f806f9119b7b2e5da72","messageTitle":"Updated the Parser class and updated Duke Main to test parser!","messageBody":"","fileTypesAndContributionMap":{"functional-code":{"insertions":84,"deletions":2}}}]},{"date":"2021-03-30","commitResults":[{"hash":"282ce2a71cf7ea86345c0b14475bbbc221b4501a","messageTitle":"Updated User Guide for 3 functions - help, profile and editprofile","messageBody":"","fileTypesAndContributionMap":{"docs":{"insertions":26,"deletions":0}}},{"hash":"7ba5ce8651a6cace34349f5e8e2eae2599883962","messageTitle":"Updated Ui file - Help Message","messageBody":"","fileTypesAndContributionMap":{"functional-code":{"insertions":3,"deletions":2}}},{"hash":"4b229ac51a61a83fd988ef14fe403fd0e6e6e17e","messageTitle":"Updated DG to add guide for List method and added the respective UML diagram","messageBody":"","fileTypesAndContributionMap":{"docs":{"insertions":42,"deletions":1}}}]},{"date":"2021-03-31","commitResults":[{"hash":"6401ac609e431ccc3f6fe37e830e10a4edd3b0b0","messageTitle":"Updated Introduction for DG","messageBody":"","fileTypesAndContributionMap":{"docs":{"insertions":7,"deletions":2}}}]}],"ManikaHennedige":[{"date":"2021-03-07","commitResults":[{"hash":"c2f04074ac4cbf54ac84b52b476af8ee96e1c9c4","messageTitle":"Add skeleton for Diliveri","messageBody":"","fileTypesAndContributionMap":{"functional-code":{"insertions":85,"deletions":0},"other":{"insertions":2,"deletions":4},"docs":{"insertions":6,"deletions":6}}}]},{"date":"2021-03-11","commitResults":[{"hash":"7773d6c0b0177247e943322b5a4cb4cd67b25f3c","messageTitle":"Add package name","messageBody":"","fileTypesAndContributionMap":{"functional-code":{"insertions":10,"deletions":0}}},{"hash":"2b19984dd337d58d8ccd6628e1026d44747a7652","messageTitle":"Add finalized structure","messageBody":"","fileTypesAndContributionMap":{"functional-code":{"insertions":17,"deletions":8}}}]},{"date":"2021-03-13","commitResults":[{"hash":"d37546337b6790e796005fd0e6c0458fd92b8de9","messageTitle":"Add changes to Duke.java and Ui.java only","messageBody":"","fileTypesAndContributionMap":{"functional-code":{"insertions":103,"deletions":14}}},{"hash":"7662c7d1b38d572b9500afa92feb3aa218747f05","messageTitle":"Finalize structure - Edited Duke.java, Parser.java, Ui.java - rectified merge conflicts with previous push","messageBody":"","fileTypesAndContributionMap":{"functional-code":{"insertions":58,"deletions":27}}}]},{"date":"2021-03-15","commitResults":[{"hash":"9f6e627de5f66dbbaa77b0b494fb998878a6b4e9","messageTitle":"Update Delivery.java to include boolean isComplete, setDeliveryAsComplete() and override toString(). Remove redundant method from DeliveryList.java","messageBody":"","fileTypesAndContributionMap":{"functional-code":{"insertions":30,"deletions":3}}},{"hash":"12b20703b8f3e109787b1d8efd1f08de148db8f3","messageTitle":"Update Parser.java to return values back to Ui. Improve Ui.java","messageBody":"","fileTypesAndContributionMap":{"functional-code":{"insertions":44,"deletions":34}}},{"hash":"0df34b591a5905da37c21ed53d9d1f617965ea36","messageTitle":"Add more specific todos, add showProfile() in UI, instantiate Deliveryman in Duke","messageBody":"","fileTypesAndContributionMap":{"functional-code":{"insertions":18,"deletions":0}}}]},{"date":"2021-03-16","commitResults":[{"hash":"11f5a8b449e2611106208e8e8641a6b222e00b1e","messageTitle":"Override toString() for Item and print item details when viewing delivery details","messageBody":"","fileTypesAndContributionMap":{"functional-code":{"insertions":26,"deletions":8}}},{"hash":"98b4b921b4fb9819f0b3940b2279df4b38ca2a51","messageTitle":"Include Ui method for marking a delivery as complete","messageBody":"","fileTypesAndContributionMap":{"functional-code":{"insertions":14,"deletions":15}}},{"hash":"27d99a9e8c8e4bb582db13b3c8fa44989a31c7b6","messageTitle":"Add final touches","messageBody":"","fileTypesAndContributionMap":{"functional-code":{"insertions":9,"deletions":14}}},{"hash":"5937953e0c6a312f9aee66656fef600379c410a2","messageTitle":"Standardize location of all .txt files","messageBody":"","fileTypesAndContributionMap":{"functional-code":{"insertions":1,"deletions":1}}}]},{"date":"2021-03-21","commitResults":[{"hash":"a066c7492e2e936a0de0843c0cf33cbdbd0408be","messageTitle":"Reorganize DeliveryList class - file loading was relocated to the DataManager class Remove unnecessary imports Rename .delivery.txt Clean up code ready - completed some todos Ready for v2.0 progress","messageBody":"","fileTypesAndContributionMap":{"functional-code":{"insertions":84,"deletions":68}}},{"hash":"8f2d126696a47639a5f578005015353a5d0a83b3","messageTitle":"Update Deliveryman to include a maximum weight","messageBody":"","fileTypesAndContributionMap":{"functional-code":{"insertions":35,"deletions":18}}},{"hash":"565d01c7268d662eab0a8de95f72a1481a3df021","messageTitle":"Add smart ability of Duke to only load the allowable weight of deliveries into the DeliveryList","messageBody":"","fileTypesAndContributionMap":{"functional-code":{"insertions":21,"deletions":19}}},{"hash":"2713410d076961af64b64e680f1d1a624b687b16","messageTitle":"Add new function \u0027record\u0027 which displays list of completed deliveries with corresponding amount earned Add new .txt file containing unique locations and their associated distances and delivery fees (routes) Add new class Route which contains various locaitons with associated delivery fees and distances (can be changed later) Use left outer join to get delivery fees and distance associated with each delivery Clean up Ui to redirect some methods previously contained in showCompletedDelivery()","messageBody":"","fileTypesAndContributionMap":{"functional-code":{"insertions":115,"deletions":7}}}]},{"date":"2021-03-22","commitResults":[{"hash":"be14ec6f0e77e02a6f6be37d7bf04648ac2e24f9","messageTitle":"Correct minor issue of wrong numbering of list shown in showRecords() Add documentation","messageBody":"","fileTypesAndContributionMap":{"functional-code":{"insertions":57,"deletions":2}}}]},{"date":"2021-03-23","commitResults":[{"hash":"3667472288c6abf83f35a7cd237087cb8010670d","messageTitle":"Add new DG documentation for the feature: records","messageBody":"","fileTypesAndContributionMap":{"docs":{"insertions":51,"deletions":0}}},{"hash":"a454217edbb020a0cfe3ca4f64962342424df319","messageTitle":"Change location of Style.puml to allow for easier collaboration","messageBody":"","fileTypesAndContributionMap":{"docs":{"insertions":1,"deletions":1}}}]},{"date":"2021-03-27","commitResults":[{"hash":"25e72a315570be77d7c8fe246c73c8d4a98b173d","messageTitle":"Merge my DG contribution to the DG file","messageBody":"","fileTypesAndContributionMap":{"docs":{"insertions":37,"deletions":35}}},{"hash":"004651a0dae3afcabe37d67f9804d95f9d46b5c1","messageTitle":"Add test code - Issue with UiTest.java - seems to be failing for no reason","messageBody":"","fileTypesAndContributionMap":{"test-code":{"insertions":104,"deletions":0}}}]},{"date":"2021-03-30","commitResults":[{"hash":"87c6d707c96453472cfdc3af8056e0a6b4d227fc","messageTitle":"Update UG for v2.0","messageBody":"","fileTypesAndContributionMap":{"docs":{"insertions":56,"deletions":21}}}]},{"date":"2021-04-05","commitResults":[{"hash":"3925719e1b22cfab64d5108b20120100e31cc40e","messageTitle":"Add DeliveryOutOfBoundsException to catch errors mentioned in PE - rectifies  #89, #102, #103, #104, #112","messageBody":"","fileTypesAndContributionMap":{"functional-code":{"insertions":58,"deletions":28}}}]},{"date":"2021-04-06","commitResults":[{"hash":"4b95f44f0d4c1248600707e13d95613f451082f5","messageTitle":"Save deliveries after delivery is marked as complete - user can continue after quitting the app. Corresponding tests also adapted. Rectify issue #113","messageBody":"","fileTypesAndContributionMap":{"functional-code":{"insertions":64,"deletions":4},"test-code":{"insertions":2,"deletions":2}}}]}],"JethroPhuah":[{"date":"2021-03-12","commitResults":[{"hash":"690a0522414b00e1812dde8b58207fbba5b3178d","messageTitle":"Update Delivery and Item class","messageBody":"","fileTypesAndContributionMap":{"functional-code":{"insertions":64,"deletions":3}}},{"hash":"b2f812c71bfecde3ce2e5d64c4dafb21efcbc01c","messageTitle":"Update test","messageBody":"","fileTypesAndContributionMap":{"functional-code":{"insertions":1,"deletions":0}}}]}]},"authorFileTypeContributionMap":{"lamzf1998":{"docs":0,"functional-code":1,"test-code":0},"e0699194":{"docs":0,"functional-code":225,"test-code":3},"averliz":{"docs":66,"functional-code":37,"test-code":0},"ManikaHennedige":{"docs":115,"functional-code":659,"test-code":101},"JethroPhuah":{"docs":0,"functional-code":44,"test-code":0}},"authorContributionVariance":{"lamzf1998":62.17817,"e0699194":1694.9056,"averliz":366.2884,"ManikaHennedige":6182.9766,"JethroPhuah":135.8751},"authorDisplayNameMap":{"lamzf1998":"CS2113-W10-1 LAM .. FAH","e0699194":"CS2113-W10-1 LOW ..LVIN","averliz":"CS2113-W10-1 JERE.. PNG","ManikaHennedige":"CS2113-W10-1 KALA..DIGE","JethroPhuah":"CS2113-W10-1 JETH..PING"}}
