{"authorDailyContributionsMap":{"951553394":[{"date":"2021-03-08","commitResults":[{"hash":"4e1fd0f26c7ac1d264f9dd8c07765e9095b71d4f","messageTitle":"change about us","messageBody":"","fileTypesAndContributionMap":{"docs":{"insertions":1,"deletions":1}}},{"hash":"aefbc3a8d56a7cd0261b5c6375ebe21c63bcf553","messageTitle":"change about us","messageBody":"","fileTypesAndContributionMap":{"docs":{"insertions":1,"deletions":1}}},{"hash":"1316c98ac0ea3c2fa24ac92dde9b6d23f0774f50","messageTitle":"change about us","messageBody":"","fileTypesAndContributionMap":{"docs":{"insertions":1,"deletions":1}}},{"hash":"f41ea1af2a8ae5343a9952d89471b91e0247ff97","messageTitle":"change about us","messageBody":"","fileTypesAndContributionMap":{"docs":{"insertions":1,"deletions":1}}}]},{"date":"2021-03-10","commitResults":[{"hash":"d1ad049c1ea52981b1c74fc9e299900e1904ce6a","messageTitle":"Update Qixing Delete Item","messageBody":"","fileTypesAndContributionMap":{"functional-code":{"insertions":44,"deletions":0}}},{"hash":"946463cdb2288284f932e39315b12c47cdb4df8e","messageTitle":"Update Qixing Delete Item","messageBody":"","fileTypesAndContributionMap":{"functional-code":{"insertions":4,"deletions":3},"test-code":{"insertions":10,"deletions":0}}},{"hash":"3e4568621b2dd730c5440ed8876f32f21546d868","messageTitle":"Update Qixing Delete Item format","messageBody":"","fileTypesAndContributionMap":{"functional-code":{"insertions":1,"deletions":1}}},{"hash":"23f70f2b4434611199230fb6cc782bd92423a6e1","messageTitle":"Update Qixing Delete Item format","messageBody":"","fileTypesAndContributionMap":{"functional-code":{"insertions":8,"deletions":0}}},{"hash":"b5da2090c1b649f0615e433c02c0d7fbbe6ef72a","messageTitle":"Update Qixing Delete Item JUnit","messageBody":"","fileTypesAndContributionMap":{"test-code":{"insertions":11,"deletions":0}}},{"hash":"b8367d12c2cc47041cdd204f740adc51add37e12","messageTitle":"Update Qixing Delete Item JUnit","messageBody":"","fileTypesAndContributionMap":{"functional-code":{"insertions":2,"deletions":1}}}]},{"date":"2021-03-11","commitResults":[{"hash":"ade8f4fabfcb23e841da41a0f2dff3dccb4a91c4","messageTitle":"Update Qixing Delete Item - added getitem from index - modified delete command - updated Ui","messageBody":"","fileTypesAndContributionMap":{"functional-code":{"insertions":7,"deletions":4}}}]},{"date":"2021-03-15","commitResults":[{"hash":"ca93fc4acc4332d8f4659f69506182b2e9619dee","messageTitle":"Update Qixiong UserGuide for Delete Item","messageBody":"","fileTypesAndContributionMap":{"docs":{"insertions":3,"deletions":5}}},{"hash":"84d813ca289e9abe5927b45c8190f3e916a934ed","messageTitle":"Update Qixiong UserGuide for Delete Item","messageBody":"","fileTypesAndContributionMap":{"docs":{"insertions":5,"deletions":5}}},{"hash":"0015e3d25511a33e8769b243e95e968aacf2abcc","messageTitle":"Update Qixiong UserGuide for Delete Item","messageBody":"","fileTypesAndContributionMap":{"docs":{"insertions":2,"deletions":2}}},{"hash":"f89b269d9ee91844fb5ef08ee9b5278679288808","messageTitle":"Update Qixiong UserGuide for Delete Item","messageBody":"","fileTypesAndContributionMap":{"docs":{"insertions":3,"deletions":3}}},{"hash":"51758629592dec344a7407a3bf58b7099fbed79b","messageTitle":"Update Qixiong UserGuide for Delete Item","messageBody":"","fileTypesAndContributionMap":{"docs":{"insertions":1,"deletions":3}}}]},{"date":"2021-03-17","commitResults":[{"hash":"aedb126a860dde45b083a82a4d3e81c622fca714","messageTitle":"Update Qixiong Assertion for Delete Item","messageBody":"","fileTypesAndContributionMap":{"functional-code":{"insertions":2,"deletions":0}}}]},{"date":"2021-03-22","commitResults":[{"hash":"6774e25945f8850ebaa41a760abd1ef3b5c77fbe","messageTitle":"Update Qixiong ItemsFind + UI","messageBody":"","fileTypesAndContributionMap":{"functional-code":{"insertions":84,"deletions":21}}},{"hash":"9232d32ea08574c612194c17a09f2697e94f33f2","messageTitle":"Update Qixiong OrdersFind","messageBody":"","fileTypesAndContributionMap":{"functional-code":{"insertions":40,"deletions":6}}}]},{"date":"2021-03-23","commitResults":[{"hash":"d578f5e6dcd7158a67038476d7d507eb08d73564","messageTitle":"Update Qixiong OrdersFind + UG + DG","messageBody":"","fileTypesAndContributionMap":{"functional-code":{"insertions":138,"deletions":43},"docs":{"insertions":43,"deletions":8}}}]},{"date":"2021-03-24","commitResults":[{"hash":"47f3362b4e162b5a215117c3893e23158bb5cb29","messageTitle":"Update Qixiong draft version of DG","messageBody":"","fileTypesAndContributionMap":{"docs":{"insertions":15,"deletions":11}}}]},{"date":"2021-03-25","commitResults":[{"hash":"dbced51c8368beefbcfdbd1068b16586e9c71cba","messageTitle":"Update Qixiong repeated items and order input","messageBody":"","fileTypesAndContributionMap":{"functional-code":{"insertions":58,"deletions":35}}},{"hash":"5cc8caa3df484c95d1af112e53b529881bcdd7cc","messageTitle":"Minor Update Qixiong repeated items and order input formatting","messageBody":"","fileTypesAndContributionMap":{"functional-code":{"insertions":48,"deletions":10}}},{"hash":"3c9537393c3ba47015a1a5ffc3b79140455bcc44","messageTitle":"Minor Update in reply message for repeated order","messageBody":"","fileTypesAndContributionMap":{"functional-code":{"insertions":3,"deletions":2}}},{"hash":"b844ca5a02bd6b8ef11fe056962a4df976685f78","messageTitle":"Minor Update in reply message for repeated order","messageBody":"","fileTypesAndContributionMap":{"functional-code":{"insertions":2,"deletions":1}}}]},{"date":"2021-03-29","commitResults":[{"hash":"15e37517a6bcaebc8e1ec3321fb89e17b9d42f07","messageTitle":"Update in comment headers and nonNumeric format exceptions in ItemsAddCommand","messageBody":"","fileTypesAndContributionMap":{"functional-code":{"insertions":179,"deletions":28}}},{"hash":"ed62ffe8587ad27446cf5f1a98e5119581bee41d","messageTitle":"Update in comment headers and nonNumeric format exceptions","messageBody":"","fileTypesAndContributionMap":{"functional-code":{"insertions":55,"deletions":30}}},{"hash":"36dd194ce298e6127034b893bfb041ccea026d6f","messageTitle":"Update in comment headers and nonNumeric format exceptions","messageBody":"","fileTypesAndContributionMap":{"functional-code":{"insertions":2,"deletions":2}}}]},{"date":"2021-03-31","commitResults":[{"hash":"3029a98268cef8f805b3934372ca2562e5e9c29d","messageTitle":"Update in delete with name update in exception when deleted name is not found in item list","messageBody":"","fileTypesAndContributionMap":{"functional-code":{"insertions":47,"deletions":9}}},{"hash":"f4c3514ab476f9df1138507581c2fde977df77eb","messageTitle":"Update in delete with name update in exception when deleted name is not found in item list update headers comments","messageBody":"","fileTypesAndContributionMap":{"functional-code":{"insertions":5,"deletions":0}}},{"hash":"b0e2c3335bef51b56f0209fb91dcd9c43ce8f934","messageTitle":"Update in delete with name update in exception when deleted name is not found in item list update headers comments","messageBody":"","fileTypesAndContributionMap":{"functional-code":{"insertions":3,"deletions":3}}},{"hash":"b3c47284c96026e1346507c1e58207fdb1474cdc","messageTitle":"Update in delete with name update in exception when deleted name is not found in item list update headers comments","messageBody":"","fileTypesAndContributionMap":{"functional-code":{"insertions":0,"deletions":2}}},{"hash":"fe58962f7eedf5dd40629d93fab2634b7953fd66","messageTitle":"Update in delete with name update in exception when deleted name is not found in item list update headers comments","messageBody":"","fileTypesAndContributionMap":{"test-code":{"insertions":3,"deletions":1}}},{"hash":"d2c038338bae93799467ce38d06fd52bbe671d58","messageTitle":"update ug for items delete update message for items delete","messageBody":"","fileTypesAndContributionMap":{"functional-code":{"insertions":4,"deletions":2},"docs":{"insertions":21,"deletions":6}}}]},{"date":"2021-04-10","commitResults":[{"hash":"3231c073949ddce67a69bdc3d6653dec310a7ba8","messageTitle":"update delete items by index","messageBody":"","fileTypesAndContributionMap":{"functional-code":{"insertions":6,"deletions":14}}},{"hash":"8b4fd08391a0de1a1c255260fa9aee3d69fc7142","messageTitle":"update UG for delete items by index update UG for delete items find","messageBody":"","fileTypesAndContributionMap":{"docs":{"insertions":25,"deletions":41}}},{"hash":"23482163db43df2e40b5f3a5997a10c0a90fa9c9","messageTitle":"minor update UG for delete items by index","messageBody":"","fileTypesAndContributionMap":{"docs":{"insertions":1,"deletions":1}}},{"hash":"f0bfe2660c1cb94a67348bfba316e4fb1f45a987","messageTitle":"update readme for easylog","messageBody":"","fileTypesAndContributionMap":{"docs":{"insertions":7,"deletions":5}}},{"hash":"f33a3b6eddfff3975475e0586af547bcec1c86c6","messageTitle":"update tests in DG added Junit tests in constants","messageBody":"","fileTypesAndContributionMap":{"docs":{"insertions":17,"deletions":3},"test-code":{"insertions":14,"deletions":0}}},{"hash":"dcf1efcb1ce258c93df84648159fab221d09a2b7","messageTitle":"minor update tests in DG","messageBody":"","fileTypesAndContributionMap":{"docs":{"insertions":1,"deletions":1}}},{"hash":"2478e0023ed87145fb57d7fa4df3fc7ff2d405a6","messageTitle":"minor update tests in DG","messageBody":"","fileTypesAndContributionMap":{"docs":{"insertions":1,"deletions":1}}},{"hash":"2825c2050ae9ce1c92d04e1470f5c8d1e5576b76","messageTitle":"minor update tests in DG","messageBody":"","fileTypesAndContributionMap":{"docs":{"insertions":1,"deletions":1}}}]}],"ongweisheng":[{"date":"2021-03-08","commitResults":[{"hash":"fef96d854f55fcd5f9fb6d2259ba78cf5e6a1ea9","messageTitle":"Rename to project name","messageBody":"","fileTypesAndContributionMap":{"other":{"insertions":4,"deletions":4}}},{"hash":"3b1b3f747df2b96c3c6e5258ed56f204551301df","messageTitle":"Add packages and classes base","messageBody":"","fileTypesAndContributionMap":{"functional-code":{"insertions":45,"deletions":0}}},{"hash":"1a0445c2b17117a24f81992335f450e6685be3cc","messageTitle":"Add greeting and goodbye","messageBody":"","fileTypesAndContributionMap":{"functional-code":{"insertions":18,"deletions":10}}},{"hash":"2c5869dd13d4a0f56171d04f60533a0c723bf340","messageTitle":"Add Item Class","messageBody":"","fileTypesAndContributionMap":{"functional-code":{"insertions":10,"deletions":0}}},{"hash":"8b3a1b1bdbb17b0cfdec0cd92c910d7257200d68","messageTitle":"Add items add feature","messageBody":"","fileTypesAndContributionMap":{"functional-code":{"insertions":97,"deletions":0}}},{"hash":"399529267162ac8d3ac3328d22b606424c6c68c6","messageTitle":"Add more base code and classes","messageBody":"","fileTypesAndContributionMap":{"functional-code":{"insertions":59,"deletions":7}}}]},{"date":"2021-03-09","commitResults":[{"hash":"c6fe9d8535d56b695b77055d8eba9e6f0a25383a","messageTitle":"Edit to follow checkstyle format","messageBody":"","fileTypesAndContributionMap":{"functional-code":{"insertions":43,"deletions":37},"test-code":{"insertions":2,"deletions":2}}},{"hash":"97ec1eeedbb60333d9b78c8d520768406a6e9452","messageTitle":"runtest.sh fix","messageBody":"","fileTypesAndContributionMap":{"other":{"insertions":2,"deletions":2}}},{"hash":"e83bb0a25767270c0fbd38dba956eae683d53783","messageTitle":"Changed package naming","messageBody":"","fileTypesAndContributionMap":{"functional-code":{"insertions":2,"deletions":3}}},{"hash":"e093e4c7672b9a8d55225c3b65273fab44524e19","messageTitle":"Emptying directory","messageBody":"","fileTypesAndContributionMap":{"functional-code":{"insertions":0,"deletions":239},"other":{"insertions":0,"deletions":448},"docs":{"insertions":0,"deletions":172},"test-code":{"insertions":0,"deletions":12}}},{"hash":"573a957e22ae8f976649ad3fa481ef4472c99002","messageTitle":"Putting back files with correct naming","messageBody":"","fileTypesAndContributionMap":{"functional-code":{"insertions":239,"deletions":0},"other":{"insertions":448,"deletions":0},"docs":{"insertions":172,"deletions":0},"test-code":{"insertions":12,"deletions":0}}},{"hash":"8c43da28ca434b670e177b84a2589b9c16933263","messageTitle":"Fix AvoidStarImport","messageBody":"","fileTypesAndContributionMap":{"functional-code":{"insertions":1,"deletions":1}}},{"hash":"8c0cfd1a470f7c49ede22f254c058b6e564cad70","messageTitle":"JUnit test for Item Class","messageBody":"","fileTypesAndContributionMap":{"test-code":{"insertions":16,"deletions":0}}},{"hash":"b7067419c64217ab7aabeb8dbdb83c96f6b4a86a","messageTitle":"Add JUnit test file for all classes","messageBody":"","fileTypesAndContributionMap":{"test-code":{"insertions":52,"deletions":0}}},{"hash":"7489b45493c6fb2727e44dc520947bae0a46d0a0","messageTitle":"Add empty ItemManager JUnit test class","messageBody":"","fileTypesAndContributionMap":{"test-code":{"insertions":4,"deletions":0}}}]},{"date":"2021-03-10","commitResults":[{"hash":"e9e0d16deabc325c293a7dc9ae89f776fdd7a1ac","messageTitle":"Bug fix","messageBody":"","fileTypesAndContributionMap":{"functional-code":{"insertions":0,"deletions":1}}},{"hash":"9a3b96e3bcdb8ba32f1899be5c06d1d04eb4ee74","messageTitle":"Fix checkstyle problem","messageBody":"","fileTypesAndContributionMap":{"functional-code":{"insertions":1,"deletions":1}}}]},{"date":"2021-03-12","commitResults":[{"hash":"7f689c761df40555a843da86e60bba2afa012a55","messageTitle":"Fully implement items list feature","messageBody":"","fileTypesAndContributionMap":{"functional-code":{"insertions":38,"deletions":29},"test-code":{"insertions":2,"deletions":2}}},{"hash":"4944ec83619fb282b718e70760b66cd6e37f2d7f","messageTitle":"Update JUnit test","messageBody":"","fileTypesAndContributionMap":{"test-code":{"insertions":2,"deletions":2}}},{"hash":"63ccddfe7c12d88b9b8bd16dd3ad09f2a72ffeb9","messageTitle":"Add array offset to delete correct item","messageBody":"","fileTypesAndContributionMap":{"functional-code":{"insertions":4,"deletions":2}}},{"hash":"ee5f67eb26f1cbc4209363181b56ebe8bf006fef","messageTitle":"Add orders feature codebase","messageBody":"","fileTypesAndContributionMap":{"functional-code":{"insertions":77,"deletions":14}}},{"hash":"450da9f7125507589d686c2b5724c162fd34e443","messageTitle":"Fix checkstyle error","messageBody":"","fileTypesAndContributionMap":{"functional-code":{"insertions":1,"deletions":1}}},{"hash":"aaf5a828e8969f641f62147e58f6df3f1b39f9e3","messageTitle":"Add orders add feature","messageBody":"","fileTypesAndContributionMap":{"functional-code":{"insertions":85,"deletions":5}}},{"hash":"01635a106383109e174f65c403b7f708b65b13af","messageTitle":"Add JUnit test for orders add feature","messageBody":"","fileTypesAndContributionMap":{"functional-code":{"insertions":1,"deletions":2},"test-code":{"insertions":40,"deletions":1}}},{"hash":"5e9cda8537ee1650c3b02dc576c51179840f5ce1","messageTitle":"Fix checkstyle error","messageBody":"","fileTypesAndContributionMap":{"test-code":{"insertions":4,"deletions":4}}},{"hash":"9848071660f7add03379291fec07786ba39b8df8","messageTitle":"Fix VariableDeclarationUsageDistance","messageBody":"","fileTypesAndContributionMap":{"test-code":{"insertions":1,"deletions":1}}},{"hash":"8bab5d2305cebbad31ea6711ebeef1c636784656","messageTitle":"Fix testGetItemListPrintFormat()","messageBody":"","fileTypesAndContributionMap":{"test-code":{"insertions":1,"deletions":3}}},{"hash":"57ab59f038d80a8582c33a7b6742a720ee7423b6","messageTitle":"Fix test problem","messageBody":"","fileTypesAndContributionMap":{"test-code":{"insertions":4,"deletions":4}}},{"hash":"619f9e3ca3c0795e536e053a8e60c4b02cc973dd","messageTitle":"Fix check problem","messageBody":"","fileTypesAndContributionMap":{"test-code":{"insertions":1,"deletions":5}}},{"hash":"6264374fb6e9a4bc4d810a0f9564df05c7a3f580","messageTitle":"Final fix check","messageBody":"","fileTypesAndContributionMap":{"test-code":{"insertions":1,"deletions":1}}},{"hash":"0d68d95b95acae11517125e0527c74d7908fba88","messageTitle":"Removed testGetItemListPrintFormat()","messageBody":"Had to remove 1 test because of 2 tests adds items to the ArrayList in ItemManager and the test order is ran differently in ubuntu test and windows test causing different outputs which fails on either one of the tests in the Java CI.","fileTypesAndContributionMap":{"test-code":{"insertions":0,"deletions":6}}},{"hash":"f4475b7065346e7e4775a846bab8433e5114b80d","messageTitle":"Add User Guide base template","messageBody":"","fileTypesAndContributionMap":{"docs":{"insertions":173,"deletions":22}}}]},{"date":"2021-03-13","commitResults":[{"hash":"48817b589a25bd2f6a0d061ea2a87be74246483e","messageTitle":"Update User Guide","messageBody":"Updated parts\n- Intro\n- Header\n- help command\n- items command\n- items add command\n- orders command\n- orders add command\n- exit command","fileTypesAndContributionMap":{"functional-code":{"insertions":4,"deletions":7},"docs":{"insertions":81,"deletions":45}}},{"hash":"fd7d50263f2fa3d5b7e64043acd5041bf2481d13","messageTitle":"Add 2 Messages","messageBody":"","fileTypesAndContributionMap":{"functional-code":{"insertions":3,"deletions":0}}},{"hash":"9e8267023d0686a200de6e5711d334909c591ba8","messageTitle":"Update items list feature","messageBody":"Show no item list when there is no items in list","fileTypesAndContributionMap":{"functional-code":{"insertions":9,"deletions":4}}}]},{"date":"2021-03-15","commitResults":[{"hash":"6f4c04330a0ef88a0eeea20654f917b2bd1a2d26","messageTitle":"Minor bug fix","messageBody":"","fileTypesAndContributionMap":{"docs":{"insertions":1,"deletions":1}}},{"hash":"b7de6fdb0b1f75f73846e9ab19d74cfd75d77227","messageTitle":"Revert \"Update Qixiong UserGuide for Delete Item\"","messageBody":"","fileTypesAndContributionMap":{"docs":{"insertions":6,"deletions":4}}},{"hash":"c45cc8df9d8edba2c9b8b6a7d68e36000d64c6a9","messageTitle":"Minor bug fix","messageBody":"","fileTypesAndContributionMap":{"docs":{"insertions":1,"deletions":1}}},{"hash":"d5378110ef2e602b3846066057da4c27eddfa07f","messageTitle":"Add exceptions for orders add feature","messageBody":"","fileTypesAndContributionMap":{"functional-code":{"insertions":39,"deletions":8}}},{"hash":"5b82e620c20ee9911db4ae67c9a9ce1bbac8479f","messageTitle":"Fix AvoidStarImport checkstyle error","messageBody":"","fileTypesAndContributionMap":{"functional-code":{"insertions":5,"deletions":1}}},{"hash":"1906941afbb841454fac245ef2f31e6c0b77cfe9","messageTitle":"Ui update for orders add feature","messageBody":"","fileTypesAndContributionMap":{"functional-code":{"insertions":2,"deletions":1}}},{"hash":"a5cc91f5b6b6e06c6a31ff0dce0a6c774735cecf","messageTitle":"Fix OperatorWraps checkstyle error","messageBody":"","fileTypesAndContributionMap":{"functional-code":{"insertions":2,"deletions":2}}}]},{"date":"2021-03-16","commitResults":[{"hash":"187bfe72772954cafe31c0ed55117ac528a6dc2e","messageTitle":"Add assertions","messageBody":"- Item Class\n- Order Class\n- ItemsAddCommand class\n- OrdersAddCommand class","fileTypesAndContributionMap":{"functional-code":{"insertions":44,"deletions":7},"other":{"insertions":1,"deletions":0}}}]},{"date":"2021-03-17","commitResults":[{"hash":"ddf766dacef6ee4fce21118d731861c33edf4563","messageTitle":"Add exceptions for items delete","messageBody":"","fileTypesAndContributionMap":{"functional-code":{"insertions":23,"deletions":6}}},{"hash":"cab64ed1a637a40417a39ffdb450087ca2acd746","messageTitle":"Update jar file download link","messageBody":"","fileTypesAndContributionMap":{"docs":{"insertions":2,"deletions":8}}},{"hash":"cd45a9284eae6318c821842dc40e3ab1bc119548","messageTitle":"Follow Java naming convention","messageBody":"","fileTypesAndContributionMap":{"functional-code":{"insertions":20,"deletions":23}}},{"hash":"956dceee4c8bdf11b46d16bd56aa27ef00ea2b82","messageTitle":"Fix checkstyle errors","messageBody":"","fileTypesAndContributionMap":{"functional-code":{"insertions":1,"deletions":2}}},{"hash":"7acbbc72a21e2ccd61ed9627a1fa487391e5d8a5","messageTitle":"Minor ui fix","messageBody":"","fileTypesAndContributionMap":{"functional-code":{"insertions":4,"deletions":4}}}]},{"date":"2021-03-18","commitResults":[{"hash":"80a0e9dc9e3d3564042ebad503061e7a4b757c76","messageTitle":"Update user guide","messageBody":"","fileTypesAndContributionMap":{"docs":{"insertions":7,"deletions":9}}},{"hash":"3240d5dcb3108588b978650b8e6876e3b20e3f6d","messageTitle":"Update Instantiation to solve testing bug","messageBody":"Changed the instantiation method for ItemManager and OrderManager to solve testing bug","fileTypesAndContributionMap":{"functional-code":{"insertions":45,"deletions":34},"test-code":{"insertions":9,"deletions":9}}}]},{"date":"2021-03-19","commitResults":[{"hash":"7cf3e9610a354a192f47bb38eb910a441d06e58b","messageTitle":"Update user story section in DG","messageBody":"","fileTypesAndContributionMap":{"docs":{"insertions":15,"deletions":2}}},{"hash":"a0156fd01feca9224cb032948165c2ee66a394be","messageTitle":"Update Introduction section in DG","messageBody":"1.1 Software Overview\n1.2 Prerequisites\n1.3 Setting up","fileTypesAndContributionMap":{"docs":{"insertions":43,"deletions":0}}}]},{"date":"2021-03-21","commitResults":[{"hash":"43eee48800589c7676b0a8d3f0088beed4ecc5c1","messageTitle":"Fix check style bug","messageBody":"","fileTypesAndContributionMap":{"functional-code":{"insertions":2,"deletions":1}}},{"hash":"777dd36565bb2153d8de0d755f29a9df78ea3465","messageTitle":"Fix check style bug in Order class","messageBody":"","fileTypesAndContributionMap":{"functional-code":{"insertions":1,"deletions":1}}},{"hash":"9add76e5e0d5c0df9f6c75d617a9afc7ae7a294a","messageTitle":"Fix check style bug in Ui class","messageBody":"","fileTypesAndContributionMap":{"functional-code":{"insertions":1,"deletions":1}}},{"hash":"de9ece3795b0ddb8d27dd080ccf11b41702bedc5","messageTitle":"Change variable type of attributes","messageBody":"- itemPrice to BigDecimal\n- itemStock to int","fileTypesAndContributionMap":{"functional-code":{"insertions":17,"deletions":13}}},{"hash":"561d079918828cdc7c7195386cba2fc936b45d92","messageTitle":"Add new methods to process inputs related to items commands","messageBody":"- processPriceInput()\n- processStockInput()","fileTypesAndContributionMap":{"functional-code":{"insertions":23,"deletions":3}}},{"hash":"d2f1909ee8c686abf351668cea57f0115bc7378a","messageTitle":"Update prompt classes to use new methods and remove unneeded exceptions","messageBody":"- Remove exceptions as NumberFormatException can be used.\n- Used methods in ItemsParser class to process inputs with regards to price and stock","fileTypesAndContributionMap":{"functional-code":{"insertions":16,"deletions":56}}},{"hash":"be5f3b62a98e56f6f140eb2a4cc414c23a639876","messageTitle":"Add new method to process update input","messageBody":"","fileTypesAndContributionMap":{"functional-code":{"insertions":25,"deletions":12}}},{"hash":"4b308852525c776fa86299a06b2bacd94c20af75","messageTitle":"Update ItemsUpdateCommand class to use new methods in ItemsParser","messageBody":"","fileTypesAndContributionMap":{"functional-code":{"insertions":8,"deletions":39}}},{"hash":"bd2d033dc1d876ae73d8769630682b30c0f47feb","messageTitle":"Update Ui to deal with NumberFormatException","messageBody":"","fileTypesAndContributionMap":{"functional-code":{"insertions":7,"deletions":28}}},{"hash":"0d1d8f184e8a592392ff80ea447f4256b442f46b","messageTitle":"Minor changes to processStockInput() method","messageBody":"","fileTypesAndContributionMap":{"functional-code":{"insertions":1,"deletions":2}}},{"hash":"1c5ed43c941093b93b9c03088d18a40c4828fdfb","messageTitle":"Update OrdersAddCommand to take in item stock","messageBody":"","fileTypesAndContributionMap":{"functional-code":{"insertions":58,"deletions":25}}},{"hash":"049cff12c330b33ef88d276794a14c1f69a8af5f","messageTitle":"Update to add correct stock amount to orders","messageBody":"","fileTypesAndContributionMap":{"functional-code":{"insertions":11,"deletions":4}}},{"hash":"0f224979db714e009689acbfe59e42e91e9fc5fc","messageTitle":"Update OrdersListCommand to correctly reflect stock and total price","messageBody":"","fileTypesAndContributionMap":{"functional-code":{"insertions":41,"deletions":21}}},{"hash":"f426c14aaf0c6724b44daa1714a2c656f5655243","messageTitle":"Ui updates","messageBody":"","fileTypesAndContributionMap":{"functional-code":{"insertions":32,"deletions":9}}},{"hash":"c69ffdcbe121fb2c52214e7ca3bc52f3e281878f","messageTitle":"More Ui updates","messageBody":"","fileTypesAndContributionMap":{"functional-code":{"insertions":9,"deletions":2}}},{"hash":"4a807b8e3c576c97153e0b89dca2494945d504c3","messageTitle":"Fix checkstyle bug","messageBody":"","fileTypesAndContributionMap":{"functional-code":{"insertions":10,"deletions":14}}},{"hash":"51db6dce27e821200dc1e76a071947c9940d215b","messageTitle":"Fix AvoidStarImport bug","messageBody":"","fileTypesAndContributionMap":{"functional-code":{"insertions":7,"deletions":1}}}]},{"date":"2021-03-23","commitResults":[{"hash":"a894354b05db00f298e17a6cbfe02574763eafae","messageTitle":"Fix checkstyle bug","messageBody":"","fileTypesAndContributionMap":{"functional-code":{"insertions":2,"deletions":1}}},{"hash":"ef37203d1ab83cb84f18870afb26748d3ae822d2","messageTitle":"Fix checkstyle bug","messageBody":"","fileTypesAndContributionMap":{"functional-code":{"insertions":4,"deletions":3}}},{"hash":"aa4a3f92f2e2f86c0163dc7209ddababef6a5ebb","messageTitle":"Fix checkstyle bug","messageBody":"","fileTypesAndContributionMap":{"functional-code":{"insertions":9,"deletions":7}}},{"hash":"b1e31ac1f7cf410de3be626e878192b186fb957d","messageTitle":"Fix checkstyle bug","messageBody":"","fileTypesAndContributionMap":{"functional-code":{"insertions":4,"deletions":4}}},{"hash":"17e0ce110916408fd036dbb401189cc695ed6282","messageTitle":"Fix checkstyle bug","messageBody":"","fileTypesAndContributionMap":{"functional-code":{"insertions":3,"deletions":3}}},{"hash":"6d8a0b0a0a90dfc3235c72811ae7ac6315b14a65","messageTitle":"Fix checkstyle bug","messageBody":"","fileTypesAndContributionMap":{"functional-code":{"insertions":24,"deletions":2}}},{"hash":"864b7fdffd0891251844c0487348dccf79e1bccd","messageTitle":"Remove import of OrderNotFoundException","messageBody":"","fileTypesAndContributionMap":{"functional-code":{"insertions":0,"deletions":1}}},{"hash":"685a3a87066113cdff4d647488911b00c8ba8b8e","messageTitle":"Fix checkstyle bug","messageBody":"","fileTypesAndContributionMap":{"functional-code":{"insertions":15,"deletions":2}}},{"hash":"64cd0303b8684545437055f824843f022ae40754","messageTitle":"Change method name for Ui","messageBody":"Changed name for Ui method that prints message when error adding an item to an order","fileTypesAndContributionMap":{"functional-code":{"insertions":1,"deletions":1}}},{"hash":"763ddbb500b4a62c5f19db240979502ba4a6a930","messageTitle":"Update method name in processItemAddedToOrder method","messageBody":"","fileTypesAndContributionMap":{"functional-code":{"insertions":1,"deletions":1}}},{"hash":"73fca1961052f1f1d4227f313043658e9a42e202","messageTitle":"Update OrderManager.java","messageBody":"","fileTypesAndContributionMap":{"functional-code":{"insertions":1,"deletions":1}}},{"hash":"1fb797560e1f1d54c867bc4446b9264bc505bca6","messageTitle":"Implement storage feature","messageBody":"","fileTypesAndContributionMap":{"functional-code":{"insertions":269,"deletions":5}}},{"hash":"dba4a32817169dfb71ccb4dd5b50bdb10ce5b484","messageTitle":"Fix checkstyle issues","messageBody":"","fileTypesAndContributionMap":{"functional-code":{"insertions":6,"deletions":5}}},{"hash":"365d2fd9ac2220cc10f29db1b5f459b234ab3528","messageTitle":"Add some exceptions for storage feature","messageBody":"","fileTypesAndContributionMap":{"functional-code":{"insertions":5,"deletions":3}}},{"hash":"89792c621a20afd36333b82ebf606ec87a878ddc","messageTitle":"Add javadoc comments for storage feature","messageBody":"","fileTypesAndContributionMap":{"functional-code":{"insertions":29,"deletions":2}}},{"hash":"80362eb95e46c2e4e0d07f3e1e7a9973201e24a4","messageTitle":"Update UG","messageBody":"","fileTypesAndContributionMap":{"docs":{"insertions":27,"deletions":3}}},{"hash":"41189157fced81d49e67f22ed4157dcc04953ea3","messageTitle":"Update DG","messageBody":"","fileTypesAndContributionMap":{"docs":{"insertions":1,"deletions":0}}}]},{"date":"2021-03-24","commitResults":[{"hash":"86136de697f9187df9a4029889c6b2f78ab76465","messageTitle":"Shifting classes into new package","messageBody":"- Item class\n- ItemManager class\n- Order class\n- OrderManager class","fileTypesAndContributionMap":{"functional-code":{"insertions":39,"deletions":55},"other":{"insertions":4,"deletions":7},"test-code":{"insertions":10,"deletions":10}}},{"hash":"921c398b08af8df6ef7501785d9ff5f262a3244a","messageTitle":"Update architecture section in DG","messageBody":"","fileTypesAndContributionMap":{"other":{"insertions":1,"deletions":0},"docs":{"insertions":26,"deletions":3}}},{"hash":"7f57f54e1d2536e3a077e9df834f1d38b3c1670d","messageTitle":"Create HelpCommand for consistency","messageBody":"","fileTypesAndContributionMap":{"functional-code":{"insertions":10,"deletions":1}}},{"hash":"ecd7e044171b9a2ded4c29029e83a2a47655f85e","messageTitle":"Update DG","messageBody":" - EasyLog Component\n- Storage Component\n- Storage Diagram\n- Ui Component\n- Parser Component\n- Parser Diagram","fileTypesAndContributionMap":{"other":{"insertions":2,"deletions":0},"docs":{"insertions":22,"deletions":1}}},{"hash":"19970138db57b2bbd0b2d5a612b18113b93927b5","messageTitle":"Add logging feature and some logging message","messageBody":"","fileTypesAndContributionMap":{"functional-code":{"insertions":59,"deletions":0}}},{"hash":"5edb7aa5dd5c85dc113295158fc8827f6e110f7d","messageTitle":"Fix AvoidStarImport checkstyle error","messageBody":"","fileTypesAndContributionMap":{"functional-code":{"insertions":6,"deletions":1}}}]},{"date":"2021-03-27","commitResults":[{"hash":"6b9519e8b9bf041844de7b246a7e8194cc9344c3","messageTitle":"Add receipt feature","messageBody":"","fileTypesAndContributionMap":{"functional-code":{"insertions":97,"deletions":59}}},{"hash":"54d10bbd3475066a30bb2717cad48ba812dce862","messageTitle":"Minor Ui updates","messageBody":"","fileTypesAndContributionMap":{"functional-code":{"insertions":3,"deletions":2}}},{"hash":"83e4c9020964b86b5d00a24278ab6bae8b0edd98","messageTitle":"Update UG to include generate receipts feature","messageBody":"","fileTypesAndContributionMap":{"docs":{"insertions":11,"deletions":2}}},{"hash":"1d8ae9d2a22c507cde79819a8b715a0709fa3b8b","messageTitle":"Add Javadoc comments","messageBody":"","fileTypesAndContributionMap":{"functional-code":{"insertions":13,"deletions":0}}}]},{"date":"2021-03-29","commitResults":[{"hash":"5ee24997ab2cdb250cb1f27221d1279880cd458e","messageTitle":"Add numbering to headers","messageBody":"","fileTypesAndContributionMap":{"docs":{"insertions":53,"deletions":53}}},{"hash":"26b4ab1c7ef4454072ffe0dff9b1a207ffac4423","messageTitle":"Remove bullet points","messageBody":"","fileTypesAndContributionMap":{"docs":{"insertions":59,"deletions":59}}},{"hash":"a5bc5885895c29f9733943370680f0a78e1056df","messageTitle":"Add user input inside expected output for some features","messageBody":"- help\n- items\n- items add","fileTypesAndContributionMap":{"docs":{"insertions":11,"deletions":0}}},{"hash":"577a5ee9994a09b9b56f7cd2cc71d1a35c2fbf0e","messageTitle":"Edit/Add more description","messageBody":"- Start of section for items, orders and storage feature\n- Save data feature\n- Generate receipt feature","fileTypesAndContributionMap":{"docs":{"insertions":19,"deletions":6}}},{"hash":"3fe12cd6cf6cf728cc255328578cfe06df407ceb","messageTitle":"Update orders add feature section","messageBody":"","fileTypesAndContributionMap":{"docs":{"insertions":24,"deletions":21}}}]},{"date":"2021-03-30","commitResults":[{"hash":"1bc43f6ff257e914071a3fc4a7434633cc7b06ec","messageTitle":"Add ItemsAddFromFileCommand test","messageBody":"","fileTypesAndContributionMap":{"test-code":{"insertions":30,"deletions":0}}},{"hash":"3faf0651e2b1fd7dd6e350816bb7eb5761cbff44","messageTitle":"Add OrdersAddFromFileCommand test","messageBody":"","fileTypesAndContributionMap":{"test-code":{"insertions":38,"deletions":0}}},{"hash":"3b728fa9c1be64dcbfa833f2a6da543bad5e79e8","messageTitle":"Add setReceiptCounter test","messageBody":"","fileTypesAndContributionMap":{"test-code":{"insertions":19,"deletions":0}}},{"hash":"7f9a71e3ce90c94c7b7503417544cc552ba1eb15","messageTitle":"Add testing for Item class","messageBody":"","fileTypesAndContributionMap":{"test-code":{"insertions":44,"deletions":27}}},{"hash":"ac57cf1096f5905120da310109f3e8651c13a7e7","messageTitle":"Add Order class saveToFileFormat test","messageBody":"","fileTypesAndContributionMap":{"test-code":{"insertions":19,"deletions":0}}},{"hash":"408313932a7a5653b3a84cdc5e09984f07c9d527","messageTitle":"Uncommenting OrdersParserTest","messageBody":"","fileTypesAndContributionMap":{"test-code":{"insertions":7,"deletions":26}}},{"hash":"6f8eb7f070d2c9007a9b9f4d1b46e4a5677e1abf","messageTitle":"Update OrdersAddCommand.java","messageBody":"","fileTypesAndContributionMap":{"functional-code":{"insertions":1,"deletions":1}}},{"hash":"439a1b033fdfe58dc540ad748338c0acddea06e6","messageTitle":"Update OrdersParser.java","messageBody":"","fileTypesAndContributionMap":{"functional-code":{"insertions":1,"deletions":1}}},{"hash":"1382f524adc032214261182ac11d9526c625ac72","messageTitle":"Add processPriceInput and processStockInput test","messageBody":"","fileTypesAndContributionMap":{"test-code":{"insertions":20,"deletions":0}}},{"hash":"8dac34fd62f1ee9e366b36d7fdd42a84cf88838f","messageTitle":"Fix checkstyle bug","messageBody":"","fileTypesAndContributionMap":{"test-code":{"insertions":1,"deletions":1}}},{"hash":"e20d48e6a815eb841c50c80ecdb770602c7b2d7c","messageTitle":"Fix OrdersAddFromFileCommand test","messageBody":"","fileTypesAndContributionMap":{"test-code":{"insertions":1,"deletions":2}}},{"hash":"c2762b7fa21a0e8b9508b9f9f79ccfda1949b0c4","messageTitle":"Comment code out because of static list in ItemManager","messageBody":"","fileTypesAndContributionMap":{"test-code":{"insertions":56,"deletions":56}}},{"hash":"9895e2f3290917e20cd6e96380016a4070602023","messageTitle":"Convert inventory and orders to non-static","messageBody":"","fileTypesAndContributionMap":{"functional-code":{"insertions":31,"deletions":23},"test-code":{"insertions":56,"deletions":56}}},{"hash":"5d74f37701d93545ac37fde195ebe3bf206dbd48","messageTitle":"Fix checkstyle bug","messageBody":"","fileTypesAndContributionMap":{"functional-code":{"insertions":13,"deletions":13}}},{"hash":"16984dd03b8a03b0d88e84c2e9eba6286e413235","messageTitle":"Update Architecture Diagram","messageBody":"","fileTypesAndContributionMap":{"other":{"insertions":1,"deletions":1},"docs":{"insertions":2,"deletions":1}}},{"hash":"fb5fbb548659a05c76c5139afcb3f0e516b9e59e","messageTitle":"Update Storage Diagram","messageBody":"","fileTypesAndContributionMap":{"other":{"insertions":1,"deletions":1},"docs":{"insertions":2,"deletions":2}}},{"hash":"ad4bb55f19cfb4ae9b6a5105afd80945e247a2ee","messageTitle":"Update Parser Diagram","messageBody":"","fileTypesAndContributionMap":{"other":{"insertions":1,"deletions":1},"docs":{"insertions":1,"deletions":1}}},{"hash":"f806208a02038e8ad0a99bd2d2f85f545c0cf136","messageTitle":"Update Command Diagram","messageBody":"","fileTypesAndContributionMap":{"other":{"insertions":1,"deletions":2},"docs":{"insertions":1,"deletions":1}}}]},{"date":"2021-03-31","commitResults":[{"hash":"c2a50a5503677eb337c2b24ed43c26ef65acf3ef","messageTitle":"Update table of contents","messageBody":"","fileTypesAndContributionMap":{"docs":{"insertions":16,"deletions":4}}},{"hash":"6698932de62643c828d5f47d1618a90d2231f90a","messageTitle":"Update software overview (Can be edited further)","messageBody":"","fileTypesAndContributionMap":{"docs":{"insertions":3,"deletions":3}}},{"hash":"a047114d7c267cfe455a5871dc63b1213c0820c9","messageTitle":"Correct grammer","messageBody":"","fileTypesAndContributionMap":{"docs":{"insertions":1,"deletions":1}}},{"hash":"5f497edf8f69cde89c4df5b525dc695a3e4d9cd9","messageTitle":"Convert SCANNER into method in Ui","messageBody":"","fileTypesAndContributionMap":{"functional-code":{"insertions":17,"deletions":9}}},{"hash":"a64c7a8a910e2c56ad6f87e466c3d5e952b7a6ee","messageTitle":"Update successful loading of app message","messageBody":"","fileTypesAndContributionMap":{"docs":{"insertions":12,"deletions":0}}},{"hash":"97342e02336dcb79fbcd2ed72a9d4bebf1070e40","messageTitle":"Update storage diagram","messageBody":"","fileTypesAndContributionMap":{"other":{"insertions":1,"deletions":1},"docs":{"insertions":1,"deletions":1}}},{"hash":"1802d1cc7fa2bb00b13c6e85e7aa3de70d1b8b6e","messageTitle":"Update parser diagram","messageBody":"","fileTypesAndContributionMap":{"other":{"insertions":1,"deletions":1},"docs":{"insertions":1,"deletions":1}}},{"hash":"7d3be6bfcb9c1c6069839b99d7f1f403d9806505","messageTitle":"Update design section","messageBody":"1. Architecture\n2. EasyLog component\n3. UI component\n4. Parser component\n5. Storage component\n6. Remove exceptions component\n7. Common component","fileTypesAndContributionMap":{"docs":{"insertions":47,"deletions":34}}},{"hash":"f7e8de879b212d4a90758612b591c0f9cf9dd49b","messageTitle":"Attempt to fix orders add bug","messageBody":"","fileTypesAndContributionMap":{"functional-code":{"insertions":37,"deletions":44}}},{"hash":"c206b8e96f3a18f60a9aaed03e97a51fdcca7993","messageTitle":"Update to save item sales attribute","messageBody":"","fileTypesAndContributionMap":{"functional-code":{"insertions":12,"deletions":10},"test-code":{"insertions":4,"deletions":1}}},{"hash":"3b8ecd5c0c86e27f0e02f51e8a0f15ca10dc7af3","messageTitle":"Minor receipt UI changes","messageBody":"","fileTypesAndContributionMap":{"functional-code":{"insertions":3,"deletions":0}}},{"hash":"e27335101219468695d0b8745ff0fb61d9f56094","messageTitle":"Update UG for orders add feature expected output","messageBody":"","fileTypesAndContributionMap":{"functional-code":{"insertions":1,"deletions":1},"docs":{"insertions":9,"deletions":3}}},{"hash":"84569014539152a71e89175d0a42dcd8a8ea8a15","messageTitle":"Fix checkstyle bugs","messageBody":"","fileTypesAndContributionMap":{"functional-code":{"insertions":3,"deletions":4}}},{"hash":"69e7edf2219076e38c2226bfbdc798ae977e13cf","messageTitle":"Fix testSavetoFileFormat","messageBody":"","fileTypesAndContributionMap":{"test-code":{"insertions":2,"deletions":1}}},{"hash":"217c8459494df0d5d79c637a47a8d9402cd9e697","messageTitle":"Update jar file download link","messageBody":"","fileTypesAndContributionMap":{"docs":{"insertions":1,"deletions":1}}}]},{"date":"2021-04-02","commitResults":[{"hash":"e1c5d4f316fb51bc088be6f6b1aaee194f074ae1","messageTitle":"Add app initialization implementation","messageBody":"- App initialization diagram\n- Explanation for steps during app initialization","fileTypesAndContributionMap":{"other":{"insertions":1,"deletions":0},"docs":{"insertions":18,"deletions":0}}},{"hash":"a2166a53d7e4942fb45188499a11ba5bba3640c5","messageTitle":"Fix minor bugs regarding storage component","messageBody":"","fileTypesAndContributionMap":{"functional-code":{"insertions":5,"deletions":7}}}]},{"date":"2021-04-05","commitResults":[{"hash":"c5ce6202d6f30cecb932dba9bab66412b80b71cd","messageTitle":"Update orders add argument to show \u003ccustomer_name\u003e","messageBody":"","fileTypesAndContributionMap":{"docs":{"insertions":3,"deletions":3}}},{"hash":"59640db82f3dc7020c544a06e9ddd793f063c712","messageTitle":"Fix minor typo","messageBody":"","fileTypesAndContributionMap":{"docs":{"insertions":1,"deletions":1}}},{"hash":"2412aad9452369fff0b35ef5b0b97f10567a4833","messageTitle":"Update orders add to explain what happens to stock count","messageBody":"","fileTypesAndContributionMap":{"docs":{"insertions":4,"deletions":1}}}]},{"date":"2021-04-07","commitResults":[{"hash":"0bb538691c21382f3595cf51dbbd69d865d8e07a","messageTitle":"Fix stock input can take in zero","messageBody":"","fileTypesAndContributionMap":{"functional-code":{"insertions":2,"deletions":2}}},{"hash":"d8aa77f50518bf4ded57d3116ea3559a8e202339","messageTitle":"Add limit to length of customer name while adding order","messageBody":"","fileTypesAndContributionMap":{"functional-code":{"insertions":23,"deletions":3}}},{"hash":"d41bdae5fd4ff5bb74b58601701f62b060422603","messageTitle":"Update UG for orders add part and fix typos","messageBody":"","fileTypesAndContributionMap":{"docs":{"insertions":4,"deletions":3}}},{"hash":"2c35e36063957292c6aa18d0ed3914d10cff9feb","messageTitle":"Update exception message to show correct format for input","messageBody":"","fileTypesAndContributionMap":{"functional-code":{"insertions":2,"deletions":4}}},{"hash":"32b6efc8ada3efef36fc4c38e1c8284ee1fbbc0a","messageTitle":"Update exception messages when error line occurred","messageBody":"","fileTypesAndContributionMap":{"functional-code":{"insertions":1,"deletions":1}}},{"hash":"3ac7570d0c2eb55c9462c9e4a87811acaaa6e560","messageTitle":"Update Ui when receipt generated","messageBody":"","fileTypesAndContributionMap":{"functional-code":{"insertions":2,"deletions":1}}},{"hash":"a5c88f7d875b17112b965d9067d8e7c451cba862","messageTitle":"Update UG for receipts feature","messageBody":"","fileTypesAndContributionMap":{"docs":{"insertions":2,"deletions":1}}},{"hash":"08da7144f8199453d70b9f6185a81e60867f8a07","messageTitle":"Update UG for orders add feature","messageBody":"","fileTypesAndContributionMap":{"docs":{"insertions":6,"deletions":4}}},{"hash":"fd2ef4e156fb2d6aa0f6ed6ff8d15fc231ddd0e2","messageTitle":"Fix item name unable to save properly because of spaces","messageBody":"","fileTypesAndContributionMap":{"functional-code":{"insertions":6,"deletions":6}}},{"hash":"934f4b49bcada6957c33842419194d38285c73b7","messageTitle":"Fix JUnit test","messageBody":"","fileTypesAndContributionMap":{"test-code":{"insertions":4,"deletions":4}}}]},{"date":"2021-04-08","commitResults":[{"hash":"110c129a2a0c4c553c3d70032e9aad803606ecd7","messageTitle":"Add loadFile Diagram","messageBody":"","fileTypesAndContributionMap":{"other":{"insertions":2,"deletions":0}}},{"hash":"34a6d45836f074971281d68261c9e9852d204d99","messageTitle":"Add load save data implementation","messageBody":"","fileTypesAndContributionMap":{"docs":{"insertions":26,"deletions":3}}}]},{"date":"2021-04-09","commitResults":[{"hash":"1eaa450c686e8ec9fcfaf2f853cdbe405c30ecd8","messageTitle":"Update loadfile diagram","messageBody":"","fileTypesAndContributionMap":{"other":{"insertions":1,"deletions":2},"docs":{"insertions":10,"deletions":9}}},{"hash":"a6418dc89f546e6c6dc8d89648866db778916b95","messageTitle":"Update loadFile diagram","messageBody":"","fileTypesAndContributionMap":{"other":{"insertions":1,"deletions":1},"docs":{"insertions":1,"deletions":1}}}]},{"date":"2021-04-10","commitResults":[{"hash":"34fbbd2acff8eab241c721ea79c15b1f8b55d894","messageTitle":"Add delete command and save file diagram","messageBody":"","fileTypesAndContributionMap":{"other":{"insertions":2,"deletions":0},"docs":{"insertions":1,"deletions":1}}},{"hash":"96fbd3a82983fae210e7358e4585e33968084b5f","messageTitle":"Add multiple diagrams","messageBody":"","fileTypesAndContributionMap":{"other":{"insertions":6,"deletions":3},"docs":{"insertions":1,"deletions":1}}}]}],"e00426142":[{"date":"2021-03-08","commitResults":[{"hash":"6f7c6a7538424f7acd5f3cd793a67290e1b38cb6","messageTitle":"done about me","messageBody":"","fileTypesAndContributionMap":{"docs":{"insertions":1,"deletions":1}}}]},{"date":"2021-03-10","commitResults":[{"hash":"e85dcf958ee26c4c5bd20050ddff1522f794a5c8","messageTitle":"getItemList increment completed","messageBody":"","fileTypesAndContributionMap":{"functional-code":{"insertions":32,"deletions":0},"test-code":{"insertions":1,"deletions":2}}},{"hash":"801c7828e6f542c96372e544d9b575709dcac467","messageTitle":"jUnitTest completed","messageBody":"","fileTypesAndContributionMap":{"test-code":{"insertions":15,"deletions":1}}},{"hash":"bdbe895bedfbe8c44b729ca9435f4feb717c6747","messageTitle":"jUnitTest for ItemManagerTest completed","messageBody":"","fileTypesAndContributionMap":{"test-code":{"insertions":7,"deletions":3}}}]},{"date":"2021-03-15","commitResults":[{"hash":"fa7e6f57a01bc3953d11c900cc0de5d02c1fce0c","messageTitle":"updated itemlist feature","messageBody":"","fileTypesAndContributionMap":{"functional-code":{"insertions":16,"deletions":15}}},{"hash":"1fc027dc67121ff4b0ee89d5afd0cd724f52e1f1","messageTitle":"update on the itemList feature","messageBody":"","fileTypesAndContributionMap":{"functional-code":{"insertions":12,"deletions":34}}},{"hash":"3e08e16555457e7e0cd371174690580226d62bd7","messageTitle":"fix check style errors","messageBody":"","fileTypesAndContributionMap":{"functional-code":{"insertions":12,"deletions":0}}},{"hash":"61915ec38c58cf088e0812b00e192d7324042986","messageTitle":"fixed check style error","messageBody":"","fileTypesAndContributionMap":{"functional-code":{"insertions":1,"deletions":1}}},{"hash":"a4ba759f21b786d8a2bc4cd4e707f0f7b7ec306f","messageTitle":"fixed checkstyle error","messageBody":"","fileTypesAndContributionMap":{"functional-code":{"insertions":8,"deletions":4}}},{"hash":"e3291e78e3320e556da6df9a76bc84f6c61ee8be","messageTitle":"fixed check style error","messageBody":"","fileTypesAndContributionMap":{"functional-code":{"insertions":3,"deletions":1}}},{"hash":"91b82a7a7243b6e28044b38d96536280c473b53d","messageTitle":"Update ItemManager.java","messageBody":"","fileTypesAndContributionMap":{"functional-code":{"insertions":2,"deletions":2}}},{"hash":"60a2aef73cafe62ddfc63ba7f9c8573185b48cff","messageTitle":"Update UserGuide.md","messageBody":"","fileTypesAndContributionMap":{"docs":{"insertions":20,"deletions":13}}}]},{"date":"2021-03-16","commitResults":[{"hash":"72fde3b3b247e3ae8f7459d1eb85d6b9670ac9d7","messageTitle":"change some typos","messageBody":"","fileTypesAndContributionMap":{"docs":{"insertions":3,"deletions":3}}},{"hash":"91a88c9214d0c4fa380b39b409ab767ff07f4706","messageTitle":"Update UserGuide.md","messageBody":"","fileTypesAndContributionMap":{"docs":{"insertions":1,"deletions":1}}}]},{"date":"2021-03-17","commitResults":[{"hash":"d947495797d465880fb73dbddda83c0112c4e02f","messageTitle":"updated assertion in ItemsListCommand Class","messageBody":"","fileTypesAndContributionMap":{"functional-code":{"insertions":12,"deletions":1}}}]},{"date":"2021-03-21","commitResults":[{"hash":"c71358a2e85dfebd5653081c70f474d4be59c546","messageTitle":"updated features total price and shipping status","messageBody":"","fileTypesAndContributionMap":{"functional-code":{"insertions":129,"deletions":1}}},{"hash":"4c792700218dcec03627a01ff6aa34e182c12f8b","messageTitle":"Update OrdersParser.java","messageBody":"","fileTypesAndContributionMap":{"functional-code":{"insertions":2,"deletions":0}}}]},{"date":"2021-03-23","commitResults":[{"hash":"0b3f41917e5ecd90da2ee3ec946d16e696a306ca","messageTitle":"updated my parts for UG and changed the order-related message accordingly","messageBody":"","fileTypesAndContributionMap":{"functional-code":{"insertions":3,"deletions":1},"docs":{"insertions":53,"deletions":20}}}]},{"date":"2021-03-24","commitResults":[{"hash":"22f5fca545a55e9a27b47848a6abeca5e4eba664","messageTitle":"Update DeveloperGuide.md","messageBody":"","fileTypesAndContributionMap":{"docs":{"insertions":12,"deletions":4}}}]},{"date":"2021-03-25","commitResults":[{"hash":"985ddbffd4ab277729e4d4023292896a3ac459db","messageTitle":"complete features","messageBody":"","fileTypesAndContributionMap":{"functional-code":{"insertions":38,"deletions":18},"other":{"insertions":3,"deletions":3}}},{"hash":"5887616e69918da0bc28097681ee790d6b8ef948","messageTitle":"resolve conversation","messageBody":"","fileTypesAndContributionMap":{"functional-code":{"insertions":4,"deletions":4}}},{"hash":"35c1fa9c6e2ff396bc78598c8eb50f7d236a75b3","messageTitle":"Update DeveloperGuide.md","messageBody":"","fileTypesAndContributionMap":{"docs":{"insertions":2,"deletions":2}}}]},{"date":"2021-03-27","commitResults":[{"hash":"f1927f42e3b4df39a0830d9ad684e56211bbf7bf","messageTitle":"Updated Ui","messageBody":"","fileTypesAndContributionMap":{"functional-code":{"insertions":257,"deletions":127}}},{"hash":"433ceada7dd6c753cda3b311e2e30f7382fce618","messageTitle":"fixed checkstyle error","messageBody":"","fileTypesAndContributionMap":{"functional-code":{"insertions":18,"deletions":16}}},{"hash":"01f48357c83d229f3ab13a2589234bb18868e741","messageTitle":"fixed checkstyle error","messageBody":"","fileTypesAndContributionMap":{"functional-code":{"insertions":2,"deletions":2}}},{"hash":"64143e2c5e045c78a2eeffa174d52d24329dcffc","messageTitle":"Update UserGuide.md","messageBody":"","fileTypesAndContributionMap":{"docs":{"insertions":6,"deletions":5}}},{"hash":"64359a19752a02e87df591822bcdeb65495b7917","messageTitle":"Update DeveloperGuide.md","messageBody":"","fileTypesAndContributionMap":{"docs":{"insertions":3,"deletions":0}}},{"hash":"ddc527b21d0b6448087cf08ea62ebf47a827863f","messageTitle":"Update Messages.java","messageBody":"","fileTypesAndContributionMap":{"functional-code":{"insertions":1,"deletions":1}}},{"hash":"9f6a9839fd99a6691ab46c93fad5fcfec5824b3b","messageTitle":"Update Messages.java","messageBody":"","fileTypesAndContributionMap":{"functional-code":{"insertions":2,"deletions":1}}},{"hash":"29e2f0932024bc94f540da52e1a212377bc3c253","messageTitle":"Create Command Diagram.xml","messageBody":"","fileTypesAndContributionMap":{"other":{"insertions":2,"deletions":0}}}]},{"date":"2021-03-31","commitResults":[{"hash":"5722bcf41875b5961522676acab2683980f5c4b6","messageTitle":"Update DG Command Diagram","messageBody":"","fileTypesAndContributionMap":{"other":{"insertions":2,"deletions":1},"docs":{"insertions":1,"deletions":1}}},{"hash":"248cf7897d300bc3255329a7b020ae25ca266edd","messageTitle":"Updated jUnitTesting","messageBody":"","fileTypesAndContributionMap":{"test-code":{"insertions":68,"deletions":0}}},{"hash":"f4b485e3db9c0e7e6d0aea5d1c16d7ccac04a5c7","messageTitle":"fixed check style error","messageBody":"","fileTypesAndContributionMap":{"test-code":{"insertions":4,"deletions":6}}},{"hash":"d1436c9e9d015b00d5336e83f4823e3f50833c5f","messageTitle":"Updated UG","messageBody":"","fileTypesAndContributionMap":{"functional-code":{"insertions":7,"deletions":6},"docs":{"insertions":13,"deletions":10}}},{"hash":"0a279d69581a5402f3f29c67419fe2c86dc6504a","messageTitle":"Update OrderManager.java","messageBody":"","fileTypesAndContributionMap":{"functional-code":{"insertions":5,"deletions":3}}},{"hash":"66a503d0f17b99f3d352b1a274ecba57b566f557","messageTitle":"Update OrderManager.java","messageBody":"","fileTypesAndContributionMap":{"functional-code":{"insertions":4,"deletions":2}}},{"hash":"64fad7489be0b31df384379fd931541ff1939530","messageTitle":"Update OrderManager.java","messageBody":"","fileTypesAndContributionMap":{"functional-code":{"insertions":1,"deletions":1}}},{"hash":"9f075e8deadc6b666334960580149a34dc6efaf0","messageTitle":"Update OrderManagerTest.java","messageBody":"","fileTypesAndContributionMap":{"test-code":{"insertions":1,"deletions":1}}},{"hash":"534a4b50318c344b441fe94215581fc50db0de33","messageTitle":"Update OrdersDeleteCommand.java","messageBody":"","fileTypesAndContributionMap":{"functional-code":{"insertions":19,"deletions":15}}}]},{"date":"2021-04-01","commitResults":[{"hash":"cdf82c4df31be9dd7d14464ec77049f4fa6e426f","messageTitle":"Updated UI with no extra line spacing","messageBody":"","fileTypesAndContributionMap":{"functional-code":{"insertions":105,"deletions":104}}},{"hash":"1fcf2424b08731127112dc2f333f76402dea4918","messageTitle":"Update Order.java","messageBody":"","fileTypesAndContributionMap":{"functional-code":{"insertions":3,"deletions":3}}}]},{"date":"2021-04-02","commitResults":[{"hash":"cd5e4be059d6b1e62e9868a8d984e4b5057c67e7","messageTitle":"updated Command Component","messageBody":"","fileTypesAndContributionMap":{"other":{"insertions":1,"deletions":1},"docs":{"insertions":8,"deletions":4}}}]},{"date":"2021-04-04","commitResults":[{"hash":"1a81cec60ec6d90ec5fd6d6d04e765976e30bc4b","messageTitle":"Update UserGuide.md","messageBody":"","fileTypesAndContributionMap":{"docs":{"insertions":43,"deletions":18}}}]}],"zikunz":[{"date":"2021-03-08","commitResults":[{"hash":"658be876244c8dd92103536e322ff0e3cc769cd6","messageTitle":"Add Administrative Work: Add GitHub and LinkedIn Page","messageBody":"","fileTypesAndContributionMap":{"docs":{"insertions":1,"deletions":1}}},{"hash":"4b22936cd883596aae83c75c44b79468cbb82dac","messageTitle":"Add Administrative Work: Add Photo","messageBody":"","fileTypesAndContributionMap":{"docs":{"insertions":1,"deletions":1}}}]},{"date":"2021-03-09","commitResults":[{"hash":"756ad18d611c273dbcf5da4a7c366dfce099a27f","messageTitle":"Add Administrative Work: Update About Us","messageBody":"Zikun updates the title of AboutUs.md to follow conventional title\ncapitalization (e.g., Chicago, AP and APA). He also resized his own\nphoto to look more consistent with others’ photos and did some other\nstandardization work in the same file.\n","fileTypesAndContributionMap":{"docs":{"insertions":6,"deletions":6}}}]},{"date":"2021-03-10","commitResults":[{"hash":"cede0136fa9446e3375c114e5b863222968edd20","messageTitle":"Add JUnit Testing: JUnit tests for Parser.java","messageBody":"Zikun adds some JUnit tests for Parser.java.\n","fileTypesAndContributionMap":{"test-code":{"insertions":21,"deletions":1}}}]},{"date":"2021-03-12","commitResults":[{"hash":"f505938cd23b481c67c65c24c7c20b07575578ef","messageTitle":"Add Increment: Help","messageBody":"[Zikun] This version of easyLog shows 10 other types of commands available and a brief description of the commands.\n","fileTypesAndContributionMap":{"functional-code":{"insertions":12,"deletions":3}}},{"hash":"dc22458cc6c553256b4d36560b846ad660448d08","messageTitle":"Resolve Merge Conflicts","messageBody":"","fileTypesAndContributionMap":{"functional-code":{"insertions":6,"deletions":3}}},{"hash":"be5b30a2a8dcf3d6ff78a0bdee51c470ec39daef","messageTitle":"Resolve Merge Conflicts","messageBody":"","fileTypesAndContributionMap":{"functional-code":{"insertions":1,"deletions":3}}},{"hash":"5feaaef95eb9b9372e80140cf61bdbf7cbecca93","messageTitle":"Resolve Merge Conflicts","messageBody":"","fileTypesAndContributionMap":{"functional-code":{"insertions":27,"deletions":17}}},{"hash":"59d4860e3ff0fee66a51b555804537de964b502a","messageTitle":"Add Increment: Items-related commands","messageBody":"[Zikun] This version of easyLog shows 4 other types of items-related commands available and a brief description of the commands.\n","fileTypesAndContributionMap":{"functional-code":{"insertions":6,"deletions":2}}}]},{"date":"2021-03-13","commitResults":[{"hash":"e696f4414a80f831e7db85128c444a30261295cd","messageTitle":"Add Increment: Items Clear","messageBody":"[Zikun] This version of easyLog can clear all items found in the system.\n","fileTypesAndContributionMap":{"functional-code":{"insertions":64,"deletions":0}}},{"hash":"4b0ce8be60b88cbacdf29b0cb89139569accb539","messageTitle":"Java Coding Standard: Improved Coding Standard","messageBody":"Zikun corrects a method name to follow camelCase.\n","fileTypesAndContributionMap":{"functional-code":{"insertions":2,"deletions":2}}},{"hash":"402873c8cf0f1b29ddcce28014022e8099f91c9b","messageTitle":"Standardize Naming: Clear vs Empty","messageBody":"Zikun standardized attribute and method namings for item clear commands.\n","fileTypesAndContributionMap":{"functional-code":{"insertions":29,"deletions":29},"other":{"insertions":1,"deletions":1}}},{"hash":"465bf78581b6f5f193955c89dd8b84eacdfecba0","messageTitle":"Standardize Naming: Clear vs Cleared","messageBody":"Zikun standardized naming for noun and verb forms for the clearing operation.\n","fileTypesAndContributionMap":{"functional-code":{"insertions":2,"deletions":2}}},{"hash":"0928b5af9f5c877af201e33c24f5833961f3d094","messageTitle":"Add Increment: Orders List","messageBody":"[Zikun] This version of easyLog can show a list of all orders found in the system. This includes each customer\u0027s name followed by his or her items in the record.\n","fileTypesAndContributionMap":{"functional-code":{"insertions":91,"deletions":19}}},{"hash":"72a2fc4e099f51155e1a4b81b6c2c117cb6f47ee","messageTitle":"Merge and Improve Java Coding Standard","messageBody":"","fileTypesAndContributionMap":{"functional-code":{"insertions":1,"deletions":1}}}]},{"date":"2021-03-14","commitResults":[{"hash":"4d6164eebd4b0bd53c222513f66ccf121f022045","messageTitle":"Add Increment: Orders Clear","messageBody":"[Zikun] This version of easyLog can clear all orders found in the system.\n","fileTypesAndContributionMap":{"functional-code":{"insertions":55,"deletions":0}}},{"hash":"da4416126822e5b26a86788946cf034e7a79d973","messageTitle":"Fix Bug: Orders List","messageBody":"Zikun fixes his bug in messages printed when the user requests for the list of order(s), if any.\n","fileTypesAndContributionMap":{"functional-code":{"insertions":21,"deletions":9}}}]},{"date":"2021-03-15","commitResults":[{"hash":"12e8383cad7ab41c609058ec97fc153ebe860282","messageTitle":"Add JUnit Testing: Tests for clearing items and orders and listing orders","messageBody":"Zikun adds some JUnit tests for ItemsClearCommand.java, OrdersClearCommand.java and OrdersListCommand.java. He also generated some test classes for corresponding classes to be tested by other members.\n","fileTypesAndContributionMap":{"test-code":{"insertions":146,"deletions":0}}},{"hash":"25ed6e95694f598a76b12726d55e2ef9bad92030","messageTitle":"Java Coding Standard and JUnit Testing","messageBody":"Zikun corrected the JUnit tests for ItemsClearCommand.java, OrdersClearCommand.java and OrdersListCommand.java. He also improved Java coding standard.\n","fileTypesAndContributionMap":{"test-code":{"insertions":67,"deletions":12}}},{"hash":"4d8fdb9035ef7afe9965174e110ff973006a0683","messageTitle":"Follow Appropriate Distance between Attribute Declaration and its First Usage","messageBody":"Zikun follows appropriate distance between attribute declaration and its first usage.\n","fileTypesAndContributionMap":{"test-code":{"insertions":9,"deletions":10}}},{"hash":"e186e9d93bdb029de7c08f764382d3947d22f1e3","messageTitle":"Add JUnit Testing: JUnit tests for clearing items and orders","messageBody":"Zikun adds some JUnit tests for ItemsClearCommand.java and OrdersClearCommand.java. He also generated some test classes for corresponding classes to be tested by other members.\n","fileTypesAndContributionMap":{"test-code":{"insertions":10,"deletions":71}}},{"hash":"daef3c6ec6dc6d2b75dfc3e93374aaf7250f32fc","messageTitle":"Modified ItemsClearCommandTest.java","messageBody":"","fileTypesAndContributionMap":{"test-code":{"insertions":2,"deletions":9}}},{"hash":"4421932c7ddb976a33dc8ee321deed370e76c893","messageTitle":"Fix Typo in OrdersClearCommandTest.java","messageBody":"","fileTypesAndContributionMap":{"test-code":{"insertions":1,"deletions":1}}},{"hash":"502417448e9a5356e1822cacb5812e347954eab6","messageTitle":"Uncomment JUnit Tests","messageBody":"","fileTypesAndContributionMap":{"test-code":{"insertions":4,"deletions":2}}},{"hash":"92faab001e30c58ffa0cd721a222ae8a21894e78","messageTitle":"Import Correct API","messageBody":"","fileTypesAndContributionMap":{"test-code":{"insertions":1,"deletions":1}}},{"hash":"ed9c577d4ba21bfcffe0e1d6c61bbdb1ef7f32f8","messageTitle":"Remove Unnecessary Code","messageBody":"","fileTypesAndContributionMap":{"test-code":{"insertions":0,"deletions":5}}},{"hash":"746759836d7edd5fbab705e15e06fcab646b4c08","messageTitle":"Update User Guide: FAQ","messageBody":"Zikun updates the FAQ section of the user guide.\n","fileTypesAndContributionMap":{"docs":{"insertions":52,"deletions":28}}}]},{"date":"2021-03-16","commitResults":[{"hash":"c47a6e11e8f37501f61697b95425bc8073df7210","messageTitle":"Update User Guide: Do Not Modify Other Members\u0027 Work","messageBody":"","fileTypesAndContributionMap":{"docs":{"insertions":10,"deletions":8}}},{"hash":"da77d77c7621709ba10638f7ec1b4c7f3bc3352c","messageTitle":"Update User Guide: Do Not Modify Others\u0027 Code","messageBody":"","fileTypesAndContributionMap":{"docs":{"insertions":16,"deletions":16}}}]},{"date":"2021-03-17","commitResults":[{"hash":"bf7b789f15d3addda6b6d2923f3ed3f604a1f2a8","messageTitle":"Add Assertions and Add Method JavaDoc","messageBody":"","fileTypesAndContributionMap":{"functional-code":{"insertions":12,"deletions":1}}},{"hash":"3d4df076c184fa3974f7c874e6842510645ba4f4","messageTitle":"Fix an Error in one Assertion Made","messageBody":"","fileTypesAndContributionMap":{"functional-code":{"insertions":6,"deletions":1}}},{"hash":"d5110589a0ae78d16b4608d155a519f1681559de","messageTitle":"Fix an CheckStyle Issue","messageBody":"","fileTypesAndContributionMap":{"functional-code":{"insertions":2,"deletions":2}}},{"hash":"fa09beaebda954274ebe4f38d69ad33159193382","messageTitle":"Improved Java Coding Standard","messageBody":"Zikun adds some JavaDoc for two methods and refators the some parts of the code.\n","fileTypesAndContributionMap":{"functional-code":{"insertions":7,"deletions":3}}},{"hash":"5685e6b8168de3a128d7c24a2d8346f06778a3a1","messageTitle":"Fix a CheckStyle Issue and Edit Some JavaDoc","messageBody":"","fileTypesAndContributionMap":{"functional-code":{"insertions":11,"deletions":4}}}]},{"date":"2021-03-20","commitResults":[{"hash":"c57d8293c45354520c5db81da075a16d6029108a","messageTitle":"Add Increment: Add Item Price","messageBody":"This version of easyLog has an additional attribute called \"price\" for all items. The user is able to / has to add a price for the item to be added. The price should be a number which is between 0 and 1,000,000,000 SGD inclusive. The item list will also display the prices for different items in the system.\n","fileTypesAndContributionMap":{"functional-code":{"insertions":183,"deletions":12}}},{"hash":"239c7b0eeadeffd0e7b3fc6057a7f815376063e4","messageTitle":"Fix some CheckStyle issues","messageBody":"","fileTypesAndContributionMap":{"functional-code":{"insertions":29,"deletions":12}}},{"hash":"e13d85fe96644d77b222c525acdfa9d42fb5852a","messageTitle":"Modify Some Messages","messageBody":"","fileTypesAndContributionMap":{"functional-code":{"insertions":2,"deletions":2}}},{"hash":"36c0873db5e205e075103cacb26b57f1ef54031b","messageTitle":"Comment All JUnit Tests for Now","messageBody":"","fileTypesAndContributionMap":{"test-code":{"insertions":222,"deletions":222}}},{"hash":"2926cf09fbde65a8b3f7643d60e53c551bf3c063","messageTitle":"Disable runtest.bat and runtest.sh for Now","messageBody":"","fileTypesAndContributionMap":{"other":{"insertions":42,"deletions":42}}},{"hash":"31b12bc4c8d36e55ca853cd3e3d02fc8bcbcca06","messageTitle":"Change Logic: Improved Consistency","messageBody":"Zikun deleted a method in itemsParser class and instead reads user input in the same way as other members within a particular command class.\n","fileTypesAndContributionMap":{"functional-code":{"insertions":1,"deletions":12}}},{"hash":"09a95e01548c5c4c3c3d124f5bee5c1b5ac350d2","messageTitle":"Add Increment: Update Item Price","messageBody":"This version of easyLog can update the additional attribute called \"price\" for all items. The user is able to revise an item price any time at ease. Again, the price should be a number which is between 0 and 1,000,000,000 SGD inclusive. The item list will also display the revised prices for different items in the system.\n(Zikun also adds the code base so that other fields can be updated with the same simple logic (e.g., stock).)\n","fileTypesAndContributionMap":{"functional-code":{"insertions":227,"deletions":13}}},{"hash":"55001c87028bc3c264218cabe7f8bc531b2fad4a","messageTitle":"Fix Some CheckStyle Issues and Improve Coding Standard","messageBody":"","fileTypesAndContributionMap":{"functional-code":{"insertions":28,"deletions":7}}}]},{"date":"2021-03-21","commitResults":[{"hash":"0d4a51aa561f963df89d15a9bcb91681d134261b","messageTitle":"Update User Guide: Items Add, Items Update and FAQ","messageBody":"","fileTypesAndContributionMap":{"docs":{"insertions":26,"deletions":5}}}]},{"date":"2021-03-22","commitResults":[{"hash":"19fe659f8099652c95007613ffdd374261af2bba","messageTitle":"Update Developer Guide","messageBody":"","fileTypesAndContributionMap":{"docs":{"insertions":18,"deletions":1}}}]},{"date":"2021-03-27","commitResults":[{"hash":"8bd30919900bc9bbc7b6173398fa1315de68b269","messageTitle":"Add Increment: Add An Item Which Already Exists","messageBody":"[Zikun] This version of easyLog makes sure that if a user would like to add a particular item with a specified unit price and stock, it will be added to the item list in the correct way. That is, if the item already exists in the item list (we check if the item description is found in the item list), adding same item(s) will result in it / them being added to the same index specified by the same item description.\n","fileTypesAndContributionMap":{"functional-code":{"insertions":127,"deletions":52},"other":{"insertions":1,"deletions":1}}},{"hash":"a001813d20b1f728bee51403599cb1cbdb4e2c5b","messageTitle":"Fix CheckSytle Issues and Remove Content in Saved Files","messageBody":"","fileTypesAndContributionMap":{"functional-code":{"insertions":30,"deletions":8}}}]},{"date":"2021-03-28","commitResults":[{"hash":"6e6e7de2ec5838e33a19a799f502ccdf66af2087","messageTitle":"Update User Guide: Items Add and FAQ Regarding Adding an Item Which Already Exists","messageBody":"","fileTypesAndContributionMap":{"docs":{"insertions":13,"deletions":0}}},{"hash":"25a4a72738d22f7e78cfc989231605b3450b4028","messageTitle":"Update User Guide: Introduction (Revised Target User)","messageBody":"","fileTypesAndContributionMap":{"docs":{"insertions":5,"deletions":4}}},{"hash":"5618ba86c6e65e414994ebe732b1b7c07bc6e634","messageTitle":"Fix a Bug in FAQ: Question Format","messageBody":"","fileTypesAndContributionMap":{"docs":{"insertions":1,"deletions":1}}},{"hash":"5d3b8f6c8e10558dd12f535b7f7fd65c8aec3a7c","messageTitle":"Update UG: Revised Intro, Addtional Command Format Info, Fix Bugs in FAQ","messageBody":"","fileTypesAndContributionMap":{"docs":{"insertions":15,"deletions":7}}}]},{"date":"2021-03-29","commitResults":[{"hash":"519f6f1c4511bf579650072a99c9469a4da0c853","messageTitle":"Update UG: A Better Introduction","messageBody":"","fileTypesAndContributionMap":{"docs":{"insertions":17,"deletions":5}}},{"hash":"28ab8c71682bd729c8c36ff78e5a68fd14e34dd4","messageTitle":"Update UG: A Better Introduction","messageBody":"","fileTypesAndContributionMap":{"docs":{"insertions":17,"deletions":12}}}]},{"date":"2021-03-31","commitResults":[{"hash":"7ab8d4f9870193d9274a229adcec9d5ca52927d5","messageTitle":"Add Increment: Item Tips (Most Popular Item(s)) This version of easyLog identify the most popular item(s) accordring to most number of sales made and reminds the user to stock up if not enough.","messageBody":"","fileTypesAndContributionMap":{"functional-code":{"insertions":230,"deletions":32}}},{"hash":"3b11d962b9828a76daaa7d97159f4d0ea551da82","messageTitle":"Fix CheckStyle Issues","messageBody":"","fileTypesAndContributionMap":{"functional-code":{"insertions":8,"deletions":7}}},{"hash":"854879f21d22f4e59ded7a9de080669dfaf33830","messageTitle":"Rename Feature: Change Item Tips to Item Statistics","messageBody":"","fileTypesAndContributionMap":{"functional-code":{"insertions":16,"deletions":16},"other":{"insertions":4,"deletions":4}}},{"hash":"1292116bf555019963eabcaa466f4e4a3bdbc80c","messageTitle":"Update DG: Model Component","messageBody":"","fileTypesAndContributionMap":{"docs":{"insertions":9,"deletions":0}}},{"hash":"76882afa64af294b783ceefb98f726dc582afb73","messageTitle":"Upload Model Component XML File","messageBody":"","fileTypesAndContributionMap":{"other":{"insertions":1,"deletions":0}}},{"hash":"f812deac61362795b07f6438d49acd256dd1fee8","messageTitle":"Change items statistics to items stats to further optimize CLI capabilities","messageBody":"","fileTypesAndContributionMap":{"functional-code":{"insertions":9,"deletions":7}}},{"hash":"07f24b4d2932c4e0db3f147345765b91e4ed7c0e","messageTitle":"Change \"itemsSold\" to \"itemsSales\" and Some General Code Enhancement","messageBody":"","fileTypesAndContributionMap":{"functional-code":{"insertions":16,"deletions":14}}},{"hash":"b0c0c139f92f339e3691a867a9902acded52947e","messageTitle":"Update DG: More Relevant Sections and Model Component UML","messageBody":"","fileTypesAndContributionMap":{"other":{"insertions":1,"deletions":1},"docs":{"insertions":75,"deletions":29}}},{"hash":"58ab220b0e498c12441468f2842b65e64688404b","messageTitle":"Follow Hyperlink Convention","messageBody":"","fileTypesAndContributionMap":{"docs":{"insertions":16,"deletions":16}}},{"hash":"ae7fcee57c62fcee9375c0fe9ec615dfefb3a25d","messageTitle":"Change All Method Names from Containing \"itemSold\" to \"itemSales\"","messageBody":"","fileTypesAndContributionMap":{"functional-code":{"insertions":20,"deletions":20},"test-code":{"insertions":3,"deletions":3}}}]},{"date":"2021-04-01","commitResults":[{"hash":"f6522de4546b9694be9a51eb527c46b28c3bb83a","messageTitle":"Change some \"itemsSales\" to \"itemSales\"","messageBody":"","fileTypesAndContributionMap":{"functional-code":{"insertions":4,"deletions":4}}}]},{"date":"2021-04-02","commitResults":[{"hash":"32073c93dbaea1b6a55aa613a57a4dca4f4bcbf5","messageTitle":"Fix Bug: Decimal not Accepted as Valid Item Unit Price","messageBody":"","fileTypesAndContributionMap":{"functional-code":{"insertions":11,"deletions":9}}}]},{"date":"2021-04-03","commitResults":[{"hash":"06b0850e72fac81ae05aa5d2f660abbb4b72a9f7","messageTitle":"Fix Bug and Improvement for Item Items Add The items add command of this version of easyLog is consistent with its orders add command. Specifically, the user needs to input item price and item command in 1 line. Also, the user will be prompted again and again if a pair of valid item price and stock is not given. The coding style is also improved.","messageBody":"","fileTypesAndContributionMap":{"functional-code":{"insertions":278,"deletions":157},"other":{"insertions":1,"deletions":1}}},{"hash":"4a0bed7e38b01be1c2dd6d59bb2a93c4229a950b","messageTitle":"Comment a JUnit Test to Pass CheckStyle Check","messageBody":"","fileTypesAndContributionMap":{"test-code":{"insertions":1,"deletions":3}}},{"hash":"62188ce4355eb09b1a2ac9b2225b7a108d1e2818","messageTitle":"Remove Unnecessary Code","messageBody":"","fileTypesAndContributionMap":{"functional-code":{"insertions":3,"deletions":6}}},{"hash":"cd2887a4bf9256c45a0b651e962f46422f5a9f70","messageTitle":"Fix One Error Message Bug","messageBody":"","fileTypesAndContributionMap":{"functional-code":{"insertions":1,"deletions":1}}}]},{"date":"2021-04-04","commitResults":[{"hash":"010181d0ce0e68246990b6e6d2710908529c76c2","messageTitle":"Update UG: Better Phrasing, Add Tips (Tell Users about Valid Inputs)","messageBody":"","fileTypesAndContributionMap":{"docs":{"insertions":14,"deletions":5}}}]},{"date":"2021-04-06","commitResults":[{"hash":"40eb8135dbdbef36f4dff0adfe98a8a6059d72f3","messageTitle":"Add ! in UG","messageBody":"","fileTypesAndContributionMap":{"docs":{"insertions":4,"deletions":1}}}]},{"date":"2021-04-08","commitResults":[{"hash":"ff34909a28da7f6f7c291c30ec09be4a70a40526","messageTitle":"Update UG: Change light bulbs and exclamation marks to notebooks","messageBody":"","fileTypesAndContributionMap":{"docs":{"insertions":1,"deletions":3}}}]},{"date":"2021-04-10","commitResults":[{"hash":"006b746a16889401c381e1e9a07e4c1f6a5b7e21","messageTitle":"Change Items Add: Allow Items of Same Names to be Added (and Tracked Differently)","messageBody":"","fileTypesAndContributionMap":{"functional-code":{"insertions":9,"deletions":63}}},{"hash":"ec192bf0cc06e2edfb9ebbd73264917ff145cad6","messageTitle":"Update UG: Notes Regarding Items Add and Orders Clear","messageBody":"","fileTypesAndContributionMap":{"docs":{"insertions":7,"deletions":2}}},{"hash":"05cd90733dcab1f347cbbe7e57750578cf488cf8","messageTitle":"Adding JUnit Tests for Items Add, Items Clear and Items Update","messageBody":"","fileTypesAndContributionMap":{"test-code":{"insertions":113,"deletions":36}}},{"hash":"1f592a6274994ba8ffcc34cdfe4d72186a433d45","messageTitle":"Comment Some JUnit Test Code to Pass some Automatic Checks","messageBody":"","fileTypesAndContributionMap":{"test-code":{"insertions":9,"deletions":13}}},{"hash":"a3013d9e2a305467ac1521b05cb1f8cd5b840c44","messageTitle":"Fix CheckStyle Issues","messageBody":"","fileTypesAndContributionMap":{"test-code":{"insertions":8,"deletions":7}}},{"hash":"214870837e46f646bb3686604941fb15d7672a8c","messageTitle":"Fix CheckStyle Issues and Change JUnit Tests for New Code","messageBody":"","fileTypesAndContributionMap":{"test-code":{"insertions":14,"deletions":13}}},{"hash":"2b401b43919f40322039db40c58b10c674fb815e","messageTitle":"Change \"System\" to \"Inventory\"","messageBody":"","fileTypesAndContributionMap":{"docs":{"insertions":1,"deletions":1}}},{"hash":"464fb227b5b527110d66eff06e64bce047fcf476","messageTitle":"Update UG: Items Update Notes","messageBody":"","fileTypesAndContributionMap":{"docs":{"insertions":2,"deletions":0}}},{"hash":"2a97131f4e3105966afb9d8b46203c50f0635375","messageTitle":"Change Messages: Allow Users to Update with the Same Price / Stock","messageBody":"","fileTypesAndContributionMap":{"functional-code":{"insertions":2,"deletions":2}}},{"hash":"b29e357cbc10b502e8d5f3f6ffbf0cb988ae0443","messageTitle":"Update UG: Introduction \u0026 Items Add \u0026 Items Update \u0026 Items Clear...","messageBody":"","fileTypesAndContributionMap":{"docs":{"insertions":54,"deletions":44}}},{"hash":"576491fd44dd9d0b32f48fd680012c53f2f53745","messageTitle":"Update UG","messageBody":"","fileTypesAndContributionMap":{"docs":{"insertions":60,"deletions":33}}},{"hash":"deb664dd45afcd20076836c66465d9519d820f12","messageTitle":"Update DG: Cosmetics, Documentation Testing and Dev Ops","messageBody":"","fileTypesAndContributionMap":{"docs":{"insertions":177,"deletions":36}}},{"hash":"dcf3ec7ee6d750ede86255c9d0987fb1ea9d7de6","messageTitle":"Fix Bug in Orders OrdersClear This version of easyLog makes sure all items belonging to the orders to be cleared will be added back to the inventory / item list","messageBody":"","fileTypesAndContributionMap":{"functional-code":{"insertions":21,"deletions":4}}},{"hash":"940290f855c8abd8d27a393c171dc2c71c84b660","messageTitle":"Fix CheckStyle Issues","messageBody":"","fileTypesAndContributionMap":{"functional-code":{"insertions":6,"deletions":5}}}]}],"Cocokkkk":[{"date":"2021-03-08","commitResults":[{"hash":"cea31a6b5d6fd40cac216d8a1f14c49a8abe5df7","messageTitle":"Li Kexuan Update AboutUs","messageBody":"","fileTypesAndContributionMap":{"docs":{"insertions":1,"deletions":1}}}]},{"date":"2021-03-10","commitResults":[{"hash":"b10e1bd7cc81c56e1656d1f49d75ec920e241600","messageTitle":"Update Ui: showEmptyName message and showInvalidCommand message","messageBody":"","fileTypesAndContributionMap":{"functional-code":{"insertions":6,"deletions":2}}},{"hash":"42cdd9f2615137054ca55880984975fd2b319c37","messageTitle":"Fix the checkstyleMain error","messageBody":"","fileTypesAndContributionMap":{"functional-code":{"insertions":4,"deletions":4}}},{"hash":"97a90ced399cdee221ff7ff36c00e04a004f7678","messageTitle":"Updates Ui: showAddItem method. Updates Item: getAddItemMessage method","messageBody":"","fileTypesAndContributionMap":{"functional-code":{"insertions":5,"deletions":1}}},{"hash":"226d9bc0a882eb6635029ac8cfec097b014e2014","messageTitle":"Update JUnit Test: testShowAddItemMessage","messageBody":"","fileTypesAndContributionMap":{"test-code":{"insertions":4,"deletions":0}}},{"hash":"8ee2f82e5e0d0e7d0d96ec5b8df88e4b9b58526d","messageTitle":"Update Ui: add a line space","messageBody":"","fileTypesAndContributionMap":{"functional-code":{"insertions":1,"deletions":1}}},{"hash":"978b2551f54ac8f3cf9b39133c7752cc3e02c7f1","messageTitle":"Update JUnit Test: fix checkstyleTest problem","messageBody":"","fileTypesAndContributionMap":{"test-code":{"insertions":4,"deletions":2}}}]},{"date":"2021-03-12","commitResults":[{"hash":"1957d6f57d77fd018580410f6407bce0572b1d7f","messageTitle":"Update Message Class Update Ui Class correspondlingly","messageBody":"","fileTypesAndContributionMap":{"functional-code":{"insertions":23,"deletions":15}}},{"hash":"c268f07f1ca15b1e57ba19f4b27046b0b02dc151","messageTitle":"Update the Orders_related_command title","messageBody":"","fileTypesAndContributionMap":{"functional-code":{"insertions":1,"deletions":1}}},{"hash":"d634e36cf94a06708fadf44786a6f3217fcc1fac","messageTitle":"Add JUnit Testing: JUnit tests for Order.java","messageBody":"","fileTypesAndContributionMap":{"test-code":{"insertions":24,"deletions":0}}},{"hash":"0d46c31153a5988e3a121d61203cb60738283c00","messageTitle":"Fix checkstyleTest errors","messageBody":"","fileTypesAndContributionMap":{"test-code":{"insertions":10,"deletions":9}}}]},{"date":"2021-03-13","commitResults":[{"hash":"04b25646487c5b013738f34a7113d832a852b822","messageTitle":"Update Orders feature: delete an order","messageBody":"","fileTypesAndContributionMap":{"functional-code":{"insertions":82,"deletions":4}}},{"hash":"73fee4ba0ef3b08f3273ac73e363e143f493e52d","messageTitle":"Update invalid order number message","messageBody":"","fileTypesAndContributionMap":{"functional-code":{"insertions":1,"deletions":1}}},{"hash":"6f36f55fead531e58dc2c045615d188b1aef5686","messageTitle":"Improve Java Coding Standard","messageBody":"","fileTypesAndContributionMap":{"functional-code":{"insertions":3,"deletions":3}}},{"hash":"f27f4daef39dff6f22b56f2490ffc860e1ea3696","messageTitle":"Add JavaDocs and delete the unused method","messageBody":"","fileTypesAndContributionMap":{"functional-code":{"insertions":26,"deletions":3}}},{"hash":"e259cc830e46e68fda3dccd0e314137c4fed518a","messageTitle":"Improve java coding standard","messageBody":"","fileTypesAndContributionMap":{"functional-code":{"insertions":3,"deletions":0}}}]},{"date":"2021-03-15","commitResults":[{"hash":"7c8c6efaa15f07093eb6043532e963c3a6f2f281","messageTitle":"User Guide Update: display all recorded items from the system and clear all recorded items from the system","messageBody":"","fileTypesAndContributionMap":{"docs":{"insertions":19,"deletions":47}}},{"hash":"5d726333843d390b4ad68819142408bcc37fd53d","messageTitle":"Update User guide: items and orders features","messageBody":"","fileTypesAndContributionMap":{"docs":{"insertions":50,"deletions":53}}}]},{"date":"2021-03-17","commitResults":[{"hash":"6753b31fdae0303f7d8a366585b9077458bb02f5","messageTitle":"Update OrdersDeleteCommand: add assertion","messageBody":"","fileTypesAndContributionMap":{"functional-code":{"insertions":5,"deletions":0}}}]},{"date":"2021-03-18","commitResults":[{"hash":"538a0b2ff4e492b41a05237e4552def3e9b4fb48","messageTitle":"Add NumberFormatException for items delete and orders delete features. Add JavaDoc.","messageBody":"","fileTypesAndContributionMap":{"functional-code":{"insertions":67,"deletions":29}}},{"hash":"6535d17d27bcb731a77d94609c3da3a80b77ff5d","messageTitle":"fix test failed problem","messageBody":"","fileTypesAndContributionMap":{"functional-code":{"insertions":8,"deletions":8}}},{"hash":"442549e0ddbc65ce97d0b143591c095fe456738a","messageTitle":"Solve test failed problem","messageBody":"","fileTypesAndContributionMap":{"functional-code":{"insertions":12,"deletions":12}}},{"hash":"c7b7b60f8f1172efd2b93d60a416c6de566b7155","messageTitle":"Add NumberFormatException for delete features","messageBody":"","fileTypesAndContributionMap":{"functional-code":{"insertions":25,"deletions":30}}},{"hash":"6ae1ebceb297293b9b410b628300ecb38cf2ae0f","messageTitle":"delete unnecessary parts","messageBody":"","fileTypesAndContributionMap":{"functional-code":{"insertions":2,"deletions":2}}}]},{"date":"2021-03-20","commitResults":[{"hash":"aa9886258f77ab453a01dd6f2d4038a34dc6594a","messageTitle":"Add increment: Add Item stock","messageBody":"","fileTypesAndContributionMap":{"functional-code":{"insertions":184,"deletions":7}}},{"hash":"ac1383fd2e73b6793529d095e65cd40b083b6e87","messageTitle":"Add Increment: Update item stock","messageBody":"","fileTypesAndContributionMap":{"functional-code":{"insertions":81,"deletions":23}}}]},{"date":"2021-03-22","commitResults":[{"hash":"f4dc873bf4546c76650074804218c0b6010787d6","messageTitle":"change MINIMUM_ITEM_STOCK \u003d 1","messageBody":"","fileTypesAndContributionMap":{"functional-code":{"insertions":1,"deletions":1}}}]},{"date":"2021-03-24","commitResults":[{"hash":"565ada4837b381792290a27f59ac7065e9768de9","messageTitle":"Updates non-functional requirement and Glossary parts","messageBody":"","fileTypesAndContributionMap":{"docs":{"insertions":11,"deletions":2}}},{"hash":"00335c3613553f332e6d4e1f9fad820dd1561465","messageTitle":"Update OrderTest","messageBody":"","fileTypesAndContributionMap":{"test-code":{"insertions":58,"deletions":46}}},{"hash":"dbd501cc6dcfd9d58b59382504da5a951651011b","messageTitle":"Fix CheckStyleTest bugs","messageBody":"","fileTypesAndContributionMap":{"test-code":{"insertions":40,"deletions":39}}},{"hash":"31eef3805b24eeb81f290fa65dd79067bb9d9ca8","messageTitle":"Fix checkStyleTest error","messageBody":"","fileTypesAndContributionMap":{"test-code":{"insertions":0,"deletions":2}}}]},{"date":"2021-03-27","commitResults":[{"hash":"a739cc3f03ae6b65a823c0f901972d935052c0f0","messageTitle":"Update user guide","messageBody":"","fileTypesAndContributionMap":{"docs":{"insertions":193,"deletions":74}}}]},{"date":"2021-03-30","commitResults":[{"hash":"6628cf82461fd45e39fb092bbf7e62fb79b77ec3","messageTitle":"Add an order which already exists","messageBody":"","fileTypesAndContributionMap":{"functional-code":{"insertions":140,"deletions":17}}}]},{"date":"2021-03-31","commitResults":[{"hash":"47ebace57f6f1ec0f905a32e26d40c9d3bf8e8fc","messageTitle":"Orders delete by customer name","messageBody":"","fileTypesAndContributionMap":{"functional-code":{"insertions":51,"deletions":1}}}]},{"date":"2021-04-02","commitResults":[{"hash":"267a7d5a22f3531f0e1062122d0e7a24a58594a9","messageTitle":"Orders feature: check error messages and fix trim() problem.","messageBody":"","fileTypesAndContributionMap":{"functional-code":{"insertions":61,"deletions":14}}}]},{"date":"2021-04-03","commitResults":[{"hash":"ac2c4534076f15f207737ddff831e1c906e37d1e","messageTitle":"Update Ui and Messages for updated items add feature. Fix partial mismatching expections.","messageBody":"","fileTypesAndContributionMap":{"functional-code":{"insertions":74,"deletions":11}}},{"hash":"5c84058f88512e07599dd2a4fb21b9ca6a948661","messageTitle":"Update items update feature","messageBody":"","fileTypesAndContributionMap":{"functional-code":{"insertions":203,"deletions":45}}}]},{"date":"2021-04-06","commitResults":[{"hash":"8fafc3a6823a93ae847edcdd348ab22ebdbaecc8","messageTitle":"Improve the system message after adding new stocks or updating new item price and stock.","messageBody":"","fileTypesAndContributionMap":{"functional-code":{"insertions":43,"deletions":7}}}]},{"date":"2021-04-07","commitResults":[{"hash":"d3fec7b6b4453116132f0eb7750fdbd8bea0e8bb","messageTitle":"Update UserGuide: the description of help, items, orders, items add, items list and items update","messageBody":"","fileTypesAndContributionMap":{"docs":{"insertions":31,"deletions":34}}}]},{"date":"2021-04-09","commitResults":[{"hash":"729ae2841e0b7a89d8222d1b4df7ed54606806fa","messageTitle":"Modify the previous version and delete format and expected output for help / items / orders / items add / items list / items update","messageBody":"","fileTypesAndContributionMap":{"docs":{"insertions":52,"deletions":115}}},{"hash":"10807ec086fa1a09bd097c74bf7d61c5f346a955","messageTitle":"Format relevant parts.","messageBody":"","fileTypesAndContributionMap":{"docs":{"insertions":30,"deletions":29}}},{"hash":"d0c02384e70adf8286cd8ec1a8117c49886ee282","messageTitle":"Fix some errors.","messageBody":"","fileTypesAndContributionMap":{"docs":{"insertions":4,"deletions":4}}}]},{"date":"2021-04-10","commitResults":[{"hash":"90ae18266d41b1f68c599a347faf3c12c3c71491","messageTitle":"Code modification.","messageBody":"","fileTypesAndContributionMap":{"functional-code":{"insertions":101,"deletions":129},"other":{"insertions":3,"deletions":3}}},{"hash":"cf14960f9b69fdebb1f1844958967bdbf8977537","messageTitle":"UG: orders delete","messageBody":"","fileTypesAndContributionMap":{"docs":{"insertions":18,"deletions":18}}},{"hash":"c27492abfbc0b91941c5ebd29fe9aabb45eb4dc8","messageTitle":"Extract two methods: items add back and item sales decrease when deleteing an order","messageBody":"","fileTypesAndContributionMap":{"functional-code":{"insertions":37,"deletions":16}}},{"hash":"8294bca0ac89f1f8ffbc94a059195d5d5e1ff212","messageTitle":"Improve code quality","messageBody":"","fileTypesAndContributionMap":{"functional-code":{"insertions":9,"deletions":20}}},{"hash":"1dec0c8e99445aabe16398ae84dbfadd4f9e9b03","messageTitle":"improve code quality","messageBody":"","fileTypesAndContributionMap":{"functional-code":{"insertions":7,"deletions":7}}}]}]},"authorFileTypeContributionMap":{"951553394":{"docs":57,"functional-code":420,"test-code":17},"ongweisheng":{"docs":351,"functional-code":1126,"test-code":222,"other":3},"e00426142":{"docs":58,"functional-code":461,"test-code":73},"zikunz":{"docs":406,"functional-code":965,"test-code":228,"other":42},"Cocokkkk":{"docs":173,"functional-code":771,"test-code":57}},"authorContributionVariance":{"951553394":5064.249,"ongweisheng":111859.14,"e00426142":7407.1943,"zikunz":54634.215,"Cocokkkk":11630.834},"authorDisplayNameMap":{"951553394":"CS2113T-T09-4 JIAN..IONG","ongweisheng":"CS2113T-T09-4 ONG ..HENG","e00426142":"CS2113T-T09-4 QIU .. WEN","zikunz":"CS2113T-T09-4 ZHU ..IKUN","Cocokkkk":"CS2113T-T09-4 LI K..XUAN"}}
