{"authorDailyContributionsMap":{"951553394":[],"ongweisheng":[],"e00426142":[],"zikunz":[],"Cocokkkk":[]},"authorFileTypeContributionMap":{"951553394":{"docs":0,"functional-code":0,"test-code":0},"ongweisheng":{"docs":0,"functional-code":0,"test-code":0},"e00426142":{"docs":0,"functional-code":0,"test-code":0},"zikunz":{"docs":0,"functional-code":0,"test-code":0},"Cocokkkk":{"docs":0,"functional-code":0,"test-code":0}},"authorContributionVariance":{"951553394":0.0,"ongweisheng":0.0,"e00426142":0.0,"zikunz":0.0,"Cocokkkk":0.0},"authorDisplayNameMap":{"951553394":"CS2113T-T09-4 JIAN..IONG","ongweisheng":"CS2113T-T09-4 ONG ..HENG","e00426142":"CS2113T-T09-4 QIU .. WEN","zikunz":"CS2113T-T09-4 ZHU ..IKUN","Cocokkkk":"CS2113T-T09-4 LI K..XUAN"}}
