[{"path":"build.gradle","fileType":"other","lines":[{"lineNumber":1,"author":{"gitId":"-"},"content":"plugins {"},{"lineNumber":2,"author":{"gitId":"-"},"content":"    id \u0027java\u0027"},{"lineNumber":3,"author":{"gitId":"-"},"content":"    id \u0027application\u0027"},{"lineNumber":4,"author":{"gitId":"-"},"content":"    id \u0027checkstyle\u0027"},{"lineNumber":5,"author":{"gitId":"-"},"content":"    id \u0027com.github.johnrengelman.shadow\u0027 version \u00275.1.0\u0027"},{"lineNumber":6,"author":{"gitId":"-"},"content":"}"},{"lineNumber":7,"author":{"gitId":"-"},"content":""},{"lineNumber":8,"author":{"gitId":"-"},"content":"repositories {"},{"lineNumber":9,"author":{"gitId":"-"},"content":"    mavenCentral()"},{"lineNumber":10,"author":{"gitId":"-"},"content":"}"},{"lineNumber":11,"author":{"gitId":"-"},"content":""},{"lineNumber":12,"author":{"gitId":"-"},"content":"dependencies {"},{"lineNumber":13,"author":{"gitId":"-"},"content":"    testImplementation group: \u0027org.junit.jupiter\u0027, name: \u0027junit-jupiter-api\u0027, version: \u00275.5.0\u0027"},{"lineNumber":14,"author":{"gitId":"-"},"content":"    testRuntimeOnly group: \u0027org.junit.jupiter\u0027, name: \u0027junit-jupiter-engine\u0027, version: \u00275.5.0\u0027"},{"lineNumber":15,"author":{"gitId":"-"},"content":"}"},{"lineNumber":16,"author":{"gitId":"-"},"content":""},{"lineNumber":17,"author":{"gitId":"-"},"content":"test {"},{"lineNumber":18,"author":{"gitId":"-"},"content":"    useJUnitPlatform()"},{"lineNumber":19,"author":{"gitId":"-"},"content":""},{"lineNumber":20,"author":{"gitId":"-"},"content":"    testLogging {"},{"lineNumber":21,"author":{"gitId":"-"},"content":"        events \"passed\", \"skipped\", \"failed\""},{"lineNumber":22,"author":{"gitId":"-"},"content":""},{"lineNumber":23,"author":{"gitId":"-"},"content":"        showExceptions true"},{"lineNumber":24,"author":{"gitId":"-"},"content":"        exceptionFormat \"full\""},{"lineNumber":25,"author":{"gitId":"-"},"content":"        showCauses true"},{"lineNumber":26,"author":{"gitId":"-"},"content":"        showStackTraces true"},{"lineNumber":27,"author":{"gitId":"-"},"content":"        showStandardStreams \u003d false"},{"lineNumber":28,"author":{"gitId":"-"},"content":"    }"},{"lineNumber":29,"author":{"gitId":"-"},"content":"}"},{"lineNumber":30,"author":{"gitId":"-"},"content":""},{"lineNumber":31,"author":{"gitId":"-"},"content":"application {"},{"lineNumber":32,"author":{"gitId":"SimJJ96"},"content":"    mainClassName \u003d \"seedu.fridgefriend.FridgeFriend\""},{"lineNumber":33,"author":{"gitId":"-"},"content":"}"},{"lineNumber":34,"author":{"gitId":"-"},"content":""},{"lineNumber":35,"author":{"gitId":"-"},"content":"shadowJar {"},{"lineNumber":36,"author":{"gitId":"SimJJ96"},"content":"    archiveBaseName \u003d \"fridgefriend\""},{"lineNumber":37,"author":{"gitId":"-"},"content":"    archiveClassifier \u003d null"},{"lineNumber":38,"author":{"gitId":"-"},"content":"}"},{"lineNumber":39,"author":{"gitId":"-"},"content":""},{"lineNumber":40,"author":{"gitId":"-"},"content":"checkstyle {"},{"lineNumber":41,"author":{"gitId":"-"},"content":"    toolVersion \u003d \u00278.23\u0027"},{"lineNumber":42,"author":{"gitId":"-"},"content":"}"},{"lineNumber":43,"author":{"gitId":"-"},"content":""},{"lineNumber":44,"author":{"gitId":"-"},"content":"run{"},{"lineNumber":45,"author":{"gitId":"-"},"content":"    standardInput \u003d System.in"},{"lineNumber":46,"author":{"gitId":"-"},"content":"}"}],"authorContributionMap":{"-":44,"SimJJ96":2}},{"path":"docs/AboutUs.md","fileType":"docs","lines":[{"lineNumber":1,"author":{"gitId":"-"},"content":"# About us"},{"lineNumber":2,"author":{"gitId":"-"},"content":""},{"lineNumber":3,"author":{"gitId":"-"},"content":"Display | Name | Github Profile | Portfolio "},{"lineNumber":4,"author":{"gitId":"-"},"content":"----------|:------:|:--------------:|:---------:"},{"lineNumber":5,"author":{"gitId":"-"},"content":""},{"lineNumber":6,"author":{"gitId":"-"},"content":"![](https://avatars.githubusercontent.com/u/61216523?s\u003d400\u0026u\u003d14d1ea6c1c7a2dc388293b299eb860859388b309\u0026v\u003d4) | Ryan Kwok | [Github](https://github.com/kwokyto) | [Portfolio](team/kwokyto.md)"},{"lineNumber":7,"author":{"gitId":"-"},"content":""},{"lineNumber":8,"author":{"gitId":"-"},"content":"![alt text](team/hwq_pic.png) | Hu Wenqi | [Github](https://github.com/Vinci-Hu) | [Portfolio](team/wenqihu.md)"},{"lineNumber":9,"author":{"gitId":"-"},"content":""},{"lineNumber":10,"author":{"gitId":"joohwan58"},"content":"![](team/JoohwanPic.png) | Kim Joohwan | [Github](https://github.com/joohwan58) | [Portfolio](team/joohwan.md)"},{"lineNumber":11,"author":{"gitId":"-"},"content":""},{"lineNumber":12,"author":{"gitId":"-"},"content":"![img.png](team/lyp_pic.png)| Lee Yang Peng | [Github](https://github.com/Leeyp) | [Portfolio](team/leeyp.md)"},{"lineNumber":13,"author":{"gitId":"-"},"content":""},{"lineNumber":14,"author":{"gitId":"SimJJ96"},"content":"![image](team/sjj_pic.png) | Sim Jing Jie | [Github](https://github.com/SimJJ96/) | [Portfolio](team/simjingjie.md)"}],"authorContributionMap":{"joohwan58":1,"-":12,"SimJJ96":1}},{"path":"src/main/java/seedu/fridgefriend/FridgeFriend.java","fileType":"functional-code","lines":[{"lineNumber":1,"author":{"gitId":"SimJJ96"},"content":"package seedu.fridgefriend;"},{"lineNumber":2,"author":{"gitId":"SimJJ96"},"content":""},{"lineNumber":3,"author":{"gitId":"SimJJ96"},"content":"import seedu.fridgefriend.command.AddCommand;"},{"lineNumber":4,"author":{"gitId":"SimJJ96"},"content":"import seedu.fridgefriend.command.Command;"},{"lineNumber":5,"author":{"gitId":"SimJJ96"},"content":"import seedu.fridgefriend.command.ListCommand;"},{"lineNumber":6,"author":{"gitId":"SimJJ96"},"content":"import seedu.fridgefriend.command.RemoveCommand;"},{"lineNumber":7,"author":{"gitId":"SimJJ96"},"content":"import seedu.fridgefriend.command.SearchCommand;"},{"lineNumber":8,"author":{"gitId":"SimJJ96"},"content":"import seedu.fridgefriend.exception.EmptyDescriptionException;"},{"lineNumber":9,"author":{"gitId":"SimJJ96"},"content":"import seedu.fridgefriend.exception.InvalidInputException;"},{"lineNumber":10,"author":{"gitId":"SimJJ96"},"content":"import seedu.fridgefriend.food.Food;"},{"lineNumber":11,"author":{"gitId":"Vinci-Hu"},"content":"import seedu.fridgefriend.food.FoodCategory;"},{"lineNumber":12,"author":{"gitId":"Vinci-Hu"},"content":"import seedu.fridgefriend.food.FoodStorageLocation;"},{"lineNumber":13,"author":{"gitId":"SimJJ96"},"content":""},{"lineNumber":14,"author":{"gitId":"SimJJ96"},"content":"import java.util.ArrayList;"},{"lineNumber":15,"author":{"gitId":"SimJJ96"},"content":"import java.util.List;"},{"lineNumber":16,"author":{"gitId":"SimJJ96"},"content":"import java.util.Scanner;"},{"lineNumber":17,"author":{"gitId":"Vinci-Hu"},"content":"import java.util.regex.Matcher;"},{"lineNumber":18,"author":{"gitId":"Vinci-Hu"},"content":"import java.util.regex.Pattern;"},{"lineNumber":19,"author":{"gitId":"Vinci-Hu"},"content":""},{"lineNumber":20,"author":{"gitId":"Vinci-Hu"},"content":"import static seedu.fridgefriend.food.FoodCategory.convertStringToFoodCategory;"},{"lineNumber":21,"author":{"gitId":"Vinci-Hu"},"content":"import static seedu.fridgefriend.food.FoodStorageLocation.convertStringToLocation;"},{"lineNumber":22,"author":{"gitId":"SimJJ96"},"content":""},{"lineNumber":23,"author":{"gitId":"SimJJ96"},"content":"public class FridgeFriend {"},{"lineNumber":24,"author":{"gitId":"SimJJ96"},"content":""},{"lineNumber":25,"author":{"gitId":"SimJJ96"},"content":"    private static final List\u003cFood\u003e fridge \u003d new ArrayList\u003c\u003e();"},{"lineNumber":26,"author":{"gitId":"SimJJ96"},"content":""},{"lineNumber":27,"author":{"gitId":"SimJJ96"},"content":"    private static final int COMMAND_WORD \u003d 0;"},{"lineNumber":28,"author":{"gitId":"SimJJ96"},"content":"    private static final int LIMIT \u003d 2;"},{"lineNumber":29,"author":{"gitId":"SimJJ96"},"content":""},{"lineNumber":30,"author":{"gitId":"SimJJ96"},"content":"    private static boolean isBye \u003d false;"},{"lineNumber":31,"author":{"gitId":"SimJJ96"},"content":""},{"lineNumber":32,"author":{"gitId":"SimJJ96"},"content":"    public static void main(String[] args) {"},{"lineNumber":33,"author":{"gitId":"SimJJ96"},"content":""},{"lineNumber":34,"author":{"gitId":"SimJJ96"},"content":"        printWelcomeMessage();"},{"lineNumber":35,"author":{"gitId":"SimJJ96"},"content":""},{"lineNumber":36,"author":{"gitId":"SimJJ96"},"content":"        String input;"},{"lineNumber":37,"author":{"gitId":"SimJJ96"},"content":"        Scanner in \u003d new Scanner(System.in);"},{"lineNumber":38,"author":{"gitId":"SimJJ96"},"content":""},{"lineNumber":39,"author":{"gitId":"SimJJ96"},"content":"        while (!isBye) {"},{"lineNumber":40,"author":{"gitId":"SimJJ96"},"content":"            try {"},{"lineNumber":41,"author":{"gitId":"SimJJ96"},"content":"                input \u003d getUserInput(in);"},{"lineNumber":42,"author":{"gitId":"SimJJ96"},"content":"                processCommand(parseCommand(input));"},{"lineNumber":43,"author":{"gitId":"SimJJ96"},"content":"            } catch (Exception exception) {"},{"lineNumber":44,"author":{"gitId":"SimJJ96"},"content":"                printExceptionMessage(exception);"},{"lineNumber":45,"author":{"gitId":"SimJJ96"},"content":"            }"},{"lineNumber":46,"author":{"gitId":"SimJJ96"},"content":"        }"},{"lineNumber":47,"author":{"gitId":"SimJJ96"},"content":"    }"},{"lineNumber":48,"author":{"gitId":"SimJJ96"},"content":""},{"lineNumber":49,"author":{"gitId":"SimJJ96"},"content":"    private static String getUserInput(Scanner in) {"},{"lineNumber":50,"author":{"gitId":"SimJJ96"},"content":"        return in.nextLine();"},{"lineNumber":51,"author":{"gitId":"SimJJ96"},"content":"    }"},{"lineNumber":52,"author":{"gitId":"SimJJ96"},"content":""},{"lineNumber":53,"author":{"gitId":"SimJJ96"},"content":"    private static void printByeMessage() {"},{"lineNumber":54,"author":{"gitId":"SimJJ96"},"content":"        System.out.println(\"Bye. Hope to see you again soon!\\n\");"},{"lineNumber":55,"author":{"gitId":"SimJJ96"},"content":"    }"},{"lineNumber":56,"author":{"gitId":"SimJJ96"},"content":""},{"lineNumber":57,"author":{"gitId":"SimJJ96"},"content":"    private static void printWelcomeMessage() {"},{"lineNumber":58,"author":{"gitId":"SimJJ96"},"content":"        System.out.println(\"Hello! I\u0027m FridgeFriend!\");"},{"lineNumber":59,"author":{"gitId":"SimJJ96"},"content":"        System.out.println(\"What can I do for you?\\n\");"},{"lineNumber":60,"author":{"gitId":"SimJJ96"},"content":"    }"},{"lineNumber":61,"author":{"gitId":"SimJJ96"},"content":""},{"lineNumber":62,"author":{"gitId":"SimJJ96"},"content":"    private static void printExceptionMessage(Exception exception) {"},{"lineNumber":63,"author":{"gitId":"SimJJ96"},"content":"        if (exception instanceof IndexOutOfBoundsException) {"},{"lineNumber":64,"author":{"gitId":"SimJJ96"},"content":"            System.out.println(exception.getMessage());"},{"lineNumber":65,"author":{"gitId":"SimJJ96"},"content":"        } else if (exception instanceof NumberFormatException) {"},{"lineNumber":66,"author":{"gitId":"SimJJ96"},"content":"            System.out.println(exception.getMessage());"},{"lineNumber":67,"author":{"gitId":"SimJJ96"},"content":"        } else if (exception instanceof InvalidInputException) {"},{"lineNumber":68,"author":{"gitId":"SimJJ96"},"content":"            System.out.println(exception.getMessage());"},{"lineNumber":69,"author":{"gitId":"SimJJ96"},"content":"        } else if (exception instanceof EmptyDescriptionException) {"},{"lineNumber":70,"author":{"gitId":"SimJJ96"},"content":"            System.out.println(exception.getMessage());"},{"lineNumber":71,"author":{"gitId":"SimJJ96"},"content":"        }"},{"lineNumber":72,"author":{"gitId":"SimJJ96"},"content":"    }"},{"lineNumber":73,"author":{"gitId":"SimJJ96"},"content":""},{"lineNumber":74,"author":{"gitId":"SimJJ96"},"content":"    /**"},{"lineNumber":75,"author":{"gitId":"SimJJ96"},"content":"     * Parses input into command and description."},{"lineNumber":76,"author":{"gitId":"SimJJ96"},"content":"     *"},{"lineNumber":77,"author":{"gitId":"SimJJ96"},"content":"     * @param input user input string"},{"lineNumber":78,"author":{"gitId":"SimJJ96"},"content":"     * @return String array of command and description"},{"lineNumber":79,"author":{"gitId":"SimJJ96"},"content":"     * @throws InvalidInputException if the input is empty"},{"lineNumber":80,"author":{"gitId":"SimJJ96"},"content":"     */"},{"lineNumber":81,"author":{"gitId":"SimJJ96"},"content":"    public static String[] parseCommand(String input) throws InvalidInputException {"},{"lineNumber":82,"author":{"gitId":"SimJJ96"},"content":"        if (input.isEmpty()) {"},{"lineNumber":83,"author":{"gitId":"SimJJ96"},"content":"            throw new InvalidInputException();"},{"lineNumber":84,"author":{"gitId":"SimJJ96"},"content":"        }"},{"lineNumber":85,"author":{"gitId":"SimJJ96"},"content":"        //remove trailing whitespaces and parse input into two separated by a whitespace"},{"lineNumber":86,"author":{"gitId":"SimJJ96"},"content":"        String[] words \u003d input.trim().split(\"\\\\s+\", LIMIT);"},{"lineNumber":87,"author":{"gitId":"SimJJ96"},"content":"        if (words.length \u003d\u003d LIMIT) {"},{"lineNumber":88,"author":{"gitId":"SimJJ96"},"content":"            return words;"},{"lineNumber":89,"author":{"gitId":"SimJJ96"},"content":"        } else {"},{"lineNumber":90,"author":{"gitId":"SimJJ96"},"content":"            //return an array of command and empty description"},{"lineNumber":91,"author":{"gitId":"SimJJ96"},"content":"            return new String[] {words[COMMAND_WORD], \"\"};"},{"lineNumber":92,"author":{"gitId":"SimJJ96"},"content":"        }"},{"lineNumber":93,"author":{"gitId":"SimJJ96"},"content":"    }"},{"lineNumber":94,"author":{"gitId":"SimJJ96"},"content":""},{"lineNumber":95,"author":{"gitId":"SimJJ96"},"content":"    /**"},{"lineNumber":96,"author":{"gitId":"Vinci-Hu"},"content":"     * Define arguments format for add food command."},{"lineNumber":97,"author":{"gitId":"Vinci-Hu"},"content":"     * A Pattern object which defines how the input string for food item"},{"lineNumber":98,"author":{"gitId":"Vinci-Hu"},"content":"     * that should look like. [^/]+ implies 1 or more characters except for \u0027/\u0027"},{"lineNumber":99,"author":{"gitId":"Vinci-Hu"},"content":"     */"},{"lineNumber":100,"author":{"gitId":"Vinci-Hu"},"content":"    public static final Pattern FOOD_DATA_ARGS_FORMAT \u003d"},{"lineNumber":101,"author":{"gitId":"Vinci-Hu"},"content":"            Pattern.compile(\"(?\u003cname\u003e[^/]+)\""},{"lineNumber":102,"author":{"gitId":"Vinci-Hu"},"content":"                    + \" /c (?\u003ccategory\u003e[^/]+)\""},{"lineNumber":103,"author":{"gitId":"Vinci-Hu"},"content":"                    + \" /exp (?\u003cexpiryDate\u003e[^/]+)\""},{"lineNumber":104,"author":{"gitId":"Vinci-Hu"},"content":"                    + \" /loc (?\u003cstorageLocation\u003e[^/]+)\");"},{"lineNumber":105,"author":{"gitId":"Vinci-Hu"},"content":""},{"lineNumber":106,"author":{"gitId":"Vinci-Hu"},"content":"    /**"},{"lineNumber":107,"author":{"gitId":"Vinci-Hu"},"content":"     * Parses description into name, foodCategory, expiryDate and storageLocation."},{"lineNumber":108,"author":{"gitId":"Vinci-Hu"},"content":"     * Matcher objects will try to parse a string according to the Pattern we define"},{"lineNumber":109,"author":{"gitId":"Vinci-Hu"},"content":"     * like above FOOD_DATA_ARGS_FORMAT. For other future parsers can copy the usage here."},{"lineNumber":110,"author":{"gitId":"SimJJ96"},"content":"     *"},{"lineNumber":111,"author":{"gitId":"SimJJ96"},"content":"     * @param foodDescription the string in the required format of food description"},{"lineNumber":112,"author":{"gitId":"Vinci-Hu"},"content":"     * @return a new AddCommand for Food"},{"lineNumber":113,"author":{"gitId":"SimJJ96"},"content":"     * @throws EmptyDescriptionException if the description is empty"},{"lineNumber":114,"author":{"gitId":"Vinci-Hu"},"content":"     * @throws InvalidInputException if the description cannot parse"},{"lineNumber":115,"author":{"gitId":"SimJJ96"},"content":"     */"},{"lineNumber":116,"author":{"gitId":"Vinci-Hu"},"content":"    public static Command parseFoodDescription(String foodDescription)"},{"lineNumber":117,"author":{"gitId":"Vinci-Hu"},"content":"            throws EmptyDescriptionException, InvalidInputException {"},{"lineNumber":118,"author":{"gitId":"SimJJ96"},"content":"        if (foodDescription.isEmpty()) {"},{"lineNumber":119,"author":{"gitId":"SimJJ96"},"content":"            throw new EmptyDescriptionException();"},{"lineNumber":120,"author":{"gitId":"SimJJ96"},"content":"        }"},{"lineNumber":121,"author":{"gitId":"Vinci-Hu"},"content":"        final Matcher matcher \u003d FOOD_DATA_ARGS_FORMAT.matcher(foodDescription.trim());"},{"lineNumber":122,"author":{"gitId":"Vinci-Hu"},"content":"        // Validate foodDescription string format"},{"lineNumber":123,"author":{"gitId":"Vinci-Hu"},"content":"        if (!matcher.matches()) {"},{"lineNumber":124,"author":{"gitId":"Vinci-Hu"},"content":"            throw new InvalidInputException();"},{"lineNumber":125,"author":{"gitId":"Vinci-Hu"},"content":"        }"},{"lineNumber":126,"author":{"gitId":"Vinci-Hu"},"content":"        return new AddCommand("},{"lineNumber":127,"author":{"gitId":"Vinci-Hu"},"content":"            matcher.group(\"name\"),"},{"lineNumber":128,"author":{"gitId":"Vinci-Hu"},"content":"            convertStringToFoodCategory(matcher.group(\"category\")),"},{"lineNumber":129,"author":{"gitId":"Vinci-Hu"},"content":"            matcher.group(\"expiryDate\"),"},{"lineNumber":130,"author":{"gitId":"Vinci-Hu"},"content":"            convertStringToLocation(matcher.group(\"storageLocation\"))"},{"lineNumber":131,"author":{"gitId":"Vinci-Hu"},"content":"        );"},{"lineNumber":132,"author":{"gitId":"SimJJ96"},"content":"    }"},{"lineNumber":133,"author":{"gitId":"SimJJ96"},"content":""},{"lineNumber":134,"author":{"gitId":"SimJJ96"},"content":"    public static int parseIntegerDescription(String description) throws EmptyDescriptionException {"},{"lineNumber":135,"author":{"gitId":"SimJJ96"},"content":"        if (description.isEmpty()) {"},{"lineNumber":136,"author":{"gitId":"SimJJ96"},"content":"            throw new EmptyDescriptionException();"},{"lineNumber":137,"author":{"gitId":"SimJJ96"},"content":"        }"},{"lineNumber":138,"author":{"gitId":"SimJJ96"},"content":""},{"lineNumber":139,"author":{"gitId":"SimJJ96"},"content":"        try {"},{"lineNumber":140,"author":{"gitId":"SimJJ96"},"content":"            int index \u003d Integer.parseInt(description);"},{"lineNumber":141,"author":{"gitId":"SimJJ96"},"content":"            return index;"},{"lineNumber":142,"author":{"gitId":"SimJJ96"},"content":"        } catch (NumberFormatException numberFormatException) {"},{"lineNumber":143,"author":{"gitId":"SimJJ96"},"content":"            throw new NumberFormatException(\"Please enter a valid index to remove food.\\n\");"},{"lineNumber":144,"author":{"gitId":"SimJJ96"},"content":"        }"},{"lineNumber":145,"author":{"gitId":"SimJJ96"},"content":"    }"},{"lineNumber":146,"author":{"gitId":"SimJJ96"},"content":""},{"lineNumber":147,"author":{"gitId":"SimJJ96"},"content":"    private static void processCommand(String[] parsedInput)"},{"lineNumber":148,"author":{"gitId":"SimJJ96"},"content":"            throws EmptyDescriptionException, InvalidInputException {"},{"lineNumber":149,"author":{"gitId":"SimJJ96"},"content":"        String command \u003d parsedInput[COMMAND_WORD];"},{"lineNumber":150,"author":{"gitId":"SimJJ96"},"content":"        String description \u003d parsedInput[1];"},{"lineNumber":151,"author":{"gitId":"SimJJ96"},"content":""},{"lineNumber":152,"author":{"gitId":"SimJJ96"},"content":"        switch (command.toLowerCase()) {"},{"lineNumber":153,"author":{"gitId":"SimJJ96"},"content":"        case \"add\":"},{"lineNumber":154,"author":{"gitId":"SimJJ96"},"content":"            proceedToAdd(description);"},{"lineNumber":155,"author":{"gitId":"SimJJ96"},"content":"            break;"},{"lineNumber":156,"author":{"gitId":"SimJJ96"},"content":"        case \"list\":"},{"lineNumber":157,"author":{"gitId":"SimJJ96"},"content":"            proceedToList(description);"},{"lineNumber":158,"author":{"gitId":"SimJJ96"},"content":"            break;"},{"lineNumber":159,"author":{"gitId":"SimJJ96"},"content":"        case \"remove\":"},{"lineNumber":160,"author":{"gitId":"SimJJ96"},"content":"            proceedToRemove(description);"},{"lineNumber":161,"author":{"gitId":"SimJJ96"},"content":"            break;"},{"lineNumber":162,"author":{"gitId":"SimJJ96"},"content":"        case \"search\":"},{"lineNumber":163,"author":{"gitId":"SimJJ96"},"content":"            proceedToSearch(description);"},{"lineNumber":164,"author":{"gitId":"SimJJ96"},"content":"            break;"},{"lineNumber":165,"author":{"gitId":"SimJJ96"},"content":"        case \"bye\":"},{"lineNumber":166,"author":{"gitId":"SimJJ96"},"content":"            proceedToExit();"},{"lineNumber":167,"author":{"gitId":"SimJJ96"},"content":"            break;"},{"lineNumber":168,"author":{"gitId":"SimJJ96"},"content":"        default:"},{"lineNumber":169,"author":{"gitId":"SimJJ96"},"content":"            throw new InvalidInputException();"},{"lineNumber":170,"author":{"gitId":"SimJJ96"},"content":"        }"},{"lineNumber":171,"author":{"gitId":"SimJJ96"},"content":"    }"},{"lineNumber":172,"author":{"gitId":"SimJJ96"},"content":""},{"lineNumber":173,"author":{"gitId":"Vinci-Hu"},"content":"    private static void proceedToAdd(String description) throws EmptyDescriptionException, InvalidInputException {"},{"lineNumber":174,"author":{"gitId":"Vinci-Hu"},"content":"        Command addCommand \u003d parseFoodDescription(description);"},{"lineNumber":175,"author":{"gitId":"Vinci-Hu"},"content":"        addCommand.execute(fridge);"},{"lineNumber":176,"author":{"gitId":"SimJJ96"},"content":"    }"},{"lineNumber":177,"author":{"gitId":"SimJJ96"},"content":""},{"lineNumber":178,"author":{"gitId":"SimJJ96"},"content":"    private static void proceedToList(String description) {"},{"lineNumber":179,"author":{"gitId":"SimJJ96"},"content":"        Command list \u003d new ListCommand(description);"},{"lineNumber":180,"author":{"gitId":"SimJJ96"},"content":"        list.execute(fridge);"},{"lineNumber":181,"author":{"gitId":"SimJJ96"},"content":"    }"},{"lineNumber":182,"author":{"gitId":"SimJJ96"},"content":""},{"lineNumber":183,"author":{"gitId":"SimJJ96"},"content":"    private static void proceedToRemove(String description) throws EmptyDescriptionException {"},{"lineNumber":184,"author":{"gitId":"SimJJ96"},"content":"        try {"},{"lineNumber":185,"author":{"gitId":"SimJJ96"},"content":"            Command remove \u003d new RemoveCommand(parseIntegerDescription(description), fridge);"},{"lineNumber":186,"author":{"gitId":"SimJJ96"},"content":"            remove.execute(fridge);"},{"lineNumber":187,"author":{"gitId":"SimJJ96"},"content":"        } catch (IndexOutOfBoundsException indexOutOfBoundsException) {"},{"lineNumber":188,"author":{"gitId":"SimJJ96"},"content":"            throw new IndexOutOfBoundsException(\"Please enter a valid index to remove food.\\n\");"},{"lineNumber":189,"author":{"gitId":"SimJJ96"},"content":"        }"},{"lineNumber":190,"author":{"gitId":"SimJJ96"},"content":"    }"},{"lineNumber":191,"author":{"gitId":"SimJJ96"},"content":""},{"lineNumber":192,"author":{"gitId":"SimJJ96"},"content":"    private static void proceedToSearch(String description) throws EmptyDescriptionException {"},{"lineNumber":193,"author":{"gitId":"SimJJ96"},"content":"        Command search \u003d new SearchCommand(description);"},{"lineNumber":194,"author":{"gitId":"SimJJ96"},"content":"        search.execute(fridge);"},{"lineNumber":195,"author":{"gitId":"SimJJ96"},"content":"    }"},{"lineNumber":196,"author":{"gitId":"SimJJ96"},"content":""},{"lineNumber":197,"author":{"gitId":"SimJJ96"},"content":"    private static void proceedToExit() {"},{"lineNumber":198,"author":{"gitId":"SimJJ96"},"content":"        isBye \u003d true;"},{"lineNumber":199,"author":{"gitId":"SimJJ96"},"content":"        printByeMessage();"},{"lineNumber":200,"author":{"gitId":"SimJJ96"},"content":"    }"},{"lineNumber":201,"author":{"gitId":"SimJJ96"},"content":"}"}],"authorContributionMap":{"Vinci-Hu":39,"SimJJ96":162}},{"path":"src/main/java/seedu/fridgefriend/command/AddCommand.java","fileType":"functional-code","lines":[{"lineNumber":1,"author":{"gitId":"SimJJ96"},"content":"package seedu.fridgefriend.command;"},{"lineNumber":2,"author":{"gitId":"SimJJ96"},"content":""},{"lineNumber":3,"author":{"gitId":"SimJJ96"},"content":"import seedu.fridgefriend.food.Food;"},{"lineNumber":4,"author":{"gitId":"SimJJ96"},"content":"import seedu.fridgefriend.food.FoodCategory;"},{"lineNumber":5,"author":{"gitId":"Vinci-Hu"},"content":"import seedu.fridgefriend.food.FoodStorageLocation;"},{"lineNumber":6,"author":{"gitId":"SimJJ96"},"content":""},{"lineNumber":7,"author":{"gitId":"SimJJ96"},"content":"import java.util.List;"},{"lineNumber":8,"author":{"gitId":"SimJJ96"},"content":""},{"lineNumber":9,"author":{"gitId":"SimJJ96"},"content":"/**"},{"lineNumber":10,"author":{"gitId":"SimJJ96"},"content":" * Add a food item into the Fridge."},{"lineNumber":11,"author":{"gitId":"SimJJ96"},"content":" */"},{"lineNumber":12,"author":{"gitId":"SimJJ96"},"content":"public class AddCommand extends Command {"},{"lineNumber":13,"author":{"gitId":"SimJJ96"},"content":""},{"lineNumber":14,"author":{"gitId":"Vinci-Hu"},"content":"    private final Food foodToAdd;"},{"lineNumber":15,"author":{"gitId":"SimJJ96"},"content":""},{"lineNumber":16,"author":{"gitId":"Vinci-Hu"},"content":"    public AddCommand(String foodName,"},{"lineNumber":17,"author":{"gitId":"Vinci-Hu"},"content":"                      FoodCategory category,"},{"lineNumber":18,"author":{"gitId":"Vinci-Hu"},"content":"                      String expiryDate,"},{"lineNumber":19,"author":{"gitId":"Vinci-Hu"},"content":"                      FoodStorageLocation location) {"},{"lineNumber":20,"author":{"gitId":"Vinci-Hu"},"content":"        this.foodToAdd \u003d new Food(category, foodName, expiryDate, location);"},{"lineNumber":21,"author":{"gitId":"SimJJ96"},"content":"    }"},{"lineNumber":22,"author":{"gitId":"SimJJ96"},"content":""},{"lineNumber":23,"author":{"gitId":"SimJJ96"},"content":"    @Override"},{"lineNumber":24,"author":{"gitId":"SimJJ96"},"content":"    public void execute(List\u003cFood\u003e fridge) {"},{"lineNumber":25,"author":{"gitId":"SimJJ96"},"content":"        addFood(fridge);"},{"lineNumber":26,"author":{"gitId":"SimJJ96"},"content":"        showResults();"},{"lineNumber":27,"author":{"gitId":"SimJJ96"},"content":"    }"},{"lineNumber":28,"author":{"gitId":"SimJJ96"},"content":""},{"lineNumber":29,"author":{"gitId":"SimJJ96"},"content":"    private void addFood(List\u003cFood\u003e fridge) {"},{"lineNumber":30,"author":{"gitId":"Vinci-Hu"},"content":"        fridge.add(foodToAdd);"},{"lineNumber":31,"author":{"gitId":"SimJJ96"},"content":"    }"},{"lineNumber":32,"author":{"gitId":"SimJJ96"},"content":""},{"lineNumber":33,"author":{"gitId":"SimJJ96"},"content":"    private void showResults() {"},{"lineNumber":34,"author":{"gitId":"Vinci-Hu"},"content":"        System.out.println(\"Great! I have added \" + foodToAdd.getFoodName() + \" into your fridge.\");"},{"lineNumber":35,"author":{"gitId":"Vinci-Hu"},"content":"        System.out.println(\"Details: \" + foodToAdd.toString() + \"\\n\");"},{"lineNumber":36,"author":{"gitId":"SimJJ96"},"content":"    }"},{"lineNumber":37,"author":{"gitId":"SimJJ96"},"content":""},{"lineNumber":38,"author":{"gitId":"SimJJ96"},"content":"}"}],"authorContributionMap":{"Vinci-Hu":10,"SimJJ96":28}},{"path":"src/main/java/seedu/fridgefriend/command/Command.java","fileType":"functional-code","lines":[{"lineNumber":1,"author":{"gitId":"SimJJ96"},"content":"package seedu.fridgefriend.command;"},{"lineNumber":2,"author":{"gitId":"SimJJ96"},"content":""},{"lineNumber":3,"author":{"gitId":"SimJJ96"},"content":"import seedu.fridgefriend.food.Food;"},{"lineNumber":4,"author":{"gitId":"SimJJ96"},"content":""},{"lineNumber":5,"author":{"gitId":"SimJJ96"},"content":"import java.util.List;"},{"lineNumber":6,"author":{"gitId":"SimJJ96"},"content":""},{"lineNumber":7,"author":{"gitId":"SimJJ96"},"content":"/**"},{"lineNumber":8,"author":{"gitId":"SimJJ96"},"content":" * Represent an executable command."},{"lineNumber":9,"author":{"gitId":"SimJJ96"},"content":" */"},{"lineNumber":10,"author":{"gitId":"SimJJ96"},"content":"public abstract class Command {"},{"lineNumber":11,"author":{"gitId":"SimJJ96"},"content":""},{"lineNumber":12,"author":{"gitId":"SimJJ96"},"content":"    public abstract void execute(List\u003cFood\u003e fridge);"},{"lineNumber":13,"author":{"gitId":"SimJJ96"},"content":""},{"lineNumber":14,"author":{"gitId":"SimJJ96"},"content":"}"}],"authorContributionMap":{"SimJJ96":14}},{"path":"src/main/java/seedu/fridgefriend/command/ListCommand.java","fileType":"functional-code","lines":[{"lineNumber":1,"author":{"gitId":"SimJJ96"},"content":"package seedu.fridgefriend.command;"},{"lineNumber":2,"author":{"gitId":"SimJJ96"},"content":""},{"lineNumber":3,"author":{"gitId":"SimJJ96"},"content":"import seedu.fridgefriend.exception.InvalidInputException;"},{"lineNumber":4,"author":{"gitId":"SimJJ96"},"content":"import seedu.fridgefriend.food.Food;"},{"lineNumber":5,"author":{"gitId":"SimJJ96"},"content":"import seedu.fridgefriend.food.FoodCategory;"},{"lineNumber":6,"author":{"gitId":"SimJJ96"},"content":""},{"lineNumber":7,"author":{"gitId":"SimJJ96"},"content":"import java.util.List;"},{"lineNumber":8,"author":{"gitId":"SimJJ96"},"content":""},{"lineNumber":9,"author":{"gitId":"SimJJ96"},"content":"/**"},{"lineNumber":10,"author":{"gitId":"SimJJ96"},"content":" * List the items in the fridge to the user."},{"lineNumber":11,"author":{"gitId":"SimJJ96"},"content":" * When calling constructor, description is a necessary field"},{"lineNumber":12,"author":{"gitId":"SimJJ96"},"content":" * to specify whether to list everything or list by category."},{"lineNumber":13,"author":{"gitId":"SimJJ96"},"content":" */"},{"lineNumber":14,"author":{"gitId":"SimJJ96"},"content":"public class ListCommand extends Command {"},{"lineNumber":15,"author":{"gitId":"SimJJ96"},"content":""},{"lineNumber":16,"author":{"gitId":"SimJJ96"},"content":"    private static final int EXTRA_INDEX \u003d 1;"},{"lineNumber":17,"author":{"gitId":"SimJJ96"},"content":"    private final FoodCategory foodCategory;"},{"lineNumber":18,"author":{"gitId":"SimJJ96"},"content":"    private final String category;"},{"lineNumber":19,"author":{"gitId":"SimJJ96"},"content":""},{"lineNumber":20,"author":{"gitId":"SimJJ96"},"content":"    public ListCommand(String description) {"},{"lineNumber":21,"author":{"gitId":"SimJJ96"},"content":"        this.category \u003d description.toUpperCase();"},{"lineNumber":22,"author":{"gitId":"SimJJ96"},"content":"        this.foodCategory \u003d FoodCategory.convertStringToFoodCategory(category);"},{"lineNumber":23,"author":{"gitId":"SimJJ96"},"content":"    }"},{"lineNumber":24,"author":{"gitId":"SimJJ96"},"content":""},{"lineNumber":25,"author":{"gitId":"SimJJ96"},"content":"    @Override"},{"lineNumber":26,"author":{"gitId":"SimJJ96"},"content":"    public void execute(List\u003cFood\u003e fridge) {"},{"lineNumber":27,"author":{"gitId":"SimJJ96"},"content":"        if (category.equals(\"\")) {"},{"lineNumber":28,"author":{"gitId":"SimJJ96"},"content":"            listEverythingInFridge(fridge);"},{"lineNumber":29,"author":{"gitId":"SimJJ96"},"content":"        } else {"},{"lineNumber":30,"author":{"gitId":"SimJJ96"},"content":"            listByCategory(fridge);"},{"lineNumber":31,"author":{"gitId":"SimJJ96"},"content":"        }"},{"lineNumber":32,"author":{"gitId":"SimJJ96"},"content":"    }"},{"lineNumber":33,"author":{"gitId":"SimJJ96"},"content":""},{"lineNumber":34,"author":{"gitId":"SimJJ96"},"content":"    private void listByCategory(List\u003cFood\u003e fridge) {"},{"lineNumber":35,"author":{"gitId":"SimJJ96"},"content":"        try {"},{"lineNumber":36,"author":{"gitId":"SimJJ96"},"content":"            checkIsValidCategory();"},{"lineNumber":37,"author":{"gitId":"SimJJ96"},"content":"            System.out.println(\"These are the \" + foodCategory + \" in your fridge:\");"},{"lineNumber":38,"author":{"gitId":"SimJJ96"},"content":"            for (int i \u003d 0; i \u003c fridge.size(); i++) {"},{"lineNumber":39,"author":{"gitId":"SimJJ96"},"content":"                matchCategory(i, fridge);"},{"lineNumber":40,"author":{"gitId":"SimJJ96"},"content":"            }"},{"lineNumber":41,"author":{"gitId":"SimJJ96"},"content":"            System.out.println();"},{"lineNumber":42,"author":{"gitId":"SimJJ96"},"content":"        } catch (InvalidInputException invalidInputException) {"},{"lineNumber":43,"author":{"gitId":"SimJJ96"},"content":"            System.out.println(\"Sorry my friend, please enter a valid food category.\\n\");"},{"lineNumber":44,"author":{"gitId":"SimJJ96"},"content":"        }"},{"lineNumber":45,"author":{"gitId":"SimJJ96"},"content":"    }"},{"lineNumber":46,"author":{"gitId":"SimJJ96"},"content":""},{"lineNumber":47,"author":{"gitId":"SimJJ96"},"content":"    private void listEverythingInFridge(List\u003cFood\u003e fridge) {"},{"lineNumber":48,"author":{"gitId":"SimJJ96"},"content":"        System.out.println(\"Here are the items in your fridge:\");"},{"lineNumber":49,"author":{"gitId":"SimJJ96"},"content":"        for (int i \u003d 0; i \u003c fridge.size(); i++) {"},{"lineNumber":50,"author":{"gitId":"SimJJ96"},"content":"            int indexShownToUser \u003d i + EXTRA_INDEX;"},{"lineNumber":51,"author":{"gitId":"SimJJ96"},"content":"            System.out.println(\"\\t\" + indexShownToUser +  \". \""},{"lineNumber":52,"author":{"gitId":"SimJJ96"},"content":"                    + fridge.get(i).getFoodName() + \" [\""},{"lineNumber":53,"author":{"gitId":"SimJJ96"},"content":"                    + fridge.get(i).getCategory() + \"]\");"},{"lineNumber":54,"author":{"gitId":"SimJJ96"},"content":"        }"},{"lineNumber":55,"author":{"gitId":"SimJJ96"},"content":"        System.out.println();"},{"lineNumber":56,"author":{"gitId":"SimJJ96"},"content":"    }"},{"lineNumber":57,"author":{"gitId":"SimJJ96"},"content":""},{"lineNumber":58,"author":{"gitId":"SimJJ96"},"content":"    private void checkIsValidCategory() throws InvalidInputException {"},{"lineNumber":59,"author":{"gitId":"SimJJ96"},"content":"        if (!FoodCategory.contains(category)) {"},{"lineNumber":60,"author":{"gitId":"SimJJ96"},"content":"            throw new InvalidInputException();"},{"lineNumber":61,"author":{"gitId":"SimJJ96"},"content":"        }"},{"lineNumber":62,"author":{"gitId":"SimJJ96"},"content":"    }"},{"lineNumber":63,"author":{"gitId":"SimJJ96"},"content":""},{"lineNumber":64,"author":{"gitId":"SimJJ96"},"content":"    private void matchCategory(int index, List\u003cFood\u003e fridge) {"},{"lineNumber":65,"author":{"gitId":"SimJJ96"},"content":"        if (fridge.get(index).getCategory().equals(foodCategory)) {"},{"lineNumber":66,"author":{"gitId":"SimJJ96"},"content":"            int indexShownToUser \u003d index + EXTRA_INDEX;"},{"lineNumber":67,"author":{"gitId":"SimJJ96"},"content":"            System.out.println(\"\\t\" + indexShownToUser +  \". \""},{"lineNumber":68,"author":{"gitId":"SimJJ96"},"content":"                    + fridge.get(index).getFoodName());"},{"lineNumber":69,"author":{"gitId":"SimJJ96"},"content":"        }"},{"lineNumber":70,"author":{"gitId":"SimJJ96"},"content":"    }"},{"lineNumber":71,"author":{"gitId":"SimJJ96"},"content":""},{"lineNumber":72,"author":{"gitId":"SimJJ96"},"content":"}"}],"authorContributionMap":{"SimJJ96":72}},{"path":"src/main/java/seedu/fridgefriend/command/RemoveCommand.java","fileType":"functional-code","lines":[{"lineNumber":1,"author":{"gitId":"SimJJ96"},"content":"package seedu.fridgefriend.command;"},{"lineNumber":2,"author":{"gitId":"SimJJ96"},"content":""},{"lineNumber":3,"author":{"gitId":"SimJJ96"},"content":"import seedu.fridgefriend.food.Food;"},{"lineNumber":4,"author":{"gitId":"SimJJ96"},"content":""},{"lineNumber":5,"author":{"gitId":"SimJJ96"},"content":"import java.util.List;"},{"lineNumber":6,"author":{"gitId":"SimJJ96"},"content":""},{"lineNumber":7,"author":{"gitId":"SimJJ96"},"content":"/**"},{"lineNumber":8,"author":{"gitId":"SimJJ96"},"content":" * Remove the food from the fridge by index specify by user."},{"lineNumber":9,"author":{"gitId":"SimJJ96"},"content":" */"},{"lineNumber":10,"author":{"gitId":"SimJJ96"},"content":"public class RemoveCommand extends Command {"},{"lineNumber":11,"author":{"gitId":"SimJJ96"},"content":""},{"lineNumber":12,"author":{"gitId":"SimJJ96"},"content":"    private static final int EXTRA_INDEX \u003d 1;"},{"lineNumber":13,"author":{"gitId":"SimJJ96"},"content":""},{"lineNumber":14,"author":{"gitId":"SimJJ96"},"content":"    private final int indexToRemove;"},{"lineNumber":15,"author":{"gitId":"SimJJ96"},"content":"    private Food foodToBeRemove;"},{"lineNumber":16,"author":{"gitId":"SimJJ96"},"content":""},{"lineNumber":17,"author":{"gitId":"SimJJ96"},"content":"    public RemoveCommand(int indexToRemove, List\u003cFood\u003e fridge) {"},{"lineNumber":18,"author":{"gitId":"SimJJ96"},"content":"        int actualIndexToRemove \u003d indexToRemove - EXTRA_INDEX;"},{"lineNumber":19,"author":{"gitId":"SimJJ96"},"content":"        this.indexToRemove \u003d actualIndexToRemove;"},{"lineNumber":20,"author":{"gitId":"SimJJ96"},"content":"        this.foodToBeRemove \u003d fridge.get(actualIndexToRemove);"},{"lineNumber":21,"author":{"gitId":"SimJJ96"},"content":"    }"},{"lineNumber":22,"author":{"gitId":"SimJJ96"},"content":""},{"lineNumber":23,"author":{"gitId":"SimJJ96"},"content":"    @Override"},{"lineNumber":24,"author":{"gitId":"SimJJ96"},"content":"    public void execute(List\u003cFood\u003e fridge) {"},{"lineNumber":25,"author":{"gitId":"SimJJ96"},"content":"        removeFood(fridge);"},{"lineNumber":26,"author":{"gitId":"SimJJ96"},"content":"        showMessage(fridge);"},{"lineNumber":27,"author":{"gitId":"SimJJ96"},"content":"    }"},{"lineNumber":28,"author":{"gitId":"SimJJ96"},"content":""},{"lineNumber":29,"author":{"gitId":"SimJJ96"},"content":"    public void removeFood(List\u003cFood\u003e fridge) {"},{"lineNumber":30,"author":{"gitId":"SimJJ96"},"content":"        if (indexToRemove \u003e fridge.size()) {"},{"lineNumber":31,"author":{"gitId":"SimJJ96"},"content":"            throw new IndexOutOfBoundsException();"},{"lineNumber":32,"author":{"gitId":"SimJJ96"},"content":"        }"},{"lineNumber":33,"author":{"gitId":"SimJJ96"},"content":"        fridge.remove(indexToRemove);"},{"lineNumber":34,"author":{"gitId":"SimJJ96"},"content":"    }"},{"lineNumber":35,"author":{"gitId":"SimJJ96"},"content":""},{"lineNumber":36,"author":{"gitId":"SimJJ96"},"content":"    private void showMessage(List\u003cFood\u003e fridge) {"},{"lineNumber":37,"author":{"gitId":"SimJJ96"},"content":"        System.out.println(\"Noted! I\u0027ve removed \" + foodToBeRemove.getFoodName()"},{"lineNumber":38,"author":{"gitId":"SimJJ96"},"content":"                + \" from your fridge.\\n\""},{"lineNumber":39,"author":{"gitId":"SimJJ96"},"content":"                + \"Now you have \" + fridge.size()"},{"lineNumber":40,"author":{"gitId":"SimJJ96"},"content":"                + \" food in the fridge.\\n\");"},{"lineNumber":41,"author":{"gitId":"SimJJ96"},"content":"    }"},{"lineNumber":42,"author":{"gitId":"SimJJ96"},"content":"}"}],"authorContributionMap":{"SimJJ96":42}},{"path":"src/main/java/seedu/fridgefriend/command/SearchCommand.java","fileType":"functional-code","lines":[{"lineNumber":1,"author":{"gitId":"SimJJ96"},"content":"package seedu.fridgefriend.command;"},{"lineNumber":2,"author":{"gitId":"SimJJ96"},"content":""},{"lineNumber":3,"author":{"gitId":"SimJJ96"},"content":"import seedu.fridgefriend.exception.EmptyDescriptionException;"},{"lineNumber":4,"author":{"gitId":"SimJJ96"},"content":"import seedu.fridgefriend.food.Food;"},{"lineNumber":5,"author":{"gitId":"SimJJ96"},"content":""},{"lineNumber":6,"author":{"gitId":"SimJJ96"},"content":"import java.util.List;"},{"lineNumber":7,"author":{"gitId":"SimJJ96"},"content":""},{"lineNumber":8,"author":{"gitId":"SimJJ96"},"content":"/**"},{"lineNumber":9,"author":{"gitId":"SimJJ96"},"content":" * Search for a specific food in the fridge."},{"lineNumber":10,"author":{"gitId":"SimJJ96"},"content":" */"},{"lineNumber":11,"author":{"gitId":"SimJJ96"},"content":"public class SearchCommand extends Command {"},{"lineNumber":12,"author":{"gitId":"SimJJ96"},"content":""},{"lineNumber":13,"author":{"gitId":"SimJJ96"},"content":"    private String foodName;"},{"lineNumber":14,"author":{"gitId":"SimJJ96"},"content":"    private static int START_COUNTER \u003d 1;"},{"lineNumber":15,"author":{"gitId":"SimJJ96"},"content":""},{"lineNumber":16,"author":{"gitId":"SimJJ96"},"content":"    public SearchCommand(String foodName) throws EmptyDescriptionException {"},{"lineNumber":17,"author":{"gitId":"SimJJ96"},"content":"        if (foodName.isEmpty()) {"},{"lineNumber":18,"author":{"gitId":"SimJJ96"},"content":"            throw new EmptyDescriptionException();"},{"lineNumber":19,"author":{"gitId":"SimJJ96"},"content":"        }"},{"lineNumber":20,"author":{"gitId":"SimJJ96"},"content":""},{"lineNumber":21,"author":{"gitId":"SimJJ96"},"content":"        this.foodName \u003d foodName;"},{"lineNumber":22,"author":{"gitId":"SimJJ96"},"content":"    }"},{"lineNumber":23,"author":{"gitId":"SimJJ96"},"content":""},{"lineNumber":24,"author":{"gitId":"SimJJ96"},"content":"    @Override"},{"lineNumber":25,"author":{"gitId":"SimJJ96"},"content":"    public void execute(List\u003cFood\u003e fridge) {"},{"lineNumber":26,"author":{"gitId":"SimJJ96"},"content":"        showResults(isFound(fridge));"},{"lineNumber":27,"author":{"gitId":"SimJJ96"},"content":"    }"},{"lineNumber":28,"author":{"gitId":"SimJJ96"},"content":""},{"lineNumber":29,"author":{"gitId":"SimJJ96"},"content":"    private boolean isFound(List\u003cFood\u003e fridge) {"},{"lineNumber":30,"author":{"gitId":"SimJJ96"},"content":"        for (Food food: fridge) {"},{"lineNumber":31,"author":{"gitId":"SimJJ96"},"content":"            if (food.getFoodName().equals(foodName)) {"},{"lineNumber":32,"author":{"gitId":"SimJJ96"},"content":"                return true;"},{"lineNumber":33,"author":{"gitId":"SimJJ96"},"content":"            }"},{"lineNumber":34,"author":{"gitId":"SimJJ96"},"content":"        }"},{"lineNumber":35,"author":{"gitId":"SimJJ96"},"content":"        return false;"},{"lineNumber":36,"author":{"gitId":"SimJJ96"},"content":"    }"},{"lineNumber":37,"author":{"gitId":"SimJJ96"},"content":""},{"lineNumber":38,"author":{"gitId":"SimJJ96"},"content":"    private void showResults(Boolean isFound) {"},{"lineNumber":39,"author":{"gitId":"SimJJ96"},"content":"        if (isFound \u003d\u003d true) {"},{"lineNumber":40,"author":{"gitId":"SimJJ96"},"content":"            System.out.println(\"You have \" + foodName"},{"lineNumber":41,"author":{"gitId":"SimJJ96"},"content":"                    + \" in your fridge.\\n\");"},{"lineNumber":42,"author":{"gitId":"SimJJ96"},"content":"        } else {"},{"lineNumber":43,"author":{"gitId":"SimJJ96"},"content":"            System.out.println(\"You do not have \" + foodName"},{"lineNumber":44,"author":{"gitId":"SimJJ96"},"content":"                    + \" in your fridge.\\n\");"},{"lineNumber":45,"author":{"gitId":"SimJJ96"},"content":"        }"},{"lineNumber":46,"author":{"gitId":"SimJJ96"},"content":"    }"},{"lineNumber":47,"author":{"gitId":"SimJJ96"},"content":"}"}],"authorContributionMap":{"SimJJ96":47}},{"path":"src/main/java/seedu/fridgefriend/exception/EmptyDescriptionException.java","fileType":"functional-code","lines":[{"lineNumber":1,"author":{"gitId":"SimJJ96"},"content":"package seedu.fridgefriend.exception;"},{"lineNumber":2,"author":{"gitId":"SimJJ96"},"content":""},{"lineNumber":3,"author":{"gitId":"SimJJ96"},"content":"/**"},{"lineNumber":4,"author":{"gitId":"SimJJ96"},"content":" * Signal that the input format given does not fulfill the criteria."},{"lineNumber":5,"author":{"gitId":"SimJJ96"},"content":" */"},{"lineNumber":6,"author":{"gitId":"SimJJ96"},"content":"public class EmptyDescriptionException extends Exception {"},{"lineNumber":7,"author":{"gitId":"SimJJ96"},"content":"    private static final String errorMessage \u003d \"Sorry my friend, the description cannot be empty.\\n\";"},{"lineNumber":8,"author":{"gitId":"SimJJ96"},"content":""},{"lineNumber":9,"author":{"gitId":"SimJJ96"},"content":"    public EmptyDescriptionException() {"},{"lineNumber":10,"author":{"gitId":"SimJJ96"},"content":"        super(errorMessage);"},{"lineNumber":11,"author":{"gitId":"SimJJ96"},"content":"    }"},{"lineNumber":12,"author":{"gitId":"SimJJ96"},"content":"}"}],"authorContributionMap":{"SimJJ96":12}},{"path":"src/main/java/seedu/fridgefriend/exception/InvalidInputException.java","fileType":"functional-code","lines":[{"lineNumber":1,"author":{"gitId":"SimJJ96"},"content":"package seedu.fridgefriend.exception;"},{"lineNumber":2,"author":{"gitId":"SimJJ96"},"content":""},{"lineNumber":3,"author":{"gitId":"SimJJ96"},"content":"/**"},{"lineNumber":4,"author":{"gitId":"SimJJ96"},"content":" * Signals that the format of the input is incorrect."},{"lineNumber":5,"author":{"gitId":"SimJJ96"},"content":" */"},{"lineNumber":6,"author":{"gitId":"SimJJ96"},"content":"public class InvalidInputException extends Exception {"},{"lineNumber":7,"author":{"gitId":"SimJJ96"},"content":"    private static final String errorMessage \u003d \"Sorry my friend, please give a valid input.\\n\";"},{"lineNumber":8,"author":{"gitId":"SimJJ96"},"content":""},{"lineNumber":9,"author":{"gitId":"SimJJ96"},"content":"    public InvalidInputException() {"},{"lineNumber":10,"author":{"gitId":"SimJJ96"},"content":"        super(errorMessage);"},{"lineNumber":11,"author":{"gitId":"SimJJ96"},"content":"    }"},{"lineNumber":12,"author":{"gitId":"SimJJ96"},"content":"}"}],"authorContributionMap":{"SimJJ96":12}},{"path":"src/main/java/seedu/fridgefriend/food/Food.java","fileType":"functional-code","lines":[{"lineNumber":1,"author":{"gitId":"SimJJ96"},"content":"package seedu.fridgefriend.food;"},{"lineNumber":2,"author":{"gitId":"Vinci-Hu"},"content":""},{"lineNumber":3,"author":{"gitId":"Vinci-Hu"},"content":"/**"},{"lineNumber":4,"author":{"gitId":"Vinci-Hu"},"content":" * Represents a portion of a specific food that is stored in the smart fridge."},{"lineNumber":5,"author":{"gitId":"Vinci-Hu"},"content":" * When calling constructor, FoodCategory and foodName are NECESSARY fields."},{"lineNumber":6,"author":{"gitId":"Vinci-Hu"},"content":" * The date fields are represented by strings for now, they are OPTIONAL as well as storage location."},{"lineNumber":7,"author":{"gitId":"Vinci-Hu"},"content":" * For Jingjie: for now you can use the first constructor."},{"lineNumber":8,"author":{"gitId":"Vinci-Hu"},"content":" * todo: If needed, make the class abstract and add children classes(only when necessary unique methods are needed)."},{"lineNumber":9,"author":{"gitId":"Vinci-Hu"},"content":" */"},{"lineNumber":10,"author":{"gitId":"Vinci-Hu"},"content":"public class Food {"},{"lineNumber":11,"author":{"gitId":"Vinci-Hu"},"content":"    protected FoodCategory category;"},{"lineNumber":12,"author":{"gitId":"Vinci-Hu"},"content":"    protected String foodName;"},{"lineNumber":13,"author":{"gitId":"Vinci-Hu"},"content":"    protected String expiryDate;"},{"lineNumber":14,"author":{"gitId":"Vinci-Hu"},"content":"    protected FoodStorageLocation storageLocation;"},{"lineNumber":15,"author":{"gitId":"Vinci-Hu"},"content":""},{"lineNumber":16,"author":{"gitId":"Vinci-Hu"},"content":"    public Food(FoodCategory category, String foodName) {"},{"lineNumber":17,"author":{"gitId":"Vinci-Hu"},"content":"        this.category \u003d category;"},{"lineNumber":18,"author":{"gitId":"Vinci-Hu"},"content":"        this.foodName \u003d foodName;"},{"lineNumber":19,"author":{"gitId":"Vinci-Hu"},"content":"    }"},{"lineNumber":20,"author":{"gitId":"Vinci-Hu"},"content":""},{"lineNumber":21,"author":{"gitId":"Vinci-Hu"},"content":"    public Food(FoodCategory category, String foodName,"},{"lineNumber":22,"author":{"gitId":"Vinci-Hu"},"content":"                String expiryDate, FoodStorageLocation storageLocation) {"},{"lineNumber":23,"author":{"gitId":"Vinci-Hu"},"content":"        this.category \u003d category;"},{"lineNumber":24,"author":{"gitId":"Vinci-Hu"},"content":"        this.foodName \u003d foodName;"},{"lineNumber":25,"author":{"gitId":"Vinci-Hu"},"content":"        this.expiryDate \u003d expiryDate;"},{"lineNumber":26,"author":{"gitId":"Vinci-Hu"},"content":"        this.storageLocation \u003d storageLocation;"},{"lineNumber":27,"author":{"gitId":"Vinci-Hu"},"content":"    }"},{"lineNumber":28,"author":{"gitId":"Vinci-Hu"},"content":""},{"lineNumber":29,"author":{"gitId":"Vinci-Hu"},"content":"    @Override"},{"lineNumber":30,"author":{"gitId":"Vinci-Hu"},"content":"    public String toString() {"},{"lineNumber":31,"author":{"gitId":"Vinci-Hu"},"content":"        return String.format(\"||Food name: %1$s, category: %2$s, expiry on: %3$s, stored in: %4$s||\","},{"lineNumber":32,"author":{"gitId":"Vinci-Hu"},"content":"                foodName, category.name(), expiryDate, storageLocation.name());"},{"lineNumber":33,"author":{"gitId":"Vinci-Hu"},"content":"    }"},{"lineNumber":34,"author":{"gitId":"Vinci-Hu"},"content":""},{"lineNumber":35,"author":{"gitId":"Vinci-Hu"},"content":"    public FoodCategory getCategory() {"},{"lineNumber":36,"author":{"gitId":"Vinci-Hu"},"content":"        return category;"},{"lineNumber":37,"author":{"gitId":"Vinci-Hu"},"content":"    }"},{"lineNumber":38,"author":{"gitId":"Vinci-Hu"},"content":""},{"lineNumber":39,"author":{"gitId":"Vinci-Hu"},"content":"    public void setCategory(FoodCategory category) {"},{"lineNumber":40,"author":{"gitId":"Vinci-Hu"},"content":"        this.category \u003d category;"},{"lineNumber":41,"author":{"gitId":"Vinci-Hu"},"content":"    }"},{"lineNumber":42,"author":{"gitId":"Vinci-Hu"},"content":""},{"lineNumber":43,"author":{"gitId":"Vinci-Hu"},"content":"    public String getFoodName() {"},{"lineNumber":44,"author":{"gitId":"Vinci-Hu"},"content":"        return foodName;"},{"lineNumber":45,"author":{"gitId":"Vinci-Hu"},"content":"    }"},{"lineNumber":46,"author":{"gitId":"Vinci-Hu"},"content":""},{"lineNumber":47,"author":{"gitId":"Vinci-Hu"},"content":"    public void setFoodName(String foodName) {"},{"lineNumber":48,"author":{"gitId":"Vinci-Hu"},"content":"        this.foodName \u003d foodName;"},{"lineNumber":49,"author":{"gitId":"Vinci-Hu"},"content":"    }"},{"lineNumber":50,"author":{"gitId":"Vinci-Hu"},"content":""},{"lineNumber":51,"author":{"gitId":"Vinci-Hu"},"content":"    public String getExpiryDate() {"},{"lineNumber":52,"author":{"gitId":"Vinci-Hu"},"content":"        return expiryDate;"},{"lineNumber":53,"author":{"gitId":"Vinci-Hu"},"content":"    }"},{"lineNumber":54,"author":{"gitId":"Vinci-Hu"},"content":""},{"lineNumber":55,"author":{"gitId":"Vinci-Hu"},"content":"    public void setExpiryDate(String expiryDate) {"},{"lineNumber":56,"author":{"gitId":"Vinci-Hu"},"content":"        this.expiryDate \u003d expiryDate;"},{"lineNumber":57,"author":{"gitId":"Vinci-Hu"},"content":"    }"},{"lineNumber":58,"author":{"gitId":"Vinci-Hu"},"content":""},{"lineNumber":59,"author":{"gitId":"Vinci-Hu"},"content":"    public FoodStorageLocation getStorageLocation() {"},{"lineNumber":60,"author":{"gitId":"Vinci-Hu"},"content":"        return storageLocation;"},{"lineNumber":61,"author":{"gitId":"Vinci-Hu"},"content":"    }"},{"lineNumber":62,"author":{"gitId":"Vinci-Hu"},"content":""},{"lineNumber":63,"author":{"gitId":"Vinci-Hu"},"content":"    public void setStorageLocation(FoodStorageLocation storageLocation) {"},{"lineNumber":64,"author":{"gitId":"Vinci-Hu"},"content":"        this.storageLocation \u003d storageLocation;"},{"lineNumber":65,"author":{"gitId":"Vinci-Hu"},"content":"    }"},{"lineNumber":66,"author":{"gitId":"Vinci-Hu"},"content":"}"}],"authorContributionMap":{"Vinci-Hu":65,"SimJJ96":1}},{"path":"src/main/java/seedu/fridgefriend/food/FoodCategory.java","fileType":"functional-code","lines":[{"lineNumber":1,"author":{"gitId":"SimJJ96"},"content":"package seedu.fridgefriend.food;"},{"lineNumber":2,"author":{"gitId":"Vinci-Hu"},"content":""},{"lineNumber":3,"author":{"gitId":"Vinci-Hu"},"content":"/**"},{"lineNumber":4,"author":{"gitId":"Vinci-Hu"},"content":" * Subject to changes with discussion."},{"lineNumber":5,"author":{"gitId":"Vinci-Hu"},"content":" */"},{"lineNumber":6,"author":{"gitId":"Vinci-Hu"},"content":"public enum FoodCategory {"},{"lineNumber":7,"author":{"gitId":"Vinci-Hu"},"content":"    VEGETABLE,      // e.g. eggplant, spinach, bok choy, including beans and fungus"},{"lineNumber":8,"author":{"gitId":"Vinci-Hu"},"content":"    FRUIT,          // e.g. strawberry, apple, grapes"},{"lineNumber":9,"author":{"gitId":"Vinci-Hu"},"content":"    MEAT,           // e.g. pork, beef, lamb, chicken"},{"lineNumber":10,"author":{"gitId":"Vinci-Hu"},"content":"    SEAFOOD,        // e.g. salmon, mackerel, crab, prawn"},{"lineNumber":11,"author":{"gitId":"Vinci-Hu"},"content":"    EGG,            // e.g. egg, duck egg, quail egg"},{"lineNumber":12,"author":{"gitId":"Vinci-Hu"},"content":"    DAIRY,          // e.g. milk, butter, cheese, yoghurt"},{"lineNumber":13,"author":{"gitId":"Vinci-Hu"},"content":"    BEVERAGE,       // e.g. coke, orange juice"},{"lineNumber":14,"author":{"gitId":"Vinci-Hu"},"content":"    COOKED_DISH,    // e.g. tomato scrambled eggs, chicken soup"},{"lineNumber":15,"author":{"gitId":"Vinci-Hu"},"content":"    READY_TO_EAT,   // e.g. sandwich"},{"lineNumber":16,"author":{"gitId":"Vinci-Hu"},"content":"    FROZEN,    // e.g. frozen dumpling, ice cream"},{"lineNumber":17,"author":{"gitId":"SimJJ96"},"content":"    OTHER;"},{"lineNumber":18,"author":{"gitId":"SimJJ96"},"content":""},{"lineNumber":19,"author":{"gitId":"SimJJ96"},"content":"    public static boolean contains(String string) {"},{"lineNumber":20,"author":{"gitId":"SimJJ96"},"content":"        for (FoodCategory foodCategory : values()) {"},{"lineNumber":21,"author":{"gitId":"SimJJ96"},"content":"            if (foodCategory.name().equals(string)) {"},{"lineNumber":22,"author":{"gitId":"SimJJ96"},"content":"                return true;"},{"lineNumber":23,"author":{"gitId":"SimJJ96"},"content":"            }"},{"lineNumber":24,"author":{"gitId":"SimJJ96"},"content":"        }"},{"lineNumber":25,"author":{"gitId":"SimJJ96"},"content":"        return false;"},{"lineNumber":26,"author":{"gitId":"SimJJ96"},"content":"    }"},{"lineNumber":27,"author":{"gitId":"SimJJ96"},"content":""},{"lineNumber":28,"author":{"gitId":"Vinci-Hu"},"content":"    public static FoodCategory convertStringToFoodCategory(String rawCategoryStr) {"},{"lineNumber":29,"author":{"gitId":"Vinci-Hu"},"content":"        String processedCategoryStr \u003d rawCategoryStr.toUpperCase();"},{"lineNumber":30,"author":{"gitId":"Vinci-Hu"},"content":"        if (FoodCategory.contains(processedCategoryStr)) {"},{"lineNumber":31,"author":{"gitId":"Vinci-Hu"},"content":"            return FoodCategory.valueOf(processedCategoryStr);"},{"lineNumber":32,"author":{"gitId":"SimJJ96"},"content":"        } else {"},{"lineNumber":33,"author":{"gitId":"SimJJ96"},"content":"            return FoodCategory.OTHER;"},{"lineNumber":34,"author":{"gitId":"SimJJ96"},"content":"        }"},{"lineNumber":35,"author":{"gitId":"Vinci-Hu"},"content":"    }"},{"lineNumber":36,"author":{"gitId":"SimJJ96"},"content":"}"},{"lineNumber":37,"author":{"gitId":"SimJJ96"},"content":""},{"lineNumber":38,"author":{"gitId":"SimJJ96"},"content":""},{"lineNumber":39,"author":{"gitId":"SimJJ96"},"content":""},{"lineNumber":40,"author":{"gitId":"SimJJ96"},"content":""}],"authorContributionMap":{"Vinci-Hu":20,"SimJJ96":20}},{"path":"src/main/java/seedu/fridgefriend/food/FoodStorageLocation.java","fileType":"functional-code","lines":[{"lineNumber":1,"author":{"gitId":"SimJJ96"},"content":"package seedu.fridgefriend.food;"},{"lineNumber":2,"author":{"gitId":"Vinci-Hu"},"content":""},{"lineNumber":3,"author":{"gitId":"Vinci-Hu"},"content":"/**"},{"lineNumber":4,"author":{"gitId":"Vinci-Hu"},"content":" * Assume the fridge has these storage locations"},{"lineNumber":5,"author":{"gitId":"Vinci-Hu"},"content":" * Reference: https://styledegree.sg/the-right-way-to-store-organize-food-in-fridge/"},{"lineNumber":6,"author":{"gitId":"Vinci-Hu"},"content":" */"},{"lineNumber":7,"author":{"gitId":"Vinci-Hu"},"content":"public enum FoodStorageLocation {"},{"lineNumber":8,"author":{"gitId":"Vinci-Hu"},"content":"    FREEZER,"},{"lineNumber":9,"author":{"gitId":"Vinci-Hu"},"content":"    UPPER_SHELF,"},{"lineNumber":10,"author":{"gitId":"Vinci-Hu"},"content":"    MIDDLE_SHELF,"},{"lineNumber":11,"author":{"gitId":"Vinci-Hu"},"content":"    LOWER_SHELF,"},{"lineNumber":12,"author":{"gitId":"Vinci-Hu"},"content":"    DRAWERS,"},{"lineNumber":13,"author":{"gitId":"Vinci-Hu"},"content":"    FRIDGE_DOOR,"},{"lineNumber":14,"author":{"gitId":"Vinci-Hu"},"content":"    OTHER;"},{"lineNumber":15,"author":{"gitId":"Vinci-Hu"},"content":""},{"lineNumber":16,"author":{"gitId":"Vinci-Hu"},"content":"    public static boolean contains(String string) {"},{"lineNumber":17,"author":{"gitId":"Vinci-Hu"},"content":"        for (FoodStorageLocation location : values()) {"},{"lineNumber":18,"author":{"gitId":"Vinci-Hu"},"content":"            if (location.name().equals(string)) {"},{"lineNumber":19,"author":{"gitId":"Vinci-Hu"},"content":"                return true;"},{"lineNumber":20,"author":{"gitId":"Vinci-Hu"},"content":"            }"},{"lineNumber":21,"author":{"gitId":"Vinci-Hu"},"content":"        }"},{"lineNumber":22,"author":{"gitId":"Vinci-Hu"},"content":"        return false;"},{"lineNumber":23,"author":{"gitId":"Vinci-Hu"},"content":"    }"},{"lineNumber":24,"author":{"gitId":"Vinci-Hu"},"content":""},{"lineNumber":25,"author":{"gitId":"Vinci-Hu"},"content":"    public static FoodStorageLocation convertStringToLocation(String rawLocationStr) {"},{"lineNumber":26,"author":{"gitId":"Vinci-Hu"},"content":"        String processedLocationStr \u003d rawLocationStr.toUpperCase();"},{"lineNumber":27,"author":{"gitId":"Vinci-Hu"},"content":"        if (FoodStorageLocation.contains(processedLocationStr)) {"},{"lineNumber":28,"author":{"gitId":"Vinci-Hu"},"content":"            return FoodStorageLocation.valueOf(processedLocationStr);"},{"lineNumber":29,"author":{"gitId":"Vinci-Hu"},"content":"        } else {"},{"lineNumber":30,"author":{"gitId":"Vinci-Hu"},"content":"            return FoodStorageLocation.OTHER;"},{"lineNumber":31,"author":{"gitId":"Vinci-Hu"},"content":"        }"},{"lineNumber":32,"author":{"gitId":"Vinci-Hu"},"content":"    }"},{"lineNumber":33,"author":{"gitId":"Vinci-Hu"},"content":"}"}],"authorContributionMap":{"Vinci-Hu":32,"SimJJ96":1}},{"path":"src/test/java/seedu/fridgefriend/FoodTest.java","fileType":"test-code","lines":[{"lineNumber":1,"author":{"gitId":"Leeyp"},"content":"package seedu.fridgefriend;"},{"lineNumber":2,"author":{"gitId":"Leeyp"},"content":""},{"lineNumber":3,"author":{"gitId":"Leeyp"},"content":"import org.junit.jupiter.api.Test;"},{"lineNumber":4,"author":{"gitId":"Leeyp"},"content":"import seedu.fridgefriend.food.Food;"},{"lineNumber":5,"author":{"gitId":"Leeyp"},"content":"import seedu.fridgefriend.food.FoodCategory;"},{"lineNumber":6,"author":{"gitId":"Leeyp"},"content":"import seedu.fridgefriend.food.FoodStorageLocation;"},{"lineNumber":7,"author":{"gitId":"Leeyp"},"content":""},{"lineNumber":8,"author":{"gitId":"Leeyp"},"content":"import static org.junit.jupiter.api.Assertions.assertEquals;"},{"lineNumber":9,"author":{"gitId":"Leeyp"},"content":""},{"lineNumber":10,"author":{"gitId":"Leeyp"},"content":"public class FoodTest {"},{"lineNumber":11,"author":{"gitId":"Leeyp"},"content":""},{"lineNumber":12,"author":{"gitId":"Leeyp"},"content":"    @Test"},{"lineNumber":13,"author":{"gitId":"Leeyp"},"content":"    void testNewFood() {"},{"lineNumber":14,"author":{"gitId":"Leeyp"},"content":"        Food pork \u003d new Food(FoodCategory.MEAT, \"pork\");"},{"lineNumber":15,"author":{"gitId":"Leeyp"},"content":"        assertEquals(FoodCategory.MEAT, pork.getCategory());"},{"lineNumber":16,"author":{"gitId":"Leeyp"},"content":"        assertEquals(\"pork\", pork.getFoodName());"},{"lineNumber":17,"author":{"gitId":"Leeyp"},"content":"    }"},{"lineNumber":18,"author":{"gitId":"Leeyp"},"content":""},{"lineNumber":19,"author":{"gitId":"Leeyp"},"content":"    @Test"},{"lineNumber":20,"author":{"gitId":"Leeyp"},"content":"    void testStorageExpiryDate() {"},{"lineNumber":21,"author":{"gitId":"Leeyp"},"content":"        Food beef \u003d new Food(FoodCategory.MEAT, \"beef\");"},{"lineNumber":22,"author":{"gitId":"Leeyp"},"content":"        beef.setExpiryDate(\"15 March 2021\");"},{"lineNumber":23,"author":{"gitId":"Leeyp"},"content":"        assertEquals(\"15 March 2021\", beef.getExpiryDate());"},{"lineNumber":24,"author":{"gitId":"Leeyp"},"content":"    }"},{"lineNumber":25,"author":{"gitId":"Leeyp"},"content":""},{"lineNumber":26,"author":{"gitId":"Leeyp"},"content":"    @Test"},{"lineNumber":27,"author":{"gitId":"Leeyp"},"content":"    void testStorageLocation() {"},{"lineNumber":28,"author":{"gitId":"Leeyp"},"content":"        Food grouper \u003d new Food(FoodCategory.SEAFOOD, \"grouper\");"},{"lineNumber":29,"author":{"gitId":"Leeyp"},"content":"        grouper.setStorageLocation(FoodStorageLocation.FREEZER);"},{"lineNumber":30,"author":{"gitId":"Leeyp"},"content":"        assertEquals(FoodStorageLocation.FREEZER, grouper.getStorageLocation());"},{"lineNumber":31,"author":{"gitId":"Leeyp"},"content":"    }"},{"lineNumber":32,"author":{"gitId":"Leeyp"},"content":""},{"lineNumber":33,"author":{"gitId":"Leeyp"},"content":"    @Test"},{"lineNumber":34,"author":{"gitId":"Leeyp"},"content":"    void testChangeFoodDescriptionCategory() {"},{"lineNumber":35,"author":{"gitId":"Leeyp"},"content":"        Food chocolate \u003d new Food(FoodCategory.DAIRY, \"chocolate\");"},{"lineNumber":36,"author":{"gitId":"Leeyp"},"content":"        assertEquals(FoodCategory.DAIRY, chocolate.getCategory());"},{"lineNumber":37,"author":{"gitId":"Leeyp"},"content":"        assertEquals(\"chocolate\", chocolate.getFoodName());"},{"lineNumber":38,"author":{"gitId":"Leeyp"},"content":"        chocolate.setFoodName(\"melted chocolate\");"},{"lineNumber":39,"author":{"gitId":"Leeyp"},"content":"        chocolate.setCategory(FoodCategory.OTHER);"},{"lineNumber":40,"author":{"gitId":"Leeyp"},"content":"        assertEquals(FoodCategory.OTHER, chocolate.getCategory());"},{"lineNumber":41,"author":{"gitId":"Leeyp"},"content":"        assertEquals(\"melted chocolate\", chocolate.getFoodName());"},{"lineNumber":42,"author":{"gitId":"Leeyp"},"content":"    }"},{"lineNumber":43,"author":{"gitId":"Leeyp"},"content":""},{"lineNumber":44,"author":{"gitId":"Leeyp"},"content":"    @Test"},{"lineNumber":45,"author":{"gitId":"Leeyp"},"content":"    void testNewFoodAllParameters() {"},{"lineNumber":46,"author":{"gitId":"Vinci-Hu"},"content":"        Food eggs \u003d new Food(FoodCategory.EGG, \"eggs\","},{"lineNumber":47,"author":{"gitId":"Leeyp"},"content":"                \"20 March 2021\", FoodStorageLocation.UPPER_SHELF);"},{"lineNumber":48,"author":{"gitId":"Leeyp"},"content":"        assertEquals(FoodCategory.EGG, eggs.getCategory());"},{"lineNumber":49,"author":{"gitId":"Leeyp"},"content":"        assertEquals(\"eggs\", eggs.getFoodName());"},{"lineNumber":50,"author":{"gitId":"Leeyp"},"content":"        assertEquals(\"20 March 2021\", eggs.getExpiryDate());"},{"lineNumber":51,"author":{"gitId":"Leeyp"},"content":"        assertEquals(FoodStorageLocation.UPPER_SHELF, eggs.getStorageLocation());"},{"lineNumber":52,"author":{"gitId":"Leeyp"},"content":"    }"},{"lineNumber":53,"author":{"gitId":"Leeyp"},"content":"}"}],"authorContributionMap":{"Leeyp":52,"Vinci-Hu":1}},{"path":"src/test/java/seedu/fridgefriend/FridgeFriendTest.java","fileType":"test-code","lines":[{"lineNumber":1,"author":{"gitId":"SimJJ96"},"content":"package seedu.fridgefriend;"},{"lineNumber":2,"author":{"gitId":"-"},"content":""},{"lineNumber":3,"author":{"gitId":"-"},"content":"import static org.junit.jupiter.api.Assertions.assertTrue;"},{"lineNumber":4,"author":{"gitId":"-"},"content":""},{"lineNumber":5,"author":{"gitId":"-"},"content":"import org.junit.jupiter.api.Test;"},{"lineNumber":6,"author":{"gitId":"-"},"content":""},{"lineNumber":7,"author":{"gitId":"SimJJ96"},"content":"class FridgeFriendTest {"},{"lineNumber":8,"author":{"gitId":"-"},"content":"    @Test"},{"lineNumber":9,"author":{"gitId":"-"},"content":"    public void sampleTest() {"},{"lineNumber":10,"author":{"gitId":"-"},"content":"        assertTrue(true);"},{"lineNumber":11,"author":{"gitId":"-"},"content":"    }"},{"lineNumber":12,"author":{"gitId":"-"},"content":"}"}],"authorContributionMap":{"-":10,"SimJJ96":2}},{"path":"text-ui-test/runtest.sh","fileType":"other","lines":[{"lineNumber":1,"author":{"gitId":"kwokyto"},"content":"!/usr/bin/env bash"},{"lineNumber":2,"author":{"gitId":"-"},"content":""},{"lineNumber":3,"author":{"gitId":"-"},"content":"# change to script directory"},{"lineNumber":4,"author":{"gitId":"-"},"content":"cd \"${0%/*}\""},{"lineNumber":5,"author":{"gitId":"-"},"content":""},{"lineNumber":6,"author":{"gitId":"-"},"content":"cd .."},{"lineNumber":7,"author":{"gitId":"-"},"content":"./gradlew clean shadowJar"},{"lineNumber":8,"author":{"gitId":"-"},"content":""},{"lineNumber":9,"author":{"gitId":"-"},"content":"cd text-ui-test"},{"lineNumber":10,"author":{"gitId":"-"},"content":""},{"lineNumber":11,"author":{"gitId":"-"},"content":"java  -jar $(find ../build/libs/ -mindepth 1 -print -quit) \u003c input.txt \u003e ACTUAL.TXT"},{"lineNumber":12,"author":{"gitId":"-"},"content":""},{"lineNumber":13,"author":{"gitId":"-"},"content":"cp EXPECTED.TXT EXPECTED-UNIX.TXT"},{"lineNumber":14,"author":{"gitId":"-"},"content":"dos2unix EXPECTED-UNIX.TXT ACTUAL.TXT"},{"lineNumber":15,"author":{"gitId":"-"},"content":"diff EXPECTED-UNIX.TXT ACTUAL.TXT"},{"lineNumber":16,"author":{"gitId":"-"},"content":"if [ $? -eq 0 ]"},{"lineNumber":17,"author":{"gitId":"-"},"content":"then"},{"lineNumber":18,"author":{"gitId":"-"},"content":"    echo \"Test passed!\""},{"lineNumber":19,"author":{"gitId":"-"},"content":"    exit 0"},{"lineNumber":20,"author":{"gitId":"-"},"content":"else"},{"lineNumber":21,"author":{"gitId":"-"},"content":"    echo \"Test failed!\""},{"lineNumber":22,"author":{"gitId":"-"},"content":"    exit 1"},{"lineNumber":23,"author":{"gitId":"-"},"content":"fi"}],"authorContributionMap":{"kwokyto":1,"-":22}}]
