{"authorDailyContributionsMap":{"Leeyp":[{"date":"2021-03-06","commitResults":[{"hash":"7b509f22529f03c09c3674239879624c4609b5dd","messageTitle":"Implement a skeletal version of FridgeFriend that starts by greeting the user, simply echos commands entered by the user, and exits when the user types bye.","messageBody":"","fileTypesAndContributionMap":{"functional-code":{"insertions":13,"deletions":12}}}]},{"date":"2021-03-07","commitResults":[{"hash":"7974023b547abdb8b80d26ae6566bad9faf7a122","messageTitle":"no message","messageBody":"","fileTypesAndContributionMap":{"functional-code":{"insertions":21,"deletions":5}}}]},{"date":"2021-03-08","commitResults":[{"hash":"458232cdeed7e2dbdc314e002caa0e642f33c867","messageTitle":"Fix changes #2","messageBody":"","fileTypesAndContributionMap":{"functional-code":{"insertions":7,"deletions":5}}}]},{"date":"2021-03-10","commitResults":[{"hash":"69584d7d3b95a8222d99a0129a53678d4fab58ab","messageTitle":"Added Basic Food Class JUnit tests","messageBody":"","fileTypesAndContributionMap":{"test-code":{"insertions":17,"deletions":0}}},{"hash":"f9b8504043a5c1e9f52fff3ab99c6c0af30d79e2","messageTitle":"Improved Test Cases for JUnit Tests","messageBody":"","fileTypesAndContributionMap":{"test-code":{"insertions":39,"deletions":0}}}]},{"date":"2021-03-17","commitResults":[{"hash":"3955431d57ea8674bdc0784aa6339cfd7b1b462e","messageTitle":"Added Assertions and Logging, fixed very minor formatting bug","messageBody":"","fileTypesAndContributionMap":{"functional-code":{"insertions":8,"deletions":2}}},{"hash":"ca40cc48dd9bc4a76c72167cdd3cc7da1760e698","messageTitle":"no message","messageBody":"","fileTypesAndContributionMap":{"docs":{"insertions":52,"deletions":1}}},{"hash":"d933ec4df6f334cdcd02dc80bb214b622e0a048d","messageTitle":"no message","messageBody":"","fileTypesAndContributionMap":{"docs":{"insertions":3,"deletions":2}}}]},{"date":"2021-03-21","commitResults":[{"hash":"a97044239d1ccf401947353fdd68bc60a1d57927","messageTitle":"Added new Food Categories as classes","messageBody":"","fileTypesAndContributionMap":{"functional-code":{"insertions":200,"deletions":2}}},{"hash":"5cc17a7db8e955619e0908be9bf8a2bd69ab7caa","messageTitle":"Deleted redundant Food Constructor","messageBody":"","fileTypesAndContributionMap":{"functional-code":{"insertions":1,"deletions":7}}},{"hash":"1a880cc0391d59c46969e7f090d6af7ff33bfe86","messageTitle":"Deleted redundant FoodTest Junit test","messageBody":"","fileTypesAndContributionMap":{"functional-code":{"insertions":1,"deletions":1},"test-code":{"insertions":0,"deletions":62}}},{"hash":"2ea9f1da01afbce71f42f81ea991ea375145d55b","messageTitle":"Fixed Coding Quality violation of inconsistency between Food constructor and AddCommand constructor and input","messageBody":"","fileTypesAndContributionMap":{"functional-code":{"insertions":37,"deletions":36},"test-code":{"insertions":3,"deletions":3}}},{"hash":"2e8997a146a0cc77420eba8fe47482b5bb0f3482","messageTitle":"Fixed dependencies in JUnit tests related to Food Class constructor","messageBody":"","fileTypesAndContributionMap":{"test-code":{"insertions":14,"deletions":14}}},{"hash":"c1b0876d7107fa5b0196e1fa5f23502be5efbfff","messageTitle":"Fixed inconsistency in JUnit Test (Search)","messageBody":"","fileTypesAndContributionMap":{"test-code":{"insertions":1,"deletions":1}}},{"hash":"8637804def5995070948c625ff4f1d55da40c5e7","messageTitle":"Implemented List command to search by Storage Location Refactored some code Modified existing ListCommand code Added JUnit test","messageBody":"","fileTypesAndContributionMap":{"functional-code":{"insertions":74,"deletions":22},"test-code":{"insertions":13,"deletions":2}}},{"hash":"3052afafb7f1e0fd495747135aa23a4265c6ac70","messageTitle":"Corrected checkstyle errors","messageBody":"","fileTypesAndContributionMap":{"functional-code":{"insertions":48,"deletions":38}}},{"hash":"dcf5753e0a5718adfb22a7b0d7eca4427b633816","messageTitle":"Added Logging for AddCommand and ListCommand","messageBody":"","fileTypesAndContributionMap":{"functional-code":{"insertions":26,"deletions":0}}},{"hash":"a058599f49b1ed07f871590fae99903c23fa7330","messageTitle":"Updated Userguide","messageBody":"","fileTypesAndContributionMap":{"docs":{"insertions":29,"deletions":1}}},{"hash":"4f6e85911fc2675f8e1f1bc4d71d43151243e4da","messageTitle":"Improved JUnit Test","messageBody":"","fileTypesAndContributionMap":{"test-code":{"insertions":29,"deletions":1}}}]},{"date":"2021-03-22","commitResults":[{"hash":"8dea24af7a7ead4fdf9151710d355335fe370b4b","messageTitle":"Fixed coding standards","messageBody":"","fileTypesAndContributionMap":{"functional-code":{"insertions":2,"deletions":2}}},{"hash":"716028c7670e0e8d82a5816cb44b7087d082d1ea","messageTitle":"Improved Coding Standards","messageBody":"","fileTypesAndContributionMap":{"functional-code":{"insertions":2,"deletions":10}}},{"hash":"ecc5097a92cf39d9d4242c585b6ff6a6715cb2d5","messageTitle":"Removed extra white spaces to follow coding standards","messageBody":"","fileTypesAndContributionMap":{"functional-code":{"insertions":14,"deletions":14}}}]}],"kwokyto":[{"date":"2021-03-08","commitResults":[{"hash":"57f0045b284c55e7caa128b26ae066c5bb51eb8d","messageTitle":"Changed permissions on runtest.sh","messageBody":"Added sudo in line 1\n","fileTypesAndContributionMap":{"other":{"insertions":1,"deletions":1}}},{"hash":"dbad4e470663310a870f9ed659d00ea4cdac8236","messageTitle":"Update runtest.sh","messageBody":"","fileTypesAndContributionMap":{"other":{"insertions":1,"deletions":1}}},{"hash":"c6548d861499ef97fab0cc761783c85089a55a2d","messageTitle":"Update runtest.sh","messageBody":"","fileTypesAndContributionMap":{"docs":{"insertions":1,"deletions":1}}},{"hash":"235233a1c6ff0bb9c16d0a8f72f5cf9f22df39a7","messageTitle":"Update runtest.sh","messageBody":"","fileTypesAndContributionMap":{"other":{"insertions":1,"deletions":1}}},{"hash":"3f6ffc8ec6d50ec04c13ee40aa8992dc8a14237e","messageTitle":"Update runtest.sh","messageBody":"","fileTypesAndContributionMap":{"other":{"insertions":0,"deletions":0}}}]},{"date":"2021-03-12","commitResults":[{"hash":"85ad6c2d01745b28e5317b9bc6733591efae5adb","messageTitle":"Implement LocalDate","messageBody":"","fileTypesAndContributionMap":{"functional-code":{"insertions":94,"deletions":47},"other":{"insertions":1,"deletions":0},"test-code":{"insertions":17,"deletions":6}}},{"hash":"699c731e11d53948bef931ba06574b397645b7f4","messageTitle":"Fix CheckStyle Errors","messageBody":"","fileTypesAndContributionMap":{"functional-code":{"insertions":1,"deletions":1}}},{"hash":"b388fc62066a48c6a705f9b444a285fb88f210cf","messageTitle":"Fixed FoodTest","messageBody":"","fileTypesAndContributionMap":{"test-code":{"insertions":1,"deletions":1}}},{"hash":"7978a0f1b93422386212876089b548d750c1d8a1","messageTitle":"Fix FoodTest","messageBody":"","fileTypesAndContributionMap":{"test-code":{"insertions":1,"deletions":1}}},{"hash":"d2f4517c1d91c33150c7a239a500932b373919ce","messageTitle":"Fix FoodTest","messageBody":"","fileTypesAndContributionMap":{"functional-code":{"insertions":1,"deletions":1},"test-code":{"insertions":1,"deletions":1}}},{"hash":"588f4ccc3ea01d1aad972004cfe591f76576eda7","messageTitle":"Add Command Classes","messageBody":"","fileTypesAndContributionMap":{"functional-code":{"insertions":105,"deletions":50}}},{"hash":"c49c70e6fdbf1018fd02daf4771a94b243874875","messageTitle":"Added Parser Class","messageBody":"","fileTypesAndContributionMap":{"functional-code":{"insertions":244,"deletions":167}}},{"hash":"c39a6a0480ce82e51bd441b006c76b01383b44ce","messageTitle":"Updated comment","messageBody":"","fileTypesAndContributionMap":{"functional-code":{"insertions":1,"deletions":1}}},{"hash":"2c8ff8dd3480b3769107f251115ca488ae196e1e","messageTitle":"Added UI Class","messageBody":"","fileTypesAndContributionMap":{"functional-code":{"insertions":120,"deletions":59}}},{"hash":"9d9437285c8289d8c36f6f1837a480e57c522433","messageTitle":"Added Fridge Class","messageBody":"","fileTypesAndContributionMap":{"functional-code":{"insertions":78,"deletions":63}}},{"hash":"966e21491aa375d4301f9731cc0dceb68fff2e4d","messageTitle":"Fix bugs","messageBody":"Bug in UI scanner\n","fileTypesAndContributionMap":{"functional-code":{"insertions":14,"deletions":18}}}]},{"date":"2021-03-13","commitResults":[{"hash":"c6dbd1f462edb73d4fe0aef67f1899e0215e79dc","messageTitle":"Refactor listByCategory()","messageBody":"","fileTypesAndContributionMap":{"functional-code":{"insertions":6,"deletions":1}}},{"hash":"c8ffdf44b09a0a398950a93aa3522fdd4a281289","messageTitle":"Add ParserTest","messageBody":"","fileTypesAndContributionMap":{"other":{"insertions":3,"deletions":6},"test-code":{"insertions":88,"deletions":0}}},{"hash":"1aedb4b2b7a8a8ebbca7ffd613aafbc881535650","messageTitle":"Update AboutUs","messageBody":"","fileTypesAndContributionMap":{"docs":{"insertions":51,"deletions":10}}},{"hash":"3ff58e1a65dde480757525b97dddde0c0944bba3","messageTitle":"Add HelpCommand","messageBody":"","fileTypesAndContributionMap":{"functional-code":{"insertions":49,"deletions":1}}},{"hash":"3e4f73c92777b7390ed45937a5da732f12bd2b10","messageTitle":"Update kwokyto.md","messageBody":"","fileTypesAndContributionMap":{"docs":{"insertions":4,"deletions":1}}},{"hash":"b71814cdea968bbbd205ade1a571c21c5aff73a3","messageTitle":"Add Logger","messageBody":"","fileTypesAndContributionMap":{"functional-code":{"insertions":32,"deletions":0}}},{"hash":"cb48f50987069003bd9ad99ed15610c37bb63281","messageTitle":"Add Logging for FridgeFriend","messageBody":"","fileTypesAndContributionMap":{"functional-code":{"insertions":10,"deletions":4}}},{"hash":"1fc7c13fcd276c6ce5202592792a0d1e02c95ab2","messageTitle":"Added Assert in Parser","messageBody":"","fileTypesAndContributionMap":{"functional-code":{"insertions":1,"deletions":0}}},{"hash":"715d1fe109b8dbca8512897df3e2c13e55c82298","messageTitle":"Update kwokyto.md","messageBody":"","fileTypesAndContributionMap":{"docs":{"insertions":12,"deletions":6}}},{"hash":"49a7d404746a31bbf596cc9807ef2772bfb8f313","messageTitle":"Fixed Bug","messageBody":"","fileTypesAndContributionMap":{"functional-code":{"insertions":11,"deletions":4}}}]},{"date":"2021-03-14","commitResults":[{"hash":"1fbd731123f8789f6cc92ad5ba14bf83cc7898e7","messageTitle":"Added JavaDoc Comments","messageBody":"","fileTypesAndContributionMap":{"functional-code":{"insertions":19,"deletions":1}}},{"hash":"e27928e5997ddbe329000667ef96f2877397a84b","messageTitle":"Fixed bugs","messageBody":"","fileTypesAndContributionMap":{"test-code":{"insertions":2,"deletions":0}}}]},{"date":"2021-03-15","commitResults":[{"hash":"5eefd6d630c457a4d19ecebfde43e727af703b88","messageTitle":"Fixed bug","messageBody":"","fileTypesAndContributionMap":{"functional-code":{"insertions":1,"deletions":1}}},{"hash":"4aa45674190e9a749bcc10010ab4b961596ec153","messageTitle":"Update kwokyto.md","messageBody":"","fileTypesAndContributionMap":{"docs":{"insertions":1,"deletions":1}}},{"hash":"fc10bc32da4a07bb8a91f7336bc498fdfc1cbd94","messageTitle":"Update kwokyto.md","messageBody":"","fileTypesAndContributionMap":{"docs":{"insertions":2,"deletions":1}}}]},{"date":"2021-03-16","commitResults":[{"hash":"892fe8c83efdf16d3d73ecd765deac6e1e9da684","messageTitle":"Fixed bug","messageBody":"","fileTypesAndContributionMap":{"test-code":{"insertions":1,"deletions":1}}}]},{"date":"2021-03-17","commitResults":[{"hash":"28abe01045b2dd890fe9a6d6220ad2405f4bf448","messageTitle":"Fix bugs","messageBody":"","fileTypesAndContributionMap":{"functional-code":{"insertions":1,"deletions":1},"test-code":{"insertions":5,"deletions":2}}},{"hash":"a3b3c0802f95a274ee59010f824943f74ce18cc4","messageTitle":"Add Expiring Command","messageBody":"","fileTypesAndContributionMap":{"functional-code":{"insertions":69,"deletions":0}}},{"hash":"d5cecdc1b4065bbae6ec380bd463cee561484931","messageTitle":"Update kwokyto.md","messageBody":"","fileTypesAndContributionMap":{"docs":{"insertions":11,"deletions":8}}},{"hash":"d5a0c2a5cfbac936ab7601991be09de03d2d57bd","messageTitle":"Improved coding standards for Storage class","messageBody":"","fileTypesAndContributionMap":{"functional-code":{"insertions":149,"deletions":99}}},{"hash":"99d0c9d55f61a27901741e7959bba3995251bc24","messageTitle":"Update kwokyto.md","messageBody":"","fileTypesAndContributionMap":{"docs":{"insertions":2,"deletions":1}}},{"hash":"3c819c4b8d3754a167e0e72a67e3367a75accacc","messageTitle":"Update UserGuide.md","messageBody":"","fileTypesAndContributionMap":{"docs":{"insertions":5,"deletions":13}}},{"hash":"060de0c5f65d926c03e6f6b5ac2913fe1a838f07","messageTitle":"Update kwokyto.md","messageBody":"","fileTypesAndContributionMap":{"docs":{"insertions":1,"deletions":1}}},{"hash":"4ac6e3d611b52dfe6097bfeb4263a752fbf6a188","messageTitle":"Update UserGuide.md","messageBody":"","fileTypesAndContributionMap":{"docs":{"insertions":6,"deletions":0}}},{"hash":"339c02f64870f5657e6159032bba8f3888f84db4","messageTitle":"Update UserGuide.md","messageBody":"","fileTypesAndContributionMap":{"docs":{"insertions":10,"deletions":13}}},{"hash":"54df352e50a908f65845d99c16d0952dd263c19b","messageTitle":"Finalised user guide","messageBody":"","fileTypesAndContributionMap":{"docs":{"insertions":101,"deletions":28}}},{"hash":"74e3f3dc9abc3a3fb6b5c2ea43e32fc827c46167","messageTitle":"Update kwokyto.md","messageBody":"","fileTypesAndContributionMap":{"docs":{"insertions":3,"deletions":1}}},{"hash":"89c68fbf8647800e704e245810756b2b9b2c009e","messageTitle":"Update FridgeFriend.java","messageBody":"","fileTypesAndContributionMap":{"functional-code":{"insertions":12,"deletions":0}}},{"hash":"27bf941533ff961298887a26e052cb415515f4bc","messageTitle":"Update UserGuide.md","messageBody":"","fileTypesAndContributionMap":{"docs":{"insertions":1,"deletions":1}}},{"hash":"df1683fbfebfe186a8450cd792f7656ae8330915","messageTitle":"Updated Logger","messageBody":"","fileTypesAndContributionMap":{"functional-code":{"insertions":14,"deletions":14},"other":{"insertions":14,"deletions":10}}},{"hash":"976747d6cd8be18a51e99039e31e0b241c97ff49","messageTitle":"Fixed Bugs","messageBody":"","fileTypesAndContributionMap":{"functional-code":{"insertions":9,"deletions":15}}}]},{"date":"2021-03-21","commitResults":[{"hash":"ede11ccf1bc70a7737f3d1d39d9b901616116f7e","messageTitle":"Create style.puml","messageBody":"","fileTypesAndContributionMap":{"docs":{"insertions":77,"deletions":0}}}]}],"joohwan58":[{"date":"2021-03-06","commitResults":[{"hash":"3c3610d3202660ef51e222b82ae5fe73fc33156d","messageTitle":"added my picture","messageBody":"","fileTypesAndContributionMap":{"docs":{"insertions":1,"deletions":1}}},{"hash":"8ec34f8f0ca11c8041b90a633ba843b400c395b0","messageTitle":"added my picture in the wrong spot lol changed","messageBody":"","fileTypesAndContributionMap":{"docs":{"insertions":2,"deletions":2}}}]},{"date":"2021-03-15","commitResults":[{"hash":"912108997743f364a5b237f651ca610ca2ec76ca","messageTitle":"Added saving","messageBody":"","fileTypesAndContributionMap":{"functional-code":{"insertions":90,"deletions":2}}},{"hash":"d69ff0c5e7794a9ef07d8e961398541c6bb0c0ba","messageTitle":"grammar fixes","messageBody":"","fileTypesAndContributionMap":{"functional-code":{"insertions":1,"deletions":1}}}]},{"date":"2021-03-16","commitResults":[{"hash":"cb923137845bf8011dc748a5127f7dbdfca79150","messageTitle":"Fixed error where unable to create directory","messageBody":"","fileTypesAndContributionMap":{"functional-code":{"insertions":30,"deletions":18}}},{"hash":"6537bff435a50340776128fd8d64104cd220cfa3","messageTitle":"Save class and removed \"||\" from expected","messageBody":"","fileTypesAndContributionMap":{"functional-code":{"insertions":10,"deletions":12},"test-code":{"insertions":2,"deletions":2}}}]},{"date":"2021-03-17","commitResults":[{"hash":"68c3e54ddb86fecf41b0b5007b3344fc0940dcfc","messageTitle":"Update README.md","messageBody":"","fileTypesAndContributionMap":{"docs":{"insertions":1,"deletions":1}}},{"hash":"4473cfe0f8bb081674d509ce16c062fe55575e9d","messageTitle":"Update joohwan.md","messageBody":"","fileTypesAndContributionMap":{"docs":{"insertions":17,"deletions":2}}},{"hash":"40ff1e00c925e47ad7be430ffa2396372d4b82a8","messageTitle":"Update UserGuide.md","messageBody":"additional explaination with saving","fileTypesAndContributionMap":{"docs":{"insertions":1,"deletions":1}}},{"hash":"0dbccd60f89ca87b6472a171a3b2f12671393d84","messageTitle":"Update joohwan.md","messageBody":"","fileTypesAndContributionMap":{"docs":{"insertions":3,"deletions":0}}}]}],"Vinci-Hu":[{"date":"2021-03-08","commitResults":[{"hash":"318a456a88ab629f0ffe1285a91cb09e90f294fa","messageTitle":"Create foods package and add class Food and related enums","messageBody":"","fileTypesAndContributionMap":{"functional-code":{"insertions":101,"deletions":0}}},{"hash":"57f3d920a0784cb34b3a6f98a9a1d86394bd68f5","messageTitle":"Fix checkStyle errors","messageBody":"","fileTypesAndContributionMap":{"functional-code":{"insertions":3,"deletions":2}}}]},{"date":"2021-03-11","commitResults":[{"hash":"bc28973d9cc6f40b32102cd43b2447286ef3a459","messageTitle":"Change AddCommand to require expiry date and storage location input","messageBody":"","fileTypesAndContributionMap":{"functional-code":{"insertions":79,"deletions":36}}},{"hash":"ca886015fc47e8bdee23c8d9a1c81c43f73d39ff","messageTitle":"Modify import statements for CheckStyle","messageBody":"","fileTypesAndContributionMap":{"functional-code":{"insertions":1,"deletions":1}}},{"hash":"ba80a83933af27a507e62753cb7cf01212e3ed6d","messageTitle":"Pass text-ui-text","messageBody":"","fileTypesAndContributionMap":{"functional-code":{"insertions":1,"deletions":1}}},{"hash":"867b126654b3872b4bed2d63f0c6a15da4c62c56","messageTitle":"Add explainatory comments","messageBody":"","fileTypesAndContributionMap":{"functional-code":{"insertions":2,"deletions":0}}},{"hash":"bf5edb5577dd34d85b3bef2dc651d47d33975269","messageTitle":"Discard storageDate field in unit test as well","messageBody":"","fileTypesAndContributionMap":{"test-code":{"insertions":1,"deletions":4}}}]},{"date":"2021-03-16","commitResults":[{"hash":"c318391e0d8562cf98abde5da985f49084185512","messageTitle":"Add loggers, asserts and modify FoodTest","messageBody":"","fileTypesAndContributionMap":{"functional-code":{"insertions":8,"deletions":0},"test-code":{"insertions":9,"deletions":8}}}]},{"date":"2021-03-17","commitResults":[{"hash":"c2891c582603e6112aa0ced1509f26ac64dfd6a7","messageTitle":"Update UserGuide on list and FAQ","messageBody":"","fileTypesAndContributionMap":{"docs":{"insertions":64,"deletions":2}}},{"hash":"64595634c4f1a6b6dc57f0c5133cb7a4a9fbb115","messageTitle":"Fix typo","messageBody":"","fileTypesAndContributionMap":{"docs":{"insertions":3,"deletions":5}}},{"hash":"d1c8fd7990c9495d4a0c602209445bf7d912b524","messageTitle":"Change word choices as requested","messageBody":"","fileTypesAndContributionMap":{"docs":{"insertions":2,"deletions":16}}},{"hash":"c8afd9780e8e1aa6a6bfaff1a51183460ebb8cfd","messageTitle":"Add output for list command in UserGuide","messageBody":"","fileTypesAndContributionMap":{"docs":{"insertions":24,"deletions":5}}}]}],"SimJJ96":[{"date":"2021-03-06","commitResults":[{"hash":"a3fea1435874b56a87395249161089ae59f34225","messageTitle":"Update profile picture in docs","messageBody":"","fileTypesAndContributionMap":{"docs":{"insertions":1,"deletions":1}}}]},{"date":"2021-03-08","commitResults":[{"hash":"6dabbc7097118c7967abae8f98a54b4469d06d70","messageTitle":"Add method to add food","messageBody":"Fixes #17\n","fileTypesAndContributionMap":{"functional-code":{"insertions":88,"deletions":13}}}]},{"date":"2021-03-09","commitResults":[{"hash":"acd65e5c0166559ce5da97ca78184f03ff48e87b","messageTitle":"Create Command class and rename Duke to FrideFriend","messageBody":"","fileTypesAndContributionMap":{"functional-code":{"insertions":213,"deletions":115},"other":{"insertions":2,"deletions":2}}},{"hash":"66b27de6b85435d3d8d77d6329ff5a8ea9b383e5","messageTitle":"Fix list method and include contain method in FoodCategory.java","messageBody":"Fixes #19, Fixes #26\n","fileTypesAndContributionMap":{"functional-code":{"insertions":87,"deletions":37},"other":{"insertions":125,"deletions":104}}},{"hash":"a98b8c437a5204250ba8505d99670bf62504a76e","messageTitle":"Create subclass RemoveCommand and add remove method","messageBody":"","fileTypesAndContributionMap":{"functional-code":{"insertions":63,"deletions":4}}},{"hash":"e336e16003d2829f5815e867708209ab2fdce12c","messageTitle":"Create SearchCommand subclass and add search method","messageBody":"Fixes #21\n","fileTypesAndContributionMap":{"functional-code":{"insertions":56,"deletions":4}}},{"hash":"825c5ae6addfdf9bba9d8545fdfd62143b7d2d7c","messageTitle":"Fix bug in RemoveCommand.java","messageBody":"","fileTypesAndContributionMap":{"functional-code":{"insertions":13,"deletions":13}}}]},{"date":"2021-03-10","commitResults":[{"hash":"294ebf0bb399b4ce7d1fb07424a04b48b7206a19","messageTitle":"Add comments and refactor add, list, remove, search and exit methods","messageBody":"","fileTypesAndContributionMap":{"functional-code":{"insertions":52,"deletions":17}}}]},{"date":"2021-03-14","commitResults":[{"hash":"b89b9d48eaef8be2fdbad8aca64d0cdd41214ab6","messageTitle":"Add JUnit-Test AddCommandTest.java","messageBody":"","fileTypesAndContributionMap":{"functional-code":{"insertions":1,"deletions":0},"test-code":{"insertions":36,"deletions":0}}},{"hash":"7c78b4139379add908e55b2fea56877b329677a8","messageTitle":"Fix CheckStyle Errors","messageBody":"Fixes #53\n","fileTypesAndContributionMap":{"functional-code":{"insertions":0,"deletions":1},"test-code":{"insertions":9,"deletions":3}}}]},{"date":"2021-03-15","commitResults":[{"hash":"7ae258b0eba407e1a883fcd8f952bd2346023685","messageTitle":"Add JUnit-test RemoveCommandTest.java","messageBody":"Fixes #55\n","fileTypesAndContributionMap":{"functional-code":{"insertions":13,"deletions":3},"test-code":{"insertions":52,"deletions":0}}},{"hash":"183f1fc26bca47d7211b674f80ccd7d838a8a867","messageTitle":"Remove comments to compile with coding standard","messageBody":"","fileTypesAndContributionMap":{"functional-code":{"insertions":0,"deletions":1},"test-code":{"insertions":1,"deletions":7}}},{"hash":"45f71f64ab8d33471498a54c98c40bce38b81ae8","messageTitle":"Remove unused exception and import class","messageBody":"","fileTypesAndContributionMap":{"functional-code":{"insertions":0,"deletions":2},"test-code":{"insertions":2,"deletions":3}}},{"hash":"239bc348dc16e0a80fc5f3379989ac9606b4c9bf","messageTitle":"Rename method actualMessage to getMessagePrintedToUser","messageBody":"","fileTypesAndContributionMap":{"functional-code":{"insertions":1,"deletions":1},"test-code":{"insertions":1,"deletions":1}}},{"hash":"e02ce10743aaeb322b63e3de7537557d9a9ce17d","messageTitle":"Add comment to follow reuse policy","messageBody":"","fileTypesAndContributionMap":{"test-code":{"insertions":2,"deletions":0}}},{"hash":"7d93aab5ddfe604b494687e589d7aed2162ec94c","messageTitle":"Modify searchCommand display format","messageBody":"","fileTypesAndContributionMap":{"functional-code":{"insertions":27,"deletions":13}}},{"hash":"af25abb2421a580a5d0e38e4f13cf1d260e50e81","messageTitle":"Add SearchCommandTest","messageBody":"","fileTypesAndContributionMap":{"test-code":{"insertions":54,"deletions":0}}},{"hash":"f12862a5f378b73889131ba5710cd16d8ac40247","messageTitle":"Improve code quality","messageBody":"","fileTypesAndContributionMap":{"functional-code":{"insertions":10,"deletions":1},"test-code":{"insertions":12,"deletions":6}}},{"hash":"3de273765278671c9a6898b951d321a8ba174950","messageTitle":"Improve code quality","messageBody":"","fileTypesAndContributionMap":{"functional-code":{"insertions":6,"deletions":10},"test-code":{"insertions":8,"deletions":12}}},{"hash":"d76faaa8aac5cc31324c018271ab9c61b83b8e26","messageTitle":"Fixed bug","messageBody":"","fileTypesAndContributionMap":{"test-code":{"insertions":3,"deletions":3}}},{"hash":"e836a357b56da2d78b4aee9c436b0151e299dd31","messageTitle":"Fixed bug","messageBody":"","fileTypesAndContributionMap":{"test-code":{"insertions":3,"deletions":3}}},{"hash":"45b74fd46ad382d834d42c4eacb2099ac751edde","messageTitle":"Add ListCommandTest","messageBody":"","fileTypesAndContributionMap":{"functional-code":{"insertions":32,"deletions":18},"test-code":{"insertions":57,"deletions":0}}}]},{"date":"2021-03-16","commitResults":[{"hash":"75a2c6b3d9fe6e19ef7ca113d7462a62da8696a2","messageTitle":"Fix major bug","messageBody":"","fileTypesAndContributionMap":{"functional-code":{"insertions":38,"deletions":31},"test-code":{"insertions":39,"deletions":18}}}]},{"date":"2021-03-17","commitResults":[{"hash":"8bf4c3119f92404528e88e31907ec8ed748b8670","messageTitle":"Update UserGuide add features","messageBody":"","fileTypesAndContributionMap":{"docs":{"insertions":38,"deletions":10}}},{"hash":"4a1240e83b3a511ead02eccf829135bfc95749ea","messageTitle":"Fix formatting","messageBody":"","fileTypesAndContributionMap":{"docs":{"insertions":9,"deletions":8}}},{"hash":"97f4435dbc714e615713f6c8a38996d3700130db","messageTitle":"Update simjingjie docs","messageBody":"","fileTypesAndContributionMap":{"docs":{"insertions":21,"deletions":3}}},{"hash":"bfc78860ef01ef4f94f0ad0ab33106a94608b3f9","messageTitle":"update simjingjie.md","messageBody":"","fileTypesAndContributionMap":{"docs":{"insertions":26,"deletions":10}}},{"hash":"3e73e9b5c53073b660e982855f717cb4e8b1e271","messageTitle":"Update UserGuide.md","messageBody":"","fileTypesAndContributionMap":{"docs":{"insertions":30,"deletions":24}}},{"hash":"7c51b2bd349aa0e9cfdd1777334d983a5c513abe","messageTitle":"Add assertion to addCommand.java","messageBody":"","fileTypesAndContributionMap":{"functional-code":{"insertions":2,"deletions":0}}},{"hash":"c578cfc133eaa00e405e512c64cb61ab50833889","messageTitle":"Add assertion to RemoveCommand.java","messageBody":"","fileTypesAndContributionMap":{"functional-code":{"insertions":1,"deletions":1}}},{"hash":"9b6f20fc8fdd9d0366e52337c2c19720cda16429","messageTitle":"Add assertion to SearchCommand.java","messageBody":"","fileTypesAndContributionMap":{"functional-code":{"insertions":1,"deletions":1}}},{"hash":"b277f9ef6ea91c041821c645b1f6315c9a6372d4","messageTitle":"update UserGuide.md features add","messageBody":"","fileTypesAndContributionMap":{"docs":{"insertions":13,"deletions":30}}},{"hash":"aa12661a3f6b6f1a977049ca554378985246c088","messageTitle":"Fix bug in listCommand.java","messageBody":"","fileTypesAndContributionMap":{"functional-code":{"insertions":5,"deletions":2},"test-code":{"insertions":7,"deletions":7}}},{"hash":"36e95fb3d4ba9d3a72b5bae1f19c0161b2eaf6b3","messageTitle":"Improve code quality","messageBody":"","fileTypesAndContributionMap":{"functional-code":{"insertions":4,"deletions":4}}}]}]},"authorFileTypeContributionMap":{"Leeyp":{"docs":72,"functional-code":307,"test-code":60},"kwokyto":{"docs":247,"functional-code":825,"test-code":91,"other":2},"joohwan58":{"docs":22,"functional-code":1,"test-code":2},"Vinci-Hu":{"docs":69,"functional-code":103,"test-code":0},"SimJJ96":{"docs":60,"functional-code":288,"test-code":207,"other":2}},"authorContributionVariance":{"Leeyp":22777.586,"kwokyto":79314.9,"joohwan58":711.2099,"Vinci-Hu":1913.3334,"SimJJ96":41936.258},"authorDisplayNameMap":{"Leeyp":"CS2113-T10-1 LEE ..PENG","kwokyto":"CS2113-T10-1 RYAN..KWOK","joohwan58":"CS2113-T10-1 KIM ..HWAN","Vinci-Hu":"CS2113-T10-1 HU W..ENQI","SimJJ96":"CS2113-T10-1 SIM .. JIE"}}
