{"authorDailyContributionsMap":{"NoorSarrah":[{"date":"2021-03-11","commitResults":[{"hash":"b136a73a622e29e3e93dad28d81c101daaf4727f","messageTitle":"first commit","messageBody":"","fileTypesAndContributionMap":{"functional-code":{"insertions":40,"deletions":0}}},{"hash":"4a98359cd5cecfc64455c774441a1aeae265849c","messageTitle":"change Duke class name","messageBody":"","fileTypesAndContributionMap":{"other":{"insertions":4,"deletions":4}}},{"hash":"add89a04d8973acc793874389c35f5ce011dcf17","messageTitle":"change Duke name","messageBody":"","fileTypesAndContributionMap":{"functional-code":{"insertions":4,"deletions":4}}}]},{"date":"2021-03-12","commitResults":[{"hash":"7a5ac66bc07cd1afb67df78519216e85ab49147e","messageTitle":"change dukeDrugs class name","messageBody":"","fileTypesAndContributionMap":{"other":{"insertions":4,"deletions":4}}},{"hash":"7943f5d34b5b8064ef1eaae0f9e66d26f316cd50","messageTitle":"change in class names","messageBody":"","fileTypesAndContributionMap":{"functional-code":{"insertions":0,"deletions":61},"docs":{"insertions":3,"deletions":3}}},{"hash":"fc0fe5b6f7dc7ee88208667be3b1e698862d940b","messageTitle":"import class","messageBody":"","fileTypesAndContributionMap":{"functional-code":{"insertions":202,"deletions":0}}},{"hash":"0af79b2a1678b2f9ba0b4b54f7c725465ca087fe","messageTitle":"delete empty duke class","messageBody":"","fileTypesAndContributionMap":{"functional-code":{"insertions":72,"deletions":1}}}]},{"date":"2021-03-17","commitResults":[{"hash":"9dd86f652d124595712a017fb51839bca3548bd4","messageTitle":"Created Parser class and renamed classes","messageBody":"","fileTypesAndContributionMap":{"functional-code":{"insertions":74,"deletions":71},"other":{"insertions":13,"deletions":11}}}]},{"date":"2021-03-18","commitResults":[{"hash":"b032e6826d05f298107b6d04a4a35ce6417f3342","messageTitle":"Add return and help functions","messageBody":"","fileTypesAndContributionMap":{"functional-code":{"insertions":17,"deletions":1}}},{"hash":"f0b7f1635d277f4231c78c56182b238f28e1b460","messageTitle":"Changed input style","messageBody":"","fileTypesAndContributionMap":{"functional-code":{"insertions":1,"deletions":0}}},{"hash":"8b6426ba1a5900386dd481120721475fea077151","messageTitle":"Standardize user input","messageBody":"","fileTypesAndContributionMap":{"functional-code":{"insertions":1,"deletions":1}}}]},{"date":"2021-03-24","commitResults":[{"hash":"ae406fbd408d13c6ae025bb9caa3a673324eb53e","messageTitle":"Update DrugUI and exceptions","messageBody":"","fileTypesAndContributionMap":{"functional-code":{"insertions":125,"deletions":47}}},{"hash":"07da6c5e8ab85417e95642a89df6f04e498cb33e","messageTitle":"Import exception class","messageBody":"","fileTypesAndContributionMap":{"functional-code":{"insertions":26,"deletions":0}}}]},{"date":"2021-03-30","commitResults":[{"hash":"20b2d56e0a5275f41f0756ec69da2ce692915a62","messageTitle":"Change structure of Inventory code","messageBody":"","fileTypesAndContributionMap":{"functional-code":{"insertions":580,"deletions":307},"docs":{"insertions":3,"deletions":3}}},{"hash":"2483ddebb0a79e96530b8121016ed75ff0b8b414","messageTitle":"Changes to exceptions","messageBody":"","fileTypesAndContributionMap":{"functional-code":{"insertions":45,"deletions":35}}}]},{"date":"2021-03-31","commitResults":[{"hash":"2882dd994651c02b1f2678e91cf4dc57909ea036","messageTitle":"Update UserGuide.md","messageBody":"","fileTypesAndContributionMap":{"docs":{"insertions":333,"deletions":26}}},{"hash":"e0200282e13510ba09225176cb7c71510e2f23e4","messageTitle":"Implementing Inventory Exceptions","messageBody":"","fileTypesAndContributionMap":{"functional-code":{"insertions":69,"deletions":36}}},{"hash":"5aecec96018d1af0a451ca0e325b793fcfb6ba7c","messageTitle":"Make Inventory work","messageBody":"","fileTypesAndContributionMap":{"functional-code":{"insertions":125,"deletions":118}}}]},{"date":"2021-04-01","commitResults":[{"hash":"db990f2a8c04a7fb2d351c145f3f24bf01621566","messageTitle":"Final exceptions modifications and storage problem solved","messageBody":"","fileTypesAndContributionMap":{"functional-code":{"insertions":127,"deletions":106}}},{"hash":"fef0f25df3dcaa4061fcbaf68f2dc408ead719a8","messageTitle":"Minor changes in output presentation and making delete function work","messageBody":"","fileTypesAndContributionMap":{"functional-code":{"insertions":4,"deletions":13}}},{"hash":"d9455742b761cfa8b9fa1da0a6eb59ae9e3e91fc","messageTitle":"Update UserGuide.md","messageBody":"","fileTypesAndContributionMap":{"docs":{"insertions":32,"deletions":30}}},{"hash":"d12fe7b2169430d8190a0ac6729208c564b807c1","messageTitle":"Fixed list output presentation and txt file corruption","messageBody":"","fileTypesAndContributionMap":{"functional-code":{"insertions":45,"deletions":20}}},{"hash":"e2b32f5e7952a14df12d5a18f05b6495be14ae9b","messageTitle":"update inventory portion","messageBody":"","fileTypesAndContributionMap":{"docs":{"insertions":176,"deletions":125}}},{"hash":"defd29eba6004f323264431b77a20e27a01a35d8","messageTitle":"breakline added to inventory portion","messageBody":"","fileTypesAndContributionMap":{"docs":{"insertions":2,"deletions":0}}},{"hash":"00bb3d6e443606eb28911c0141fce5041afd4822","messageTitle":"changed header\u003d\"staff\" to \"inventory\"","messageBody":"","fileTypesAndContributionMap":{"functional-code":{"insertions":2,"deletions":2}}},{"hash":"fd9aac83a48188fe64933be3717a9332ef404b54","messageTitle":"fixed some errors regarding storage saving and header display","messageBody":"","fileTypesAndContributionMap":{"functional-code":{"insertions":3,"deletions":3}}},{"hash":"6d3712a7b616e3b4dc9bb26736c928282edf7ae0","messageTitle":"minor changes to screenshots","messageBody":"","fileTypesAndContributionMap":{"docs":{"insertions":2,"deletions":2}}},{"hash":"29318f65c501e0ad71e5f3a3a0033a586053e4f9","messageTitle":"fixed corrupted storage problem and invalid quantity exception","messageBody":"","fileTypesAndContributionMap":{"functional-code":{"insertions":36,"deletions":14}}},{"hash":"8db627ec6faaf3b4d2de4b8f8a4e4a46e33ac3d4","messageTitle":"change screenshot for inventory","messageBody":"","fileTypesAndContributionMap":{"docs":{"insertions":1,"deletions":1}}}]},{"date":"2021-04-02","commitResults":[{"hash":"4ba9433067369b969c576637b693d39994b983a8","messageTitle":"indentation for screenshots","messageBody":"","fileTypesAndContributionMap":{"docs":{"insertions":3,"deletions":3}}}]},{"date":"2021-04-03","commitResults":[{"hash":"669c76767f827e5378c7014a46ffe37a538f861e","messageTitle":"Refactored and cleaned up code","messageBody":"","fileTypesAndContributionMap":{"functional-code":{"insertions":127,"deletions":204}}},{"hash":"9c5610c244eeb00cbf37e0dba899ebb1821be95f","messageTitle":"Added statement to solve bug","messageBody":"","fileTypesAndContributionMap":{"functional-code":{"insertions":1,"deletions":1}}},{"hash":"fe203a5818fe6739d9ff9b953d4931cc4591234a","messageTitle":"Minor changes","messageBody":"","fileTypesAndContributionMap":{"functional-code":{"insertions":8,"deletions":2}}}]},{"date":"2021-04-04","commitResults":[{"hash":"2ca84eed136f262f8423c0847433c3a73ba9052e","messageTitle":"Changes to add and delete features of Inventory","messageBody":"","fileTypesAndContributionMap":{"docs":{"insertions":48,"deletions":11}}},{"hash":"bec3abb4f5f028c971b0b3072619014ab256b798","messageTitle":"Replaced inventory help screenshot","messageBody":"","fileTypesAndContributionMap":{"docs":{"insertions":1,"deletions":1}}}]},{"date":"2021-04-05","commitResults":[{"hash":"d099d963054fb4b83ccf31e810ce00b0bc726bb2","messageTitle":"Minor changes to Inventory text","messageBody":"","fileTypesAndContributionMap":{"docs":{"insertions":4,"deletions":1}}}]}],"MingShun98":[{"date":"2021-03-05","commitResults":[{"hash":"e1395dd5bfb5e55b780eb3b2fe62be38cd4b4cf2","messageTitle":"About us","messageBody":"","fileTypesAndContributionMap":{"functional-code":{"insertions":1,"deletions":1}}}]},{"date":"2021-03-11","commitResults":[{"hash":"08569510658d1af7d6ac39aa56abe5d16ef9be0e","messageTitle":"DoctorAppoitment first commit","messageBody":"","fileTypesAndContributionMap":{"functional-code":{"insertions":40,"deletions":21}}},{"hash":"b3a1a48e1e2e86423dc0564feb5ccf53366c40be","messageTitle":"v1.0-trial","messageBody":"","fileTypesAndContributionMap":{"functional-code":{"insertions":136,"deletions":2}}},{"hash":"ec279516b6b6a4b15075c0b72de6aaa70e0aed03","messageTitle":"On branch v1.0-trial.1","messageBody":"","fileTypesAndContributionMap":{"functional-code":{"insertions":4,"deletions":0}}},{"hash":"abcab6549450e327190f4cd87429a258863117eb","messageTitle":" On branch v1.0-trial.1","messageBody":"","fileTypesAndContributionMap":{"functional-code":{"insertions":18,"deletions":1}}}]},{"date":"2021-03-18","commitResults":[{"hash":"17b95e305bef8443fd3ac0c80baa45a561cfd395","messageTitle":"v1.0-updated - added return function and storage class","messageBody":"","fileTypesAndContributionMap":{"functional-code":{"insertions":193,"deletions":66}}},{"hash":"131d07cf276c7b8c9e90197dca7a613fd8d9c695","messageTitle":"updated minor UI issue","messageBody":"","fileTypesAndContributionMap":{"functional-code":{"insertions":1,"deletions":0}}}]},{"date":"2021-03-19","commitResults":[{"hash":"457ebe72ca4a5c6eb038cb94ca07029b7caa03c8","messageTitle":"resources file","messageBody":"","fileTypesAndContributionMap":{"other":{"insertions":7,"deletions":0}}}]},{"date":"2021-03-21","commitResults":[{"hash":"bed97da7b34583205a0de3eb15b36fd4689fcc3f","messageTitle":"v1.0 added JunitTest","messageBody":"","fileTypesAndContributionMap":{"test-code":{"insertions":26,"deletions":0}}}]},{"date":"2021-03-28","commitResults":[{"hash":"6bd8e650ebdf8e0f0a8f3c01757b7d59bc3e9cbc","messageTitle":"update","messageBody":"","fileTypesAndContributionMap":{"test-code":{"insertions":6,"deletions":0}}},{"hash":"8b3d62184ff971efcd990312e50057555e3411fe","messageTitle":"exception","messageBody":"","fileTypesAndContributionMap":{"functional-code":{"insertions":23,"deletions":4},"other":{"insertions":1,"deletions":1},"test-code":{"insertions":4,"deletions":4}}}]},{"date":"2021-03-29","commitResults":[{"hash":"f74b87b0f93cfc22a0f464a59f60d1093e0038d9","messageTitle":"Doctor / Appointment cross feature validation","messageBody":"","fileTypesAndContributionMap":{"functional-code":{"insertions":82,"deletions":21}}},{"hash":"a13ccba922c02f63798536b511f8d7264b0ed306","messageTitle":"Redoing Command logic","messageBody":"","fileTypesAndContributionMap":{"functional-code":{"insertions":220,"deletions":81},"test-code":{"insertions":17,"deletions":17}}},{"hash":"83aaedf2bf0b5f7eb1e90bad69aa36b92de2375c","messageTitle":"Change Appointment Parser/Command OOP","messageBody":"","fileTypesAndContributionMap":{"functional-code":{"insertions":85,"deletions":57}}},{"hash":"10cfe8fa9a4392757234cc994ade155578a70b60","messageTitle":"AppointmentParser Change delimeter to /","messageBody":"","fileTypesAndContributionMap":{"functional-code":{"insertions":1,"deletions":10}}},{"hash":"7cc57d5464dc82fa695addc7ece9f375e1a7aa92","messageTitle":"First Draft of 2.0","messageBody":"","fileTypesAndContributionMap":{"functional-code":{"insertions":188,"deletions":44}}}]},{"date":"2021-03-30","commitResults":[{"hash":"af83ad6dade926e086a508b81eda749e4828daa4","messageTitle":"Exception handling + add/list function","messageBody":"","fileTypesAndContributionMap":{"functional-code":{"insertions":67,"deletions":33}}}]},{"date":"2021-03-31","commitResults":[{"hash":"c377c9e20b2f81cf9f7621c6887bf54f5bba104b","messageTitle":"DoctAppt Functionalities + AppointmentChecker updated","messageBody":"","fileTypesAndContributionMap":{"functional-code":{"insertions":177,"deletions":151},"test-code":{"insertions":8,"deletions":11}}},{"hash":"d6f75a655e5fe72c01a914b29d4ac5d036e26c7b","messageTitle":"Exception Handling and ErrorChecker Improvements","messageBody":"","fileTypesAndContributionMap":{"functional-code":{"insertions":99,"deletions":57}}},{"hash":"630ed8d15892e1558bdfc87cba1072b71031c5da","messageTitle":"Updated Commands","messageBody":"","fileTypesAndContributionMap":{"functional-code":{"insertions":33,"deletions":16}}},{"hash":"dbb2b631a2400aab9ec3a00a5bce04d9c4b37919","messageTitle":"FileCorruptionCheck and standardise output","messageBody":"","fileTypesAndContributionMap":{"functional-code":{"insertions":71,"deletions":27}}}]},{"date":"2021-04-01","commitResults":[{"hash":"971b50962de97e2de85a68d6f417f4f5f6921bd2","messageTitle":"Cleared 31/3 Bug report for DocApt","messageBody":"","fileTypesAndContributionMap":{"functional-code":{"insertions":68,"deletions":28}}},{"hash":"943977ed3c8098f6b7a7a60f282333a5d1840945","messageTitle":"Doctor Appointment Section first Draft","messageBody":"","fileTypesAndContributionMap":{"docs":{"insertions":44,"deletions":15}}},{"hash":"96e6b05347ee52a5a0a8954f781db9eecbcfd9f7","messageTitle":"added screenshots for Doctor Appointment Functions","messageBody":"","fileTypesAndContributionMap":{"docs":{"insertions":22,"deletions":0}}},{"hash":"bf1ff8edaacff120e68bd71503da3d8fe460f93f","messageTitle":"Added Welcome Image","messageBody":"","fileTypesAndContributionMap":{"docs":{"insertions":6,"deletions":1}}},{"hash":"0e513a6e5ab812cda4315692ef1afbcd26a3af73","messageTitle":"Update Doctor Appointment Section","messageBody":"","fileTypesAndContributionMap":{"docs":{"insertions":8,"deletions":7}}},{"hash":"51fa4c689fe870ba71695cffc5343921053187fe","messageTitle":"Doctor Appointment Description Update","messageBody":"","fileTypesAndContributionMap":{"docs":{"insertions":2,"deletions":2}}},{"hash":"6e48d3763297b1eadbebbb751a21b9accf9d7d58","messageTitle":"Table Update","messageBody":"","fileTypesAndContributionMap":{"docs":{"insertions":2,"deletions":2}}},{"hash":"2c516c9f9775187c9dfdfaead4c7aea567be06a6","messageTitle":"Table update","messageBody":"","fileTypesAndContributionMap":{"docs":{"insertions":1,"deletions":1}}},{"hash":"43f9614e2e0d2ef7b12702fbffdaa12b45f1968d","messageTitle":"1/4/ Bugs Fix","messageBody":"","fileTypesAndContributionMap":{"functional-code":{"insertions":19,"deletions":12}}},{"hash":"971055831fde7282b90530c4a01f3445f82e960e","messageTitle":"DoctorAppointment update","messageBody":"","fileTypesAndContributionMap":{"docs":{"insertions":68,"deletions":81}}},{"hash":"7d01f1a6550d3dd65920a086b4bcae90250a0fae","messageTitle":"Size update","messageBody":"","fileTypesAndContributionMap":{"docs":{"insertions":5,"deletions":5}}},{"hash":"932ed2a55bed043a1a08ed11655b7ce2583631af","messageTitle":"Doctor Appointment Updated","messageBody":"","fileTypesAndContributionMap":{"docs":{"insertions":42,"deletions":3}}},{"hash":"9602a8f3f04b492ecdc2a2ad8bffcaec776375e3","messageTitle":"Doctor Appointment updated","messageBody":"","fileTypesAndContributionMap":{"docs":{"insertions":5,"deletions":21}}},{"hash":"e0ee66a593deabe98013383c8fe624b6cbbd4699","messageTitle":"minor change","messageBody":"","fileTypesAndContributionMap":{"docs":{"insertions":1,"deletions":5}}}]}],"Chiamjiaen":[{"date":"2021-03-05","commitResults":[{"hash":"d9eab7ed95c80b9decbe566ce834bb0d94e15be1","messageTitle":"Chiam Jia-En aboutUs","messageBody":"","fileTypesAndContributionMap":{"docs":{"insertions":7,"deletions":1}}}]},{"date":"2021-03-11","commitResults":[{"hash":"0891daf483e660223acfb3b5aac88ac93a19c5af","messageTitle":"first commit","messageBody":"","fileTypesAndContributionMap":{"functional-code":{"insertions":505,"deletions":10}}}]},{"date":"2021-03-17","commitResults":[{"hash":"1a697b8aa2424243ca4f974c948562e3dd75c1d3","messageTitle":"Rename src/main/java/seedu/duke/Patient.java to src/main/java/seedu/patient/Patient.java","messageBody":"","fileTypesAndContributionMap":{"other":{"insertions":0,"deletions":0}}},{"hash":"bd9966809797aacdcd166f6f1d8137c069c7b653","messageTitle":"Rename src/main/java/seedu/duke/PatientCommandInstance.java to src/main/java/seedu/patient/PatientCommandInstance.java","messageBody":"","fileTypesAndContributionMap":{"other":{"insertions":0,"deletions":0}}},{"hash":"32c2175e6e79f21c726e2576c85014aaca07fc75","messageTitle":"Rename src/main/java/seedu/duke/PatientList.java to src/main/java/seedu/patient/PatientList.java","messageBody":"","fileTypesAndContributionMap":{"other":{"insertions":0,"deletions":0}}},{"hash":"ef795d1223d805e27bfc3b7f4bb493770ea57491","messageTitle":"Rename src/main/java/seedu/duke/Ui.java to src/main/java/seedu/ui/Ui.java","messageBody":"","fileTypesAndContributionMap":{"other":{"insertions":0,"deletions":0}}},{"hash":"2f764d26606f7e84148e2a7185d7b54307147fae","messageTitle":"Rename src/main/java/seedu/duke/Storage.java to src/main/java/seedu/storage/Storage.java","messageBody":"","fileTypesAndContributionMap":{"other":{"insertions":0,"deletions":0}}},{"hash":"97e162a30fde71d528a5a015f436d14360885293","messageTitle":"Rename src/main/java/seedu/duke/DukeException.java to src/main/java/seedu/exceptions/DukeException.java","messageBody":"","fileTypesAndContributionMap":{"other":{"insertions":0,"deletions":0}}},{"hash":"a70642e54e2a8782e2675ab858d7d39c2ab333cb","messageTitle":"Rename src/main/java/seedu/duke/Parser.java to src/main/java/seedu/parser/Parser.java","messageBody":"","fileTypesAndContributionMap":{"other":{"insertions":0,"deletions":0}}},{"hash":"1c05c0827a694fd7aeb15c118a95adaa5dc727ad","messageTitle":"Rename src/main/java/nurseschedules/nurseschedule/NurseSchedule.java to src/main/java/seedu/nurseschedules/NurseSchedule.java","messageBody":"","fileTypesAndContributionMap":{"other":{"insertions":0,"deletions":0}}},{"hash":"67970075c10d59572c41e1bd28b129305245b332","messageTitle":"Rename src/main/java/nurseschedules/nurseschedule/NurseScheduleActions.java to src/main/java/seedu/nurseschedules/NurseScheduleActions.java","messageBody":"","fileTypesAndContributionMap":{"other":{"insertions":0,"deletions":0}}},{"hash":"8a64609e92a39c7da9cde6fddaa4652743790b4d","messageTitle":"Rename src/main/java/nurseschedules/nurseschedule/NurseScheduleStorage.java to src/main/java/seedu/nurseschedules/NurseScheduleStorage.java","messageBody":"","fileTypesAndContributionMap":{"other":{"insertions":0,"deletions":0}}},{"hash":"33582700400152f8b140995cc111260696e3c355","messageTitle":"Rename src/main/java/nurseschedules/parser/Parser.java to src/main/java/seedu/nurseschedules/parser/Parser.java","messageBody":"","fileTypesAndContributionMap":{"other":{"insertions":0,"deletions":0}}},{"hash":"05c62eccb80da4571fe7962e6c5a0eeffc28a37a","messageTitle":"Rename src/main/java/nurseschedules/NurseScheduleInstance.java to src/main/java/seedu/nurseschedules/NurseScheduleInstance.java","messageBody":"","fileTypesAndContributionMap":{"other":{"insertions":0,"deletions":0}}}]},{"date":"2021-03-18","commitResults":[{"hash":"f70f17542c0b94e80d20c2e4a65d21209b4d9536","messageTitle":"committed drug instance to own remote master","messageBody":"","fileTypesAndContributionMap":{"functional-code":{"insertions":2,"deletions":0}}},{"hash":"f704cffe29d8ecfb4e7b6578b621e32423b8d3a1","messageTitle":"minor bug fixed","messageBody":"","fileTypesAndContributionMap":{"functional-code":{"insertions":1,"deletions":0}}},{"hash":"408447f76754d0df3fc9bf85949ae350c2a8ae17","messageTitle":"add more exception handling","messageBody":"","fileTypesAndContributionMap":{"functional-code":{"insertions":324,"deletions":101}}},{"hash":"bf21213f19308c03c4746310c87425686787c225","messageTitle":"change logo","messageBody":"","fileTypesAndContributionMap":{"functional-code":{"insertions":8,"deletions":6}}},{"hash":"637990856137f81c996c96863b4ac85dbc3e7cdd","messageTitle":"minor bug fix, changed find in patients to 1 based indexing","messageBody":"","fileTypesAndContributionMap":{"functional-code":{"insertions":1,"deletions":1}}},{"hash":"622750838c3aed579fa68c3bcf58f30844380f5e","messageTitle":"typo fixes","messageBody":"","fileTypesAndContributionMap":{"functional-code":{"insertions":1,"deletions":1}}}]},{"date":"2021-03-22","commitResults":[{"hash":"e24a3debdb100a51ebc2ea80ed64585d3bc147de","messageTitle":"change class names","messageBody":"","fileTypesAndContributionMap":{"other":{"insertions":0,"deletions":0}}},{"hash":"f4984a1077337e5326192aa64e95949ff7abd871","messageTitle":"change class name","messageBody":"","fileTypesAndContributionMap":{"functional-code":{"insertions":22,"deletions":22}}}]},{"date":"2021-03-24","commitResults":[{"hash":"fa6b19cb938ebe0e2d8eddabfe745efc3387b6b3","messageTitle":"change DukeException to HealthVaultException. add common storage class","messageBody":"","fileTypesAndContributionMap":{"functional-code":{"insertions":83,"deletions":37},"other":{"insertions":3,"deletions":3}}}]},{"date":"2021-03-25","commitResults":[{"hash":"54755e2749e88684aeabb447c6086b9ef39b6f90","messageTitle":"change naming conventions","messageBody":"","fileTypesAndContributionMap":{"functional-code":{"insertions":14,"deletions":12},"other":{"insertions":1,"deletions":1}}},{"hash":"4ea68475cf1f72fcf62ff9d81e7106d62d80d2f0","messageTitle":"add JUnit Testing","messageBody":"","fileTypesAndContributionMap":{"test-code":{"insertions":31,"deletions":0}}}]},{"date":"2021-03-29","commitResults":[{"hash":"5278cbacc820a307bd62ad5718c7938531cafa87","messageTitle":"implement command class structure to TP. Working version for patient command, instance and parser Working version for start menu.","messageBody":"","fileTypesAndContributionMap":{"functional-code":{"insertions":749,"deletions":125},"other":{"insertions":30,"deletions":32},"test-code":{"insertions":5,"deletions":5}}},{"hash":"4260e73cb3d1d638ac3ae87a9ec29048d0b59a3f","messageTitle":"added new exception handling to code","messageBody":"","fileTypesAndContributionMap":{"functional-code":{"insertions":166,"deletions":64}}}]},{"date":"2021-03-30","commitResults":[{"hash":"3b0b9392784eaccdc7510b01bbf6c4a2f0c65e8d","messageTitle":"merge conflict resolve","messageBody":"","fileTypesAndContributionMap":{"functional-code":{"insertions":79,"deletions":1}}},{"hash":"9f5783f16c8efdbba7592d8e3f81287961369dd9","messageTitle":"merge conflict resolve","messageBody":"","fileTypesAndContributionMap":{"functional-code":{"insertions":0,"deletions":3}}}]},{"date":"2021-03-31","commitResults":[{"hash":"98f5b8b9f4221db3ea5218c824b11568a056c6ba","messageTitle":"add patient checker exception class. more exception handling","messageBody":"","fileTypesAndContributionMap":{"functional-code":{"insertions":226,"deletions":249}}},{"hash":"014ce05ccb65ab83b9e31cd357387e97600805a8","messageTitle":"resolve merge conflicts","messageBody":"","fileTypesAndContributionMap":{"functional-code":{"insertions":0,"deletions":12}}},{"hash":"4f8ee53e2084bcefd1ba6289e7679d3a25ee557d","messageTitle":"exception handling and error checking class","messageBody":"","fileTypesAndContributionMap":{"functional-code":{"insertions":138,"deletions":164}}},{"hash":"59f4a464ff4eb1f73f2bf7e38696ab137f2d23a7","messageTitle":"minor bug fixes","messageBody":"","fileTypesAndContributionMap":{"functional-code":{"insertions":36,"deletions":34}}},{"hash":"9c40efd62590032bc29fc7c4c470c62ba3028cf9","messageTitle":"changed storage error handling","messageBody":"","fileTypesAndContributionMap":{"functional-code":{"insertions":16,"deletions":9}}},{"hash":"3832bc667d3dcdb643af537b7852becf4f198320","messageTitle":"minor bug fixes","messageBody":"","fileTypesAndContributionMap":{"functional-code":{"insertions":48,"deletions":34}}},{"hash":"208de678be3761120ef54ed08649d17d77403e84","messageTitle":"improved find and list function to fit format","messageBody":"","fileTypesAndContributionMap":{"functional-code":{"insertions":58,"deletions":23}}}]},{"date":"2021-04-01","commitResults":[{"hash":"f003c00d7a24e0390b07fc2a317771aee819a4a0","messageTitle":"bug fixes and feature improvements","messageBody":"","fileTypesAndContributionMap":{"functional-code":{"insertions":41,"deletions":60}}},{"hash":"710a1cbe345f82991f1c796977c586152d71a01b","messageTitle":"minor bug fix","messageBody":"","fileTypesAndContributionMap":{"functional-code":{"insertions":1,"deletions":1}}},{"hash":"b1b1da1809ff2898eb023291ea815a5c7bf2c215","messageTitle":"update user guide","messageBody":"","fileTypesAndContributionMap":{"docs":{"insertions":100,"deletions":16}}},{"hash":"ad7cabb38b658d4d3627aebb3eb21e0e29368f4e","messageTitle":"Add more technical terms","messageBody":"","fileTypesAndContributionMap":{"docs":{"insertions":3,"deletions":0}}},{"hash":"82ce9375e70ef9bdf6e46df6949a59c519debb24","messageTitle":"Improved introduction section","messageBody":"add cli guide\r\nadd about user guide\r\nadd more details to introduction","fileTypesAndContributionMap":{"docs":{"insertions":49,"deletions":10}}},{"hash":"770defe3ab0263444044c613ebdf874e9b0aadf9","messageTitle":"bug fixes","messageBody":"","fileTypesAndContributionMap":{"docs":{"insertions":5,"deletions":5}}},{"hash":"35a3a3b39a65e5fdf3a1306814ff3d368996472b","messageTitle":"update user guide and images","messageBody":"","fileTypesAndContributionMap":{"docs":{"insertions":67,"deletions":94}}},{"hash":"978010b57d9ead5178e7d9fc9cd0842f504655cc","messageTitle":"Minor typo fixes and update FAQ","messageBody":"","fileTypesAndContributionMap":{"docs":{"insertions":9,"deletions":12}}},{"hash":"34d11915ac5cf7b7db4e71619135925e7c550604","messageTitle":"Indentation and placement fixes","messageBody":"","fileTypesAndContributionMap":{"docs":{"insertions":3,"deletions":6}}}]},{"date":"2021-04-03","commitResults":[{"hash":"52c9f758f84ecd66873ad7f42a7c8bef73c6362e","messageTitle":"error checking","messageBody":"","fileTypesAndContributionMap":{"functional-code":{"insertions":11,"deletions":2}}},{"hash":"962446e9eda32380024af282d21b51a99b019675","messageTitle":"bug fixes","messageBody":"","fileTypesAndContributionMap":{"functional-code":{"insertions":5,"deletions":3}}}]},{"date":"2021-04-04","commitResults":[{"hash":"650b709b5ef686aeb7e30384e0dffc53dbb4a5eb","messageTitle":"Shortened list and help command underline. Improved Find function to become case insensitive.","messageBody":"","fileTypesAndContributionMap":{"functional-code":{"insertions":21,"deletions":19}}},{"hash":"85bcb2f3822427b30001d7fff6aefe2f909d8805","messageTitle":"Bug fixes made to resolve issues pointed out.","messageBody":"updated to now mention start at 0 and less than 150 --\u003e resolves #274 #263 \r\ncorrected typo errors --\u003e resolves #248 #239","fileTypesAndContributionMap":{"docs":{"insertions":22,"deletions":19}}}]}],"AlexanderTanJunAn":[{"date":"2021-03-05","commitResults":[{"hash":"a4026f1de440923bcc9e3f2745b8628fa7540917","messageTitle":"Added aboutme","messageBody":"","fileTypesAndContributionMap":{"docs":{"insertions":1,"deletions":1}}}]},{"date":"2021-03-07","commitResults":[{"hash":"a371d884288bad27f04e1e1e1229d0cebdf372b2","messageTitle":"Revert \"About us\"","messageBody":"","fileTypesAndContributionMap":{"functional-code":{"insertions":1,"deletions":1}}}]},{"date":"2021-03-11","commitResults":[{"hash":"3943165a09f4835c1018e148cb94ce18bc984beb","messageTitle":"no message","messageBody":"","fileTypesAndContributionMap":{"functional-code":{"insertions":310,"deletions":0}}},{"hash":"1d3d05ef526e3ae9ac7a7e3fc1ea777e36056196","messageTitle":"second commit :D","messageBody":"","fileTypesAndContributionMap":{"other":{"insertions":12,"deletions":12}}},{"hash":"b01ec02e5d0364785d07ab85ded57a127a50bc3c","messageTitle":"Delete src directory","messageBody":"","fileTypesAndContributionMap":{"functional-code":{"insertions":0,"deletions":21},"test-code":{"insertions":0,"deletions":12}}},{"hash":"86a1692fde66df473864c2d0ae768c7e4d1e23d4","messageTitle":"no message","messageBody":"","fileTypesAndContributionMap":{"functional-code":{"insertions":4,"deletions":0}}}]},{"date":"2021-03-13","commitResults":[{"hash":"0115904a1deba40eac2c456782b00562cd1b7f3e","messageTitle":"added JUnit Tests","messageBody":"","fileTypesAndContributionMap":{"functional-code":{"insertions":17,"deletions":13},"test-code":{"insertions":15,"deletions":0}}}]},{"date":"2021-03-17","commitResults":[{"hash":"567a4837fe454ea2d953b9ebe98fe28ff592fe38","messageTitle":"no message","messageBody":"","fileTypesAndContributionMap":{"functional-code":{"insertions":0,"deletions":38}}},{"hash":"178dbf40fa8028baef10fa6830c130e6ca261b1e","messageTitle":"no message","messageBody":"","fileTypesAndContributionMap":{"functional-code":{"insertions":4,"deletions":8},"test-code":{"insertions":1,"deletions":7}}},{"hash":"4e441c5656ce065e187070e4093c1d2b01a7b1e8","messageTitle":"no message","messageBody":"","fileTypesAndContributionMap":{"functional-code":{"insertions":2,"deletions":2}}}]},{"date":"2021-03-18","commitResults":[{"hash":"4edba5c0978b9d6ea871fb47f2f71ebc1c902b5f","messageTitle":"no message","messageBody":"","fileTypesAndContributionMap":{"functional-code":{"insertions":1,"deletions":0}}},{"hash":"acb41c466cede16b48bf8fc9a9c625088cc89486","messageTitle":"Added JUnit tests and moved storage","messageBody":"","fileTypesAndContributionMap":{"functional-code":{"insertions":6,"deletions":13},"other":{"insertions":3,"deletions":1},"test-code":{"insertions":22,"deletions":15}}},{"hash":"45ea6a79baee87a5f97624f15834379538d0c311","messageTitle":"Slight UI changes and some error handling","messageBody":"","fileTypesAndContributionMap":{"functional-code":{"insertions":42,"deletions":26}}},{"hash":"f9b454303915a881afbf052722c8fa7b9e963ac7","messageTitle":"Reformat code","messageBody":"","fileTypesAndContributionMap":{"functional-code":{"insertions":90,"deletions":47}}},{"hash":"2e2a35f5247328e8e354b9e041a09e1f328c7b96","messageTitle":"no message","messageBody":"","fileTypesAndContributionMap":{"test-code":{"insertions":2,"deletions":2}}},{"hash":"9b35e58e9076aa435735d5fa71c98508fc43f28a","messageTitle":"Standardize output","messageBody":"","fileTypesAndContributionMap":{"functional-code":{"insertions":1,"deletions":1}}},{"hash":"21c99f3d4ff83bcf183346ba2ef15dcfa6015d35","messageTitle":"no message","messageBody":"","fileTypesAndContributionMap":{"functional-code":{"insertions":1,"deletions":1}}}]},{"date":"2021-03-20","commitResults":[{"hash":"cacdb2a906c8087e9feb470b2c007f7201e996b2","messageTitle":"added NurseScheduleUI","messageBody":"","fileTypesAndContributionMap":{"functional-code":{"insertions":63,"deletions":19}}},{"hash":"1641060889938bca8e9cc01d94a1975afb1ff406","messageTitle":"added Exceptions and more error handling","messageBody":"","fileTypesAndContributionMap":{"functional-code":{"insertions":80,"deletions":27},"test-code":{"insertions":13,"deletions":2}}},{"hash":"6711708eafeba508211fc15245839bd252ce5543","messageTitle":"Minor reformats and code convention edits","messageBody":"","fileTypesAndContributionMap":{"functional-code":{"insertions":15,"deletions":15}}},{"hash":"b2c419f7e86eae8542cfa652d2886f1efbcccb62","messageTitle":"runtest.sh permissions","messageBody":"","fileTypesAndContributionMap":{"other":{"insertions":0,"deletions":0}}}]},{"date":"2021-03-22","commitResults":[{"hash":"baa524545da4f521ec2f4a00015dabc17f8242da","messageTitle":"Moved NurseScheduleParser and made UI methods static","messageBody":"","fileTypesAndContributionMap":{"functional-code":{"insertions":96,"deletions":29},"test-code":{"insertions":34,"deletions":0}}},{"hash":"66449d673c58f00e90270523906bbc84ac158304","messageTitle":"no message","messageBody":"","fileTypesAndContributionMap":{"functional-code":{"insertions":0,"deletions":69},"test-code":{"insertions":0,"deletions":33}}},{"hash":"7dc59d079a0ef9926beae471233a13cd395eb0b1","messageTitle":"More SLAP and OOP","messageBody":"","fileTypesAndContributionMap":{"functional-code":{"insertions":61,"deletions":36}}},{"hash":"9648f468b3beff490ea8a326670e278e5f3927c1","messageTitle":"added exceptions added javadocs fixed CI","messageBody":"","fileTypesAndContributionMap":{"functional-code":{"insertions":72,"deletions":24}}},{"hash":"cbc137acc8daee78c34bf3b78c88f7e7cbbdad4d","messageTitle":"fixed java CI","messageBody":"","fileTypesAndContributionMap":{"functional-code":{"insertions":14,"deletions":14},"other":{"insertions":1,"deletions":1}}},{"hash":"1869987dbc651a29d07478dc470153c4123fbb38","messageTitle":"no message","messageBody":"","fileTypesAndContributionMap":{"functional-code":{"insertions":3,"deletions":2}}}]},{"date":"2021-03-23","commitResults":[{"hash":"62202dd7b3ecec35bd087c087b545413308b77d9","messageTitle":"no message","messageBody":"","fileTypesAndContributionMap":{"functional-code":{"insertions":6,"deletions":1}}},{"hash":"5ab330bfc5a316f13d271e3a14af438a67ac2c4b","messageTitle":"added user prompted abortEnabledScanInput","messageBody":"","fileTypesAndContributionMap":{"functional-code":{"insertions":31,"deletions":14}}},{"hash":"0e92f296875608bcca0755198fca434dec6b4a4b","messageTitle":"added assertions","messageBody":"","fileTypesAndContributionMap":{"functional-code":{"insertions":2,"deletions":0}}}]},{"date":"2021-03-25","commitResults":[{"hash":"88b59c808d318c3565d6e26d4385fcfeaa9743fa","messageTitle":"no message","messageBody":"","fileTypesAndContributionMap":{"functional-code":{"insertions":2,"deletions":0},"test-code":{"insertions":1,"deletions":1}}}]},{"date":"2021-03-27","commitResults":[{"hash":"0893331a90ebe08e8032cbf9c86c993caff41417","messageTitle":"Update DeveloperGuide.md","messageBody":"","fileTypesAndContributionMap":{"docs":{"insertions":14,"deletions":20}}},{"hash":"a5172e33439aca6d081c156b3a444a02e7b2c3a9","messageTitle":"Update DeveloperGuide.md","messageBody":"","fileTypesAndContributionMap":{"docs":{"insertions":24,"deletions":30}}},{"hash":"1a9cf6483687845d126b9e0eeec26368feadcfc6","messageTitle":"Update DeveloperGuide.md","messageBody":"","fileTypesAndContributionMap":{"docs":{"insertions":8,"deletions":8}}},{"hash":"c3709b252dd27759b78d9b7fd99f7048660910c2","messageTitle":"Update DeveloperGuide.md","messageBody":"","fileTypesAndContributionMap":{"docs":{"insertions":1,"deletions":1}}},{"hash":"c36dd7e4639bdf58e735b5d0ca226c5a6ac731ec","messageTitle":"Update DeveloperGuide.md","messageBody":"","fileTypesAndContributionMap":{"docs":{"insertions":2,"deletions":0}}}]},{"date":"2021-03-28","commitResults":[{"hash":"86f664d75ef94704268a917853d301c97f1bc938","messageTitle":"Post consultation edits","messageBody":"","fileTypesAndContributionMap":{"functional-code":{"insertions":73,"deletions":52}}},{"hash":"a972aec3cf222de11369e25e522d551d6214fdaa","messageTitle":"Update UserGuide.md","messageBody":"","fileTypesAndContributionMap":{"docs":{"insertions":48,"deletions":1}}},{"hash":"370bef78445a89f7ae3fd28139044275d340c12c","messageTitle":"added more JUnit testing and checking methods","messageBody":"","fileTypesAndContributionMap":{"functional-code":{"insertions":58,"deletions":26},"test-code":{"insertions":25,"deletions":1}}}]},{"date":"2021-03-29","commitResults":[{"hash":"36d86a5bf1209b70f7f3673f7ff612ae3e4203b2","messageTitle":"Added OOP to schedules","messageBody":"","fileTypesAndContributionMap":{"functional-code":{"insertions":220,"deletions":81},"test-code":{"insertions":16,"deletions":16}}},{"hash":"8223bdf68ae2e401a392bab94ab68a144d6b1eb5","messageTitle":"Bug fixes, added smart command recognition and more error handling","messageBody":"","fileTypesAndContributionMap":{"functional-code":{"insertions":75,"deletions":61}}},{"hash":"aaffc3831afa5d70aa52438d2eee650a15605674","messageTitle":"changed delimiter to \"/\"","messageBody":"","fileTypesAndContributionMap":{"functional-code":{"insertions":2,"deletions":2}}},{"hash":"3955bfacfb2f71dd06fdeb3ef93133203a0b6a0f","messageTitle":"bug fixes","messageBody":"","fileTypesAndContributionMap":{"functional-code":{"insertions":15,"deletions":9},"test-code":{"insertions":14,"deletions":14}}},{"hash":"90237a1ca17890a50668b4339a3f4a44199d911f","messageTitle":"Update UserGuide.md","messageBody":"","fileTypesAndContributionMap":{"docs":{"insertions":40,"deletions":3}}},{"hash":"c1a32cbf4e46a4bb87386bee370089a256af9535","messageTitle":"Update UserGuide.md","messageBody":"","fileTypesAndContributionMap":{"docs":{"insertions":1,"deletions":1}}},{"hash":"502d84175d24e0cbed37808b904668d92868704e","messageTitle":"Update UserGuide.md","messageBody":"","fileTypesAndContributionMap":{"docs":{"insertions":2,"deletions":2}}},{"hash":"be85cded72f2a65ec5d3baee61fa80b202bf6f56","messageTitle":"Update UserGuide.md","messageBody":"","fileTypesAndContributionMap":{"docs":{"insertions":1,"deletions":1}}},{"hash":"cb3b285a44f450a303486710fd2d4a5142c8ced6","messageTitle":"Create UserGuide.md","messageBody":"","fileTypesAndContributionMap":{"docs":{"insertions":2,"deletions":2}}},{"hash":"255a7bcf2e52fc3dffba2f555f944901f1065d7d","messageTitle":"Update UserGuide.md","messageBody":"","fileTypesAndContributionMap":{"docs":{"insertions":3,"deletions":3}}},{"hash":"d1ec153e430778067c2d6d2b4ed41aeef5bee240","messageTitle":"Update UserGuide.md","messageBody":"","fileTypesAndContributionMap":{"docs":{"insertions":2,"deletions":2}}},{"hash":"4440ac49322809f7b6762267b246b66283d2b7ee","messageTitle":"Update UserGuide.md","messageBody":"","fileTypesAndContributionMap":{"docs":{"insertions":1,"deletions":1}}},{"hash":"d79afd7e676abf0db96944a8e96bf2529de47fde","messageTitle":"Update UserGuide.md","messageBody":"","fileTypesAndContributionMap":{"docs":{"insertions":1,"deletions":1}}},{"hash":"9299e6d51751934e10a87f0e5d2d732c5838b054","messageTitle":"Update UserGuide.md","messageBody":"","fileTypesAndContributionMap":{"docs":{"insertions":1,"deletions":1}}},{"hash":"5935f65e8d590e01b80f0d1529806fad43921b91","messageTitle":"Update UserGuide.md","messageBody":"","fileTypesAndContributionMap":{"docs":{"insertions":29,"deletions":29}}},{"hash":"5dc7033d70ffffe2ae699e68e63fe7e8eeb969ec","messageTitle":"Update UserGuide.md","messageBody":"","fileTypesAndContributionMap":{"docs":{"insertions":5,"deletions":5}}},{"hash":"4cb67e4d4a02def9dae5404ce69086eacc941bab","messageTitle":"Update UserGuide.md","messageBody":"","fileTypesAndContributionMap":{"docs":{"insertions":31,"deletions":2}}},{"hash":"dd0688134ed0b786a6dcca848ea91a9e11c9f934","messageTitle":"Update UserGuide.md","messageBody":"","fileTypesAndContributionMap":{"docs":{"insertions":4,"deletions":6}}},{"hash":"013c3a46b2e42c7d57be550a76ecc25c5079332e","messageTitle":"Update UserGuide.md","messageBody":"","fileTypesAndContributionMap":{"docs":{"insertions":4,"deletions":0}}},{"hash":"304b042a602df08200a39627002af817a015be1f","messageTitle":"Update UserGuide.md","messageBody":"","fileTypesAndContributionMap":{"docs":{"insertions":14,"deletions":0}}},{"hash":"79b7bd0500f881aa5890971082e6d01db853d131","messageTitle":"Update UserGuide.md","messageBody":"","fileTypesAndContributionMap":{"docs":{"insertions":1,"deletions":1}}},{"hash":"6b3cf9e96eb20ef1de42698fe684766cd591dedb","messageTitle":"Update UserGuide.md","messageBody":"","fileTypesAndContributionMap":{"docs":{"insertions":1,"deletions":1}}},{"hash":"dc5720eb357cae2c5af51b2ed50a63d206bf0554","messageTitle":"Update UserGuide.md","messageBody":"","fileTypesAndContributionMap":{"docs":{"insertions":1,"deletions":1}}},{"hash":"d0ebfd1b2ced7bf574bdddc7d35dbce9543cba17","messageTitle":"Update UserGuide.md","messageBody":"","fileTypesAndContributionMap":{"docs":{"insertions":1,"deletions":1}}},{"hash":"4c799c8e2a86146184af6c3e10448b51da7b87ca","messageTitle":"Update UserGuide.md","messageBody":"","fileTypesAndContributionMap":{"docs":{"insertions":2,"deletions":0}}},{"hash":"5af71bdb866e250b5c481dda69f7b11e402603b8","messageTitle":"Update UserGuide.md","messageBody":"","fileTypesAndContributionMap":{"docs":{"insertions":5,"deletions":0}}},{"hash":"24233b6503577910ac30d720b9450f75957141ea","messageTitle":"Update UserGuide.md","messageBody":"","fileTypesAndContributionMap":{"docs":{"insertions":1,"deletions":1}}},{"hash":"3776741b2ea303e91db187d8d8f5d6a6021a446c","messageTitle":"add regex to cleanse input","messageBody":"","fileTypesAndContributionMap":{"functional-code":{"insertions":10,"deletions":6}}}]},{"date":"2021-03-30","commitResults":[{"hash":"050df29134c5461cc0ad47509e50cbd521b73274","messageTitle":"no message","messageBody":"","fileTypesAndContributionMap":{"functional-code":{"insertions":34,"deletions":1}}},{"hash":"2183ca7c7044abe9ec486a74d37b3eeb25f9ddfe","messageTitle":"no message","messageBody":"","fileTypesAndContributionMap":{"functional-code":{"insertions":47,"deletions":88}}},{"hash":"77ca496aa750319792afeb50651f05fcd005bbb1","messageTitle":"Rename Duke and exceptions to HealthVault","messageBody":"","fileTypesAndContributionMap":{"functional-code":{"insertions":53,"deletions":63},"other":{"insertions":6,"deletions":6},"test-code":{"insertions":3,"deletions":3}}},{"hash":"ba304e1044e7258aa55a2b7adc033d355b52cf15","messageTitle":"added Exception handling and error checking methods, some standardisation of output","messageBody":"","fileTypesAndContributionMap":{"functional-code":{"insertions":172,"deletions":83},"test-code":{"insertions":6,"deletions":1}}},{"hash":"90ff72b7ebfbfe91c2282c039dc655b624744e8d","messageTitle":"Further exception handling and standardised output","messageBody":"","fileTypesAndContributionMap":{"functional-code":{"insertions":48,"deletions":66},"test-code":{"insertions":5,"deletions":9}}},{"hash":"38229aaf002d065c922f4398fffdcfd7f5b26386","messageTitle":"added valid data checking for Nurse Schedule Storage","messageBody":"","fileTypesAndContributionMap":{"functional-code":{"insertions":15,"deletions":29}}},{"hash":"0d3f07f10e91ff783f2919da705df03414fbcb8c","messageTitle":"no message","messageBody":"","fileTypesAndContributionMap":{"functional-code":{"insertions":5,"deletions":0}}},{"hash":"241d20dc7fa076978ed746a43d517479750213e3","messageTitle":"added simple logging","messageBody":"","fileTypesAndContributionMap":{"functional-code":{"insertions":35,"deletions":9}}}]},{"date":"2021-03-31","commitResults":[{"hash":"ed5ce492a4d4f69ee85435a841e2adac7f834016","messageTitle":"increase cleanseInput range of purging","messageBody":"","fileTypesAndContributionMap":{"functional-code":{"insertions":1,"deletions":3}}},{"hash":"304c4c0f5f71d8dd7583368fcd4ff95d7484505f","messageTitle":"added entry prevention added CrossValidation error checking","messageBody":"","fileTypesAndContributionMap":{"functional-code":{"insertions":62,"deletions":44}}},{"hash":"70b49dca7d0264847c8000333d271204e29748aa","messageTitle":"refactored illegalChar checker, small bug fixes","messageBody":"","fileTypesAndContributionMap":{"functional-code":{"insertions":44,"deletions":30},"test-code":{"insertions":2,"deletions":1}}},{"hash":"4886bb58d414e88aeb265e2af6c5b15e6fe1d4cb","messageTitle":"Minor bug fixes","messageBody":"","fileTypesAndContributionMap":{"functional-code":{"insertions":13,"deletions":14}}},{"hash":"a608f0f239b91dbd737386dcd375d86a35691a3b","messageTitle":"Update UserGuide.md","messageBody":"","fileTypesAndContributionMap":{"docs":{"insertions":47,"deletions":16}}},{"hash":"3efe3a074abe6ec71517298374c4f7e22812c6eb","messageTitle":"Update UserGuide.md","messageBody":"","fileTypesAndContributionMap":{"docs":{"insertions":2,"deletions":2}}},{"hash":"3388bc20a7671af3c0b66803c18ebf83c16be6d6","messageTitle":"Update UserGuide.md","messageBody":"","fileTypesAndContributionMap":{"docs":{"insertions":1,"deletions":1}}},{"hash":"a3de39cfbddcfec34d6df8b96248dd7d675a4c59","messageTitle":"Update UserGuide.md","messageBody":"","fileTypesAndContributionMap":{"docs":{"insertions":2,"deletions":2}}},{"hash":"6fa79804ce12d7ac85880fef9ffb8ac5d6c713a5","messageTitle":"Update UserGuide.md","messageBody":"","fileTypesAndContributionMap":{"docs":{"insertions":9,"deletions":0}}},{"hash":"cb17ada2af9556fcd1f8a3a1832c52fc69d79731","messageTitle":"Update UserGuide.md","messageBody":"","fileTypesAndContributionMap":{"docs":{"insertions":1,"deletions":1}}}]},{"date":"2021-04-01","commitResults":[{"hash":"8068c04bacea9f24fbbb5d375571e5bab9603262","messageTitle":"added duplicate Patient ID checking added cross validation with patient list Bug fixes","messageBody":"","fileTypesAndContributionMap":{"functional-code":{"insertions":112,"deletions":43},"other":{"insertions":1,"deletions":1}}},{"hash":"a8322028a29d0477a04027f34b15dd2196dff24d","messageTitle":"Update UserGuide.md","messageBody":"","fileTypesAndContributionMap":{"docs":{"insertions":51,"deletions":19}}},{"hash":"d0b37ee712c3669573de9ed20cf1c55a6624c616","messageTitle":"Update UserGuide.md","messageBody":"","fileTypesAndContributionMap":{"docs":{"insertions":5,"deletions":5}}},{"hash":"9322772a1aca7a6508c4e01a804210b7cc129001","messageTitle":"Update UserGuide.md","messageBody":"","fileTypesAndContributionMap":{"docs":{"insertions":5,"deletions":5}}},{"hash":"50628cfa328bcbe30cb4269db01364b575e2b14d","messageTitle":"Update UserGuide.md","messageBody":"","fileTypesAndContributionMap":{"docs":{"insertions":4,"deletions":18}}},{"hash":"9e975aea207395bce91017e05974d7dd5a6974c8","messageTitle":"Update UserGuide.md","messageBody":"","fileTypesAndContributionMap":{"docs":{"insertions":5,"deletions":5}}},{"hash":"abc2ae6a6b51681220374b445dae8db3ddd8513c","messageTitle":"Update UserGuide.md","messageBody":"","fileTypesAndContributionMap":{"docs":{"insertions":15,"deletions":1}}},{"hash":"7d43f268c31cfc542b03a92e813f9060b81ea834","messageTitle":"Update UserGuide.md","messageBody":"","fileTypesAndContributionMap":{"docs":{"insertions":16,"deletions":16}}},{"hash":"e19d2de8b5fd9adc59f26db3ddfe846771696514","messageTitle":"Update UserGuide.md","messageBody":"","fileTypesAndContributionMap":{"docs":{"insertions":33,"deletions":47}}},{"hash":"4c6a94f3f30af50c409ffa8fd73283b7449fd530","messageTitle":"Update UserGuide.md","messageBody":"","fileTypesAndContributionMap":{"docs":{"insertions":2,"deletions":2}}},{"hash":"9eba5a8dee9c12d01ea3b8eccc29b33894e15c62","messageTitle":"Update UserGuide.md","messageBody":"","fileTypesAndContributionMap":{"docs":{"insertions":1,"deletions":1}}},{"hash":"e40c6b9b000d2830ea538cf641385ba064c45a94","messageTitle":"Update UserGuide.md","messageBody":"","fileTypesAndContributionMap":{"docs":{"insertions":4,"deletions":2}}},{"hash":"8716019cd475d672443c877d3e1b5ce15fbe3024","messageTitle":"Update UserGuide.md","messageBody":"","fileTypesAndContributionMap":{"docs":{"insertions":16,"deletions":12}}},{"hash":"2408439d448e13f8808b627d60e54eae35ebb56c","messageTitle":"Update UserGuide.md","messageBody":"","fileTypesAndContributionMap":{"docs":{"insertions":12,"deletions":7}}},{"hash":"276e0d54316591104a71cf50da793aced43d10cc","messageTitle":"Update UserGuide.md","messageBody":"","fileTypesAndContributionMap":{"docs":{"insertions":9,"deletions":4}}},{"hash":"db3ad4c1027fe04ac31368677d5296d059fea51e","messageTitle":"Update UserGuide.md","messageBody":"","fileTypesAndContributionMap":{"docs":{"insertions":2,"deletions":2}}},{"hash":"f03bdfaac09ce251d9ff7fa0e9f9cd992982337d","messageTitle":"Update UserGuide.md","messageBody":"","fileTypesAndContributionMap":{"docs":{"insertions":20,"deletions":14}}},{"hash":"eda318fba6c961de2cdff399a43ca2bb8a47cd79","messageTitle":"Update UserGuide.md","messageBody":"","fileTypesAndContributionMap":{"docs":{"insertions":1,"deletions":1}}},{"hash":"99f380aa516e4c12f80b0585cf75874196332f9a","messageTitle":"Update UserGuide.md","messageBody":"","fileTypesAndContributionMap":{"docs":{"insertions":19,"deletions":19}}},{"hash":"f6a52671564888503405854b3c2ad2c31a5911e5","messageTitle":"Update UserGuide.md","messageBody":"","fileTypesAndContributionMap":{"docs":{"insertions":7,"deletions":7}}},{"hash":"0c7254f452d9fca0bd927fd36ca43703bb2cf1ec","messageTitle":"Update UserGuide.md","messageBody":"","fileTypesAndContributionMap":{"docs":{"insertions":2,"deletions":2}}},{"hash":"39c11a53d1074b069acc19d4d1f3d6b170c692da","messageTitle":"no message","messageBody":"","fileTypesAndContributionMap":{"functional-code":{"insertions":6,"deletions":5},"test-code":{"insertions":2,"deletions":1}}},{"hash":"05c4969a322fd33fb23228fffb1b819ee3749122","messageTitle":"Update UserGuide.md","messageBody":"","fileTypesAndContributionMap":{"docs":{"insertions":2,"deletions":0}}},{"hash":"45a6272c497d23ec84c693e8e339fb0724f96728","messageTitle":"Update UserGuide.md","messageBody":"","fileTypesAndContributionMap":{"docs":{"insertions":2,"deletions":0}}},{"hash":"35f6bab1ee7b570e5c451acc84f6dcbe6fc214a0","messageTitle":"Update UserGuide.md","messageBody":"","fileTypesAndContributionMap":{"docs":{"insertions":1,"deletions":1}}},{"hash":"04a461d9abbd239e4b002af32fba75b5dc58f660","messageTitle":"Update UserGuide.md","messageBody":"","fileTypesAndContributionMap":{"docs":{"insertions":1,"deletions":1}}},{"hash":"0abeb4ec2c593f804a01fe46359f83f557d7de52","messageTitle":"Update UserGuide.md","messageBody":"","fileTypesAndContributionMap":{"docs":{"insertions":1,"deletions":1}}},{"hash":"7d7384b3b0d5c6c21d7897f14748c8779ec893f6","messageTitle":"Update UserGuide.md","messageBody":"","fileTypesAndContributionMap":{"docs":{"insertions":1,"deletions":1}}}]},{"date":"2021-04-02","commitResults":[{"hash":"6441479c7cd31e6e65d0b52a821d1a2ce5e599fb","messageTitle":"added logs under data filepath added file_paths in CONSTANTS","messageBody":"","fileTypesAndContributionMap":{"functional-code":{"insertions":9,"deletions":3}}},{"hash":"c6c3622f218f74e36d971eeb5b9f04ea6739ee10","messageTitle":"added more JUnit tests to Nurse Schedules","messageBody":"","fileTypesAndContributionMap":{"functional-code":{"insertions":5,"deletions":4},"other":{"insertions":1,"deletions":1},"test-code":{"insertions":117,"deletions":0}}},{"hash":"b0ca55443a464785151b12f5a2fcb7c247bc356b","messageTitle":"added more in-depth logging","messageBody":"","fileTypesAndContributionMap":{"functional-code":{"insertions":13,"deletions":7}}}]},{"date":"2021-04-03","commitResults":[{"hash":"d27ebde443395978179e415a3a6546282960a19e","messageTitle":"Update UserGuide.md","messageBody":"","fileTypesAndContributionMap":{"docs":{"insertions":2,"deletions":2}}},{"hash":"628245d61a88a327c9638673c4537cf820c8d1ee","messageTitle":"Post PED bug fixes 1. Edited valid date checker 2. Edited UG add \u0026 date format","messageBody":"","fileTypesAndContributionMap":{"functional-code":{"insertions":30,"deletions":38},"test-code":{"insertions":3,"deletions":4}}}]},{"date":"2021-04-04","commitResults":[{"hash":"af3ca360a7cf2ff5b8d8c71a36e1978d4baea98d","messageTitle":"Update UserGuide.md","messageBody":"Post PED edits #2","fileTypesAndContributionMap":{"docs":{"insertions":5,"deletions":4}}},{"hash":"0f3bacfc7e9eac9dc1034e2305e5e45b2351d9a4","messageTitle":"Update UserGuide.md","messageBody":"","fileTypesAndContributionMap":{"docs":{"insertions":1,"deletions":1}}},{"hash":"0f680446d0e4ef9d312c2111260e67b1a55b38d3","messageTitle":"Update UserGuide.md","messageBody":"","fileTypesAndContributionMap":{"docs":{"insertions":1,"deletions":1}}},{"hash":"ed45182e41c90d7963203a2fcf165191491707a6","messageTitle":"Post PED bug fixes #2","messageBody":"","fileTypesAndContributionMap":{"functional-code":{"insertions":73,"deletions":9}}},{"hash":"5b019ad28767789c356ceb873f38d1b257d1bb53","messageTitle":"Update DeveloperGuide.md","messageBody":"","fileTypesAndContributionMap":{"docs":{"insertions":2,"deletions":0}}},{"hash":"e510621c25e58747f174b03c84026457bdb9c784","messageTitle":"Update DeveloperGuide.md","messageBody":"","fileTypesAndContributionMap":{"docs":{"insertions":1,"deletions":1}}},{"hash":"8e65d7e2be24906abddb5635838dca98cabe2aab","messageTitle":"Update DeveloperGuide.md","messageBody":"","fileTypesAndContributionMap":{"docs":{"insertions":1,"deletions":0}}},{"hash":"33ece3e7cbb2ade340883fd14e3976e19cea09d5","messageTitle":"Update DeveloperGuide.md","messageBody":"","fileTypesAndContributionMap":{"docs":{"insertions":1,"deletions":2}}},{"hash":"2f631017a01910f95eb267dc2b5e27519af869d2","messageTitle":"Update DeveloperGuide.md","messageBody":"","fileTypesAndContributionMap":{"docs":{"insertions":5,"deletions":5}}},{"hash":"d1587d3ad221473a0b4e3061205b4465beb4cff0","messageTitle":"Update DeveloperGuide.md","messageBody":"","fileTypesAndContributionMap":{"docs":{"insertions":18,"deletions":20}}}]}],"blank-bank":[{"date":"2021-03-05","commitResults":[{"hash":"759fa9f12df4befc563f45c5599bbf6797f6f6e7","messageTitle":"Update about me","messageBody":"","fileTypesAndContributionMap":{"docs":{"insertions":1,"deletions":1}}}]},{"date":"2021-03-11","commitResults":[{"hash":"cfefffa6a94245eb3709865fdcb5a6ede8e0c2f5","messageTitle":"Added Staff class","messageBody":"","fileTypesAndContributionMap":{"functional-code":{"insertions":304,"deletions":12}}}]},{"date":"2021-03-17","commitResults":[{"hash":"1acfeb8d34c06893a8aa93f08717cf909d8a306b","messageTitle":"Minor bug fixes for Staff class","messageBody":"","fileTypesAndContributionMap":{"functional-code":{"insertions":78,"deletions":40}}},{"hash":"2eef3891826d3620344a07caeeb554c7a13b1c4c","messageTitle":"Rename src/main/java/seedu/duke/DrugAction.java to src/main/java/seedu/Drugs/DrugAction.java","messageBody":"","fileTypesAndContributionMap":{"other":{"insertions":0,"deletions":0}}},{"hash":"f010fd1bbaaea307f076d6ff69717bf23c3de646","messageTitle":"Rename src/main/java/seedu/duke/DrugStorage.java to src/main/java/seedu/Drugs/DrugStorage.java","messageBody":"","fileTypesAndContributionMap":{"other":{"insertions":0,"deletions":0}}},{"hash":"8a3b228e02da77ef521fb889c9eb4757e96b3dd6","messageTitle":"Rename src/main/java/seedu/duke/drugInstance.java to src/main/java/seedu/Drugs/drugInstance.java","messageBody":"","fileTypesAndContributionMap":{"other":{"insertions":0,"deletions":0}}},{"hash":"0fc7df1cdf571051510823fefcb41cef44787252","messageTitle":"Rename src/main/java/seedu/duke/drugsDuke.java to src/main/java/seedu/Drugs/drugsDuke.java","messageBody":"","fileTypesAndContributionMap":{"other":{"insertions":0,"deletions":0}}},{"hash":"3eb65ba165d1197ec793a06d025d06292dd7b7a4","messageTitle":"Rename src/main/java/system/staff/Doctor.java to src/main/java/seedu/duke/staff/Doctor.java","messageBody":"","fileTypesAndContributionMap":{"other":{"insertions":0,"deletions":0}}},{"hash":"98a5d393df777ea3e7a7842bbc361d64c1d76422","messageTitle":"Rename src/main/java/seedu/duke/staff/Doctor.java to src/main/java/seedu/staff/Doctor.java","messageBody":"","fileTypesAndContributionMap":{"other":{"insertions":0,"deletions":0}}},{"hash":"658c1112430340cba6deb3244ce379ca0767aa6e","messageTitle":"Rename src/main/java/system/staff/Nurse.java to src/main/java/seedu/staff/Nurse.java","messageBody":"","fileTypesAndContributionMap":{"other":{"insertions":0,"deletions":0}}},{"hash":"1ab9e058fd6852ca1400ad5fd9393ed3531a890f","messageTitle":"Rename src/main/java/system/staff/Parser.java to src/main/java/seedu/staff/Parser.java","messageBody":"","fileTypesAndContributionMap":{"other":{"insertions":0,"deletions":0}}},{"hash":"90047b6550766c36a07df68d2507b10c4d435c4e","messageTitle":"Rename src/main/java/system/staff/Staff.java to src/main/java/seedu/staff/Staff.java","messageBody":"","fileTypesAndContributionMap":{"other":{"insertions":0,"deletions":0}}},{"hash":"562dc9c37907211f6f02f0f663c753e351cd7876","messageTitle":"Rename src/main/java/system/staff/Storage.java to src/main/java/seedu/staff/Storage.java","messageBody":"","fileTypesAndContributionMap":{"other":{"insertions":0,"deletions":0}}},{"hash":"61a889fd93eee31afb0fc26eb8be1e7f391baf31","messageTitle":"Rename src/main/java/system/staff/UI.java to src/main/java/seedu/staff/UI.java","messageBody":"","fileTypesAndContributionMap":{"other":{"insertions":0,"deletions":0}}},{"hash":"1f5a1fa2355b302bd56c37d0bbc5abded64ca018","messageTitle":"Rename src/main/java/seedu/Drugs/DrugAction.java to src/main/java/seedu/drugs/DrugAction.java","messageBody":"","fileTypesAndContributionMap":{"other":{"insertions":0,"deletions":0}}},{"hash":"eea0eb3568a4b2fe172e9d040b3685cdc7dd8fea","messageTitle":"Rename src/main/java/seedu/Drugs/DrugStorage.java to src/main/java/seedu/drugs/DrugStorage.java","messageBody":"","fileTypesAndContributionMap":{"other":{"insertions":0,"deletions":0}}},{"hash":"6d681a907e23135d3c0cc49c95df9e9ec34eb335","messageTitle":"Rename src/main/java/seedu/Drugs/drugInstance.java to src/main/java/seedu/drugs/drugInstance.java","messageBody":"","fileTypesAndContributionMap":{"other":{"insertions":0,"deletions":0}}},{"hash":"834065bc1be006cac9d5aa6a2cf806235fb9dd26","messageTitle":"Rename src/main/java/seedu/Drugs/drugsDuke.java to src/main/java/seedu/drugs/drugsDuke.java","messageBody":"","fileTypesAndContributionMap":{"other":{"insertions":0,"deletions":0}}},{"hash":"29b7f984df9743cdd47f780bf837aaf2a5395bd1","messageTitle":"Rename src/main/java/seedu/ui/Ui.java to src/main/java/seedu/duke/ui/Ui.java","messageBody":"","fileTypesAndContributionMap":{"other":{"insertions":0,"deletions":0}}},{"hash":"cd6947ba443ebbe375c4c3ae391bfbae4de08d73","messageTitle":"Rename src/main/java/seedu/storage/Storage.java to src/main/java/seedu/duke/storage/Storage.java","messageBody":"","fileTypesAndContributionMap":{"other":{"insertions":0,"deletions":0}}},{"hash":"7b0608055b8d36d3fa372e2dd848e1bbabbdf7ec","messageTitle":"Rename src/main/java/seedu/parser/Parser.java to src/main/java/seedu/duke/parser/Parser.java","messageBody":"","fileTypesAndContributionMap":{"other":{"insertions":0,"deletions":0}}},{"hash":"1d50f17e80d22ccc9a67b7425a8c4774bb656878","messageTitle":"Rename src/main/java/seedu/exceptions/DukeException.java to src/main/java/seedu/duke/exceptions/DukeException.java","messageBody":"","fileTypesAndContributionMap":{"other":{"insertions":0,"deletions":0}}},{"hash":"1cbf9c323426282d9ed62add2f6a7886f9cd609e","messageTitle":"Rename src/main/java/DoctorAppointment/AppointmentActions.java to src/main/java/seedu/doctor/AppointmentActions.java","messageBody":"","fileTypesAndContributionMap":{"other":{"insertions":0,"deletions":0}}},{"hash":"0be8765342553e2f295bb2696e8a6663511b403b","messageTitle":"Rename src/main/java/DoctorAppointment/DoctorAppointment.java to src/main/java/seedu/doctor/DoctorAppointment.java","messageBody":"","fileTypesAndContributionMap":{"other":{"insertions":0,"deletions":0}}},{"hash":"2ab8d9b8e9bce60254c4ec691d322bc0f6645abd","messageTitle":"Rename src/main/java/DoctorAppointment/DoctorAppointmentInstance.java to src/main/java/seedu/doctor/DoctorAppointmentInstance.java","messageBody":"","fileTypesAndContributionMap":{"other":{"insertions":0,"deletions":0}}},{"hash":"be24c844a185cfeca8f88ee819ce93f9eb2f5edd","messageTitle":"Rename src/main/java/DoctorAppointment/Parser.java to src/main/java/seedu/doctor/Parser.java","messageBody":"","fileTypesAndContributionMap":{"other":{"insertions":0,"deletions":0}}},{"hash":"a55960c5230f6c2416d8a617010755bae5ff5030","messageTitle":"Restructured the files and corrected errors","messageBody":"","fileTypesAndContributionMap":{"functional-code":{"insertions":55,"deletions":39}}},{"hash":"c6a8fe8f2fb2f0da9ba39fb50f57ef33ef9af388","messageTitle":"changed doctor package name to doctorappointments","messageBody":"","fileTypesAndContributionMap":{"other":{"insertions":3,"deletions":5}}},{"hash":"cf69cf703c2304b42c9faa5e6970d59c3b60caf8","messageTitle":"Restructuring of classes","messageBody":"","fileTypesAndContributionMap":{"functional-code":{"insertions":135,"deletions":173},"other":{"insertions":59,"deletions":18}}},{"hash":"909b0ae85f2653b696f15bb73285aec0b965f3c4","messageTitle":"Added staff class exceptions","messageBody":"","fileTypesAndContributionMap":{"functional-code":{"insertions":60,"deletions":14}}},{"hash":"9946696a32e5619160e28457aefd89fb56473dc6","messageTitle":"Update staff class menu","messageBody":"","fileTypesAndContributionMap":{"functional-code":{"insertions":42,"deletions":14}}},{"hash":"f1a41b9e6fdc11606999e4829154700aea49aee9","messageTitle":"Edit some delete exceptions issues","messageBody":"","fileTypesAndContributionMap":{"functional-code":{"insertions":24,"deletions":20}}}]},{"date":"2021-03-18","commitResults":[{"hash":"05b34b70e3b4f22c28529e1925c3506ec9778df8","messageTitle":"Edited error checking to be more precise","messageBody":"","fileTypesAndContributionMap":{"functional-code":{"insertions":68,"deletions":13}}},{"hash":"08b2ea48566a7a483a4cdadc21f627852a882f8c","messageTitle":"Delete function didnt reset numStaff in StaffList","messageBody":"","fileTypesAndContributionMap":{"functional-code":{"insertions":2,"deletions":0}}},{"hash":"6723b88f7d8c208ba4dbe076abe4affce5c96bd9","messageTitle":"Edited UI","messageBody":"","fileTypesAndContributionMap":{"functional-code":{"insertions":1,"deletions":1}}},{"hash":"523de781e008bf7581a8f165ed95ea90245d2639","messageTitle":"Change file path","messageBody":"","fileTypesAndContributionMap":{"functional-code":{"insertions":1,"deletions":1}}}]},{"date":"2021-03-22","commitResults":[{"hash":"fa1ba095be6c0b606f7037fa18f33b4d7a2aa817","messageTitle":"Added JUnit Tests","messageBody":"","fileTypesAndContributionMap":{"functional-code":{"insertions":17,"deletions":4},"test-code":{"insertions":33,"deletions":0}}},{"hash":"c007355400399ca7a325fe9c2252423da28f32fa","messageTitle":"Added Smart Command Recognition","messageBody":"","fileTypesAndContributionMap":{"functional-code":{"insertions":304,"deletions":198},"other":{"insertions":2,"deletions":2},"test-code":{"insertions":4,"deletions":3}}}]},{"date":"2021-03-24","commitResults":[{"hash":"17fa19f081c70788caa573f5726e48a0f42fa0da","messageTitle":"Minor changes","messageBody":"","fileTypesAndContributionMap":{"functional-code":{"insertions":5,"deletions":6}}},{"hash":"619359c9de2a9fcf21f566bb5186c2aedb3d41f5","messageTitle":"V2.0 Small changes","messageBody":"","fileTypesAndContributionMap":{"functional-code":{"insertions":8,"deletions":2}}},{"hash":"386e36b87483eb1bdf2950d67ed2205635a92e37","messageTitle":"V2.0 Minor edits","messageBody":"","fileTypesAndContributionMap":{"functional-code":{"insertions":0,"deletions":4}}}]},{"date":"2021-03-25","commitResults":[{"hash":"c526f51eb2f4074261c5a3359281ae33e5f81885","messageTitle":"V2.0 Code restructuring","messageBody":"","fileTypesAndContributionMap":{"functional-code":{"insertions":14,"deletions":16},"other":{"insertions":146,"deletions":135},"test-code":{"insertions":12,"deletions":13}}}]},{"date":"2021-03-26","commitResults":[{"hash":"bdfa5cd284de0553c4ac39f276f61e4de2d52dbc","messageTitle":"DG Draft V1.0","messageBody":"Barebones of DG","fileTypesAndContributionMap":{"docs":{"insertions":1147,"deletions":0}}}]},{"date":"2021-03-29","commitResults":[{"hash":"830d51bf1593a4b9ac3d172afe20bc6e1636737c","messageTitle":"Minor changes in StaffParser","messageBody":"","fileTypesAndContributionMap":{"test-code":{"insertions":1,"deletions":1}}},{"hash":"d912787ef53fa5bd097fa4b821e66b2c9c2cea0d","messageTitle":"OOP improvements","messageBody":"","fileTypesAndContributionMap":{"functional-code":{"insertions":263,"deletions":108},"other":{"insertions":24,"deletions":18},"test-code":{"insertions":0,"deletions":27}}},{"hash":"d9a96a29890271f93e365e88fbb636d8816f306d","messageTitle":"Updated exceptions and removed bugs","messageBody":"","fileTypesAndContributionMap":{"functional-code":{"insertions":38,"deletions":11}}},{"hash":"77d03a057156e0d0033da2fb4944560d044c0283","messageTitle":"Added exceptions and bugfixes","messageBody":"","fileTypesAndContributionMap":{"functional-code":{"insertions":52,"deletions":3}}}]},{"date":"2021-03-30","commitResults":[{"hash":"2357f1b48f65d6831ac6b1a12d6dff1fedf0a993","messageTitle":"Ignore changes in staff.txt","messageBody":"","fileTypesAndContributionMap":{"functional-code":{"insertions":18,"deletions":8}}},{"hash":"ab3319953b49cb530c2a477f5aff1428bf975d42","messageTitle":"minor changes","messageBody":"","fileTypesAndContributionMap":{"functional-code":{"insertions":94,"deletions":93}}},{"hash":"e10b67e8981eeae0fe21e0699c5c0c33c83d2c16","messageTitle":"Standardise Constant Output","messageBody":"","fileTypesAndContributionMap":{"functional-code":{"insertions":129,"deletions":25}}},{"hash":"25097a80ef3147b1bce59a98b07e5902de4c66e2","messageTitle":"Common Exceptions, Common Checker","messageBody":"","fileTypesAndContributionMap":{"functional-code":{"insertions":177,"deletions":113},"other":{"insertions":5,"deletions":7},"test-code":{"insertions":3,"deletions":3}}},{"hash":"dcaf0cade88c875862ebf4185eb268573d0cf112","messageTitle":"bug on corrupted files","messageBody":"","fileTypesAndContributionMap":{"functional-code":{"insertions":92,"deletions":139}}},{"hash":"0b594f8d212757b557aaafa00c17a84b57f93519","messageTitle":"Bugfixes and Java CI fixes","messageBody":"","fileTypesAndContributionMap":{"functional-code":{"insertions":32,"deletions":80}}},{"hash":"14d6b9da27b236e6d27fbd0c6d6ed9cf123a4f7b","messageTitle":"Bug fixes for escape char","messageBody":"","fileTypesAndContributionMap":{"functional-code":{"insertions":3,"deletions":3}}}]},{"date":"2021-03-31","commitResults":[{"hash":"22de4627a8901c1f9e5a11243ac2856d05d1fdf2","messageTitle":"Ignore duplicate id in txt file if file is edited","messageBody":"","fileTypesAndContributionMap":{"functional-code":{"insertions":14,"deletions":24}}},{"hash":"afdeafd6895ca123cc2e4dadd288ba0211de1b55","messageTitle":"Fixed corrupted file handling","messageBody":"","fileTypesAndContributionMap":{"functional-code":{"insertions":42,"deletions":36}}},{"hash":"e23d72f7ad6ca4c7750518f3ee936226a7ac4747","messageTitle":"Updated Junit test","messageBody":"","fileTypesAndContributionMap":{"functional-code":{"insertions":6,"deletions":105},"test-code":{"insertions":94,"deletions":8}}},{"hash":"120459f998dac46f91e0f18435ea048daf91f3d6","messageTitle":"Minor changes","messageBody":"","fileTypesAndContributionMap":{"functional-code":{"insertions":2,"deletions":5}}},{"hash":"4bf57eee18eaf81769cadbe5322569eb52cbb76c","messageTitle":"Illegal Char Handling for Staff","messageBody":"","fileTypesAndContributionMap":{"functional-code":{"insertions":80,"deletions":44},"test-code":{"insertions":12,"deletions":10}}},{"hash":"aa049be41fea31ebd73bd733fdc9c03eae263312","messageTitle":"Checkstyle updates","messageBody":"","fileTypesAndContributionMap":{"functional-code":{"insertions":23,"deletions":23}}},{"hash":"fec2aa565e7c2b2b3e7a71c62feae3f6e1512e69","messageTitle":"Updated the cleanse input function","messageBody":"","fileTypesAndContributionMap":{"functional-code":{"insertions":21,"deletions":20}}},{"hash":"66e0d392cf2ea6fa253eeb6c937143d4b2a91668","messageTitle":"Update UserGuide.md","messageBody":"","fileTypesAndContributionMap":{"docs":{"insertions":12,"deletions":14}}}]},{"date":"2021-04-01","commitResults":[{"hash":"0a6597fca310ceb7b65ed60bc47c2968ba642e39","messageTitle":"Create UserGuide.md","messageBody":"","fileTypesAndContributionMap":{"docs":{"insertions":55,"deletions":50}}},{"hash":"2ae0808e2bf9609ac8df6b728d642a7633ca9239","messageTitle":"Update UserGuide.md","messageBody":"","fileTypesAndContributionMap":{"docs":{"insertions":4,"deletions":4}}},{"hash":"4767cb62efb38de6758f747deb013343b90c6934","messageTitle":"Update UserGuide.md","messageBody":"","fileTypesAndContributionMap":{"docs":{"insertions":50,"deletions":8}}},{"hash":"a3474ddd27c83dba4816919a82188af7e2c348ba","messageTitle":"Update UserGuide.md","messageBody":"","fileTypesAndContributionMap":{"docs":{"insertions":6,"deletions":4}}},{"hash":"02a63a167a9e33a63fdc45e2f3c4e131dfdfcd5f","messageTitle":"Update UserGuide.md","messageBody":"","fileTypesAndContributionMap":{"docs":{"insertions":4,"deletions":3}}},{"hash":"daf8cd2059e38a4ba1f52436cdd976645c1911aa","messageTitle":"Update UserGuide.md","messageBody":"","fileTypesAndContributionMap":{"docs":{"insertions":5,"deletions":0}}},{"hash":"7cfc1b1bd0a959f1e51df874dbaee38435c4f275","messageTitle":"Update UserGuide.md","messageBody":"","fileTypesAndContributionMap":{"docs":{"insertions":13,"deletions":0}}},{"hash":"445daeae7ad2c3723dd3a34409bc022b140e41ae","messageTitle":"Update Staff UG","messageBody":"","fileTypesAndContributionMap":{"docs":{"insertions":21,"deletions":45}}},{"hash":"041ab14c422802f9412af495a9170bc3ab6a6ca7","messageTitle":"Added Indentation","messageBody":"","fileTypesAndContributionMap":{"docs":{"insertions":29,"deletions":28}}},{"hash":"605f5f0e72287a2a6aab5c43d1af2b75f847a3fe","messageTitle":"Staff Indentation complete","messageBody":"","fileTypesAndContributionMap":{"docs":{"insertions":26,"deletions":26}}},{"hash":"ed9b6141ea77d8627d627be604b560caa30c29e5","messageTitle":"Increase indentation","messageBody":"","fileTypesAndContributionMap":{"docs":{"insertions":47,"deletions":41}}},{"hash":"695d63c3273804b8770f3a333be14159a8c7797e","messageTitle":"Update UserGuide.md","messageBody":"","fileTypesAndContributionMap":{"docs":{"insertions":8,"deletions":6}}},{"hash":"138117c84a7188fe33cf1cfba1b2830e154c08ff","messageTitle":"minor edits","messageBody":"","fileTypesAndContributionMap":{"functional-code":{"insertions":3,"deletions":12}}},{"hash":"09dce5ebe200d3d970b75bd5fb3c79997a42a51f","messageTitle":"Update UserGuide.md","messageBody":"","fileTypesAndContributionMap":{"docs":{"insertions":13,"deletions":0}}},{"hash":"2fcbdbf3ec120d069044835a4297316902f46631","messageTitle":"Update UserGuide.md","messageBody":"","fileTypesAndContributionMap":{"docs":{"insertions":9,"deletions":12}}},{"hash":"056958fc2acecf8a5e860538fdbdbf9338a5d45c","messageTitle":"Changed the technical terms portion","messageBody":"","fileTypesAndContributionMap":{"docs":{"insertions":50,"deletions":56}}},{"hash":"956e8f3986305f66c398ab5226c931b652a93649","messageTitle":"Updated menu","messageBody":"","fileTypesAndContributionMap":{"docs":{"insertions":60,"deletions":55}}},{"hash":"1d9c68e0a2d2a723db010d7ba2a97bdadee04c3e","messageTitle":"Update UserGuide.md","messageBody":"","fileTypesAndContributionMap":{"docs":{"insertions":3,"deletions":3}}},{"hash":"bed6974f86eb978b78a7aa67c037ed1974477e1d","messageTitle":"Perfect example","messageBody":"","fileTypesAndContributionMap":{"docs":{"insertions":2,"deletions":0}}},{"hash":"0f8269160ba77a58d2c1219fc8c089861930ef01","messageTitle":"Updated Staff UG","messageBody":"","fileTypesAndContributionMap":{"docs":{"insertions":52,"deletions":35}}},{"hash":"e4c92b2a7d023a6bfe16243bec99bf2df6f2b008","messageTitle":"V2.0 UG","messageBody":"","fileTypesAndContributionMap":{"docs":{"insertions":112,"deletions":119}}},{"hash":"d2ac86f353007ca2b1106e1e26ba51d8fabb4463","messageTitle":"Final","messageBody":"","fileTypesAndContributionMap":{"docs":{"insertions":7,"deletions":12}}},{"hash":"8272b18e9403a0cf46429b6e4b6e1594a87bba7d","messageTitle":"weird edit","messageBody":"","fileTypesAndContributionMap":{"functional-code":{"insertions":2,"deletions":5}}}]},{"date":"2021-04-02","commitResults":[{"hash":"2cf571d3dd9b8436dac9b0b8ca928c4b17b1c269","messageTitle":"tp.jar","messageBody":"","fileTypesAndContributionMap":{"functional-code":{"insertions":5,"deletions":1}}},{"hash":"6b48f25096c2b3c29bc90c395661c14ebee77428","messageTitle":"Enable assertion in build.gradle","messageBody":"","fileTypesAndContributionMap":{"functional-code":{"insertions":33,"deletions":46},"other":{"insertions":1,"deletions":0}}},{"hash":"c8f34def3cd1a71167a8fedc049ad850d68b42e3","messageTitle":"updated UI","messageBody":"","fileTypesAndContributionMap":{"functional-code":{"insertions":6,"deletions":1}}}]},{"date":"2021-04-03","commitResults":[{"hash":"46781962f4524e2bd925248dcb241ffa18bf1647","messageTitle":"trim tokens before parsing","messageBody":"","fileTypesAndContributionMap":{"functional-code":{"insertions":2,"deletions":3}}}]},{"date":"2021-04-04","commitResults":[{"hash":"cbeb9b4af9e8372c2db2193a175af8fbe311fbe9","messageTitle":"Staff UG section update","messageBody":"","fileTypesAndContributionMap":{"docs":{"insertions":55,"deletions":97}}}]},{"date":"2021-04-05","commitResults":[{"hash":"510e9cbdae13c9a3404557115217c8c1475e63c5","messageTitle":"Updated content page","messageBody":"There are 2 versions for implementations one is a format i created while the other is the standard listing","fileTypesAndContributionMap":{"docs":{"insertions":102,"deletions":2}}},{"hash":"3d0a0ad79c20a0cd00d67abde99f972e2414f39e","messageTitle":"DG minor updates","messageBody":"","fileTypesAndContributionMap":{"docs":{"insertions":39,"deletions":65}}}]}]},"authorFileTypeContributionMap":{"NoorSarrah":{"docs":191,"functional-code":633,"test-code":0},"MingShun98":{"docs":109,"functional-code":753,"test-code":26,"other":7},"Chiamjiaen":{"docs":99,"functional-code":1438,"test-code":12},"AlexanderTanJunAn":{"docs":213,"functional-code":998,"test-code":183},"blank-bank":{"docs":1432,"functional-code":1193,"test-code":110,"other":1}},"authorContributionVariance":{"NoorSarrah":59545.43,"MingShun98":38848.504,"Chiamjiaen":84020.484,"AlexanderTanJunAn":49917.508,"blank-bank":123003.28},"authorDisplayNameMap":{"NoorSarrah":"CS2113T-F08-2 NOOR..RAFI","MingShun98":"CS2113T-F08-2 KWEK..SHUN","Chiamjiaen":"CS2113T-F08-2 CHIA..A-EN","AlexanderTanJunAn":"CS2113T-F08-2 ALEX..N AN","blank-bank":"CS2113T-F08-2 OWEN..G EN"}}
