{"authorDailyContributionsMap":{"NoorSarrah":[{"date":"2021-03-11","commitResults":[{"hash":"b136a73a622e29e3e93dad28d81c101daaf4727f","messageTitle":"first commit","messageBody":"","fileTypesAndContributionMap":{"functional-code":{"insertions":40,"deletions":0}}},{"hash":"4a98359cd5cecfc64455c774441a1aeae265849c","messageTitle":"change Duke class name","messageBody":"","fileTypesAndContributionMap":{"other":{"insertions":4,"deletions":4}}},{"hash":"add89a04d8973acc793874389c35f5ce011dcf17","messageTitle":"change Duke name","messageBody":"","fileTypesAndContributionMap":{"functional-code":{"insertions":4,"deletions":4}}}]},{"date":"2021-03-12","commitResults":[{"hash":"7a5ac66bc07cd1afb67df78519216e85ab49147e","messageTitle":"change dukeDrugs class name","messageBody":"","fileTypesAndContributionMap":{"other":{"insertions":4,"deletions":4}}},{"hash":"7943f5d34b5b8064ef1eaae0f9e66d26f316cd50","messageTitle":"change in class names","messageBody":"","fileTypesAndContributionMap":{"functional-code":{"insertions":0,"deletions":61},"docs":{"insertions":3,"deletions":3}}},{"hash":"fc0fe5b6f7dc7ee88208667be3b1e698862d940b","messageTitle":"import class","messageBody":"","fileTypesAndContributionMap":{"functional-code":{"insertions":202,"deletions":0}}},{"hash":"0af79b2a1678b2f9ba0b4b54f7c725465ca087fe","messageTitle":"delete empty duke class","messageBody":"","fileTypesAndContributionMap":{"functional-code":{"insertions":72,"deletions":1}}}]},{"date":"2021-03-17","commitResults":[{"hash":"9dd86f652d124595712a017fb51839bca3548bd4","messageTitle":"Created Parser class and renamed classes","messageBody":"","fileTypesAndContributionMap":{"functional-code":{"insertions":74,"deletions":71},"other":{"insertions":13,"deletions":11}}}]},{"date":"2021-03-18","commitResults":[{"hash":"b032e6826d05f298107b6d04a4a35ce6417f3342","messageTitle":"Add return and help functions","messageBody":"","fileTypesAndContributionMap":{"functional-code":{"insertions":17,"deletions":1}}},{"hash":"f0b7f1635d277f4231c78c56182b238f28e1b460","messageTitle":"Changed input style","messageBody":"","fileTypesAndContributionMap":{"functional-code":{"insertions":1,"deletions":0}}},{"hash":"8b6426ba1a5900386dd481120721475fea077151","messageTitle":"Standardize user input","messageBody":"","fileTypesAndContributionMap":{"functional-code":{"insertions":1,"deletions":1}}}]},{"date":"2021-03-24","commitResults":[{"hash":"ae406fbd408d13c6ae025bb9caa3a673324eb53e","messageTitle":"Update DrugUI and exceptions","messageBody":"","fileTypesAndContributionMap":{"functional-code":{"insertions":125,"deletions":47}}},{"hash":"07da6c5e8ab85417e95642a89df6f04e498cb33e","messageTitle":"Import exception class","messageBody":"","fileTypesAndContributionMap":{"functional-code":{"insertions":26,"deletions":0}}}]}],"MingShun98":[{"date":"2021-03-05","commitResults":[{"hash":"e1395dd5bfb5e55b780eb3b2fe62be38cd4b4cf2","messageTitle":"About us","messageBody":"","fileTypesAndContributionMap":{"functional-code":{"insertions":1,"deletions":1}}}]},{"date":"2021-03-11","commitResults":[{"hash":"08569510658d1af7d6ac39aa56abe5d16ef9be0e","messageTitle":"DoctorAppoitment first commit","messageBody":"","fileTypesAndContributionMap":{"functional-code":{"insertions":40,"deletions":21}}},{"hash":"b3a1a48e1e2e86423dc0564feb5ccf53366c40be","messageTitle":"v1.0-trial","messageBody":"","fileTypesAndContributionMap":{"functional-code":{"insertions":136,"deletions":2}}},{"hash":"ec279516b6b6a4b15075c0b72de6aaa70e0aed03","messageTitle":"On branch v1.0-trial.1","messageBody":"","fileTypesAndContributionMap":{"functional-code":{"insertions":4,"deletions":0}}},{"hash":"abcab6549450e327190f4cd87429a258863117eb","messageTitle":" On branch v1.0-trial.1","messageBody":"","fileTypesAndContributionMap":{"functional-code":{"insertions":18,"deletions":1}}}]},{"date":"2021-03-18","commitResults":[{"hash":"17b95e305bef8443fd3ac0c80baa45a561cfd395","messageTitle":"v1.0-updated - added return function and storage class","messageBody":"","fileTypesAndContributionMap":{"functional-code":{"insertions":193,"deletions":66}}},{"hash":"131d07cf276c7b8c9e90197dca7a613fd8d9c695","messageTitle":"updated minor UI issue","messageBody":"","fileTypesAndContributionMap":{"functional-code":{"insertions":1,"deletions":0}}}]},{"date":"2021-03-19","commitResults":[{"hash":"457ebe72ca4a5c6eb038cb94ca07029b7caa03c8","messageTitle":"resources file","messageBody":"","fileTypesAndContributionMap":{"other":{"insertions":7,"deletions":0}}}]},{"date":"2021-03-21","commitResults":[{"hash":"bed97da7b34583205a0de3eb15b36fd4689fcc3f","messageTitle":"v1.0 added JunitTest","messageBody":"","fileTypesAndContributionMap":{"test-code":{"insertions":26,"deletions":0}}}]}],"Chiamjiaen":[{"date":"2021-03-05","commitResults":[{"hash":"d9eab7ed95c80b9decbe566ce834bb0d94e15be1","messageTitle":"Chiam Jia-En aboutUs","messageBody":"","fileTypesAndContributionMap":{"docs":{"insertions":7,"deletions":1}}}]},{"date":"2021-03-11","commitResults":[{"hash":"0891daf483e660223acfb3b5aac88ac93a19c5af","messageTitle":"first commit","messageBody":"","fileTypesAndContributionMap":{"functional-code":{"insertions":505,"deletions":10}}}]},{"date":"2021-03-17","commitResults":[{"hash":"1a697b8aa2424243ca4f974c948562e3dd75c1d3","messageTitle":"Rename src/main/java/seedu/duke/Patient.java to src/main/java/seedu/patient/Patient.java","messageBody":"","fileTypesAndContributionMap":{"other":{"insertions":0,"deletions":0}}},{"hash":"bd9966809797aacdcd166f6f1d8137c069c7b653","messageTitle":"Rename src/main/java/seedu/duke/PatientCommandInstance.java to src/main/java/seedu/patient/PatientCommandInstance.java","messageBody":"","fileTypesAndContributionMap":{"other":{"insertions":0,"deletions":0}}},{"hash":"32c2175e6e79f21c726e2576c85014aaca07fc75","messageTitle":"Rename src/main/java/seedu/duke/PatientList.java to src/main/java/seedu/patient/PatientList.java","messageBody":"","fileTypesAndContributionMap":{"other":{"insertions":0,"deletions":0}}},{"hash":"ef795d1223d805e27bfc3b7f4bb493770ea57491","messageTitle":"Rename src/main/java/seedu/duke/Ui.java to src/main/java/seedu/ui/Ui.java","messageBody":"","fileTypesAndContributionMap":{"other":{"insertions":0,"deletions":0}}},{"hash":"2f764d26606f7e84148e2a7185d7b54307147fae","messageTitle":"Rename src/main/java/seedu/duke/Storage.java to src/main/java/seedu/storage/Storage.java","messageBody":"","fileTypesAndContributionMap":{"other":{"insertions":0,"deletions":0}}},{"hash":"97e162a30fde71d528a5a015f436d14360885293","messageTitle":"Rename src/main/java/seedu/duke/DukeException.java to src/main/java/seedu/exceptions/DukeException.java","messageBody":"","fileTypesAndContributionMap":{"other":{"insertions":0,"deletions":0}}},{"hash":"a70642e54e2a8782e2675ab858d7d39c2ab333cb","messageTitle":"Rename src/main/java/seedu/duke/Parser.java to src/main/java/seedu/parser/Parser.java","messageBody":"","fileTypesAndContributionMap":{"other":{"insertions":0,"deletions":0}}},{"hash":"1c05c0827a694fd7aeb15c118a95adaa5dc727ad","messageTitle":"Rename src/main/java/nurseschedules/nurseschedule/NurseSchedule.java to src/main/java/seedu/nurseschedules/NurseSchedule.java","messageBody":"","fileTypesAndContributionMap":{"other":{"insertions":0,"deletions":0}}},{"hash":"67970075c10d59572c41e1bd28b129305245b332","messageTitle":"Rename src/main/java/nurseschedules/nurseschedule/NurseScheduleActions.java to src/main/java/seedu/nurseschedules/NurseScheduleActions.java","messageBody":"","fileTypesAndContributionMap":{"other":{"insertions":0,"deletions":0}}},{"hash":"8a64609e92a39c7da9cde6fddaa4652743790b4d","messageTitle":"Rename src/main/java/nurseschedules/nurseschedule/NurseScheduleStorage.java to src/main/java/seedu/nurseschedules/NurseScheduleStorage.java","messageBody":"","fileTypesAndContributionMap":{"other":{"insertions":0,"deletions":0}}},{"hash":"33582700400152f8b140995cc111260696e3c355","messageTitle":"Rename src/main/java/nurseschedules/parser/Parser.java to src/main/java/seedu/nurseschedules/parser/Parser.java","messageBody":"","fileTypesAndContributionMap":{"other":{"insertions":0,"deletions":0}}},{"hash":"05c62eccb80da4571fe7962e6c5a0eeffc28a37a","messageTitle":"Rename src/main/java/nurseschedules/NurseScheduleInstance.java to src/main/java/seedu/nurseschedules/NurseScheduleInstance.java","messageBody":"","fileTypesAndContributionMap":{"other":{"insertions":0,"deletions":0}}}]},{"date":"2021-03-18","commitResults":[{"hash":"f70f17542c0b94e80d20c2e4a65d21209b4d9536","messageTitle":"committed drug instance to own remote master","messageBody":"","fileTypesAndContributionMap":{"functional-code":{"insertions":2,"deletions":0}}},{"hash":"f704cffe29d8ecfb4e7b6578b621e32423b8d3a1","messageTitle":"minor bug fixed","messageBody":"","fileTypesAndContributionMap":{"functional-code":{"insertions":1,"deletions":0}}},{"hash":"408447f76754d0df3fc9bf85949ae350c2a8ae17","messageTitle":"add more exception handling","messageBody":"","fileTypesAndContributionMap":{"functional-code":{"insertions":324,"deletions":101}}},{"hash":"bf21213f19308c03c4746310c87425686787c225","messageTitle":"change logo","messageBody":"","fileTypesAndContributionMap":{"functional-code":{"insertions":8,"deletions":6}}},{"hash":"637990856137f81c996c96863b4ac85dbc3e7cdd","messageTitle":"minor bug fix, changed find in patients to 1 based indexing","messageBody":"","fileTypesAndContributionMap":{"functional-code":{"insertions":1,"deletions":1}}},{"hash":"622750838c3aed579fa68c3bcf58f30844380f5e","messageTitle":"typo fixes","messageBody":"","fileTypesAndContributionMap":{"functional-code":{"insertions":1,"deletions":1}}}]},{"date":"2021-03-22","commitResults":[{"hash":"e24a3debdb100a51ebc2ea80ed64585d3bc147de","messageTitle":"change class names","messageBody":"","fileTypesAndContributionMap":{"other":{"insertions":0,"deletions":0}}},{"hash":"f4984a1077337e5326192aa64e95949ff7abd871","messageTitle":"change class name","messageBody":"","fileTypesAndContributionMap":{"functional-code":{"insertions":22,"deletions":22}}}]},{"date":"2021-03-24","commitResults":[{"hash":"fa6b19cb938ebe0e2d8eddabfe745efc3387b6b3","messageTitle":"change DukeException to HealthVaultException. add common storage class","messageBody":"","fileTypesAndContributionMap":{"functional-code":{"insertions":83,"deletions":37},"other":{"insertions":3,"deletions":3}}}]},{"date":"2021-03-25","commitResults":[{"hash":"54755e2749e88684aeabb447c6086b9ef39b6f90","messageTitle":"change naming conventions","messageBody":"","fileTypesAndContributionMap":{"functional-code":{"insertions":14,"deletions":12},"other":{"insertions":1,"deletions":1}}},{"hash":"4ea68475cf1f72fcf62ff9d81e7106d62d80d2f0","messageTitle":"add JUnit Testing","messageBody":"","fileTypesAndContributionMap":{"test-code":{"insertions":31,"deletions":0}}}]}],"AlexanderTanJunAn":[{"date":"2021-03-05","commitResults":[{"hash":"a4026f1de440923bcc9e3f2745b8628fa7540917","messageTitle":"Added aboutme","messageBody":"","fileTypesAndContributionMap":{"docs":{"insertions":1,"deletions":1}}}]},{"date":"2021-03-07","commitResults":[{"hash":"a371d884288bad27f04e1e1e1229d0cebdf372b2","messageTitle":"Revert \"About us\"","messageBody":"","fileTypesAndContributionMap":{"functional-code":{"insertions":1,"deletions":1}}}]},{"date":"2021-03-11","commitResults":[{"hash":"3943165a09f4835c1018e148cb94ce18bc984beb","messageTitle":"no message","messageBody":"","fileTypesAndContributionMap":{"functional-code":{"insertions":310,"deletions":0}}},{"hash":"1d3d05ef526e3ae9ac7a7e3fc1ea777e36056196","messageTitle":"second commit :D","messageBody":"","fileTypesAndContributionMap":{"other":{"insertions":12,"deletions":12}}},{"hash":"b01ec02e5d0364785d07ab85ded57a127a50bc3c","messageTitle":"Delete src directory","messageBody":"","fileTypesAndContributionMap":{"functional-code":{"insertions":0,"deletions":21},"test-code":{"insertions":0,"deletions":12}}},{"hash":"86a1692fde66df473864c2d0ae768c7e4d1e23d4","messageTitle":"no message","messageBody":"","fileTypesAndContributionMap":{"functional-code":{"insertions":4,"deletions":0}}}]},{"date":"2021-03-13","commitResults":[{"hash":"0115904a1deba40eac2c456782b00562cd1b7f3e","messageTitle":"added JUnit Tests","messageBody":"","fileTypesAndContributionMap":{"functional-code":{"insertions":17,"deletions":13},"test-code":{"insertions":15,"deletions":0}}}]},{"date":"2021-03-17","commitResults":[{"hash":"567a4837fe454ea2d953b9ebe98fe28ff592fe38","messageTitle":"no message","messageBody":"","fileTypesAndContributionMap":{"functional-code":{"insertions":0,"deletions":38}}},{"hash":"178dbf40fa8028baef10fa6830c130e6ca261b1e","messageTitle":"no message","messageBody":"","fileTypesAndContributionMap":{"functional-code":{"insertions":4,"deletions":8},"test-code":{"insertions":1,"deletions":7}}},{"hash":"4e441c5656ce065e187070e4093c1d2b01a7b1e8","messageTitle":"no message","messageBody":"","fileTypesAndContributionMap":{"functional-code":{"insertions":2,"deletions":2}}}]},{"date":"2021-03-18","commitResults":[{"hash":"4edba5c0978b9d6ea871fb47f2f71ebc1c902b5f","messageTitle":"no message","messageBody":"","fileTypesAndContributionMap":{"functional-code":{"insertions":1,"deletions":0}}},{"hash":"acb41c466cede16b48bf8fc9a9c625088cc89486","messageTitle":"Added JUnit tests and moved storage","messageBody":"","fileTypesAndContributionMap":{"functional-code":{"insertions":6,"deletions":13},"other":{"insertions":3,"deletions":1},"test-code":{"insertions":22,"deletions":15}}},{"hash":"45ea6a79baee87a5f97624f15834379538d0c311","messageTitle":"Slight UI changes and some error handling","messageBody":"","fileTypesAndContributionMap":{"functional-code":{"insertions":42,"deletions":26}}},{"hash":"f9b454303915a881afbf052722c8fa7b9e963ac7","messageTitle":"Reformat code","messageBody":"","fileTypesAndContributionMap":{"functional-code":{"insertions":90,"deletions":47}}},{"hash":"2e2a35f5247328e8e354b9e041a09e1f328c7b96","messageTitle":"no message","messageBody":"","fileTypesAndContributionMap":{"test-code":{"insertions":2,"deletions":2}}},{"hash":"9b35e58e9076aa435735d5fa71c98508fc43f28a","messageTitle":"Standardize output","messageBody":"","fileTypesAndContributionMap":{"functional-code":{"insertions":1,"deletions":1}}},{"hash":"21c99f3d4ff83bcf183346ba2ef15dcfa6015d35","messageTitle":"no message","messageBody":"","fileTypesAndContributionMap":{"functional-code":{"insertions":1,"deletions":1}}}]},{"date":"2021-03-20","commitResults":[{"hash":"cacdb2a906c8087e9feb470b2c007f7201e996b2","messageTitle":"added NurseScheduleUI","messageBody":"","fileTypesAndContributionMap":{"functional-code":{"insertions":63,"deletions":19}}},{"hash":"1641060889938bca8e9cc01d94a1975afb1ff406","messageTitle":"added Exceptions and more error handling","messageBody":"","fileTypesAndContributionMap":{"functional-code":{"insertions":80,"deletions":27},"test-code":{"insertions":13,"deletions":2}}},{"hash":"6711708eafeba508211fc15245839bd252ce5543","messageTitle":"Minor reformats and code convention edits","messageBody":"","fileTypesAndContributionMap":{"functional-code":{"insertions":15,"deletions":15}}},{"hash":"b2c419f7e86eae8542cfa652d2886f1efbcccb62","messageTitle":"runtest.sh permissions","messageBody":"","fileTypesAndContributionMap":{"other":{"insertions":0,"deletions":0}}}]},{"date":"2021-03-22","commitResults":[{"hash":"baa524545da4f521ec2f4a00015dabc17f8242da","messageTitle":"Moved NurseScheduleParser and made UI methods static","messageBody":"","fileTypesAndContributionMap":{"functional-code":{"insertions":96,"deletions":29},"test-code":{"insertions":34,"deletions":0}}},{"hash":"66449d673c58f00e90270523906bbc84ac158304","messageTitle":"no message","messageBody":"","fileTypesAndContributionMap":{"functional-code":{"insertions":0,"deletions":69},"test-code":{"insertions":0,"deletions":33}}},{"hash":"7dc59d079a0ef9926beae471233a13cd395eb0b1","messageTitle":"More SLAP and OOP","messageBody":"","fileTypesAndContributionMap":{"functional-code":{"insertions":61,"deletions":36}}},{"hash":"9648f468b3beff490ea8a326670e278e5f3927c1","messageTitle":"added exceptions added javadocs fixed CI","messageBody":"","fileTypesAndContributionMap":{"functional-code":{"insertions":72,"deletions":24}}},{"hash":"cbc137acc8daee78c34bf3b78c88f7e7cbbdad4d","messageTitle":"fixed java CI","messageBody":"","fileTypesAndContributionMap":{"functional-code":{"insertions":14,"deletions":14},"other":{"insertions":1,"deletions":1}}},{"hash":"1869987dbc651a29d07478dc470153c4123fbb38","messageTitle":"no message","messageBody":"","fileTypesAndContributionMap":{"functional-code":{"insertions":3,"deletions":2}}}]},{"date":"2021-03-23","commitResults":[{"hash":"62202dd7b3ecec35bd087c087b545413308b77d9","messageTitle":"no message","messageBody":"","fileTypesAndContributionMap":{"functional-code":{"insertions":6,"deletions":1}}},{"hash":"5ab330bfc5a316f13d271e3a14af438a67ac2c4b","messageTitle":"added user prompted abortEnabledScanInput","messageBody":"","fileTypesAndContributionMap":{"functional-code":{"insertions":31,"deletions":14}}},{"hash":"0e92f296875608bcca0755198fca434dec6b4a4b","messageTitle":"added assertions","messageBody":"","fileTypesAndContributionMap":{"functional-code":{"insertions":2,"deletions":0}}}]},{"date":"2021-03-25","commitResults":[{"hash":"88b59c808d318c3565d6e26d4385fcfeaa9743fa","messageTitle":"no message","messageBody":"","fileTypesAndContributionMap":{"functional-code":{"insertions":2,"deletions":0},"test-code":{"insertions":1,"deletions":1}}}]},{"date":"2021-03-27","commitResults":[{"hash":"0893331a90ebe08e8032cbf9c86c993caff41417","messageTitle":"Update DeveloperGuide.md","messageBody":"","fileTypesAndContributionMap":{"docs":{"insertions":14,"deletions":20}}},{"hash":"a5172e33439aca6d081c156b3a444a02e7b2c3a9","messageTitle":"Update DeveloperGuide.md","messageBody":"","fileTypesAndContributionMap":{"docs":{"insertions":24,"deletions":30}}},{"hash":"1a9cf6483687845d126b9e0eeec26368feadcfc6","messageTitle":"Update DeveloperGuide.md","messageBody":"","fileTypesAndContributionMap":{"docs":{"insertions":8,"deletions":8}}},{"hash":"c3709b252dd27759b78d9b7fd99f7048660910c2","messageTitle":"Update DeveloperGuide.md","messageBody":"","fileTypesAndContributionMap":{"docs":{"insertions":1,"deletions":1}}},{"hash":"c36dd7e4639bdf58e735b5d0ca226c5a6ac731ec","messageTitle":"Update DeveloperGuide.md","messageBody":"","fileTypesAndContributionMap":{"docs":{"insertions":2,"deletions":0}}}]},{"date":"2021-03-28","commitResults":[{"hash":"86f664d75ef94704268a917853d301c97f1bc938","messageTitle":"Post consultation edits","messageBody":"","fileTypesAndContributionMap":{"functional-code":{"insertions":73,"deletions":52}}},{"hash":"a972aec3cf222de11369e25e522d551d6214fdaa","messageTitle":"Update UserGuide.md","messageBody":"","fileTypesAndContributionMap":{"docs":{"insertions":48,"deletions":1}}},{"hash":"370bef78445a89f7ae3fd28139044275d340c12c","messageTitle":"added more JUnit testing and checking methods","messageBody":"","fileTypesAndContributionMap":{"functional-code":{"insertions":58,"deletions":26},"test-code":{"insertions":25,"deletions":1}}}]}],"blank-bank":[{"date":"2021-03-05","commitResults":[{"hash":"759fa9f12df4befc563f45c5599bbf6797f6f6e7","messageTitle":"Update about me","messageBody":"","fileTypesAndContributionMap":{"docs":{"insertions":1,"deletions":1}}}]},{"date":"2021-03-11","commitResults":[{"hash":"cfefffa6a94245eb3709865fdcb5a6ede8e0c2f5","messageTitle":"Added Staff class","messageBody":"","fileTypesAndContributionMap":{"functional-code":{"insertions":304,"deletions":12}}}]},{"date":"2021-03-17","commitResults":[{"hash":"1acfeb8d34c06893a8aa93f08717cf909d8a306b","messageTitle":"Minor bug fixes for Staff class","messageBody":"","fileTypesAndContributionMap":{"functional-code":{"insertions":78,"deletions":40}}},{"hash":"2eef3891826d3620344a07caeeb554c7a13b1c4c","messageTitle":"Rename src/main/java/seedu/duke/DrugAction.java to src/main/java/seedu/Drugs/DrugAction.java","messageBody":"","fileTypesAndContributionMap":{"other":{"insertions":0,"deletions":0}}},{"hash":"f010fd1bbaaea307f076d6ff69717bf23c3de646","messageTitle":"Rename src/main/java/seedu/duke/DrugStorage.java to src/main/java/seedu/Drugs/DrugStorage.java","messageBody":"","fileTypesAndContributionMap":{"other":{"insertions":0,"deletions":0}}},{"hash":"8a3b228e02da77ef521fb889c9eb4757e96b3dd6","messageTitle":"Rename src/main/java/seedu/duke/drugInstance.java to src/main/java/seedu/Drugs/drugInstance.java","messageBody":"","fileTypesAndContributionMap":{"other":{"insertions":0,"deletions":0}}},{"hash":"0fc7df1cdf571051510823fefcb41cef44787252","messageTitle":"Rename src/main/java/seedu/duke/drugsDuke.java to src/main/java/seedu/Drugs/drugsDuke.java","messageBody":"","fileTypesAndContributionMap":{"other":{"insertions":0,"deletions":0}}},{"hash":"3eb65ba165d1197ec793a06d025d06292dd7b7a4","messageTitle":"Rename src/main/java/system/staff/Doctor.java to src/main/java/seedu/duke/staff/Doctor.java","messageBody":"","fileTypesAndContributionMap":{"other":{"insertions":0,"deletions":0}}},{"hash":"98a5d393df777ea3e7a7842bbc361d64c1d76422","messageTitle":"Rename src/main/java/seedu/duke/staff/Doctor.java to src/main/java/seedu/staff/Doctor.java","messageBody":"","fileTypesAndContributionMap":{"other":{"insertions":0,"deletions":0}}},{"hash":"658c1112430340cba6deb3244ce379ca0767aa6e","messageTitle":"Rename src/main/java/system/staff/Nurse.java to src/main/java/seedu/staff/Nurse.java","messageBody":"","fileTypesAndContributionMap":{"other":{"insertions":0,"deletions":0}}},{"hash":"1ab9e058fd6852ca1400ad5fd9393ed3531a890f","messageTitle":"Rename src/main/java/system/staff/Parser.java to src/main/java/seedu/staff/Parser.java","messageBody":"","fileTypesAndContributionMap":{"other":{"insertions":0,"deletions":0}}},{"hash":"90047b6550766c36a07df68d2507b10c4d435c4e","messageTitle":"Rename src/main/java/system/staff/Staff.java to src/main/java/seedu/staff/Staff.java","messageBody":"","fileTypesAndContributionMap":{"other":{"insertions":0,"deletions":0}}},{"hash":"562dc9c37907211f6f02f0f663c753e351cd7876","messageTitle":"Rename src/main/java/system/staff/Storage.java to src/main/java/seedu/staff/Storage.java","messageBody":"","fileTypesAndContributionMap":{"other":{"insertions":0,"deletions":0}}},{"hash":"61a889fd93eee31afb0fc26eb8be1e7f391baf31","messageTitle":"Rename src/main/java/system/staff/UI.java to src/main/java/seedu/staff/UI.java","messageBody":"","fileTypesAndContributionMap":{"other":{"insertions":0,"deletions":0}}},{"hash":"1f5a1fa2355b302bd56c37d0bbc5abded64ca018","messageTitle":"Rename src/main/java/seedu/Drugs/DrugAction.java to src/main/java/seedu/drugs/DrugAction.java","messageBody":"","fileTypesAndContributionMap":{"other":{"insertions":0,"deletions":0}}},{"hash":"eea0eb3568a4b2fe172e9d040b3685cdc7dd8fea","messageTitle":"Rename src/main/java/seedu/Drugs/DrugStorage.java to src/main/java/seedu/drugs/DrugStorage.java","messageBody":"","fileTypesAndContributionMap":{"other":{"insertions":0,"deletions":0}}},{"hash":"6d681a907e23135d3c0cc49c95df9e9ec34eb335","messageTitle":"Rename src/main/java/seedu/Drugs/drugInstance.java to src/main/java/seedu/drugs/drugInstance.java","messageBody":"","fileTypesAndContributionMap":{"other":{"insertions":0,"deletions":0}}},{"hash":"834065bc1be006cac9d5aa6a2cf806235fb9dd26","messageTitle":"Rename src/main/java/seedu/Drugs/drugsDuke.java to src/main/java/seedu/drugs/drugsDuke.java","messageBody":"","fileTypesAndContributionMap":{"other":{"insertions":0,"deletions":0}}},{"hash":"29b7f984df9743cdd47f780bf837aaf2a5395bd1","messageTitle":"Rename src/main/java/seedu/ui/Ui.java to src/main/java/seedu/duke/ui/Ui.java","messageBody":"","fileTypesAndContributionMap":{"other":{"insertions":0,"deletions":0}}},{"hash":"cd6947ba443ebbe375c4c3ae391bfbae4de08d73","messageTitle":"Rename src/main/java/seedu/storage/Storage.java to src/main/java/seedu/duke/storage/Storage.java","messageBody":"","fileTypesAndContributionMap":{"other":{"insertions":0,"deletions":0}}},{"hash":"7b0608055b8d36d3fa372e2dd848e1bbabbdf7ec","messageTitle":"Rename src/main/java/seedu/parser/Parser.java to src/main/java/seedu/duke/parser/Parser.java","messageBody":"","fileTypesAndContributionMap":{"other":{"insertions":0,"deletions":0}}},{"hash":"1d50f17e80d22ccc9a67b7425a8c4774bb656878","messageTitle":"Rename src/main/java/seedu/exceptions/DukeException.java to src/main/java/seedu/duke/exceptions/DukeException.java","messageBody":"","fileTypesAndContributionMap":{"other":{"insertions":0,"deletions":0}}},{"hash":"1cbf9c323426282d9ed62add2f6a7886f9cd609e","messageTitle":"Rename src/main/java/DoctorAppointment/AppointmentActions.java to src/main/java/seedu/doctor/AppointmentActions.java","messageBody":"","fileTypesAndContributionMap":{"other":{"insertions":0,"deletions":0}}},{"hash":"0be8765342553e2f295bb2696e8a6663511b403b","messageTitle":"Rename src/main/java/DoctorAppointment/DoctorAppointment.java to src/main/java/seedu/doctor/DoctorAppointment.java","messageBody":"","fileTypesAndContributionMap":{"other":{"insertions":0,"deletions":0}}},{"hash":"2ab8d9b8e9bce60254c4ec691d322bc0f6645abd","messageTitle":"Rename src/main/java/DoctorAppointment/DoctorAppointmentInstance.java to src/main/java/seedu/doctor/DoctorAppointmentInstance.java","messageBody":"","fileTypesAndContributionMap":{"other":{"insertions":0,"deletions":0}}},{"hash":"be24c844a185cfeca8f88ee819ce93f9eb2f5edd","messageTitle":"Rename src/main/java/DoctorAppointment/Parser.java to src/main/java/seedu/doctor/Parser.java","messageBody":"","fileTypesAndContributionMap":{"other":{"insertions":0,"deletions":0}}},{"hash":"a55960c5230f6c2416d8a617010755bae5ff5030","messageTitle":"Restructured the files and corrected errors","messageBody":"","fileTypesAndContributionMap":{"functional-code":{"insertions":55,"deletions":39}}},{"hash":"c6a8fe8f2fb2f0da9ba39fb50f57ef33ef9af388","messageTitle":"changed doctor package name to doctorappointments","messageBody":"","fileTypesAndContributionMap":{"other":{"insertions":3,"deletions":5}}},{"hash":"cf69cf703c2304b42c9faa5e6970d59c3b60caf8","messageTitle":"Restructuring of classes","messageBody":"","fileTypesAndContributionMap":{"functional-code":{"insertions":135,"deletions":173},"other":{"insertions":59,"deletions":18}}},{"hash":"909b0ae85f2653b696f15bb73285aec0b965f3c4","messageTitle":"Added staff class exceptions","messageBody":"","fileTypesAndContributionMap":{"functional-code":{"insertions":60,"deletions":14}}},{"hash":"9946696a32e5619160e28457aefd89fb56473dc6","messageTitle":"Update staff class menu","messageBody":"","fileTypesAndContributionMap":{"functional-code":{"insertions":42,"deletions":14}}},{"hash":"f1a41b9e6fdc11606999e4829154700aea49aee9","messageTitle":"Edit some delete exceptions issues","messageBody":"","fileTypesAndContributionMap":{"functional-code":{"insertions":24,"deletions":20}}}]},{"date":"2021-03-18","commitResults":[{"hash":"05b34b70e3b4f22c28529e1925c3506ec9778df8","messageTitle":"Edited error checking to be more precise","messageBody":"","fileTypesAndContributionMap":{"functional-code":{"insertions":68,"deletions":13}}},{"hash":"08b2ea48566a7a483a4cdadc21f627852a882f8c","messageTitle":"Delete function didnt reset numStaff in StaffList","messageBody":"","fileTypesAndContributionMap":{"functional-code":{"insertions":2,"deletions":0}}},{"hash":"6723b88f7d8c208ba4dbe076abe4affce5c96bd9","messageTitle":"Edited UI","messageBody":"","fileTypesAndContributionMap":{"functional-code":{"insertions":1,"deletions":1}}},{"hash":"523de781e008bf7581a8f165ed95ea90245d2639","messageTitle":"Change file path","messageBody":"","fileTypesAndContributionMap":{"functional-code":{"insertions":1,"deletions":1}}}]},{"date":"2021-03-22","commitResults":[{"hash":"fa1ba095be6c0b606f7037fa18f33b4d7a2aa817","messageTitle":"Added JUnit Tests","messageBody":"","fileTypesAndContributionMap":{"functional-code":{"insertions":17,"deletions":4},"test-code":{"insertions":33,"deletions":0}}},{"hash":"c007355400399ca7a325fe9c2252423da28f32fa","messageTitle":"Added Smart Command Recognition","messageBody":"","fileTypesAndContributionMap":{"functional-code":{"insertions":304,"deletions":198},"other":{"insertions":2,"deletions":2},"test-code":{"insertions":4,"deletions":3}}}]},{"date":"2021-03-24","commitResults":[{"hash":"17fa19f081c70788caa573f5726e48a0f42fa0da","messageTitle":"Minor changes","messageBody":"","fileTypesAndContributionMap":{"functional-code":{"insertions":5,"deletions":6}}},{"hash":"619359c9de2a9fcf21f566bb5186c2aedb3d41f5","messageTitle":"V2.0 Small changes","messageBody":"","fileTypesAndContributionMap":{"functional-code":{"insertions":8,"deletions":2}}},{"hash":"386e36b87483eb1bdf2950d67ed2205635a92e37","messageTitle":"V2.0 Minor edits","messageBody":"","fileTypesAndContributionMap":{"functional-code":{"insertions":0,"deletions":4}}}]},{"date":"2021-03-25","commitResults":[{"hash":"c526f51eb2f4074261c5a3359281ae33e5f81885","messageTitle":"V2.0 Code restructuring","messageBody":"","fileTypesAndContributionMap":{"functional-code":{"insertions":14,"deletions":16},"other":{"insertions":146,"deletions":135},"test-code":{"insertions":12,"deletions":13}}}]},{"date":"2021-03-26","commitResults":[{"hash":"bdfa5cd284de0553c4ac39f276f61e4de2d52dbc","messageTitle":"DG Draft V1.0","messageBody":"Barebones of DG","fileTypesAndContributionMap":{"docs":{"insertions":1147,"deletions":0}}}]}]},"authorFileTypeContributionMap":{"NoorSarrah":{"docs":3,"functional-code":344,"test-code":0},"MingShun98":{"docs":0,"functional-code":262,"test-code":20,"other":7},"Chiamjiaen":{"docs":7,"functional-code":607,"test-code":31},"AlexanderTanJunAn":{"docs":83,"functional-code":592,"test-code":56},"blank-bank":{"docs":1104,"functional-code":820,"test-code":41}},"authorContributionVariance":{"NoorSarrah":6982.2407,"MingShun98":4436.499,"Chiamjiaen":17737.414,"AlexanderTanJunAn":18861.648,"blank-bank":84264.33},"authorDisplayNameMap":{"NoorSarrah":"CS2113T-F08-2 NOOR..RAFI","MingShun98":"CS2113T-F08-2 KWEK..SHUN","Chiamjiaen":"CS2113T-F08-2 CHIA..A-EN","AlexanderTanJunAn":"CS2113T-F08-2 ALEX..N AN","blank-bank":"CS2113T-F08-2 OWEN..G EN"}}
