{"authorDailyContributionsMap":{"NoorSarrah":[],"MingShun98":[],"Chiamjiaen":[{"date":"2021-03-05","commitResults":[{"hash":"d9eab7ed95c80b9decbe566ce834bb0d94e15be1","messageTitle":"Chiam Jia-En aboutUs","messageBody":"","fileTypesAndContributionMap":{"docs":{"insertions":7,"deletions":1}}}]}],"AlexanderTanJunAn":[{"date":"2021-03-05","commitResults":[{"hash":"a4026f1de440923bcc9e3f2745b8628fa7540917","messageTitle":"Added aboutme","messageBody":"","fileTypesAndContributionMap":{"docs":{"insertions":1,"deletions":1}}}]}],"blank-bank":[{"date":"2021-03-05","commitResults":[{"hash":"759fa9f12df4befc563f45c5599bbf6797f6f6e7","messageTitle":"Update about me","messageBody":"","fileTypesAndContributionMap":{"docs":{"insertions":1,"deletions":1}}}]}]},"authorFileTypeContributionMap":{"NoorSarrah":{"docs":0,"functional-code":0,"test-code":0},"MingShun98":{"docs":0,"functional-code":0,"test-code":0},"Chiamjiaen":{"docs":7,"functional-code":0,"test-code":0},"AlexanderTanJunAn":{"docs":1,"functional-code":0,"test-code":0},"blank-bank":{"docs":1,"functional-code":0,"test-code":0}},"authorContributionVariance":{"NoorSarrah":0.0,"MingShun98":0.0,"Chiamjiaen":0.0,"AlexanderTanJunAn":0.0,"blank-bank":0.0},"authorDisplayNameMap":{"NoorSarrah":"CS2113T-F08-2 NOOR..RAFI","MingShun98":"CS2113T-F08-2 KWEK..SHUN","Chiamjiaen":"CS2113T-F08-2 CHIA..A-EN","AlexanderTanJunAn":"CS2113T-F08-2 ALEX..N AN","blank-bank":"CS2113T-F08-2 OWEN..G EN"}}
