{"repoSenseVersion":"451f11b74c","reportGeneratedTime":"Thu Apr 8 08:40:56 2021 UTC+08:00","reportGenerationTime":" 24.56 second(s)","zoneId":"UTC+08:00","reportTitle":"RepoSense Report","repos":[{"location":{"location":"https://github.com/AY2021S2-CS2113-F10-3/tp.git","repoName":"tp","organization":"AY2021S2-CS2113-F10-3"},"branch":"master","displayName":"AY2021S2-CS2113-F10-3/tp[master]","outputFolderName":"AY2021S2-CS2113-F10-3_tp_master"},{"location":{"location":"https://github.com/AY2021S2-CS2113-F10-1/tp.git","repoName":"tp","organization":"AY2021S2-CS2113-F10-1"},"branch":"master","displayName":"AY2021S2-CS2113-F10-1/tp[master]","outputFolderName":"AY2021S2-CS2113-F10-1_tp_master"},{"location":{"location":"https://github.com/AY2021S2-CS2113-W10-2/tp.git","repoName":"tp","organization":"AY2021S2-CS2113-W10-2"},"branch":"master","displayName":"AY2021S2-CS2113-W10-2/tp[master]","outputFolderName":"AY2021S2-CS2113-W10-2_tp_master"},{"location":{"location":"https://github.com/AY2021S2-CS2113-T10-1/tp.git","repoName":"tp","organization":"AY2021S2-CS2113-T10-1"},"branch":"master","displayName":"AY2021S2-CS2113-T10-1/tp[master]","outputFolderName":"AY2021S2-CS2113-T10-1_tp_master"},{"location":{"location":"https://github.com/AY2021S2-CS2113-T10-4/tp.git","repoName":"tp","organization":"AY2021S2-CS2113-T10-4"},"branch":"master","displayName":"AY2021S2-CS2113-T10-4/tp[master]","outputFolderName":"AY2021S2-CS2113-T10-4_tp_master"},{"location":{"location":"https://github.com/AY2021S2-CS2113-T10-2/tp.git","repoName":"tp","organization":"AY2021S2-CS2113-T10-2"},"branch":"master","displayName":"AY2021S2-CS2113-T10-2/tp[master]","outputFolderName":"AY2021S2-CS2113-T10-2_tp_master"},{"location":{"location":"https://github.com/AY2021S2-CS2113-F10-2/tp.git","repoName":"tp","organization":"AY2021S2-CS2113-F10-2"},"branch":"master","displayName":"AY2021S2-CS2113-F10-2/tp[master]","outputFolderName":"AY2021S2-CS2113-F10-2_tp_master"},{"location":{"location":"https://github.com/AY2021S2-CS2113-T10-3/tp.git","repoName":"tp","organization":"AY2021S2-CS2113-T10-3"},"branch":"master","displayName":"AY2021S2-CS2113-T10-3/tp[master]","outputFolderName":"AY2021S2-CS2113-T10-3_tp_master"},{"location":{"location":"https://github.com/AY2021S2-CS2113-W10-3/tp.git","repoName":"tp","organization":"AY2021S2-CS2113-W10-3"},"branch":"master","displayName":"AY2021S2-CS2113-W10-3/tp[master]","outputFolderName":"AY2021S2-CS2113-W10-3_tp_master"},{"location":{"location":"https://github.com/AY2021S2-CS2113-W10-1/tp.git","repoName":"tp","organization":"AY2021S2-CS2113-W10-1"},"branch":"master","displayName":"AY2021S2-CS2113-W10-1/tp[master]","outputFolderName":"AY2021S2-CS2113-W10-1_tp_master"},{"location":{"location":"https://github.com/AY2021S2-CS2113T-W09-4/tp.git","repoName":"tp","organization":"AY2021S2-CS2113T-W09-4"},"branch":"master","displayName":"AY2021S2-CS2113T-W09-4/tp[master]","outputFolderName":"AY2021S2-CS2113T-W09-4_tp_master"},{"location":{"location":"https://github.com/AY2021S2-CS2113T-W09-1/tp.git","repoName":"tp","organization":"AY2021S2-CS2113T-W09-1"},"branch":"master","displayName":"AY2021S2-CS2113T-W09-1/tp[master]","outputFolderName":"AY2021S2-CS2113T-W09-1_tp_master"},{"location":{"location":"https://github.com/AY2021S2-CS2113T-W09-2/tp.git","repoName":"tp","organization":"AY2021S2-CS2113T-W09-2"},"branch":"master","displayName":"AY2021S2-CS2113T-W09-2/tp[master]","outputFolderName":"AY2021S2-CS2113T-W09-2_tp_master"},{"location":{"location":"https://github.com/AY2021S2-CS2113T-T09-2/tp.git","repoName":"tp","organization":"AY2021S2-CS2113T-T09-2"},"branch":"master","displayName":"AY2021S2-CS2113T-T09-2/tp[master]","outputFolderName":"AY2021S2-CS2113T-T09-2_tp_master"},{"location":{"location":"https://github.com/AY2021S2-CS2113T-T09-3/tp.git","repoName":"tp","organization":"AY2021S2-CS2113T-T09-3"},"branch":"master","displayName":"AY2021S2-CS2113T-T09-3/tp[master]","outputFolderName":"AY2021S2-CS2113T-T09-3_tp_master"},{"location":{"location":"https://github.com/AY2021S2-CS2113T-T09-1/tp.git","repoName":"tp","organization":"AY2021S2-CS2113T-T09-1"},"branch":"master","displayName":"AY2021S2-CS2113T-T09-1/tp[master]","outputFolderName":"AY2021S2-CS2113T-T09-1_tp_master"},{"location":{"location":"https://github.com/AY2021S2-CS2113T-F08-2/tp.git","repoName":"tp","organization":"AY2021S2-CS2113T-F08-2"},"branch":"master","displayName":"AY2021S2-CS2113T-F08-2/tp[master]","outputFolderName":"AY2021S2-CS2113T-F08-2_tp_master"},{"location":{"location":"https://github.com/AY2021S2-CS2113T-F08-4/tp.git","repoName":"tp","organization":"AY2021S2-CS2113T-F08-4"},"branch":"master","displayName":"AY2021S2-CS2113T-F08-4/tp[master]","outputFolderName":"AY2021S2-CS2113T-F08-4_tp_master"},{"location":{"location":"https://github.com/AY2021S2-CS2113T-T09-4/tp.git","repoName":"tp","organization":"AY2021S2-CS2113T-T09-4"},"branch":"master","displayName":"AY2021S2-CS2113T-T09-4/tp[master]","outputFolderName":"AY2021S2-CS2113T-T09-4_tp_master"},{"location":{"location":"https://github.com/AY2021S2-CS2113T-W09-3/tp.git","repoName":"tp","organization":"AY2021S2-CS2113T-W09-3"},"branch":"master","displayName":"AY2021S2-CS2113T-W09-3/tp[master]","outputFolderName":"AY2021S2-CS2113T-W09-3_tp_master"},{"location":{"location":"https://github.com/AY2021S2-CS2113T-F08-3/tp.git","repoName":"tp","organization":"AY2021S2-CS2113T-F08-3"},"branch":"master","displayName":"AY2021S2-CS2113T-F08-3/tp[master]","outputFolderName":"AY2021S2-CS2113T-F08-3_tp_master"},{"location":{"location":"https://github.com/AY2021S2-CS2113T-F08-1/tp.git","repoName":"tp","organization":"AY2021S2-CS2113T-F08-1"},"branch":"master","displayName":"AY2021S2-CS2113T-F08-1/tp[master]","outputFolderName":"AY2021S2-CS2113T-F08-1_tp_master"}],"errorList":[],"sinceDate":"2021-03-05","untilDate":"2021-04-08","isSinceDateProvided":true,"isUntilDateProvided":false}
