{"authorDailyContributionsMap":{"vaiish371":[{"date":"2021-03-10","commitResults":[{"hash":"9658703821c42d5ece143871c58cd906cd3383af","messageTitle":"data class commit #1","messageBody":"","fileTypesAndContributionMap":{"functional-code":{"insertions":16,"deletions":1}}}]},{"date":"2021-03-11","commitResults":[{"hash":"55cae58a18ec466f06ed41b07845bbfa52aa31ad","messageTitle":"Adding test for Data class","messageBody":"","fileTypesAndContributionMap":{"test-code":{"insertions":30,"deletions":0}}},{"hash":"e236bac726d584e307cb291985123eb20031e39e","messageTitle":"Add Test for Data class #2","messageBody":"","fileTypesAndContributionMap":{"test-code":{"insertions":3,"deletions":4}}}]},{"date":"2021-03-15","commitResults":[{"hash":"8ea9a8708953d3285675feb2d420f2e9bc083ad2","messageTitle":"To view student details of module","messageBody":"","fileTypesAndContributionMap":{"functional-code":{"insertions":72,"deletions":22}}}]},{"date":"2021-03-21","commitResults":[{"hash":"c5d0e0dc0d8b467d3dc6990b4ce1afdcedada125","messageTitle":"UG commands for add module + student details","messageBody":"","fileTypesAndContributionMap":{"functional-code":{"insertions":1,"deletions":1},"docs":{"insertions":43,"deletions":0}}}]},{"date":"2021-03-24","commitResults":[{"hash":"5805c60a2e5d0d4ce135a300d90655f23c4f16ab","messageTitle":"Formatting UG done","messageBody":"","fileTypesAndContributionMap":{"docs":{"insertions":165,"deletions":140}}}]},{"date":"2021-03-25","commitResults":[{"hash":"579123c22fc4c9643e9aa50f21b38e7384357035","messageTitle":"DG UI changes","messageBody":"","fileTypesAndContributionMap":{"docs":{"insertions":14,"deletions":0}}},{"hash":"40bbf54357eb5c7913166d129caff5137f47d7e3","messageTitle":"Edited UG","messageBody":"","fileTypesAndContributionMap":{"docs":{"insertions":56,"deletions":54}}}]},{"date":"2021-03-28","commitResults":[{"hash":"9f619d5298509e4e7fd711216aa433e4ebf0fe7d","messageTitle":"Exceptions - round 1","messageBody":"","fileTypesAndContributionMap":{"functional-code":{"insertions":100,"deletions":57}}},{"hash":"a8cb16a87d5e713c1cd3a8908971b242ace1163d","messageTitle":"Exceptions - Round 1 (fix CI errors)","messageBody":"","fileTypesAndContributionMap":{"functional-code":{"insertions":17,"deletions":12}}},{"hash":"49959024db038d1826404b5d017fff96d1dff1ec","messageTitle":"Exceptions - Round 1 (fix CI errors again)","messageBody":"","fileTypesAndContributionMap":{"functional-code":{"insertions":1,"deletions":0}}},{"hash":"83591a36abd409923c4239c7db8c6572e4f1b56f","messageTitle":"Exceptions - Round 1 (#3 fix)","messageBody":"","fileTypesAndContributionMap":{"test-code":{"insertions":2,"deletions":1}}}]},{"date":"2021-03-30","commitResults":[{"hash":"9ef3e2dc2e45cc376e1d65943ff1e20a8389d1ae","messageTitle":"PR Changes","messageBody":"","fileTypesAndContributionMap":{"functional-code":{"insertions":58,"deletions":43},"test-code":{"insertions":2,"deletions":3}}},{"hash":"7b05cad9c087b01465580e63be1195bf3d2e8e9c","messageTitle":"PR changes - fix","messageBody":"","fileTypesAndContributionMap":{"functional-code":{"insertions":5,"deletions":1}}},{"hash":"284932c8909860690d9ec9d240f068ba88431660","messageTitle":"PR changes - #3","messageBody":"","fileTypesAndContributionMap":{"functional-code":{"insertions":6,"deletions":4}}}]},{"date":"2021-04-01","commitResults":[{"hash":"0cd3f2f8ba8b1a0b2e283d7f1c8de357d50f96fc","messageTitle":"added some more exceptions","messageBody":"","fileTypesAndContributionMap":{"functional-code":{"insertions":54,"deletions":28}}},{"hash":"882e2d5aa338bfef07cb9058f926bc4e5a444fd6","messageTitle":"exceptions - #2","messageBody":"","fileTypesAndContributionMap":{"functional-code":{"insertions":54,"deletions":38}}}]},{"date":"2021-04-04","commitResults":[{"hash":"28a5f06a583fac8f05d9b7ce86349bbf55a81bf4","messageTitle":"Edited exceptions","messageBody":"","fileTypesAndContributionMap":{"functional-code":{"insertions":25,"deletions":16}}},{"hash":"a1ae368b23f7400889241b4a6175e045b4d7a84d","messageTitle":"Changed to String array comments for assignment","messageBody":"","fileTypesAndContributionMap":{"functional-code":{"insertions":20,"deletions":14},"docs":{"insertions":1,"deletions":1}}}]},{"date":"2021-04-10","commitResults":[{"hash":"5b487de594bd0ec68356679daf587047e8c0e623","messageTitle":"#146 - Editing an Assignment Name Error","messageBody":"","fileTypesAndContributionMap":{"functional-code":{"insertions":32,"deletions":31},"docs":{"insertions":4,"deletions":4}}},{"hash":"2329980b6960886a118a17928df367e486d3c044","messageTitle":"fix checkstyles","messageBody":"","fileTypesAndContributionMap":{"functional-code":{"insertions":27,"deletions":1}}},{"hash":"8c2b5b9eb8e06364bc6177a52040a7e22d02ff16","messageTitle":"bugs fix round #2 - multiple issues","messageBody":"","fileTypesAndContributionMap":{"functional-code":{"insertions":51,"deletions":25},"docs":{"insertions":3,"deletions":3}}},{"hash":"e7f02ad704a2f7bfa20956531d7cb91f15df78db","messageTitle":"fix checkstyle","messageBody":"","fileTypesAndContributionMap":{"functional-code":{"insertions":2,"deletions":2}}},{"hash":"d4bbab4beae386066058ba57b733e15ada671971","messageTitle":"fix AssignmentTest","messageBody":"","fileTypesAndContributionMap":{"test-code":{"insertions":2,"deletions":1}}},{"hash":"c0f7b4aa532f69b6a30774334a5403a196791fa0","messageTitle":"ughh fix test again","messageBody":"","fileTypesAndContributionMap":{"test-code":{"insertions":1,"deletions":1}}},{"hash":"259ecdbb7fc37cacd41d6160bfeccd284e99178f","messageTitle":"help command","messageBody":"","fileTypesAndContributionMap":{"functional-code":{"insertions":50,"deletions":27}}},{"hash":"2b11ff60e0f882c58b715620de008e1502378c60","messageTitle":"Fixing checkstyles","messageBody":"","fileTypesAndContributionMap":{"functional-code":{"insertions":34,"deletions":7}}},{"hash":"d230614d0da1b4b9af973577f473bc154365dee0","messageTitle":"UG help + list module command added","messageBody":"","fileTypesAndContributionMap":{"docs":{"insertions":71,"deletions":3}}}]}],"zihan9485":[{"date":"2021-03-10","commitResults":[{"hash":"a0f41790764141abbcc54cc45bf66212afec2f9a","messageTitle":"Edit Ui","messageBody":"","fileTypesAndContributionMap":{"functional-code":{"insertions":15,"deletions":2}}},{"hash":"474ae5f5240428f68dd7d1a650dd6bb55247e357","messageTitle":"Add Module Command","messageBody":"","fileTypesAndContributionMap":{"functional-code":{"insertions":20,"deletions":0}}}]},{"date":"2021-03-11","commitResults":[{"hash":"76e3c47cf03c42340b702d1dcccf579e071facb7","messageTitle":"Add JUnit Tests for the AddModuleCommand","messageBody":"","fileTypesAndContributionMap":{"test-code":{"insertions":30,"deletions":0}}}]},{"date":"2021-03-15","commitResults":[{"hash":"9bb0d557c6e9c9d2fcf3805ccb12a1c20aef6661","messageTitle":"Add Module Timetable","messageBody":"","fileTypesAndContributionMap":{"functional-code":{"insertions":124,"deletions":10}}},{"hash":"49bd7071b5d82f699d34af9c9952bd001d74a51c","messageTitle":"Update Parser variable name","messageBody":"","fileTypesAndContributionMap":{"functional-code":{"insertions":6,"deletions":6}}}]},{"date":"2021-03-18","commitResults":[{"hash":"6bfcd1cc15c6ddadc116c1907a25a354d22f4c55","messageTitle":"Add ListModuleTimetableCommand","messageBody":"","fileTypesAndContributionMap":{"functional-code":{"insertions":113,"deletions":52}}},{"hash":"b494747195faf87dc79d584938706ed7a4e7a6ec","messageTitle":"Fix Ui Error","messageBody":"","fileTypesAndContributionMap":{"functional-code":{"insertions":1,"deletions":1}}},{"hash":"2e3c5515f990a9ea9a644294931cfcdae16ca524","messageTitle":"Fix Checkstyle Error","messageBody":"","fileTypesAndContributionMap":{"functional-code":{"insertions":12,"deletions":2}}}]},{"date":"2021-03-21","commitResults":[{"hash":"38576e05be0d37feab58c06aa8200f85ca33baed","messageTitle":"Add UG features for timetable commands","messageBody":"","fileTypesAndContributionMap":{"functional-code":{"insertions":0,"deletions":23},"docs":{"insertions":28,"deletions":7}}},{"hash":"296577289186bfcdbd5400268b796213795a4e0b","messageTitle":"Update UserGuide.md","messageBody":"","fileTypesAndContributionMap":{"docs":{"insertions":2,"deletions":2}}}]},{"date":"2021-03-22","commitResults":[{"hash":"e6e99da5da241005c2bcee00746303d1c8c23c3a","messageTitle":"Add List Module Command","messageBody":"","fileTypesAndContributionMap":{"functional-code":{"insertions":79,"deletions":47}}}]},{"date":"2021-03-24","commitResults":[{"hash":"34444220894aee0366b64c916775b794bb8d2cac","messageTitle":"Add deleteModuleTimetableCommand","messageBody":"","fileTypesAndContributionMap":{"functional-code":{"insertions":59,"deletions":18}}},{"hash":"9fbe8ee42627b4a43ae6fb4c5dc472a996ea6b64","messageTitle":"Fix Checkstyle Error","messageBody":"","fileTypesAndContributionMap":{"functional-code":{"insertions":19,"deletions":1}}},{"hash":"e74afab79ac400283aa2bc5df9e15b9a075374dc","messageTitle":"Add EditModuleTimetableCommand","messageBody":"","fileTypesAndContributionMap":{"functional-code":{"insertions":102,"deletions":1}}},{"hash":"351360d293da976b3bee336cb95c38dbdf65797b","messageTitle":"Add Data DG","messageBody":"","fileTypesAndContributionMap":{"docs":{"insertions":41,"deletions":0}}}]},{"date":"2021-03-29","commitResults":[{"hash":"4a01595ba15be2527fe59edd92a1ebedb101a93f","messageTitle":"Update User Guide Introduction","messageBody":"","fileTypesAndContributionMap":{"docs":{"insertions":70,"deletions":19}}}]},{"date":"2021-04-07","commitResults":[{"hash":"3416efd06790bbf196d48231d0a97ff2bcf2636b","messageTitle":"Fix Timetable Bugs","messageBody":"","fileTypesAndContributionMap":{"functional-code":{"insertions":57,"deletions":49},"docs":{"insertions":16,"deletions":8}}},{"hash":"714b34fe42dd9ce0fd0d5dcfcc36c5a9755ae10a","messageTitle":"Fix Check Style Error","messageBody":"","fileTypesAndContributionMap":{"functional-code":{"insertions":40,"deletions":3}}},{"hash":"2b8f87869646f04e4da82b749186f2efd5e67dc3","messageTitle":"Edit DG","messageBody":"","fileTypesAndContributionMap":{"docs":{"insertions":44,"deletions":20}}},{"hash":"021d571d2c97b40723f658a78f268e80c497a291","messageTitle":"Edit UG","messageBody":"","fileTypesAndContributionMap":{"docs":{"insertions":57,"deletions":26}}},{"hash":"1395579c07f2c832aeb5452a8b1c4d59f26fecd1","messageTitle":"Edit About Us","messageBody":"","fileTypesAndContributionMap":{"docs":{"insertions":5,"deletions":5}}},{"hash":"e57ebb70adc3bd20a3425c7b165d77d8d60c2ad2","messageTitle":"Add check for lessons that Start time is before End time","messageBody":"","fileTypesAndContributionMap":{"functional-code":{"insertions":26,"deletions":9},"docs":{"insertions":6,"deletions":0}}},{"hash":"b0f66357071fff4237ab423b00f2f91eb26bf5c8","messageTitle":"Fix Checkstyle","messageBody":"","fileTypesAndContributionMap":{"functional-code":{"insertions":6,"deletions":1}}}]},{"date":"2021-04-08","commitResults":[{"hash":"e38f54cb4dd92ca5185f7f04125fa743e4fbb74c","messageTitle":"Add PPP","messageBody":"","fileTypesAndContributionMap":{"docs":{"insertions":32,"deletions":0}}},{"hash":"14dbd24826684fe4db9dd0073275cc138e53e668","messageTitle":"Edit ReadMe","messageBody":"","fileTypesAndContributionMap":{"docs":{"insertions":11,"deletions":8}}},{"hash":"2c74b6fa92d5f990961424a07227ff8cd8830025","messageTitle":"Edit DG Data Diagram","messageBody":"","fileTypesAndContributionMap":{"docs":{"insertions":90,"deletions":44}}},{"hash":"e546f7c0657706db3ae5d4479bd7d06057dd4162","messageTitle":"DG Data diagram: Add Data class to Data package","messageBody":"","fileTypesAndContributionMap":{"docs":{"insertions":3,"deletions":2}}}]},{"date":"2021-04-09","commitResults":[{"hash":"aced3950b002a6e23843578248d01a212fae2128","messageTitle":"Edit-PPP","messageBody":"","fileTypesAndContributionMap":{"docs":{"insertions":9,"deletions":8}}}]},{"date":"2021-04-10","commitResults":[{"hash":"5f5420476e1f3f574474319c08d6dd3006a39c2e","messageTitle":"Reorganise Packages","messageBody":"","fileTypesAndContributionMap":{"functional-code":{"insertions":87,"deletions":91},"other":{"insertions":38,"deletions":32},"docs":{"insertions":61,"deletions":54},"test-code":{"insertions":12,"deletions":19}}},{"hash":"6e134863492fa6b620d9afa6b79fb5f95f7fbba8","messageTitle":"Fix Time Exception","messageBody":"","fileTypesAndContributionMap":{"functional-code":{"insertions":14,"deletions":19}}},{"hash":"7960051669fb262c5bb52e8c1858b794b47dd242","messageTitle":"Fix Checkstyle","messageBody":"","fileTypesAndContributionMap":{"functional-code":{"insertions":17,"deletions":2}}},{"hash":"ad26d912dedf8b8edd2c59a36087ae4491da6ea1","messageTitle":"Fix Add/Edit Timetable Input Formatting and validation","messageBody":"","fileTypesAndContributionMap":{"functional-code":{"insertions":35,"deletions":26},"docs":{"insertions":9,"deletions":2}}},{"hash":"0bb2938fbcaa1d2d1d6a521b45108c2dc83781f4","messageTitle":"Fix Checkstyle","messageBody":"","fileTypesAndContributionMap":{"functional-code":{"insertions":13,"deletions":3}}},{"hash":"292296f772e7e5903b1a10b7a392014fdbb96c91","messageTitle":"Fix input formatting checks for Add Student","messageBody":"","fileTypesAndContributionMap":{"functional-code":{"insertions":37,"deletions":25},"other":{"insertions":2,"deletions":2}}},{"hash":"b1c45f02f68ca396126746986bdeaec6bd3e5540","messageTitle":"Check for duplicate student numbers","messageBody":"","fileTypesAndContributionMap":{"functional-code":{"insertions":14,"deletions":1},"docs":{"insertions":2,"deletions":0}}},{"hash":"af57b14d6f754b071841b0fab2e6fb2a0225dd57","messageTitle":"Fix Checkstyle","messageBody":"","fileTypesAndContributionMap":{"functional-code":{"insertions":1,"deletions":1}}},{"hash":"23e4e90c7d494b49d532bf5fdf1922a6f4b339a4","messageTitle":"Fix Empty Module Input","messageBody":"","fileTypesAndContributionMap":{"functional-code":{"insertions":34,"deletions":25}}},{"hash":"e904f262aa134514bc29aa78c6ea6c8f30c6829b","messageTitle":"Fix Checkstyle","messageBody":"","fileTypesAndContributionMap":{"functional-code":{"insertions":11,"deletions":1}}},{"hash":"a3df54e9e2b38951216a64e7b0ca056bd871fc9e","messageTitle":"Fix Unit Tests","messageBody":"","fileTypesAndContributionMap":{"test-code":{"insertions":2,"deletions":2}}},{"hash":"4af7ecea1430df66e1573e64bf9e21600fc3121d","messageTitle":"Add Input Formatting to UG","messageBody":"","fileTypesAndContributionMap":{"docs":{"insertions":17,"deletions":16}}}]}],"jianningzhuang":[{"date":"2021-03-05","commitResults":[{"hash":"a88607810c9e42adae7ba3ed3849639aa51fef05","messageTitle":"update runtest.sh","messageBody":"","fileTypesAndContributionMap":{"other":{"insertions":0,"deletions":22}}},{"hash":"c3ad6f639f19f9af89b9243994f34b3b6a9fe9d0","messageTitle":"add rutest.sh","messageBody":"","fileTypesAndContributionMap":{"other":{"insertions":22,"deletions":0}}},{"hash":"a07bdf0577cfb02a05e176e85e6d1e83c38f22d9","messageTitle":"reove contents from runtest.sh","messageBody":"","fileTypesAndContributionMap":{"other":{"insertions":0,"deletions":23}}},{"hash":"ed3ae5f78696f3825c8c15d2eb03f5c451c50e57","messageTitle":"add runtest.sh","messageBody":"","fileTypesAndContributionMap":{"other":{"insertions":24,"deletions":0}}},{"hash":"c74f9b37b2fe2e550147057a5b5df7c7b261d40e","messageTitle":"last try","messageBody":"","fileTypesAndContributionMap":{"other":{"insertions":0,"deletions":1}}},{"hash":"423920319ded99e5cae336760240992c08a97de2","messageTitle":"fix gradlew checks","messageBody":"","fileTypesAndContributionMap":{"functional-code":{"insertions":6,"deletions":6}}},{"hash":"b4627d78ad1a95c0810e7d73c14cb15b2db61d91","messageTitle":"push after chmod","messageBody":"","fileTypesAndContributionMap":{"functional-code":{"insertions":1,"deletions":1}}},{"hash":"8c49922f90bbebf99e8c1126e188d84150d21bfb","messageTitle":"fix runtest.sh","messageBody":"","fileTypesAndContributionMap":{"other":{"insertions":0,"deletions":1}}},{"hash":"a01c2d3f436f1e4412b1aa19fc4359f5ee95d114","messageTitle":"please work","messageBody":"","fileTypesAndContributionMap":{"other":{"insertions":0,"deletions":2}}}]},{"date":"2021-03-10","commitResults":[{"hash":"ba4cfb9f71b1151482660e0705ab70871a9943f7","messageTitle":"update parser with AddModuleCommand and AddAssignmentCommand","messageBody":"","fileTypesAndContributionMap":{"functional-code":{"insertions":8,"deletions":1}}},{"hash":"a3733e36f3a4fcedd2022b9dea91ca9d4abe877f","messageTitle":"add AddAssignmentCommand Class","messageBody":"","fileTypesAndContributionMap":{"functional-code":{"insertions":23,"deletions":0}}}]},{"date":"2021-03-11","commitResults":[{"hash":"aa1fef0d76d0b694725732096a91f56c9b7f3f64","messageTitle":"fix gradlew","messageBody":"","fileTypesAndContributionMap":{"functional-code":{"insertions":18,"deletions":17}}},{"hash":"9f214844a55029f4f454631c759217ace54539b4","messageTitle":"fix expected.txt","messageBody":"","fileTypesAndContributionMap":{"functional-code":{"insertions":1,"deletions":1}}},{"hash":"3b474f16b787289859fd4571e11b55333b4de01c","messageTitle":"Add JUnit Test for parser class","messageBody":"","fileTypesAndContributionMap":{"test-code":{"insertions":47,"deletions":0}}},{"hash":"f96cc9c56ed882872aecdfcb0875ba87fdf30c0c","messageTitle":"fix import * checkstyle","messageBody":"","fileTypesAndContributionMap":{"test-code":{"insertions":5,"deletions":1}}},{"hash":"51a0f3765524244c72cfe371a5f911fb314a3666","messageTitle":"update parser test naming","messageBody":"","fileTypesAndContributionMap":{"test-code":{"insertions":1,"deletions":1}}}]},{"date":"2021-03-13","commitResults":[{"hash":"6fd0eca259d2c02cb0d6915ff524f30a226e0d46","messageTitle":"add basic listModuleAssignment functionality","messageBody":"","fileTypesAndContributionMap":{"functional-code":{"insertions":37,"deletions":6},"test-code":{"insertions":1,"deletions":2}}},{"hash":"33412124003fcdc0da494e91f8297da6a90b4833","messageTitle":"fix checkstyle","messageBody":"","fileTypesAndContributionMap":{"functional-code":{"insertions":1,"deletions":1}}},{"hash":"84a74196d4646cdc61875710c79956f75090008a","messageTitle":"enable assertions and add logging to Parser","messageBody":"","fileTypesAndContributionMap":{"functional-code":{"insertions":11,"deletions":0},"other":{"insertions":2,"deletions":1}}},{"hash":"d142928df0ccc0ffdcdcecc774951b3bc17528f1","messageTitle":"add assertion to check command not null in parser","messageBody":"","fileTypesAndContributionMap":{"functional-code":{"insertions":1,"deletions":0}}},{"hash":"2f35df16ad69be20c75260b2a72a62360a5ea200","messageTitle":"catch exceptions in parser class","messageBody":"","fileTypesAndContributionMap":{"functional-code":{"insertions":28,"deletions":13}}},{"hash":"001053b777b7ea6c6eeed540e18777b90940a84e","messageTitle":"print different message if no assignments currently in module","messageBody":"","fileTypesAndContributionMap":{"functional-code":{"insertions":8,"deletions":3}}}]},{"date":"2021-03-14","commitResults":[{"hash":"689971db2c4792e860eddd0f441fc00a1167870d","messageTitle":"check for input with only spaces","messageBody":"","fileTypesAndContributionMap":{"functional-code":{"insertions":9,"deletions":1}}},{"hash":"ab2cfc925f0a96f736a183c7f6c76f4dccc2a5e2","messageTitle":"fix checkstyle so annoying","messageBody":"","fileTypesAndContributionMap":{"functional-code":{"insertions":1,"deletions":1}}}]},{"date":"2021-03-15","commitResults":[{"hash":"4108511811a4bff3d2607cea2741069af4f0612e","messageTitle":"Update Parser.java","messageBody":"","fileTypesAndContributionMap":{"functional-code":{"insertions":2,"deletions":2}}}]},{"date":"2021-03-16","commitResults":[{"hash":"5ec35a1bc67dc97c2142465e1ad09ded98e3fc98","messageTitle":"add SetAssignmentGrade Command so ListStudentGrade can print","messageBody":"","fileTypesAndContributionMap":{"functional-code":{"insertions":93,"deletions":17}}},{"hash":"dc9b1cf811a883c9b88c1458f7168878d2854f2e","messageTitle":"fix checkstyle","messageBody":"","fileTypesAndContributionMap":{"functional-code":{"insertions":2,"deletions":2}}},{"hash":"66d2b556188e8c7a0e164599f57b7567a9caa0ee","messageTitle":"add some assertions and logging","messageBody":"","fileTypesAndContributionMap":{"functional-code":{"insertions":2,"deletions":0}}}]},{"date":"2021-03-18","commitResults":[{"hash":"0b6d1047e728531e0ab767074431fe187e788c72","messageTitle":"some ui changes and update input","messageBody":"","fileTypesAndContributionMap":{"functional-code":{"insertions":2,"deletions":2}}}]},{"date":"2021-03-20","commitResults":[{"hash":"939116c4334ef927dfa620a98a45ebc248d2f6e9","messageTitle":"set assignment deadline","messageBody":"","fileTypesAndContributionMap":{"functional-code":{"insertions":65,"deletions":4}}},{"hash":"cf28e19eeee0c18a5b705b8b7f22f54afcff70c2","messageTitle":"catch exception for add module, add assignment and list assignment","messageBody":"","fileTypesAndContributionMap":{"functional-code":{"insertions":23,"deletions":14}}},{"hash":"778507f1ebf9b024a8394868dacf3d1f8730b787","messageTitle":"add JUnit test for new exceptions","messageBody":"","fileTypesAndContributionMap":{"functional-code":{"insertions":6,"deletions":0},"test-code":{"insertions":49,"deletions":11}}},{"hash":"1c7e7f29b822c4b77eb0de7bd37b5db7a2ade116","messageTitle":"fix checkstyle","messageBody":"","fileTypesAndContributionMap":{"functional-code":{"insertions":1,"deletions":2}}},{"hash":"995c1320446e93ae59983081e08ec2c0bc857c0e","messageTitle":"add more JUnit test for coverage","messageBody":"","fileTypesAndContributionMap":{"functional-code":{"insertions":31,"deletions":13},"test-code":{"insertions":37,"deletions":0}}},{"hash":"9996da2635f40c10099f4d2793e8a1984b357ba5","messageTitle":"add sorting functionality","messageBody":"","fileTypesAndContributionMap":{"functional-code":{"insertions":75,"deletions":10}}},{"hash":"eadc30c58f97c23dff9cb5f2893ec3a5ceab4b4f","messageTitle":"fix checkstyle","messageBody":"","fileTypesAndContributionMap":{"test-code":{"insertions":2,"deletions":1}}},{"hash":"0a0e610d81ed28e89e648f318bcc656eb9654b53","messageTitle":"check for null deadline","messageBody":"","fileTypesAndContributionMap":{"functional-code":{"insertions":6,"deletions":0}}},{"hash":"dad8a6fe7174298a8be380845999459d1f9e25b6","messageTitle":"fix checkstyle","messageBody":"","fileTypesAndContributionMap":{"functional-code":{"insertions":1,"deletions":2}}}]},{"date":"2021-03-21","commitResults":[{"hash":"d35c049c6c9d560b46191cd36873256ac6e0f1ea","messageTitle":"add assignment features to UG","messageBody":"","fileTypesAndContributionMap":{"docs":{"insertions":70,"deletions":9}}},{"hash":"459c4e7326d235c9f580620c3ffe7dc657fc8c56","messageTitle":"add more features","messageBody":"","fileTypesAndContributionMap":{"docs":{"insertions":34,"deletions":12}}}]},{"date":"2021-03-24","commitResults":[{"hash":"ff8b7b0c59cb609076453c701603980443956b34","messageTitle":"add Parser and Command Component to DG","messageBody":"","fileTypesAndContributionMap":{"functional-code":{"insertions":0,"deletions":1},"docs":{"insertions":145,"deletions":6}}},{"hash":"7f24bf0d8a6f54bcbd2b2409201f80cc55bcc06e","messageTitle":"update DG Logic","messageBody":"","fileTypesAndContributionMap":{"docs":{"insertions":19,"deletions":8}}},{"hash":"249bb31a3d0e8f46314a693f36aa4f4b113194eb","messageTitle":"add sequence diagram for sort command","messageBody":"","fileTypesAndContributionMap":{"docs":{"insertions":44,"deletions":0}}},{"hash":"b5558655f694d774091996035690c6cf4c9f1757","messageTitle":"fix uml","messageBody":"","fileTypesAndContributionMap":{"docs":{"insertions":1,"deletions":1}}}]},{"date":"2021-03-27","commitResults":[{"hash":"c4c9647888d8fb3213361cbf7478aa27fa094421","messageTitle":"add view answer command","messageBody":"","fileTypesAndContributionMap":{"functional-code":{"insertions":178,"deletions":25},"test-code":{"insertions":1,"deletions":1}}},{"hash":"88407a34cb76deb786adbcb8bb3bf8d68447a665","messageTitle":"fix checkstyle","messageBody":"","fileTypesAndContributionMap":{"functional-code":{"insertions":35,"deletions":12}}},{"hash":"7b3db78ae79cde885be33b6144a1fdd514840e86","messageTitle":"fix checkstyle","messageBody":"","fileTypesAndContributionMap":{"functional-code":{"insertions":4,"deletions":2}}},{"hash":"f5ed05fc052ddbe7bd9582df043c9d980b50e0c0","messageTitle":"fix JUnit test","messageBody":"","fileTypesAndContributionMap":{"test-code":{"insertions":2,"deletions":0}}},{"hash":"cbd97299fe80426948f29036f73903421e0be2ae","messageTitle":"add view student script","messageBody":"","fileTypesAndContributionMap":{"functional-code":{"insertions":159,"deletions":9}}},{"hash":"71cc7f57a3ca7ae14c129943e74268eb21eea14d","messageTitle":"fix checkstyle","messageBody":"","fileTypesAndContributionMap":{"functional-code":{"insertions":1,"deletions":1}}}]},{"date":"2021-03-28","commitResults":[{"hash":"e3378ed912e1cb5f2f9587450e331c22754af0da","messageTitle":"add autograde assignment","messageBody":"","fileTypesAndContributionMap":{"functional-code":{"insertions":258,"deletions":22}}},{"hash":"2b30a851f0df7cd46513144c31aeac0facf4b779","messageTitle":"fix checkstyle","messageBody":"","fileTypesAndContributionMap":{"functional-code":{"insertions":1,"deletions":1}}},{"hash":"4ef7e2cbb86af37e8aa6fc6fd28befdddeb90eea","messageTitle":"fix author and chekstyle","messageBody":"","fileTypesAndContributionMap":{"docs":{"insertions":5,"deletions":3}}}]},{"date":"2021-03-29","commitResults":[{"hash":"1239cd06d52139292e63f4af2224370e1c626f2f","messageTitle":"add list ungraded students","messageBody":"","fileTypesAndContributionMap":{"functional-code":{"insertions":24,"deletions":0},"docs":{"insertions":5,"deletions":5}}}]},{"date":"2021-04-01","commitResults":[{"hash":"d6f61f76d435ec93fccf697c688d449104bb6df2","messageTitle":"check for invalid MCQ options","messageBody":"","fileTypesAndContributionMap":{"functional-code":{"insertions":26,"deletions":7}}},{"hash":"3c0d1047f4e366978b18111d529fe271d2569d82","messageTitle":"fix checkstyle","messageBody":"","fileTypesAndContributionMap":{"functional-code":{"insertions":5,"deletions":4}}},{"hash":"a85401ad19957d8fd11a17aa18df92b1be8731c8","messageTitle":"caught some exceptions","messageBody":"","fileTypesAndContributionMap":{"functional-code":{"insertions":24,"deletions":9}}}]},{"date":"2021-04-03","commitResults":[{"hash":"74dfe3ea852b299393addc1feda341b0aa424fd5","messageTitle":"add Editing Assignments Section","messageBody":"","fileTypesAndContributionMap":{"functional-code":{"insertions":6,"deletions":4},"docs":{"insertions":158,"deletions":18}}},{"hash":"c728143d0f9bd52b06b6a483e92b220d2f72e2ab","messageTitle":"add Autograde sequence diagram","messageBody":"","fileTypesAndContributionMap":{"docs":{"insertions":106,"deletions":2}}}]},{"date":"2021-04-07","commitResults":[{"hash":"56897fec9d33db39722c9b239b4b7225deb6e755","messageTitle":"Delete SetDeadlineCommand.puml","messageBody":"","fileTypesAndContributionMap":{"docs":{"insertions":0,"deletions":46}}}]},{"date":"2021-04-08","commitResults":[{"hash":"47417ef5bb4d3f4c674f644d20c606fd77f8cbfd","messageTitle":"improve sequece diagram and add implementation considerations for autograding","messageBody":"","fileTypesAndContributionMap":{"functional-code":{"insertions":1,"deletions":1},"docs":{"insertions":221,"deletions":19}}},{"hash":"c558dd9c85d5599696aeefd24c38588ed7d6e190","messageTitle":"add features section in PPP","messageBody":"","fileTypesAndContributionMap":{"docs":{"insertions":60,"deletions":16}}},{"hash":"3bd53f96b5194180a1d52c536f8659b4f9519ea3","messageTitle":"update PPP","messageBody":"","fileTypesAndContributionMap":{"docs":{"insertions":22,"deletions":27}}},{"hash":"4c2fbf08176788dffc17da979f6221a2cb1f98ee","messageTitle":"finalise PPP","messageBody":"","fileTypesAndContributionMap":{"docs":{"insertions":3,"deletions":3}}}]},{"date":"2021-04-09","commitResults":[{"hash":"1587c33884580c568489d78221cff15e37a19ceb","messageTitle":"finalise DG","messageBody":"","fileTypesAndContributionMap":{"functional-code":{"insertions":1,"deletions":1},"docs":{"insertions":23,"deletions":20}}}]},{"date":"2021-04-10","commitResults":[{"hash":"2489289f85cad94d7cc3cc1661af1371bcae8ff2","messageTitle":"merge","messageBody":"","fileTypesAndContributionMap":{"functional-code":{"insertions":60,"deletions":19},"docs":{"insertions":4,"deletions":4},"test-code":{"insertions":100,"deletions":3}}},{"hash":"21d8d913439b015201c1de8625fd8af10736887d","messageTitle":"add JUnit for MCQ and Short Answer","messageBody":"","fileTypesAndContributionMap":{"functional-code":{"insertions":3,"deletions":0},"test-code":{"insertions":222,"deletions":16}}},{"hash":"32aaf4e7abf397313713a0c57dff22bd6c29c4e8","messageTitle":"pls","messageBody":"","fileTypesAndContributionMap":{"test-code":{"insertions":7,"deletions":7}}},{"hash":"3421898758a034426ecf25c427fd17843af535d8","messageTitle":"fix checkstyle","messageBody":"","fileTypesAndContributionMap":{"test-code":{"insertions":1,"deletions":18}}},{"hash":"3c4f411976d89938c5a614fdeade31c216abd093","messageTitle":"update","messageBody":"","fileTypesAndContributionMap":{"test-code":{"insertions":1,"deletions":1}}},{"hash":"e8bb51a07bd39709b54536c7cbd989e4c37a3bd2","messageTitle":"add commit","messageBody":"","fileTypesAndContributionMap":{"functional-code":{"insertions":109,"deletions":89},"test-code":{"insertions":219,"deletions":8}}},{"hash":"b90fba57683571d96952d526a40fb9c0af8b24a2","messageTitle":"try again","messageBody":"","fileTypesAndContributionMap":{"test-code":{"insertions":20,"deletions":2}}},{"hash":"4f4005e760d5f8b761db081568cc592a51b6f23f","messageTitle":"fix tests","messageBody":"","fileTypesAndContributionMap":{"test-code":{"insertions":4,"deletions":4}}},{"hash":"82bd1476c0fd86bae873120f5c8fd186618ed6e1","messageTitle":"fix set assigment grade bug","messageBody":"","fileTypesAndContributionMap":{"functional-code":{"insertions":40,"deletions":26}}},{"hash":"62967764313b2db7df480c5a630f9565023e4ed2","messageTitle":"fix parser test","messageBody":"","fileTypesAndContributionMap":{"test-code":{"insertions":2,"deletions":0}}},{"hash":"c94ba600217bfbf16056eccc273734d01e5f407c","messageTitle":"fix date time","messageBody":"","fileTypesAndContributionMap":{"functional-code":{"insertions":13,"deletions":6}}},{"hash":"6db0c89c4b2b03b28981f4527ed0b6d40b92b3ec","messageTitle":"change divider length","messageBody":"","fileTypesAndContributionMap":{"functional-code":{"insertions":1,"deletions":1}}},{"hash":"4a82bd33f344ded0deeb22233e9398b375d7f535","messageTitle":"check autograde bugs","messageBody":"","fileTypesAndContributionMap":{"functional-code":{"insertions":146,"deletions":19}}},{"hash":"0127e291adddeffebb14abb7517feb4c116262cd","messageTitle":"Update Storage.java","messageBody":"","fileTypesAndContributionMap":{"functional-code":{"insertions":3,"deletions":3}}},{"hash":"900f34d5787462791909b09540fb7a27d2eeb680","messageTitle":"Update Autogradable.java","messageBody":"","fileTypesAndContributionMap":{"functional-code":{"insertions":2,"deletions":1}}},{"hash":"8af1b39a7ee09cc1ee63fd32e4882a01e8fc59e3","messageTitle":"update UG","messageBody":"","fileTypesAndContributionMap":{"functional-code":{"insertions":3,"deletions":3},"docs":{"insertions":81,"deletions":25}}}]},{"date":"2021-04-11","commitResults":[{"hash":"22979f75022c16383f637719d436fd288c6a3ef0","messageTitle":"view answer and script draft","messageBody":"","fileTypesAndContributionMap":{"docs":{"insertions":111,"deletions":10}}}]}],"bryanwhl":[{"date":"2021-03-10","commitResults":[{"hash":"4ebace40e25492db921fd3ffc62a7df10fcc3659","messageTitle":"edit assignment class","messageBody":"","fileTypesAndContributionMap":{"functional-code":{"insertions":28,"deletions":21}}}]},{"date":"2021-03-11","commitResults":[{"hash":"d6531db4369bbfc0372fe640032cc0bdaf1b6cc3","messageTitle":"add junit test for assignment","messageBody":"","fileTypesAndContributionMap":{"functional-code":{"insertions":8,"deletions":0},"test-code":{"insertions":22,"deletions":0}}}]},{"date":"2021-03-15","commitResults":[{"hash":"3ec30395094187abccba41dfdeed1b4ce760a00d","messageTitle":"add answer class, assignmentmcq class as well as add features for each class","messageBody":"","fileTypesAndContributionMap":{"functional-code":{"insertions":177,"deletions":23}}},{"hash":"31f2f69d72d1018f604dcd3e3049e8cb73a4d43d","messageTitle":"add edit assignment name command and list student grades for assignment command","messageBody":"","fileTypesAndContributionMap":{"functional-code":{"insertions":99,"deletions":159}}},{"hash":"8538878bcd108aa4f3e45a94c0d121ea79af8537","messageTitle":"Update Assignment.java","messageBody":"","fileTypesAndContributionMap":{"functional-code":{"insertions":2,"deletions":2}}},{"hash":"352833171e86a7b997814c4d6fa6d67ea9c972bc","messageTitle":"Update EditAssignmentNameCommand.java","messageBody":"","fileTypesAndContributionMap":{"functional-code":{"insertions":1,"deletions":1}}},{"hash":"2a1f382ca3b4bfad851106c3aa7d081005d67380","messageTitle":"Update Parser.java","messageBody":"","fileTypesAndContributionMap":{"functional-code":{"insertions":2,"deletions":2}}},{"hash":"8196adbd96fa374d0c27ed37bb436e51af5c409a","messageTitle":"Update Ui.java","messageBody":"","fileTypesAndContributionMap":{"functional-code":{"insertions":3,"deletions":3}}},{"hash":"e2665bc0739903f29782bb56eb832a7180be7408","messageTitle":"Update Ui.java","messageBody":"","fileTypesAndContributionMap":{"functional-code":{"insertions":2,"deletions":0}}},{"hash":"b234ca82107c6e604c19839d215344cec59d44af","messageTitle":"fix list student bug and add logger","messageBody":"","fileTypesAndContributionMap":{"functional-code":{"insertions":6,"deletions":6}}}]},{"date":"2021-03-21","commitResults":[{"hash":"dc80a65b897a5c40dc2d086ee852c366814da481","messageTitle":"make assignment abstract, add answer class as well as update UG","messageBody":"","fileTypesAndContributionMap":{"functional-code":{"insertions":99,"deletions":12},"other":{"insertions":4,"deletions":2},"docs":{"insertions":43,"deletions":0},"test-code":{"insertions":1,"deletions":1}}},{"hash":"6c1addd40e3fa5e393bfb02d146c3fb79c859a2f","messageTitle":"fix tests and checkstyle","messageBody":"","fileTypesAndContributionMap":{"functional-code":{"insertions":3,"deletions":3},"other":{"insertions":2,"deletions":2},"test-code":{"insertions":7,"deletions":4}}},{"hash":"8b078a7fbf39a35d99ba0485700eccdd59bce3a6","messageTitle":"fix tests","messageBody":"","fileTypesAndContributionMap":{"test-code":{"insertions":2,"deletions":2}}}]},{"date":"2021-03-24","commitResults":[{"hash":"56ebad6eea31180e1f21019433521c3b7d6872db","messageTitle":"storage class diagram implemented","messageBody":"","fileTypesAndContributionMap":{"docs":{"insertions":29,"deletions":0}}}]},{"date":"2021-03-25","commitResults":[{"hash":"53b1b08b412acb0cf0140e0b28c848d17cbebe43","messageTitle":"storage developer guide finalized","messageBody":"","fileTypesAndContributionMap":{"docs":{"insertions":7,"deletions":4}}}]},{"date":"2021-03-29","commitResults":[{"hash":"c4fe7fd72fb4ac6978c81bbbc628e2d18e733538","messageTitle":"implement set assignment percentage command","messageBody":"","fileTypesAndContributionMap":{"functional-code":{"insertions":86,"deletions":22}}},{"hash":"eb6d17f99c945e1bb17aeec90e27f6abbcdbad5f","messageTitle":"implement storable interface","messageBody":"","fileTypesAndContributionMap":{"functional-code":{"insertions":12,"deletions":0}}},{"hash":"a8d1dfd06f3f5f78a8a1bb8cdbdaab4227282ac1","messageTitle":"Update Storable.java","messageBody":"","fileTypesAndContributionMap":{"functional-code":{"insertions":4,"deletions":4}}},{"hash":"44ac7cefd72caa5a9bc45d25d97eeec104e17df4","messageTitle":"Update Storable.java","messageBody":"","fileTypesAndContributionMap":{"functional-code":{"insertions":0,"deletions":1}}}]},{"date":"2021-04-01","commitResults":[{"hash":"26c1324e17cc939ede6eea059d30ef2a77144fd9","messageTitle":"implement storage functionality fully","messageBody":"","fileTypesAndContributionMap":{"functional-code":{"insertions":250,"deletions":10}}},{"hash":"19d5ab8eaf49bbc09b940b7b36644693d5689bf8","messageTitle":"fix import bug","messageBody":"","fileTypesAndContributionMap":{"functional-code":{"insertions":22,"deletions":11}}},{"hash":"e343a864a7dbb30feb06d0977f4b143ef518a446","messageTitle":"Update Storage.java","messageBody":"","fileTypesAndContributionMap":{"functional-code":{"insertions":10,"deletions":10}}},{"hash":"2acaf6e23906275eea5ce87c91af4d2aa7550b95","messageTitle":"Update Modman.java","messageBody":"","fileTypesAndContributionMap":{"functional-code":{"insertions":0,"deletions":1}}},{"hash":"dc02854ac94517b554bf8a2b0a2dfe92a1697ca6","messageTitle":"assignment comments implemented","messageBody":"","fileTypesAndContributionMap":{"functional-code":{"insertions":145,"deletions":0}}},{"hash":"32b98a4199f95c0c8f04f6ae6159d8ab6e306ca3","messageTitle":"fixed duplicate assignments","messageBody":"","fileTypesAndContributionMap":{"functional-code":{"insertions":17,"deletions":1}}},{"hash":"03dd58a6853c0e65406ad013fed93703a38a550e","messageTitle":"fix duplicate assignments","messageBody":"","fileTypesAndContributionMap":{"functional-code":{"insertions":2,"deletions":2}}},{"hash":"99a748b45e83ab724dbf68a5ebc1ecc70eaf86af","messageTitle":"update author ug","messageBody":"","fileTypesAndContributionMap":{"docs":{"insertions":3,"deletions":3}}},{"hash":"3cdb360d1a97fbbc0c8df720ec12a16680332c37","messageTitle":"disable logging","messageBody":"","fileTypesAndContributionMap":{"functional-code":{"insertions":3,"deletions":0}}}]},{"date":"2021-04-08","commitResults":[{"hash":"01305ae89f3edd9d1a7e6e9e56f2e85660f9d0fe","messageTitle":"add project portfolio","messageBody":"","fileTypesAndContributionMap":{"docs":{"insertions":28,"deletions":0}}},{"hash":"7bfbdacafb55714a8f740ba87b97608807e7739f","messageTitle":"user-guide-update","messageBody":"","fileTypesAndContributionMap":{"docs":{"insertions":84,"deletions":8}}}]},{"date":"2021-04-10","commitResults":[{"hash":"18356dae61e6e3dea66a3a6e77f22c724bb91406","messageTitle":"Update Ui.java","messageBody":"","fileTypesAndContributionMap":{"functional-code":{"insertions":1,"deletions":7}}},{"hash":"7a9174261360c3096fc58bd5e6ebf95cb256cff8","messageTitle":"fix wrong error message","messageBody":"","fileTypesAndContributionMap":{"functional-code":{"insertions":109,"deletions":56}}},{"hash":"c6beb2bbbbf7b489397470d00380773864b2ac0c","messageTitle":"fix checkstyle","messageBody":"","fileTypesAndContributionMap":{"functional-code":{"insertions":16,"deletions":4}}},{"hash":"a3c6c11d39c1e2902a614d9c946cde97a9fbf6b1","messageTitle":"add trim for assignment commands","messageBody":"","fileTypesAndContributionMap":{"functional-code":{"insertions":18,"deletions":18},"test-code":{"insertions":2,"deletions":4}}},{"hash":"8be5639364c7342bb60fb09678361d72612501ee","messageTitle":"fix whitespace bug","messageBody":"","fileTypesAndContributionMap":{"functional-code":{"insertions":40,"deletions":15},"docs":{"insertions":4,"deletions":4}}},{"hash":"7938ea4721fbda13137e63fe234d9490158a713d","messageTitle":"fix-whitespace-bug","messageBody":"","fileTypesAndContributionMap":{"functional-code":{"insertions":4,"deletions":4}}},{"hash":"bb3644baf2fd02186e59ba592f0311e66cacadde","messageTitle":"update developer guide","messageBody":"","fileTypesAndContributionMap":{"docs":{"insertions":37,"deletions":14}}}]}],"vvvvh123":[{"date":"2021-03-05","commitResults":[{"hash":"68b845699e657ef2ddf20b147817516c1a71e2cb","messageTitle":"Test gradlew","messageBody":"","fileTypesAndContributionMap":{"other":{"insertions":1,"deletions":0}}},{"hash":"a8bdd7cabcbf2a67c00842d92966f21abe8560a2","messageTitle":"Test gradle again","messageBody":"","fileTypesAndContributionMap":{"other":{"insertions":0,"deletions":0}}},{"hash":"6045b33fb16a45cbd2d94099f3523256f2e57bf6","messageTitle":"Test gradle part 3","messageBody":"","fileTypesAndContributionMap":{"other":{"insertions":0,"deletions":1}}},{"hash":"52447c542f94fbc26741d6ac7f3d138e4690ae79","messageTitle":"Test grade part 4","messageBody":"","fileTypesAndContributionMap":{"functional-code":{"insertions":1,"deletions":1}}}]},{"date":"2021-03-06","commitResults":[{"hash":"fb0b37dee6991e2d0d41671444d0c44fc08ecaf5","messageTitle":"Remove checkstyle violations","messageBody":"","fileTypesAndContributionMap":{"functional-code":{"insertions":5,"deletions":5}}}]},{"date":"2021-03-10","commitResults":[{"hash":"0783ef46397f76808a6fcee107334c08fc410551","messageTitle":"Add Module Class","messageBody":"","fileTypesAndContributionMap":{"functional-code":{"insertions":29,"deletions":0}}}]},{"date":"2021-03-11","commitResults":[{"hash":"bbc470384bde891b52e3250f697e4f3d19672fab","messageTitle":"Add code to fix bugs","messageBody":"","fileTypesAndContributionMap":{"functional-code":{"insertions":134,"deletions":21}}},{"hash":"b9e6854c170246a3667238ef35e1fe3dcee53d8b","messageTitle":"Add JUnit test for Module class","messageBody":"","fileTypesAndContributionMap":{"functional-code":{"insertions":4,"deletions":0},"test-code":{"insertions":40,"deletions":0}}},{"hash":"6fdd7f8c301936e99bbaef0f0f1948a639ab2e72","messageTitle":"Fix checkstyle for ModuleTest class","messageBody":"","fileTypesAndContributionMap":{"test-code":{"insertions":7,"deletions":7}}},{"hash":"ad41080a53e0b71bd26a322735674bad94edfb9a","messageTitle":"Edit exception test in ModuleTest class","messageBody":"","fileTypesAndContributionMap":{"test-code":{"insertions":2,"deletions":6}}},{"hash":"838b93958c953a1d628632198e273107fe350128","messageTitle":"Fix checkstyle issues","messageBody":"","fileTypesAndContributionMap":{"test-code":{"insertions":5,"deletions":3}}}]},{"date":"2021-03-14","commitResults":[{"hash":"25d0d0fe4ed8ffbdb98837a5bafb22ad0193e387","messageTitle":"Add Student Class","messageBody":"Add student class so that I can add students and assign them to a module\n","fileTypesAndContributionMap":{"functional-code":{"insertions":114,"deletions":2}}},{"hash":"5ff67696762e6c1333b0bd6304791b37ad9f80d6","messageTitle":"Remove unused import in Module class","messageBody":"","fileTypesAndContributionMap":{"functional-code":{"insertions":0,"deletions":1}}}]},{"date":"2021-03-15","commitResults":[{"hash":"483af41dade12eabf3b1da8519f032306222c70e","messageTitle":"Fix checkstyle","messageBody":"","fileTypesAndContributionMap":{"functional-code":{"insertions":3,"deletions":3}}},{"hash":"5b7de49258dfc55094d86d3cd2127211923ee798","messageTitle":"Fix checkstyle in AddTimetableCommand","messageBody":"","fileTypesAndContributionMap":{"functional-code":{"insertions":3,"deletions":3}}},{"hash":"6aa40567a27ea41f557f66e09e129210c046fb37","messageTitle":"Fix checkstyle in Student.java","messageBody":"","fileTypesAndContributionMap":{"functional-code":{"insertions":2,"deletions":2}}},{"hash":"20cd2756e46c009c805638d64922f5118e3e6645","messageTitle":"Fix checkstyle to AddStudentCommand","messageBody":"","fileTypesAndContributionMap":{"functional-code":{"insertions":2,"deletions":1}}},{"hash":"29ac4ba216c6e4633242b47ecb1402a4a08d6234","messageTitle":"Fix checkstyle in Parser","messageBody":"","fileTypesAndContributionMap":{"functional-code":{"insertions":1,"deletions":1}}},{"hash":"d867d0f326a33b89867ac839061bbc5e2109fcf3","messageTitle":"Fix checkstyle in Ui class","messageBody":"","fileTypesAndContributionMap":{"functional-code":{"insertions":4,"deletions":4}}},{"hash":"dcbcb6c264e465a28f1867ac3692380e532dfa81","messageTitle":"Update parser","messageBody":"","fileTypesAndContributionMap":{"functional-code":{"insertions":0,"deletions":19}}},{"hash":"96ab5bb34afe11b04baa7bfad721017fedb0a84f","messageTitle":"Update parser","messageBody":"","fileTypesAndContributionMap":{"functional-code":{"insertions":1,"deletions":1}}},{"hash":"dff9e73a646bc6860f496b85e3407fec8b5f1ab5","messageTitle":"Updater Parser","messageBody":"","fileTypesAndContributionMap":{"functional-code":{"insertions":1,"deletions":1}}},{"hash":"50d3d1c3fcfc4c87d280005a0a3fe6b209d4a492","messageTitle":"Edit parser class","messageBody":"Use substring to parse rather than slicing\n","fileTypesAndContributionMap":{"functional-code":{"insertions":101,"deletions":64}}},{"hash":"cbb5e0a29edac11dd5afedb8f088b291f3467205","messageTitle":"Fix checkstyle","messageBody":"","fileTypesAndContributionMap":{"functional-code":{"insertions":30,"deletions":30}}},{"hash":"21552c237f0e7b4411bcd05fe16d74261d50f02c","messageTitle":"Fix additional checkstyle","messageBody":"","fileTypesAndContributionMap":{"functional-code":{"insertions":6,"deletions":6}}},{"hash":"a54af4c7f32dacf25f5feca5611683b0f089623f","messageTitle":"Edit failing JUnit tests","messageBody":"","fileTypesAndContributionMap":{"test-code":{"insertions":2,"deletions":2}}},{"hash":"6676096c32ca17c408efccf11b0888a899be712d","messageTitle":"Refactor Parser class","messageBody":"Extract methods to improve code quality\n","fileTypesAndContributionMap":{"functional-code":{"insertions":109,"deletions":68}}},{"hash":"6e176e98977d2b8ffb5ebd09ce56a31d468cb5ad","messageTitle":"Update ListStudentGradesForAssignmentCommand","messageBody":"","fileTypesAndContributionMap":{"functional-code":{"insertions":2,"deletions":2}}}]},{"date":"2021-03-21","commitResults":[{"hash":"b8e7752299bfa74e9b2aecb674a5d3c413adaf97","messageTitle":"Add student features to UG","messageBody":"Add student command\nList student command\nAdd introduction and table of contents\n","fileTypesAndContributionMap":{"docs":{"insertions":58,"deletions":17}}},{"hash":"933a983cc49808f3f7f6fbd8d08bf3d20f2a797b","messageTitle":"Add select module command","messageBody":"Add \u0027current module working directory\u0027 functionality\n","fileTypesAndContributionMap":{"functional-code":{"insertions":74,"deletions":50}}},{"hash":"6cfee2dd539d4493538276c0c91bf5ee9da35328","messageTitle":"Update Parser.java to resolve conflicts","messageBody":"","fileTypesAndContributionMap":{"functional-code":{"insertions":1,"deletions":1}}},{"hash":"01db882b45b987e4b9bac126d203356a85f561f4","messageTitle":"Fix failing CI","messageBody":"","fileTypesAndContributionMap":{"test-code":{"insertions":2,"deletions":1}}},{"hash":"e39b422c42ae001270aaa6d4ee06b9cc56f220f5","messageTitle":"Update ModManCommandTest.java to fix failing CI","messageBody":"","fileTypesAndContributionMap":{"test-code":{"insertions":2,"deletions":2}}},{"hash":"901f9a7c24f8cf5ada35f9d040d1da39d6516733","messageTitle":"Fix failing CI","messageBody":"","fileTypesAndContributionMap":{"test-code":{"insertions":1,"deletions":2}}},{"hash":"5938e6378efd6eaae97c640af5fd192f2650778b","messageTitle":"Comment out failing JUnit tests","messageBody":"","fileTypesAndContributionMap":{"test-code":{"insertions":26,"deletions":26}}},{"hash":"5656eab8868dc6711df9b4825895b132f1e8f15d","messageTitle":"Comment out failing JUnit tests","messageBody":"","fileTypesAndContributionMap":{"test-code":{"insertions":27,"deletions":27}}},{"hash":"0572b27a957918c2b16fd8100fe4b3c956f7db7e","messageTitle":"Fix checkstyle","messageBody":"","fileTypesAndContributionMap":{"test-code":{"insertions":1,"deletions":1}}},{"hash":"e8ffabd4dffd50cdc19b3a384842d21e8bfe9009","messageTitle":"Fix checkstyle","messageBody":"","fileTypesAndContributionMap":{"test-code":{"insertions":24,"deletions":24}}},{"hash":"89bb520814f5251d14e5286d0d34d9b7613f78eb","messageTitle":"Comment out failing JUnit test","messageBody":"","fileTypesAndContributionMap":{"test-code":{"insertions":8,"deletions":8}}},{"hash":"7b2bf08e36c7c4ab6486afc40f87be0abfaf20b9","messageTitle":"Fix failing CI","messageBody":"","fileTypesAndContributionMap":{"test-code":{"insertions":1,"deletions":1}}}]},{"date":"2021-03-22","commitResults":[{"hash":"53df06663e2ab78dec53c42c0a4ef8ae42b594f7","messageTitle":"Add remove module command","messageBody":"","fileTypesAndContributionMap":{"functional-code":{"insertions":61,"deletions":0}}}]},{"date":"2021-03-23","commitResults":[{"hash":"f2d76da90ca74cd85b25089b6b73c844db7c8263","messageTitle":"Add CurrentModuleCommand class","messageBody":"","fileTypesAndContributionMap":{"functional-code":{"insertions":42,"deletions":0}}},{"hash":"89d719e5081e3397ab4a5c93c38148a6d8da1df8","messageTitle":"Fix checkstyle","messageBody":"","fileTypesAndContributionMap":{"functional-code":{"insertions":1,"deletions":0}}}]},{"date":"2021-03-24","commitResults":[{"hash":"92c5eb26ded82b9b35f52945563b525b5cda3b5a","messageTitle":"Add commands to User Guide","messageBody":"Add current module command\nAdd select module command\nAdd remove module command\n","fileTypesAndContributionMap":{"docs":{"insertions":54,"deletions":0}}},{"hash":"fbbd5b2162612ba8310b1197d1194d923976e1ac","messageTitle":"Add architecture sequence diagram to DG","messageBody":"","fileTypesAndContributionMap":{"functional-code":{"insertions":10,"deletions":1},"docs":{"insertions":69,"deletions":10}}},{"hash":"d267286d11cc79e4d9b01d385ba84523c46185ab","messageTitle":"Fix checkstyle","messageBody":"","fileTypesAndContributionMap":{"functional-code":{"insertions":2,"deletions":2}}}]},{"date":"2021-03-25","commitResults":[{"hash":"618e6ef5c13fcfc388823704d64027d03b65cad4","messageTitle":"Fix hyperlinks in UG","messageBody":"","fileTypesAndContributionMap":{"docs":{"insertions":20,"deletions":20}}}]},{"date":"2021-03-29","commitResults":[{"hash":"e266da1141f512cff2bd5466cbef17eecce0e5f8","messageTitle":"Fix hyperlinks","messageBody":"Fix hyperlinks\nEdit Command Table\n","fileTypesAndContributionMap":{"docs":{"insertions":9,"deletions":9}}}]},{"date":"2021-04-01","commitResults":[{"hash":"8f9868256d17f118038162c6c05b337127e2dca7","messageTitle":"Add JUnit Tests","messageBody":"","fileTypesAndContributionMap":{"test-code":{"insertions":27,"deletions":1}}}]},{"date":"2021-04-06","commitResults":[{"hash":"e431d7e1419c97a4ff54533f97e61f1bbdb14beb","messageTitle":"Fixed some of the bugs found in PE dry run","messageBody":"","fileTypesAndContributionMap":{"functional-code":{"insertions":20,"deletions":4},"docs":{"insertions":22,"deletions":10}}},{"hash":"c868e08e7a4f47df961198ef62fc6302620a7668","messageTitle":"Fix checkstyle","messageBody":"","fileTypesAndContributionMap":{"functional-code":{"insertions":3,"deletions":4}}}]},{"date":"2021-04-07","commitResults":[{"hash":"07bf83df2dcb6ccefdfb0675dbe5ae08e89fd360","messageTitle":"Add current functionality to list module command","messageBody":"","fileTypesAndContributionMap":{"functional-code":{"insertions":24,"deletions":5}}},{"hash":"00107b0a9c9b58cf5d8951164b30d26f6748b8f0","messageTitle":"Fix checkstyle","messageBody":"","fileTypesAndContributionMap":{"functional-code":{"insertions":11,"deletions":11}}},{"hash":"3ac21db8fa0d57a78e1c7a8ce469f6fdb159f5c3","messageTitle":"Add features to current module interface","messageBody":"","fileTypesAndContributionMap":{"functional-code":{"insertions":40,"deletions":1}}}]},{"date":"2021-04-08","commitResults":[{"hash":"ff43b502e062a4e9fbcfb761a8d5d5828fb84f26","messageTitle":"Add PPP","messageBody":"Add Class Diagram for Assignments and relevant classes\n","fileTypesAndContributionMap":{"functional-code":{"insertions":0,"deletions":1},"docs":{"insertions":116,"deletions":1}}},{"hash":"2a1e854674cf478de78ba0f5c96f79f8d395c263","messageTitle":"Add Image to AboutUs Page","messageBody":"","fileTypesAndContributionMap":{"docs":{"insertions":16,"deletions":14}}}]},{"date":"2021-04-10","commitResults":[{"hash":"98b9e8e82b01de41359be15dc9d60b22bc819fcb","messageTitle":"Rename database file","messageBody":"","fileTypesAndContributionMap":{"functional-code":{"insertions":170,"deletions":109},"docs":{"insertions":36,"deletions":32},"test-code":{"insertions":100,"deletions":3}}},{"hash":"693660d601704ad2800ac56a18d27d3aa5975eaf","messageTitle":"Add JUnit tests for various classes","messageBody":"","fileTypesAndContributionMap":{"test-code":{"insertions":247,"deletions":42}}},{"hash":"44f6ae95ea9d9808388fc19ebb09a8e7b0b4519e","messageTitle":"Fix checkstyle","messageBody":"","fileTypesAndContributionMap":{"test-code":{"insertions":25,"deletions":25}}},{"hash":"ad489a21d4388572a80e2d88b5800c82f31f6d12","messageTitle":"fix checkstyle","messageBody":"","fileTypesAndContributionMap":{"test-code":{"insertions":3,"deletions":2}}},{"hash":"78a15c855575ff6825d7f1e4408a02b28d0d7ef6","messageTitle":"Fix UserGuide formatting","messageBody":"","fileTypesAndContributionMap":{"functional-code":{"insertions":1,"deletions":1},"docs":{"insertions":114,"deletions":100}}},{"hash":"236a3e15f475fb50f494ab69b8b9e0610d70855a","messageTitle":"Fix Database.txt","messageBody":"","fileTypesAndContributionMap":{"functional-code":{"insertions":41,"deletions":27},"docs":{"insertions":159,"deletions":108},"test-code":{"insertions":2,"deletions":0}}},{"hash":"dd250d8803beb92218d6611c4ab7201da2eac339","messageTitle":"Fix UG format issues","messageBody":"","fileTypesAndContributionMap":{"docs":{"insertions":2,"deletions":2}}},{"hash":"0818846cfef30a5866f652ad46524c2c7ead600a","messageTitle":"Update README","messageBody":"","fileTypesAndContributionMap":{"docs":{"insertions":1,"deletions":1}}},{"hash":"e02eca549001da14f1a8c15580407c61cd56a48a","messageTitle":"Fix User Guide Issues Some","messageBody":"","fileTypesAndContributionMap":{"functional-code":{"insertions":14,"deletions":14},"docs":{"insertions":48,"deletions":54}}}]}]},"authorFileTypeContributionMap":{"vaiish371":{"docs":151,"functional-code":328,"test-code":33},"zihan9485":{"docs":303,"functional-code":693,"test-code":37},"jianningzhuang":{"docs":858,"functional-code":1019,"test-code":373,"other":25},"bryanwhl":{"docs":246,"functional-code":798,"test-code":65},"vvvvh123":{"docs":371,"functional-code":446,"test-code":274}},"authorContributionVariance":{"vaiish371":7616.1816,"zihan9485":18939.67,"jianningzhuang":52015.945,"bryanwhl":15314.824,"vvvvh123":63278.3},"authorDisplayNameMap":{"vaiish371":"CS2113T-F08-1 RAMA..NAVI","zihan9485":"CS2113T-F08-1 WANG..IHAN","jianningzhuang":"CS2113T-F08-1 ZHUA..NING","bryanwhl":"CS2113T-F08-1 BRYA..IANG","vvvvh123":"CS2113T-F08-1 VIKA..LANI"}}
