{"authorDailyContributionsMap":{"vaiish371":[{"date":"2021-03-10","commitResults":[{"hash":"9658703821c42d5ece143871c58cd906cd3383af","messageTitle":"data class commit #1","messageBody":"","fileTypesAndContributionMap":{"functional-code":{"insertions":16,"deletions":1}}}]}],"zihan9485":[{"date":"2021-03-10","commitResults":[{"hash":"a0f41790764141abbcc54cc45bf66212afec2f9a","messageTitle":"Edit Ui","messageBody":"","fileTypesAndContributionMap":{"functional-code":{"insertions":15,"deletions":2}}},{"hash":"474ae5f5240428f68dd7d1a650dd6bb55247e357","messageTitle":"Add Module Command","messageBody":"","fileTypesAndContributionMap":{"functional-code":{"insertions":20,"deletions":0}}}]}],"jianningzhuang":[{"date":"2021-03-05","commitResults":[{"hash":"a88607810c9e42adae7ba3ed3849639aa51fef05","messageTitle":"update runtest.sh","messageBody":"","fileTypesAndContributionMap":{"other":{"insertions":0,"deletions":22}}},{"hash":"c3ad6f639f19f9af89b9243994f34b3b6a9fe9d0","messageTitle":"add rutest.sh","messageBody":"","fileTypesAndContributionMap":{"other":{"insertions":22,"deletions":0}}},{"hash":"a07bdf0577cfb02a05e176e85e6d1e83c38f22d9","messageTitle":"reove contents from runtest.sh","messageBody":"","fileTypesAndContributionMap":{"other":{"insertions":0,"deletions":23}}},{"hash":"ed3ae5f78696f3825c8c15d2eb03f5c451c50e57","messageTitle":"add runtest.sh","messageBody":"","fileTypesAndContributionMap":{"other":{"insertions":24,"deletions":0}}},{"hash":"c74f9b37b2fe2e550147057a5b5df7c7b261d40e","messageTitle":"last try","messageBody":"","fileTypesAndContributionMap":{"other":{"insertions":0,"deletions":1}}},{"hash":"423920319ded99e5cae336760240992c08a97de2","messageTitle":"fix gradlew checks","messageBody":"","fileTypesAndContributionMap":{"functional-code":{"insertions":6,"deletions":6}}},{"hash":"b4627d78ad1a95c0810e7d73c14cb15b2db61d91","messageTitle":"push after chmod","messageBody":"","fileTypesAndContributionMap":{"functional-code":{"insertions":1,"deletions":1}}},{"hash":"8c49922f90bbebf99e8c1126e188d84150d21bfb","messageTitle":"fix runtest.sh","messageBody":"","fileTypesAndContributionMap":{"other":{"insertions":0,"deletions":1}}},{"hash":"a01c2d3f436f1e4412b1aa19fc4359f5ee95d114","messageTitle":"please work","messageBody":"","fileTypesAndContributionMap":{"other":{"insertions":0,"deletions":2}}}]},{"date":"2021-03-10","commitResults":[{"hash":"ba4cfb9f71b1151482660e0705ab70871a9943f7","messageTitle":"update parser with AddModuleCommand and AddAssignmentCommand","messageBody":"","fileTypesAndContributionMap":{"functional-code":{"insertions":8,"deletions":1}}},{"hash":"a3733e36f3a4fcedd2022b9dea91ca9d4abe877f","messageTitle":"add AddAssignmentCommand Class","messageBody":"","fileTypesAndContributionMap":{"functional-code":{"insertions":23,"deletions":0}}}]}],"bryanwhl":[{"date":"2021-03-10","commitResults":[{"hash":"4ebace40e25492db921fd3ffc62a7df10fcc3659","messageTitle":"edit assignment class","messageBody":"","fileTypesAndContributionMap":{"functional-code":{"insertions":28,"deletions":21}}}]}],"vvvvh123":[{"date":"2021-03-05","commitResults":[{"hash":"68b845699e657ef2ddf20b147817516c1a71e2cb","messageTitle":"Test gradlew","messageBody":"","fileTypesAndContributionMap":{"other":{"insertions":1,"deletions":0}}},{"hash":"a8bdd7cabcbf2a67c00842d92966f21abe8560a2","messageTitle":"Test gradle again","messageBody":"","fileTypesAndContributionMap":{"other":{"insertions":0,"deletions":0}}},{"hash":"6045b33fb16a45cbd2d94099f3523256f2e57bf6","messageTitle":"Test gradle part 3","messageBody":"","fileTypesAndContributionMap":{"other":{"insertions":0,"deletions":1}}},{"hash":"52447c542f94fbc26741d6ac7f3d138e4690ae79","messageTitle":"Test grade part 4","messageBody":"","fileTypesAndContributionMap":{"functional-code":{"insertions":1,"deletions":1}}}]},{"date":"2021-03-06","commitResults":[{"hash":"fb0b37dee6991e2d0d41671444d0c44fc08ecaf5","messageTitle":"Remove checkstyle violations","messageBody":"","fileTypesAndContributionMap":{"functional-code":{"insertions":5,"deletions":5}}}]},{"date":"2021-03-10","commitResults":[{"hash":"0783ef46397f76808a6fcee107334c08fc410551","messageTitle":"Add Module Class","messageBody":"","fileTypesAndContributionMap":{"functional-code":{"insertions":29,"deletions":0}}}]},{"date":"2021-03-11","commitResults":[{"hash":"bbc470384bde891b52e3250f697e4f3d19672fab","messageTitle":"Add code to fix bugs","messageBody":"","fileTypesAndContributionMap":{"functional-code":{"insertions":134,"deletions":21}}}]}]},"authorFileTypeContributionMap":{"vaiish371":{"docs":0,"functional-code":16,"test-code":0},"zihan9485":{"docs":0,"functional-code":14,"test-code":0},"jianningzhuang":{"docs":0,"functional-code":31,"test-code":0,"other":23},"bryanwhl":{"docs":0,"functional-code":0,"test-code":0},"vvvvh123":{"docs":0,"functional-code":74,"test-code":0}},"authorContributionVariance":{"vaiish371":35.387753,"zihan9485":167.63266,"jianningzhuang":1437.8367,"bryanwhl":294.0,"vvvvh123":2768.7756},"authorDisplayNameMap":{"vaiish371":"CS2113T-F08-1 RAMA..NAVI","zihan9485":"CS2113T-F08-1 WANG..IHAN","jianningzhuang":"CS2113T-F08-1 ZHUA..NING","bryanwhl":"CS2113T-F08-1 BRYA..IANG","vvvvh123":"CS2113T-F08-1 VIKA..LANI"}}
