{"authorDailyContributionsMap":{"vaiish371":[{"date":"2021-03-10","commitResults":[{"hash":"9658703821c42d5ece143871c58cd906cd3383af","messageTitle":"data class commit #1","messageBody":"","fileTypesAndContributionMap":{"functional-code":{"insertions":16,"deletions":1}}}]},{"date":"2021-03-11","commitResults":[{"hash":"55cae58a18ec466f06ed41b07845bbfa52aa31ad","messageTitle":"Adding test for Data class","messageBody":"","fileTypesAndContributionMap":{"test-code":{"insertions":30,"deletions":0}}},{"hash":"e236bac726d584e307cb291985123eb20031e39e","messageTitle":"Add Test for Data class #2","messageBody":"","fileTypesAndContributionMap":{"test-code":{"insertions":3,"deletions":4}}}]}],"zihan9485":[{"date":"2021-03-10","commitResults":[{"hash":"a0f41790764141abbcc54cc45bf66212afec2f9a","messageTitle":"Edit Ui","messageBody":"","fileTypesAndContributionMap":{"functional-code":{"insertions":15,"deletions":2}}},{"hash":"474ae5f5240428f68dd7d1a650dd6bb55247e357","messageTitle":"Add Module Command","messageBody":"","fileTypesAndContributionMap":{"functional-code":{"insertions":20,"deletions":0}}}]},{"date":"2021-03-11","commitResults":[{"hash":"76e3c47cf03c42340b702d1dcccf579e071facb7","messageTitle":"Add JUnit Tests for the AddModuleCommand","messageBody":"","fileTypesAndContributionMap":{"test-code":{"insertions":30,"deletions":0}}}]}],"jianningzhuang":[{"date":"2021-03-05","commitResults":[{"hash":"a88607810c9e42adae7ba3ed3849639aa51fef05","messageTitle":"update runtest.sh","messageBody":"","fileTypesAndContributionMap":{"other":{"insertions":0,"deletions":22}}},{"hash":"c3ad6f639f19f9af89b9243994f34b3b6a9fe9d0","messageTitle":"add rutest.sh","messageBody":"","fileTypesAndContributionMap":{"other":{"insertions":22,"deletions":0}}},{"hash":"a07bdf0577cfb02a05e176e85e6d1e83c38f22d9","messageTitle":"reove contents from runtest.sh","messageBody":"","fileTypesAndContributionMap":{"other":{"insertions":0,"deletions":23}}},{"hash":"ed3ae5f78696f3825c8c15d2eb03f5c451c50e57","messageTitle":"add runtest.sh","messageBody":"","fileTypesAndContributionMap":{"other":{"insertions":24,"deletions":0}}},{"hash":"c74f9b37b2fe2e550147057a5b5df7c7b261d40e","messageTitle":"last try","messageBody":"","fileTypesAndContributionMap":{"other":{"insertions":0,"deletions":1}}},{"hash":"423920319ded99e5cae336760240992c08a97de2","messageTitle":"fix gradlew checks","messageBody":"","fileTypesAndContributionMap":{"functional-code":{"insertions":6,"deletions":6}}},{"hash":"b4627d78ad1a95c0810e7d73c14cb15b2db61d91","messageTitle":"push after chmod","messageBody":"","fileTypesAndContributionMap":{"functional-code":{"insertions":1,"deletions":1}}},{"hash":"8c49922f90bbebf99e8c1126e188d84150d21bfb","messageTitle":"fix runtest.sh","messageBody":"","fileTypesAndContributionMap":{"other":{"insertions":0,"deletions":1}}},{"hash":"a01c2d3f436f1e4412b1aa19fc4359f5ee95d114","messageTitle":"please work","messageBody":"","fileTypesAndContributionMap":{"other":{"insertions":0,"deletions":2}}}]},{"date":"2021-03-10","commitResults":[{"hash":"ba4cfb9f71b1151482660e0705ab70871a9943f7","messageTitle":"update parser with AddModuleCommand and AddAssignmentCommand","messageBody":"","fileTypesAndContributionMap":{"functional-code":{"insertions":8,"deletions":1}}},{"hash":"a3733e36f3a4fcedd2022b9dea91ca9d4abe877f","messageTitle":"add AddAssignmentCommand Class","messageBody":"","fileTypesAndContributionMap":{"functional-code":{"insertions":23,"deletions":0}}}]},{"date":"2021-03-11","commitResults":[{"hash":"aa1fef0d76d0b694725732096a91f56c9b7f3f64","messageTitle":"fix gradlew","messageBody":"","fileTypesAndContributionMap":{"functional-code":{"insertions":18,"deletions":17}}},{"hash":"9f214844a55029f4f454631c759217ace54539b4","messageTitle":"fix expected.txt","messageBody":"","fileTypesAndContributionMap":{"functional-code":{"insertions":1,"deletions":1}}},{"hash":"3b474f16b787289859fd4571e11b55333b4de01c","messageTitle":"Add JUnit Test for parser class","messageBody":"","fileTypesAndContributionMap":{"test-code":{"insertions":47,"deletions":0}}},{"hash":"f96cc9c56ed882872aecdfcb0875ba87fdf30c0c","messageTitle":"fix import * checkstyle","messageBody":"","fileTypesAndContributionMap":{"test-code":{"insertions":5,"deletions":1}}},{"hash":"51a0f3765524244c72cfe371a5f911fb314a3666","messageTitle":"update parser test naming","messageBody":"","fileTypesAndContributionMap":{"test-code":{"insertions":1,"deletions":1}}}]},{"date":"2021-03-13","commitResults":[{"hash":"6fd0eca259d2c02cb0d6915ff524f30a226e0d46","messageTitle":"add basic listModuleAssignment functionality","messageBody":"","fileTypesAndContributionMap":{"functional-code":{"insertions":37,"deletions":6},"test-code":{"insertions":1,"deletions":2}}},{"hash":"33412124003fcdc0da494e91f8297da6a90b4833","messageTitle":"fix checkstyle","messageBody":"","fileTypesAndContributionMap":{"functional-code":{"insertions":1,"deletions":1}}},{"hash":"84a74196d4646cdc61875710c79956f75090008a","messageTitle":"enable assertions and add logging to Parser","messageBody":"","fileTypesAndContributionMap":{"functional-code":{"insertions":11,"deletions":0},"other":{"insertions":2,"deletions":1}}},{"hash":"d142928df0ccc0ffdcdcecc774951b3bc17528f1","messageTitle":"add assertion to check command not null in parser","messageBody":"","fileTypesAndContributionMap":{"functional-code":{"insertions":1,"deletions":0}}}]}],"bryanwhl":[{"date":"2021-03-10","commitResults":[{"hash":"4ebace40e25492db921fd3ffc62a7df10fcc3659","messageTitle":"edit assignment class","messageBody":"","fileTypesAndContributionMap":{"functional-code":{"insertions":28,"deletions":21}}}]},{"date":"2021-03-11","commitResults":[{"hash":"d6531db4369bbfc0372fe640032cc0bdaf1b6cc3","messageTitle":"add junit test for assignment","messageBody":"","fileTypesAndContributionMap":{"functional-code":{"insertions":8,"deletions":0},"test-code":{"insertions":22,"deletions":0}}}]}],"vvvvh123":[{"date":"2021-03-05","commitResults":[{"hash":"68b845699e657ef2ddf20b147817516c1a71e2cb","messageTitle":"Test gradlew","messageBody":"","fileTypesAndContributionMap":{"other":{"insertions":1,"deletions":0}}},{"hash":"a8bdd7cabcbf2a67c00842d92966f21abe8560a2","messageTitle":"Test gradle again","messageBody":"","fileTypesAndContributionMap":{"other":{"insertions":0,"deletions":0}}},{"hash":"6045b33fb16a45cbd2d94099f3523256f2e57bf6","messageTitle":"Test gradle part 3","messageBody":"","fileTypesAndContributionMap":{"other":{"insertions":0,"deletions":1}}},{"hash":"52447c542f94fbc26741d6ac7f3d138e4690ae79","messageTitle":"Test grade part 4","messageBody":"","fileTypesAndContributionMap":{"functional-code":{"insertions":1,"deletions":1}}}]},{"date":"2021-03-06","commitResults":[{"hash":"fb0b37dee6991e2d0d41671444d0c44fc08ecaf5","messageTitle":"Remove checkstyle violations","messageBody":"","fileTypesAndContributionMap":{"functional-code":{"insertions":5,"deletions":5}}}]},{"date":"2021-03-10","commitResults":[{"hash":"0783ef46397f76808a6fcee107334c08fc410551","messageTitle":"Add Module Class","messageBody":"","fileTypesAndContributionMap":{"functional-code":{"insertions":29,"deletions":0}}}]},{"date":"2021-03-11","commitResults":[{"hash":"bbc470384bde891b52e3250f697e4f3d19672fab","messageTitle":"Add code to fix bugs","messageBody":"","fileTypesAndContributionMap":{"functional-code":{"insertions":134,"deletions":21}}},{"hash":"b9e6854c170246a3667238ef35e1fe3dcee53d8b","messageTitle":"Add JUnit test for Module class","messageBody":"","fileTypesAndContributionMap":{"functional-code":{"insertions":4,"deletions":0},"test-code":{"insertions":40,"deletions":0}}},{"hash":"6fdd7f8c301936e99bbaef0f0f1948a639ab2e72","messageTitle":"Fix checkstyle for ModuleTest class","messageBody":"","fileTypesAndContributionMap":{"test-code":{"insertions":7,"deletions":7}}},{"hash":"ad41080a53e0b71bd26a322735674bad94edfb9a","messageTitle":"Edit exception test in ModuleTest class","messageBody":"","fileTypesAndContributionMap":{"test-code":{"insertions":2,"deletions":6}}},{"hash":"838b93958c953a1d628632198e273107fe350128","messageTitle":"Fix checkstyle issues","messageBody":"","fileTypesAndContributionMap":{"test-code":{"insertions":5,"deletions":3}}}]}]},"authorFileTypeContributionMap":{"vaiish371":{"docs":0,"functional-code":16,"test-code":29},"zihan9485":{"docs":0,"functional-code":14,"test-code":30},"jianningzhuang":{"docs":0,"functional-code":81,"test-code":50,"other":25},"bryanwhl":{"docs":0,"functional-code":8,"test-code":22},"vvvvh123":{"docs":0,"functional-code":72,"test-code":38}},"authorContributionVariance":{"vaiish371":148.22223,"zihan9485":196.69136,"jianningzhuang":1733.6543,"bryanwhl":289.72836,"vvvvh123":5019.7285},"authorDisplayNameMap":{"vaiish371":"CS2113T-F08-1 RAMA..NAVI","zihan9485":"CS2113T-F08-1 WANG..IHAN","jianningzhuang":"CS2113T-F08-1 ZHUA..NING","bryanwhl":"CS2113T-F08-1 BRYA..IANG","vvvvh123":"CS2113T-F08-1 VIKA..LANI"}}
