{"authorDailyContributionsMap":{"baggiiiie":[{"date":"2021-03-16","commitResults":[{"hash":"ef4a6e71b5144de1ffced60729ebb214560318d4","messageTitle":"Add Sleep class","messageBody":"","fileTypesAndContributionMap":{"functional-code":{"insertions":28,"deletions":0}}},{"hash":"6f6c1c918074f968a684a0ef5ee31b73c09042a7","messageTitle":"Add sleep class","messageBody":"","fileTypesAndContributionMap":{"functional-code":{"insertions":0,"deletions":4}}},{"hash":"f57c94a342b44358a0cdc59b48c87957feded6f2","messageTitle":"Add Exercise, Workout and WorkOutCategory","messageBody":"","fileTypesAndContributionMap":{"functional-code":{"insertions":83,"deletions":0}}}]},{"date":"2021-03-18","commitResults":[{"hash":"63ba47db439a32a93e0f5611e58c2b04d6aeecdf","messageTitle":"Update Class Exercise, Workout and Sleep","messageBody":"","fileTypesAndContributionMap":{"functional-code":{"insertions":93,"deletions":20}}},{"hash":"284f101779dff9c6c6ca9862844b4bce07ff320c","messageTitle":"Update Class Exercise","messageBody":"","fileTypesAndContributionMap":{"functional-code":{"insertions":2,"deletions":1}}},{"hash":"478092f2d365217d4a7a3d171979bd66188b134a","messageTitle":"Update Sleep","messageBody":"","fileTypesAndContributionMap":{"functional-code":{"insertions":2,"deletions":2}}},{"hash":"5c1eeb785db9c19dc3aac5bea76b6c3de44865be","messageTitle":"Update Workout","messageBody":"","fileTypesAndContributionMap":{"functional-code":{"insertions":4,"deletions":0}}},{"hash":"655eba8b1c1528a850e60b524ba4a5b9bdd3f5a7","messageTitle":"Update UserGuide","messageBody":"","fileTypesAndContributionMap":{"docs":{"insertions":211,"deletions":0}}}]},{"date":"2021-03-28","commitResults":[{"hash":"c8938765d20e006874e85074ffc1b22e4845cf98","messageTitle":"Update DietGoal","messageBody":"","fileTypesAndContributionMap":{"functional-code":{"insertions":82,"deletions":0}}}]},{"date":"2021-03-29","commitResults":[{"hash":"62db74d71eced12528f2f5158d65e3298aa2ed63","messageTitle":"Update DietGoal","messageBody":"","fileTypesAndContributionMap":{"functional-code":{"insertions":0,"deletions":3}}}]},{"date":"2021-04-12","commitResults":[{"hash":"653518983eba200c663dcd7bce85a18cb33b61e3","messageTitle":"Upload PPP","messageBody":"","fileTypesAndContributionMap":{"docs":{"insertions":24,"deletions":6}}},{"hash":"4d8dc7a8d7b217dfabf4a7be5db85b2ccbcd11dc","messageTitle":"Update AboutUs","messageBody":"","fileTypesAndContributionMap":{"docs":{"insertions":1,"deletions":2}}}]}],"lowwilliam":[{"date":"2021-03-05","commitResults":[{"hash":"0f637a61d2c6788c76e25a2b7fa648dfbb4cfee5","messageTitle":"Test push","messageBody":"","fileTypesAndContributionMap":{"functional-code":{"insertions":1,"deletions":0}}}]},{"date":"2021-03-15","commitResults":[{"hash":"53df292f2a26aab29619e5f9021146a3ff55f2fa","messageTitle":"Revert \"Test push\"","messageBody":"This reverts commit 0f637a61d2c6788c76e25a2b7fa648dfbb4cfee5.\n","fileTypesAndContributionMap":{"functional-code":{"insertions":0,"deletions":1}}}]},{"date":"2021-03-16","commitResults":[{"hash":"12da1a0625be69c79ba870053c747a277c997e0a","messageTitle":"Add BodyWeight class","messageBody":"","fileTypesAndContributionMap":{"functional-code":{"insertions":30,"deletions":0}}},{"hash":"15c1e440a8036133a6b921b5ea01e210efeecdce","messageTitle":"Pull merge","messageBody":"","fileTypesAndContributionMap":{"functional-code":{"insertions":1,"deletions":9}}},{"hash":"65588e25236581d0a3674ffdd932e246cf002c87","messageTitle":"Add Diet/Food/FoodCategory","messageBody":"","fileTypesAndContributionMap":{"functional-code":{"insertions":86,"deletions":0}}},{"hash":"a01d8b31cebae154c415b0c848003783d786a139","messageTitle":"Edit diet and food","messageBody":"","fileTypesAndContributionMap":{"functional-code":{"insertions":9,"deletions":9}}},{"hash":"44447da6fd4ad31332dc4db9e9ae41d53c25834c","messageTitle":"Edit Diet","messageBody":"","fileTypesAndContributionMap":{"functional-code":{"insertions":2,"deletions":0}}},{"hash":"dc113d3670e864b1814fb76f485af6e290e1f084","messageTitle":"Edit based on PR comments","messageBody":"","fileTypesAndContributionMap":{"functional-code":{"insertions":23,"deletions":8}}}]},{"date":"2021-03-17","commitResults":[{"hash":"844af85c3736d86345ad36f085278c37126ca015","messageTitle":"PR editition","messageBody":"","fileTypesAndContributionMap":{"functional-code":{"insertions":49,"deletions":9}}},{"hash":"ee8cfb3b38f291a3de2dcab76bb6a0b102bd3e23","messageTitle":"PR Edition","messageBody":"","fileTypesAndContributionMap":{"functional-code":{"insertions":14,"deletions":14}}},{"hash":"e0e19d9126b82f009a3f8a1e65d9d8859fa9f54e","messageTitle":"PR edition","messageBody":"","fileTypesAndContributionMap":{"functional-code":{"insertions":22,"deletions":12}}},{"hash":"b23ef9cbd7828db09c34b9f90744176a231e1a8c","messageTitle":"PR edition","messageBody":"","fileTypesAndContributionMap":{"functional-code":{"insertions":5,"deletions":5}}},{"hash":"59ac71312844e79c984d44cfc6762a86b8df094a","messageTitle":"PR edition","messageBody":"","fileTypesAndContributionMap":{"functional-code":{"insertions":43,"deletions":15}}},{"hash":"3551f28185da4e0c974adb899e468de887a36320","messageTitle":"Edit javadoc","messageBody":"","fileTypesAndContributionMap":{"functional-code":{"insertions":4,"deletions":4}}}]},{"date":"2021-03-18","commitResults":[{"hash":"0f74f3343b3849edcea4e914528fcc7aa7e99ba5","messageTitle":"Improve UserGuide","messageBody":"","fileTypesAndContributionMap":{"docs":{"insertions":128,"deletions":171}}}]},{"date":"2021-03-27","commitResults":[{"hash":"b32720e206858c7ce7d23411584cc6e6b870413e","messageTitle":"Add body weight goal class","messageBody":"","fileTypesAndContributionMap":{"functional-code":{"insertions":81,"deletions":0}}},{"hash":"e19e4e62ec7596f567a5e4b9972567211d72bd83","messageTitle":"Add sleeping goal","messageBody":"","fileTypesAndContributionMap":{"functional-code":{"insertions":81,"deletions":0}}}]},{"date":"2021-03-28","commitResults":[{"hash":"21dfd90cdfb44440c9d100a11cd979c6afe9afd7","messageTitle":"Update goallist","messageBody":"","fileTypesAndContributionMap":{"functional-code":{"insertions":2,"deletions":0}}}]},{"date":"2021-03-29","commitResults":[{"hash":"8403fb20e3a6ed05653a0999dff350ed0b5a62ae","messageTitle":"Delete useless code","messageBody":"","fileTypesAndContributionMap":{"functional-code":{"insertions":0,"deletions":2}}}]},{"date":"2021-04-11","commitResults":[{"hash":"ef8dc019165dca1e19bdc816765000b7dd4d0292","messageTitle":"Add AboutUs","messageBody":"","fileTypesAndContributionMap":{"docs":{"insertions":3,"deletions":4}}},{"hash":"5ab0e796a5d90e909b6fd8778dc9725368975b1d","messageTitle":"Add aboutUS","messageBody":"","fileTypesAndContributionMap":{"docs":{"insertions":1,"deletions":1}}}]},{"date":"2021-04-12","commitResults":[{"hash":"03b5b88ad25a5391bd3e79f8c418bcceb6956ccb","messageTitle":"Add LRQ PPP page","messageBody":"","fileTypesAndContributionMap":{"docs":{"insertions":27,"deletions":0}}},{"hash":"75a2add7bf155abf9baf09fc89e402ed147c0b2e","messageTitle":"Change the ppp file name","messageBody":"","fileTypesAndContributionMap":{"docs":{"insertions":0,"deletions":0}}},{"hash":"ffb55708224b91251059d16b197bd1e5dd61ebb2","messageTitle":"Change the format of wording","messageBody":"","fileTypesAndContributionMap":{"docs":{"insertions":24,"deletions":20}}}]}],"PingruiLi":[{"date":"2021-03-12","commitResults":[{"hash":"7620e3cc8ee5c7fe3b4a46aaa746a614abc7cdb9","messageTitle":"Update AboutUs.md","messageBody":"","fileTypesAndContributionMap":{"docs":{"insertions":1,"deletions":0}}},{"hash":"f709fc910fcc9e37fa0ab53cdec39f8161f777a3","messageTitle":"Update AboutUs.md","messageBody":"","fileTypesAndContributionMap":{"docs":{"insertions":1,"deletions":0}}}]},{"date":"2021-03-15","commitResults":[{"hash":"6c49eb9b1f48f4ffb49e8802315bbbc61754c5ed","messageTitle":"update draft code","messageBody":"","fileTypesAndContributionMap":{"functional-code":{"insertions":602,"deletions":8}}},{"hash":"1682643e3affe850e8242969cd1d7ad6e92ef625","messageTitle":"update code standard","messageBody":"","fileTypesAndContributionMap":{"functional-code":{"insertions":116,"deletions":120},"other":{"insertions":9,"deletions":8}}},{"hash":"ee2e6de013b1642347bcd71a955c22f71c8da1d8","messageTitle":"update file name","messageBody":"","fileTypesAndContributionMap":{"functional-code":{"insertions":2,"deletions":2},"other":{"insertions":4,"deletions":4}}},{"hash":"678daae28c744c1653df82c096977981219b2ddb","messageTitle":"update parser","messageBody":"","fileTypesAndContributionMap":{"functional-code":{"insertions":142,"deletions":75}}}]},{"date":"2021-03-16","commitResults":[{"hash":"89af2d1b842d04e804657b2ecbcd97b6caad05c2","messageTitle":"update command class","messageBody":"","fileTypesAndContributionMap":{"functional-code":{"insertions":276,"deletions":145}}},{"hash":"4c7f1ac63409cb49fb4298c8a55e95959120b5d7","messageTitle":"update view command class","messageBody":"","fileTypesAndContributionMap":{"functional-code":{"insertions":2,"deletions":4}}},{"hash":"f3e50f602670cdaecc34956144f79db6194c9f88","messageTitle":"update add command","messageBody":"","fileTypesAndContributionMap":{"functional-code":{"insertions":238,"deletions":133}}}]},{"date":"2021-03-17","commitResults":[{"hash":"f2ee15354b32cc11d67503e6e62d7b42c366b57a","messageTitle":"update view command","messageBody":"","fileTypesAndContributionMap":{"functional-code":{"insertions":128,"deletions":205}}},{"hash":"739c1e576670f596189ee894f4dc1a582d643067","messageTitle":"update code stardard","messageBody":"","fileTypesAndContributionMap":{"functional-code":{"insertions":16,"deletions":13}}},{"hash":"8bee465c729cc8968aebe83540d41ad9e1327941","messageTitle":"update delete command and minor modification","messageBody":"","fileTypesAndContributionMap":{"functional-code":{"insertions":97,"deletions":77}}},{"hash":"5e69e737ef3f19c21cfd68f9ed017183473d282a","messageTitle":"update code standard","messageBody":"","fileTypesAndContributionMap":{"functional-code":{"insertions":14,"deletions":5}}},{"hash":"140f29824b7e8688599f4939ada2d62cc7bfa67e","messageTitle":"update code standard","messageBody":"","fileTypesAndContributionMap":{"functional-code":{"insertions":7,"deletions":3}}}]},{"date":"2021-03-18","commitResults":[{"hash":"c0f8795b84ca83d9481c483bb8259f9d29ab8ba4","messageTitle":"update delete command","messageBody":"","fileTypesAndContributionMap":{"functional-code":{"insertions":57,"deletions":16}}},{"hash":"1d9d82a25d643ea42ce330b757b6a0be3dafc8e8","messageTitle":"update diet class","messageBody":"","fileTypesAndContributionMap":{"functional-code":{"insertions":87,"deletions":52}}},{"hash":"431f7f5d74dfd792d469b22ffd054908e99d65ff","messageTitle":"fix bugs in add and delete command","messageBody":"","fileTypesAndContributionMap":{"functional-code":{"insertions":40,"deletions":20}}},{"hash":"8ae1901679f83f3d55ce5b06a52376983e570f57","messageTitle":"update code standard","messageBody":"","fileTypesAndContributionMap":{"functional-code":{"insertions":6,"deletions":4}}},{"hash":"a00ff818363112ba779c26da7773c79fb71d50f6","messageTitle":"minor bug fix","messageBody":"","fileTypesAndContributionMap":{"functional-code":{"insertions":20,"deletions":13}}},{"hash":"6f5adedd6955cf1890ce9cfd06b4557ca7c413a9","messageTitle":"update some junit test","messageBody":"","fileTypesAndContributionMap":{"test-code":{"insertions":72,"deletions":0}}},{"hash":"fa3e517c1da9db8fd39cd3bef8fb8a55a3a33313","messageTitle":"bug fix","messageBody":"","fileTypesAndContributionMap":{"test-code":{"insertions":10,"deletions":10}}}]},{"date":"2021-03-27","commitResults":[{"hash":"7daa156f6acdf723d533c47bf9995c386f56bf1e","messageTitle":"update display format and input format","messageBody":"","fileTypesAndContributionMap":{"functional-code":{"insertions":18,"deletions":13}}},{"hash":"0b1189bd02842da7e4f40fe5e786422bee50284c","messageTitle":"bug fix for display format","messageBody":"","fileTypesAndContributionMap":{"functional-code":{"insertions":34,"deletions":16}}},{"hash":"17af13571e1a76287e365193c3a22c1e29451be6","messageTitle":"check style fix","messageBody":"","fileTypesAndContributionMap":{"functional-code":{"insertions":8,"deletions":7}}},{"hash":"bd9d0037c9a56cc5bea7324eaf76da77945055be","messageTitle":"update output format","messageBody":"","fileTypesAndContributionMap":{"functional-code":{"insertions":1,"deletions":1}}},{"hash":"df0e2b9add2e222844fa64b3d98e34d57cf68887","messageTitle":"update file handler","messageBody":"","fileTypesAndContributionMap":{"functional-code":{"insertions":147,"deletions":4}}},{"hash":"7dbb70f50c7f45864691d1006ae391b05a92e21c","messageTitle":"update file handler","messageBody":"","fileTypesAndContributionMap":{"functional-code":{"insertions":25,"deletions":0}}}]},{"date":"2021-03-31","commitResults":[{"hash":"31de1e6f90c4a1e3a7a7e92773337178a985516a","messageTitle":"update on file handler to trace progress","messageBody":"","fileTypesAndContributionMap":{"functional-code":{"insertions":457,"deletions":79}}},{"hash":"f6fca7c5167e6b78a71fb81667bd819e6ad7415d","messageTitle":"fix checkstyle error","messageBody":"","fileTypesAndContributionMap":{"functional-code":{"insertions":5,"deletions":3}}},{"hash":"ab17ea3dc5922a98ace8bc664a87685c3674369d","messageTitle":"fix checkstyle error","messageBody":"","fileTypesAndContributionMap":{"functional-code":{"insertions":24,"deletions":16}}},{"hash":"57c75079394fd8c5a8fbfe730df70f8b2d22fd3e","messageTitle":"Update file handler and logic to calculate progress of goal","messageBody":"","fileTypesAndContributionMap":{"functional-code":{"insertions":197,"deletions":261}}},{"hash":"b7a41f93a13445668c9eba56b1615b52cbd65f63","messageTitle":"bug fix for checkstyle","messageBody":"","fileTypesAndContributionMap":{"functional-code":{"insertions":1,"deletions":0}}},{"hash":"c1797313c962953f81ef08ff05a08a3936bd40cc","messageTitle":"fix bugs for file handler","messageBody":"","fileTypesAndContributionMap":{"functional-code":{"insertions":10,"deletions":11},"other":{"insertions":4,"deletions":4}}},{"hash":"9a8723592e28c4140e08c22d1dea82598be30959","messageTitle":"bug fix","messageBody":"","fileTypesAndContributionMap":{"functional-code":{"insertions":35,"deletions":35}}},{"hash":"60692575f712753e8e1f34b9817d77d2517844dc","messageTitle":"resolve warning in code","messageBody":"","fileTypesAndContributionMap":{"functional-code":{"insertions":26,"deletions":29},"docs":{"insertions":7,"deletions":1}}}]},{"date":"2021-04-01","commitResults":[{"hash":"0b79c24f280fd83cacc9e0e9d641af6a4387099d","messageTitle":"modify display format","messageBody":"","fileTypesAndContributionMap":{"functional-code":{"insertions":79,"deletions":13},"docs":{"insertions":69,"deletions":0}}},{"hash":"e77eb9fd5e07cb02d63ddbed637b2413f4c4dc5b","messageTitle":"fix checkstyle error","messageBody":"","fileTypesAndContributionMap":{"functional-code":{"insertions":2,"deletions":2}}},{"hash":"6a72834c9256577b744d0a85c6cff6e1c91ecf0e","messageTitle":"fix display format bugs and add javadoc","messageBody":"","fileTypesAndContributionMap":{"functional-code":{"insertions":210,"deletions":27}}},{"hash":"b3eaea05c075234a2b799ebdeb35354ab5233e95","messageTitle":"fix checkstyle error","messageBody":"","fileTypesAndContributionMap":{"functional-code":{"insertions":7,"deletions":7}}},{"hash":"786e662555dde6777798ce3e01cac906939962bc","messageTitle":"fix minor bugs","messageBody":"","fileTypesAndContributionMap":{"functional-code":{"insertions":63,"deletions":20}}},{"hash":"a1e9f6485c30c6335f23f79c9dd73730a138f578","messageTitle":"fix checkstyle bug","messageBody":"","fileTypesAndContributionMap":{"functional-code":{"insertions":3,"deletions":3}}},{"hash":"39f46073a732876067ed64aac5e48500c7305a8c","messageTitle":"future date bug fix","messageBody":"","fileTypesAndContributionMap":{"functional-code":{"insertions":23,"deletions":5}}},{"hash":"24031c9b0a9c11ba0b2863503abbdeabc283b9e6","messageTitle":"fix checkstyle error","messageBody":"","fileTypesAndContributionMap":{"functional-code":{"insertions":4,"deletions":3}}},{"hash":"09d79421a141b9579e3a7979c22019b0f85a68a6","messageTitle":"fix checkstyle error","messageBody":"","fileTypesAndContributionMap":{"functional-code":{"insertions":2,"deletions":2}}},{"hash":"a0ba6766e5b352da694537cc9a7bbaf8f77b3481","messageTitle":"fix display format","messageBody":"","fileTypesAndContributionMap":{"functional-code":{"insertions":15,"deletions":12}}},{"hash":"da6c38b0491107fd531000efdab60444f27cad63","messageTitle":"fix display format","messageBody":"","fileTypesAndContributionMap":{"functional-code":{"insertions":2,"deletions":2}}},{"hash":"7d03faa5cf5c3207160e7184df7b0e86793373a6","messageTitle":"fix display format","messageBody":"","fileTypesAndContributionMap":{"functional-code":{"insertions":10,"deletions":9}}}]},{"date":"2021-04-06","commitResults":[{"hash":"fb28f1204d04dab402eb1e2e7ee7c81ce82b1248","messageTitle":"fix target body weight range problem","messageBody":"","fileTypesAndContributionMap":{"functional-code":{"insertions":5,"deletions":4}}},{"hash":"2a8454d838ed333e59a3a17278ceae9111846647","messageTitle":"fix body weight record range bug","messageBody":"","fileTypesAndContributionMap":{"functional-code":{"insertions":6,"deletions":4}}},{"hash":"d61448b6e47ec08b857af31760a7698389ae20c1","messageTitle":"update record display format error","messageBody":"","fileTypesAndContributionMap":{"functional-code":{"insertions":23,"deletions":5}}},{"hash":"9b014d87fc2d2af5f9fb5a296e30a5a35765714a","messageTitle":"update goal display format bug","messageBody":"","fileTypesAndContributionMap":{"functional-code":{"insertions":43,"deletions":9}}},{"hash":"9f96fb02e689c456c35f6432c22c7a5be41d505a","messageTitle":"fix bugs of accepting 0 as parameter for records","messageBody":"","fileTypesAndContributionMap":{"functional-code":{"insertions":16,"deletions":14}}},{"hash":"2aa861111ca0f33a64ee8f7903e5a2ccd1280d21","messageTitle":"fix number type error","messageBody":"","fileTypesAndContributionMap":{"functional-code":{"insertions":6,"deletions":6}}},{"hash":"a08e0049d0ca6a4fd2d675ece0625a0660b9c254","messageTitle":"fix bugs for command syntax and put range checking in concrete record class","messageBody":"","fileTypesAndContributionMap":{"functional-code":{"insertions":53,"deletions":66}}},{"hash":"a4f3889a951d7108ccd3f996b5b84f2edd0bbb1c","messageTitle":"fix checkstyle error","messageBody":"","fileTypesAndContributionMap":{"functional-code":{"insertions":3,"deletions":2}}},{"hash":"8cb20f5abc5ff9c5ff512955d47ca43fd887df22","messageTitle":"fix bugs for view command","messageBody":"","fileTypesAndContributionMap":{"functional-code":{"insertions":10,"deletions":5}}}]},{"date":"2021-04-10","commitResults":[{"hash":"e4ae6db0d2dcd336f74fbce6014d56edd2ff02d7","messageTitle":"fix bugs for calorie unit","messageBody":"","fileTypesAndContributionMap":{"functional-code":{"insertions":2,"deletions":2}}},{"hash":"5e4546aafbe18793f6a57ba4dfe047d8cd21121d","messageTitle":"fix calorie unit problem","messageBody":"","fileTypesAndContributionMap":{"functional-code":{"insertions":1,"deletions":1}}},{"hash":"46993d896e5aa53f3c606aac7fcb8d90a40fa6ac","messageTitle":"fix bugs for display format","messageBody":"","fileTypesAndContributionMap":{"functional-code":{"insertions":21,"deletions":12}}}]},{"date":"2021-04-12","commitResults":[{"hash":"bc32c71ce37615816b397a2f5cfb9503acea035c","messageTitle":"fix checkstyle bugs","messageBody":"","fileTypesAndContributionMap":{"functional-code":{"insertions":4,"deletions":5}}},{"hash":"79e0699768da951aeb6d1341e5e27200e1f1f78b","messageTitle":"add UG and draft for not allowing records when exceeds 24 hours","messageBody":"","fileTypesAndContributionMap":{"functional-code":{"insertions":78,"deletions":13},"docs":{"insertions":16,"deletions":27}}},{"hash":"5a3e1e9abb1e238ce8b6869f56cd642d739df70c","messageTitle":"fix time exceeds 24 hours on a day bug and remove dummy output","messageBody":"","fileTypesAndContributionMap":{"functional-code":{"insertions":7,"deletions":6}}},{"hash":"c6400fa5602e61a82958f1929e6c5c2b15f989b5","messageTitle":"fix checkstyle bugs","messageBody":"","fileTypesAndContributionMap":{"functional-code":{"insertions":7,"deletions":3}}},{"hash":"b5fc2ebe82fec0205def1cf8c3e2603489c0584c","messageTitle":"fix checkstyle errors","messageBody":"","fileTypesAndContributionMap":{"functional-code":{"insertions":8,"deletions":4}}},{"hash":"9de239c7a8c931caab0b212d8b727064e0298397","messageTitle":"add storage component and manual testing to DG","messageBody":"","fileTypesAndContributionMap":{"docs":{"insertions":182,"deletions":0}}},{"hash":"78576abf54b7abe8930edef9e74b2e9f36a22031","messageTitle":"add command structure","messageBody":"","fileTypesAndContributionMap":{"docs":{"insertions":10,"deletions":0}}},{"hash":"bcce6b34d3d43107499a85168991942e9210dbec","messageTitle":"update PPP","messageBody":"","fileTypesAndContributionMap":{"docs":{"insertions":49,"deletions":28}}},{"hash":"2aadafeac75b732029d6cf1fd0e98df4894073e8","messageTitle":"change naming of PPP","messageBody":"","fileTypesAndContributionMap":{"docs":{"insertions":0,"deletions":0}}},{"hash":"a60b5da66e3d1251a78bd81ff0218e1d60c7a42e","messageTitle":"fix bugs for display format and update UG","messageBody":"","fileTypesAndContributionMap":{"functional-code":{"insertions":81,"deletions":5},"docs":{"insertions":22,"deletions":24}}},{"hash":"a869af7c7fb8b3f41df107260b6a52413dc6ac16","messageTitle":"fix checkstyle error","messageBody":"","fileTypesAndContributionMap":{"functional-code":{"insertions":8,"deletions":4}}}]}],"Song0180":[{"date":"2021-03-05","commitResults":[{"hash":"59ff99a80919b6d3fd5e08321c275169177cbbfb","messageTitle":"Update AboutUs.md","messageBody":"","fileTypesAndContributionMap":{"docs":{"insertions":1,"deletions":1}}}]},{"date":"2021-03-12","commitResults":[{"hash":"e6a08f2a14c270a5ae621b7866b0ec3a5e418107","messageTitle":"Fix GitHub CI failing issue","messageBody":"","fileTypesAndContributionMap":{"other":{"insertions":0,"deletions":0}}},{"hash":"2737677f8ba285617c33d016d9c14cc5cac9b2a9","messageTitle":"Update AboutUs.md","messageBody":"","fileTypesAndContributionMap":{"docs":{"insertions":1,"deletions":1}}},{"hash":"9d90f6a63aea4c8e4856ebeedaefcd9d976c363a","messageTitle":"Update README.md","messageBody":"","fileTypesAndContributionMap":{"docs":{"insertions":4,"deletions":2}}},{"hash":"a40d7544af2662321427779606faeceb16d31db1","messageTitle":"Update UserGuide.md","messageBody":"","fileTypesAndContributionMap":{"docs":{"insertions":84,"deletions":25}}},{"hash":"0590324f4e8ec5aa71bc25090aab45813d95e28c","messageTitle":"TP-0: Add basic UI components","messageBody":"","fileTypesAndContributionMap":{"functional-code":{"insertions":36,"deletions":13}}},{"hash":"cecbfff6810d85130edc92699423302ab60a78ba","messageTitle":"TP-0: Fix CI error by adjusting code format","messageBody":"","fileTypesAndContributionMap":{"functional-code":{"insertions":12,"deletions":12}}},{"hash":"b3c8e440eedbd2cde931e7ad692cfd70d339d5c6","messageTitle":"Fix GitHub CI failing issue","messageBody":"","fileTypesAndContributionMap":{"other":{"insertions":0,"deletions":0}}},{"hash":"fbaf227adcf79d20b8e4988e4220504ea9e6d4a0","messageTitle":"Update AboutUs.md","messageBody":"","fileTypesAndContributionMap":{"docs":{"insertions":1,"deletions":1}}},{"hash":"0fcb1226797426285b6dbed47023a63ec9e1e61c","messageTitle":"Update README.md","messageBody":"","fileTypesAndContributionMap":{"docs":{"insertions":4,"deletions":2}}},{"hash":"d8bdea6a426910abe4dda488a5b8e779cb30dbd3","messageTitle":"Update UserGuide.md","messageBody":"","fileTypesAndContributionMap":{"docs":{"insertions":84,"deletions":25}}},{"hash":"4a0fa73bc872c8216c78f2de03d02ba4527dcf3d","messageTitle":"TP-0: Add basic UI components","messageBody":"","fileTypesAndContributionMap":{"functional-code":{"insertions":36,"deletions":13}}},{"hash":"26a69a819c2495c2fa84f05065969cf2165ec4d2","messageTitle":"TP-0: Fix CI error by adjusting code format","messageBody":"","fileTypesAndContributionMap":{"functional-code":{"insertions":12,"deletions":12}}}]},{"date":"2021-03-14","commitResults":[{"hash":"90cfe81d10cbe23736774e14a19760a88f52125b","messageTitle":"H-13: Add classes Record and RecordType.","messageBody":"","fileTypesAndContributionMap":{"functional-code":{"insertions":54,"deletions":0}}}]},{"date":"2021-03-15","commitResults":[{"hash":"62b8b784c5fd8bf19a41e5649ced2214c581bbc4","messageTitle":"H-13: Add constructor to Record class.","messageBody":"","fileTypesAndContributionMap":{"functional-code":{"insertions":11,"deletions":0}}},{"hash":"22653c04fc9fd71093336e9704869dfb969ebd2e","messageTitle":"H-13: Add classes FitCenter, User, RecordList, etc.","messageBody":"","fileTypesAndContributionMap":{"functional-code":{"insertions":195,"deletions":0}}},{"hash":"71f9f93cd2b412486e12b03775d9af8baf91e14c","messageTitle":"H-13: Fix CI error","messageBody":"","fileTypesAndContributionMap":{"functional-code":{"insertions":2,"deletions":2}}},{"hash":"0c8abbb048ff086c29f0191d557a272013b1687d","messageTitle":"H-13: Add minor bug fixes \u0026 javadoc comments.","messageBody":"","fileTypesAndContributionMap":{"functional-code":{"insertions":112,"deletions":2}}}]},{"date":"2021-03-16","commitResults":[{"hash":"d4ac6da3f792819b40c7848fcfb1ef8bffe31c1e","messageTitle":"H-15: Rename Duke as Healthier","messageBody":"","fileTypesAndContributionMap":{"other":{"insertions":3,"deletions":4}}},{"hash":"219ea55764af06d63dab3ef2b3d9eeb665d8d24c","messageTitle":"Revert \"H-15: Rename Duke as Healthier\"","messageBody":"This reverts commit d4ac6da3f792819b40c7848fcfb1ef8bffe31c1e.\n","fileTypesAndContributionMap":{"other":{"insertions":4,"deletions":3}}},{"hash":"3bee86fba2b1cad2c714c742db92d87eb4a840e1","messageTitle":"H-15: Rename Duke as Healthier","messageBody":"","fileTypesAndContributionMap":{"other":{"insertions":3,"deletions":4}}},{"hash":"88b430129862edc9fba0bb9573bf0cb71fd32a9c","messageTitle":"H-15: Edit build.gradle to fix CI error.","messageBody":"","fileTypesAndContributionMap":{"other":{"insertions":1,"deletions":1}}}]},{"date":"2021-03-17","commitResults":[{"hash":"93aba591343eb00d49e311a2f53d5dcc7f2695d4","messageTitle":"H-16: Optimize code \u0026 integration with FitCenter","messageBody":"Update code for Healthier, AddCommand, CommandParser, CommandResult, Messages\nAdd class ExitCommand\n","fileTypesAndContributionMap":{"functional-code":{"insertions":246,"deletions":327}}},{"hash":"fc7e6ff6e0e951a729ab4418a2599ab497d5e01a","messageTitle":"H-16: Fix Checkstyle CI error","messageBody":"","fileTypesAndContributionMap":{"functional-code":{"insertions":3,"deletions":2}}},{"hash":"fa567cb215d804e954c879bfc679e428c01e8c43","messageTitle":"H-16: Fix Checkstyle CI error","messageBody":"","fileTypesAndContributionMap":{"functional-code":{"insertions":2,"deletions":2}}},{"hash":"54bb8f9202cbff670bd3ce13f1f6189a24e1d004","messageTitle":"H-16: Fix Checkstyle CI error","messageBody":"","fileTypesAndContributionMap":{"functional-code":{"insertions":6,"deletions":1}}},{"hash":"e0cdb44173806247a566b7da7abb16a75f8c1455","messageTitle":"H-16: Fix text-ui-test CI error","messageBody":"","fileTypesAndContributionMap":{"functional-code":{"insertions":4,"deletions":3}}},{"hash":"0434d5fb6d2681abcd33d95dc3884ee2fb4dcde8","messageTitle":"Revert \"Merge branch \u0027master\u0027 into H-16\"","messageBody":"This reverts commit 0214691d365029e6f122b161d6d3ddc16c0cb392, reversing\nchanges made to e0cdb44173806247a566b7da7abb16a75f8c1455.\n","fileTypesAndContributionMap":{"functional-code":{"insertions":178,"deletions":127}}},{"hash":"c3799aa5db31d06b03cd862a40e1e65d36b08654","messageTitle":"H-16: Manually resolve merge conflicts","messageBody":"","fileTypesAndContributionMap":{"functional-code":{"insertions":120,"deletions":181}}},{"hash":"8f582ceb92e327790f5dd4de626cbb34b321a879","messageTitle":"H-16: Minor UI bugfix","messageBody":"","fileTypesAndContributionMap":{"functional-code":{"insertions":3,"deletions":2}}}]},{"date":"2021-03-18","commitResults":[{"hash":"edf516d6c0783cde24b6951edcb46cf4e5fc3902","messageTitle":"H-16: Integrate View Command \u0026 various bugfix","messageBody":"","fileTypesAndContributionMap":{"functional-code":{"insertions":189,"deletions":75}}},{"hash":"9e7eaf6a09cfd587ff26b3e7d7c340dfd83db301","messageTitle":"H-16: Fix CI error","messageBody":"","fileTypesAndContributionMap":{"functional-code":{"insertions":28,"deletions":20}}},{"hash":"035f02eb273e81f7a0f72f593a1352c8926c55ea","messageTitle":"H-16: Fix CI error","messageBody":"","fileTypesAndContributionMap":{"functional-code":{"insertions":5,"deletions":20}}},{"hash":"121d674da167ae54ef0888876fc6100223d20727","messageTitle":"Update Workout.java","messageBody":"","fileTypesAndContributionMap":{"functional-code":{"insertions":2,"deletions":2}}},{"hash":"830356946c5ad67132bb5cfa671e2c85f7f2fb7a","messageTitle":"H-16: minor bugfix","messageBody":"","fileTypesAndContributionMap":{"functional-code":{"insertions":7,"deletions":21}}},{"hash":"7f7d32a5f179e63d044b43783080b80925a8526e","messageTitle":"H-16: add bugfix for view command","messageBody":"","fileTypesAndContributionMap":{"functional-code":{"insertions":147,"deletions":75}}},{"hash":"e39532558ec24fd7e2212d07dc2434ce3b8f1928","messageTitle":"H-16: fix CI error","messageBody":"","fileTypesAndContributionMap":{"functional-code":{"insertions":12,"deletions":12}}},{"hash":"2742a21b2215d11e161d730f04f80964841b068d","messageTitle":"H-16: delete food class","messageBody":"","fileTypesAndContributionMap":{"functional-code":{"insertions":0,"deletions":91}}},{"hash":"caa0af85fa412bfa78e82fff338dd4a2a892e7b0","messageTitle":"H-16: Update add command","messageBody":"","fileTypesAndContributionMap":{"functional-code":{"insertions":340,"deletions":372}}},{"hash":"2bf06dd2e206b3b49270060bbebb4734eade587d","messageTitle":"H-16: Fix CI error","messageBody":"","fileTypesAndContributionMap":{"functional-code":{"insertions":7,"deletions":3}}},{"hash":"9129fcc9fa1188483b0eb3f8a1d03948c0c08144","messageTitle":"H-16: Add HelpCommand","messageBody":"","fileTypesAndContributionMap":{"functional-code":{"insertions":35,"deletions":17}}},{"hash":"8bd5dfd03b4a18f106572f431a571bc7bdadc452","messageTitle":"H-16: Fix CI error","messageBody":"","fileTypesAndContributionMap":{"functional-code":{"insertions":8,"deletions":1}}},{"hash":"8c4cf8f2e7404db62491c6834fbf250004b31b1d","messageTitle":"H-16: Update FoodCategory","messageBody":"","fileTypesAndContributionMap":{"functional-code":{"insertions":4,"deletions":2}}},{"hash":"7200ac7722ca930a3afee201830447cf72617bad","messageTitle":"H-16: minor code cleanup","messageBody":"","fileTypesAndContributionMap":{"functional-code":{"insertions":1,"deletions":11}}},{"hash":"f213d2f8ec7ce1d5811cf7e9853cc3f1ed670673","messageTitle":"H-16: Update view result","messageBody":"","fileTypesAndContributionMap":{"functional-code":{"insertions":132,"deletions":42}}},{"hash":"115c1c5b236fb55b7eca8c80d57614abf9301f74","messageTitle":"H-16: fix CI error","messageBody":"","fileTypesAndContributionMap":{"functional-code":{"insertions":2,"deletions":2}}},{"hash":"f5d68dc6977305198ee6a6968acd360168ae1649","messageTitle":"H-16: add Junit test for FitCenter \u0026 RecordList.","messageBody":"","fileTypesAndContributionMap":{"functional-code":{"insertions":3,"deletions":4},"test-code":{"insertions":35,"deletions":0}}},{"hash":"509d1433e4237a502471eea936d3eb493fb1a940","messageTitle":"H-16: fix CI error.","messageBody":"","fileTypesAndContributionMap":{"test-code":{"insertions":2,"deletions":2}}}]},{"date":"2021-03-27","commitResults":[{"hash":"620e939e122be1c765830031ee14bd039ee78180","messageTitle":"H-17: Update build.gradle to enable assertions.","messageBody":"","fileTypesAndContributionMap":{"other":{"insertions":1,"deletions":0}}},{"hash":"ad0e38ba93c4775dd386960b82085958db7c9c71","messageTitle":"Update UserGuide.md","messageBody":"","fileTypesAndContributionMap":{"docs":{"insertions":95,"deletions":1}}},{"hash":"9d08d54cd5a075cad3a0046cc83ac70f4fd1c7f0","messageTitle":"Update UserGuide.md","messageBody":"","fileTypesAndContributionMap":{"docs":{"insertions":8,"deletions":6}}},{"hash":"47546b0428295afbddb33de74060531c1843a977","messageTitle":"Update UserGuide.md","messageBody":"","fileTypesAndContributionMap":{"docs":{"insertions":2,"deletions":2}}},{"hash":"054ebcaf08b08ee50a4fb5cf6bcf62f2a2786ba2","messageTitle":"H-9: Add classes Goal, GoalList, ExerciseGoal.","messageBody":"","fileTypesAndContributionMap":{"functional-code":{"insertions":238,"deletions":2}}}]},{"date":"2021-03-29","commitResults":[{"hash":"388efb2a1118af1a26df718a9f4d4ac255d51b9a","messageTitle":"H-9: Add classes Goal, GoalList, ExerciseGoal.","messageBody":"","fileTypesAndContributionMap":{"functional-code":{"insertions":3,"deletions":0}}}]},{"date":"2021-03-30","commitResults":[{"hash":"f7045f57ca553f196d3abb20483bf74e40ec93fe","messageTitle":"H-9: Add SetCommand.","messageBody":"","fileTypesAndContributionMap":{"functional-code":{"insertions":181,"deletions":35}}},{"hash":"acdbd66bdb34b9b20be74fda9767e09cdac3aaad","messageTitle":"H-9: Add check functionality.","messageBody":"","fileTypesAndContributionMap":{"functional-code":{"insertions":179,"deletions":80}}},{"hash":"1c8b3c9ae781e31d3d99ac8df81a7ab46d5cd9ae","messageTitle":"H-9: Fix CI error.","messageBody":"","fileTypesAndContributionMap":{"functional-code":{"insertions":2,"deletions":2}}},{"hash":"6c26724ca90d8cc1c90cc9c4e52664f1bd7a7646","messageTitle":"Update UserGuide.md","messageBody":"","fileTypesAndContributionMap":{"docs":{"insertions":113,"deletions":15}}},{"hash":"b9c9adbbfb0c079a22c869a773770f76d608ee76","messageTitle":"H-9: Add cancel feature + minor bugfix","messageBody":"","fileTypesAndContributionMap":{"functional-code":{"insertions":142,"deletions":65}}}]},{"date":"2021-03-31","commitResults":[{"hash":"ea85549efaa65cc0c3358f50c2296d838823acbf","messageTitle":"H-18: Add time controller for initializing goal progress","messageBody":"","fileTypesAndContributionMap":{"functional-code":{"insertions":100,"deletions":1}}},{"hash":"8e21d40dde0f1748a881da9cb744e41bea4bf0af","messageTitle":"H-18: Fix checkstyle error","messageBody":"","fileTypesAndContributionMap":{"functional-code":{"insertions":1,"deletions":1},"other":{"insertions":1,"deletions":1}}},{"hash":"7dd0250852c922b715931508e7a5f6c7d314dbf3","messageTitle":"H-18: Add assertion \u0026 logger code","messageBody":"","fileTypesAndContributionMap":{"functional-code":{"insertions":11,"deletions":3}}},{"hash":"8acf0be6b3cfb21f1365f327e6e8d5863db72b0b","messageTitle":"H-18: Update ui text bug","messageBody":"","fileTypesAndContributionMap":{"functional-code":{"insertions":2,"deletions":2}}},{"hash":"acdc31b7c3b142afb4ec1465785eef3ce970cb7a","messageTitle":"H-Doc: update doc index","messageBody":"","fileTypesAndContributionMap":{"docs":{"insertions":44,"deletions":7}}},{"hash":"efae3d577bd2193ca145d11e6ef59d2c67a32034","messageTitle":"Update DeveloperGuide.md","messageBody":"","fileTypesAndContributionMap":{"docs":{"insertions":1,"deletions":0}}},{"hash":"bf58055b1237309200e4ac257fdc97e44af41855","messageTitle":"Update DeveloperGuide.md","messageBody":"","fileTypesAndContributionMap":{"docs":{"insertions":3,"deletions":6}}},{"hash":"0485d9bcc3a0b5922cd8df84e48f760a25c9275b","messageTitle":"H-10: minor bugfix","messageBody":"","fileTypesAndContributionMap":{"functional-code":{"insertions":2,"deletions":1}}},{"hash":"d423e401671623e4bca3eb77be4d0106387c03b3","messageTitle":"H-18: add read/write for appToday and appWeekOfYear","messageBody":"","fileTypesAndContributionMap":{"functional-code":{"insertions":159,"deletions":73}}}]},{"date":"2021-04-01","commitResults":[{"hash":"928e00d1f0313fd22836a0f68372823ed7600ed7","messageTitle":"H-18: update Storage","messageBody":"","fileTypesAndContributionMap":{"functional-code":{"insertions":5,"deletions":3}}},{"hash":"bf493166fc11ce01f852778fdd1c3513ab6d3f87","messageTitle":"H-18: Add Weekly progress update logic \u0026 goal prompt message","messageBody":"","fileTypesAndContributionMap":{"functional-code":{"insertions":247,"deletions":55}}},{"hash":"754f18adb8239e4f632454eafe24e65fa0cbd103","messageTitle":"H-18: Add Weekly progress update logic \u0026 goal prompt message","messageBody":"","fileTypesAndContributionMap":{"functional-code":{"insertions":431,"deletions":52}}},{"hash":"477ffa751dcc771857731e7a80788d76b2a973e1","messageTitle":"H-18: Fix checkstyle error","messageBody":"","fileTypesAndContributionMap":{"functional-code":{"insertions":3,"deletions":3}}},{"hash":"7d1df21e1d1b1c3a28a20a17b9e45a3e2fdafe12","messageTitle":"H-nameFix: update the naming of \"period type\" to \"interval type\"","messageBody":"","fileTypesAndContributionMap":{"functional-code":{"insertions":16,"deletions":13},"docs":{"insertions":16,"deletions":16}}},{"hash":"029ce12377d86a9d27ea121c75adc45067919dd1","messageTitle":"H-fix: minor bug fix for goal command \u0026 display issue","messageBody":"","fileTypesAndContributionMap":{"functional-code":{"insertions":38,"deletions":12}}},{"hash":"687491af8ecf7af1a23a782603ca7a996733f1a2","messageTitle":"Update Goal.java","messageBody":"","fileTypesAndContributionMap":{"functional-code":{"insertions":1,"deletions":1}}},{"hash":"93a58447deef6bc7b94487b50292006353286feb","messageTitle":"H-mfix2: minor bugfix for goal prompt","messageBody":"","fileTypesAndContributionMap":{"functional-code":{"insertions":4,"deletions":4}}},{"hash":"bea1fec80a025f6c9e6316a057d388467b247db2","messageTitle":"Update FitCenter.java","messageBody":"","fileTypesAndContributionMap":{"functional-code":{"insertions":2,"deletions":2}}}]},{"date":"2021-04-03","commitResults":[{"hash":"b20b4f19364172083eb9c15842430ba0c999317f","messageTitle":"Update UserGuide.md","messageBody":"","fileTypesAndContributionMap":{"docs":{"insertions":596,"deletions":180}}},{"hash":"4b3e0af664bfe9028291ca55e0f3ca1dd67acd52","messageTitle":"Update UserGuide.md","messageBody":"","fileTypesAndContributionMap":{"docs":{"insertions":4,"deletions":3}}},{"hash":"843bd3dbfb3c01f1d7b23246e493db2b676762e8","messageTitle":"Update UserGuide.md","messageBody":"","fileTypesAndContributionMap":{"docs":{"insertions":7,"deletions":7}}},{"hash":"89ef692e2cca9e6d7e203d251d2153544239b480","messageTitle":"Update UserGuide.md","messageBody":"","fileTypesAndContributionMap":{"docs":{"insertions":2,"deletions":2}}}]},{"date":"2021-04-05","commitResults":[{"hash":"55d4e4f7bcacf16ea7c3de5caa2e8ecced1f4438","messageTitle":"H-docFix: fix bugs \u0026 typos in UserGuide.md","messageBody":"","fileTypesAndContributionMap":{"docs":{"insertions":125,"deletions":57}}}]},{"date":"2021-04-06","commitResults":[{"hash":"9383de30019ecf0886b3ff96b50456633ef542e8","messageTitle":"H-docFix: fix bugs \u0026 typos in UserGuide.md","messageBody":"","fileTypesAndContributionMap":{"functional-code":{"insertions":8,"deletions":6},"docs":{"insertions":12,"deletions":19}}},{"hash":"288cce31ccb25ff0a52198b4b85667725def9db2","messageTitle":"H-gsfix: add bugfix for weekly sleep goal target duration","messageBody":"","fileTypesAndContributionMap":{"functional-code":{"insertions":16,"deletions":7}}},{"hash":"99376d7e84a4e5404cb072a84a11232dd1d4c9f8","messageTitle":"H-paraFix: Add handling of redundant parameters.","messageBody":"","fileTypesAndContributionMap":{"functional-code":{"insertions":22,"deletions":14},"docs":{"insertions":3,"deletions":4}}}]},{"date":"2021-04-07","commitResults":[{"hash":"dc7808797e2dafecbf20fffe5229571674947858","messageTitle":"H-inFix: Change the naming of period type to interval type","messageBody":"","fileTypesAndContributionMap":{"functional-code":{"insertions":206,"deletions":210},"other":{"insertions":6,"deletions":6}}},{"hash":"0a7455e1efe35708976dbdc9b77263de8dc6a684","messageTitle":"H-inFix: fix CI error","messageBody":"","fileTypesAndContributionMap":{"functional-code":{"insertions":5,"deletions":3}}},{"hash":"9b4d6657f1868c8d381296e4f4d9b9b0b206890b","messageTitle":"H-inFix: fix CI error","messageBody":"","fileTypesAndContributionMap":{"functional-code":{"insertions":2,"deletions":2}}},{"hash":"58e77d1e66f1348ad48d65e4ec2a4281ec15dc1d","messageTitle":"H-acFix: update logic of isGoalAchieved method.","messageBody":"","fileTypesAndContributionMap":{"functional-code":{"insertions":23,"deletions":15}}},{"hash":"291f9baaba785b5f2e44c9bccf0032e3e2c88688","messageTitle":"H-acFix: fix checkstyle error","messageBody":"","fileTypesAndContributionMap":{"functional-code":{"insertions":2,"deletions":2}}}]},{"date":"2021-04-11","commitResults":[{"hash":"665258c78ab3c792209a1ab8018136687406e14a","messageTitle":"H-dg: update Appendix","messageBody":"","fileTypesAndContributionMap":{"docs":{"insertions":86,"deletions":19}}}]},{"date":"2021-04-12","commitResults":[{"hash":"048e3cc069e1a45685f5ac930c13371e7c397011","messageTitle":"H-dg: add architecture portion.","messageBody":"","fileTypesAndContributionMap":{"docs":{"insertions":66,"deletions":7}}},{"hash":"bf4f06dde3d5022c6c82f0784814fbf9b51fb422","messageTitle":"H-dg2: add components \u0026 implementation of setCommand.","messageBody":"","fileTypesAndContributionMap":{"docs":{"insertions":107,"deletions":13}}},{"hash":"2bba9d0649dcf2de829cdc2e8382cd7536b93eb4","messageTitle":"H-ppp: Add ppp, minor fix for README.md \u0026 user guide","messageBody":"","fileTypesAndContributionMap":{"docs":{"insertions":180,"deletions":11}}},{"hash":"6570d3bf82b6e70ecac4c7df1df3bdd494e3bf1f","messageTitle":"Update DeveloperGuide.md","messageBody":"","fileTypesAndContributionMap":{"docs":{"insertions":15,"deletions":18}}},{"hash":"887b49d3ee8a4fab448a875f42a8e47b8fc5d274","messageTitle":"Update song0180.md","messageBody":"","fileTypesAndContributionMap":{"docs":{"insertions":4,"deletions":8}}},{"hash":"a53bb4b1031f7e0d36cce8db8c12a83f49e0b2e0","messageTitle":"Update DeveloperGuide.md","messageBody":"","fileTypesAndContributionMap":{"docs":{"insertions":1,"deletions":0}}},{"hash":"950dbba432c40f2ded7e87389236fe4ad47cc124","messageTitle":"Update DeveloperGuide.md","messageBody":"","fileTypesAndContributionMap":{"docs":{"insertions":2,"deletions":1}}}]}]},"authorFileTypeContributionMap":{"baggiiiie":{"docs":79,"functional-code":64,"test-code":0},"lowwilliam":{"docs":55,"functional-code":90,"test-code":0},"PingruiLi":{"docs":290,"functional-code":1632,"test-code":72},"Song0180":{"docs":1251,"functional-code":2729,"test-code":36,"other":2}},"authorContributionVariance":{"baggiiiie":3205.1157,"lowwilliam":4328.6997,"PingruiLi":96068.836,"Song0180":150105.92},"authorDisplayNameMap":{"baggiiiie":"CS2113-F10-2 DAI ..CHAO","lowwilliam":"CS2113-F10-2 LIU ..QIAN","PingruiLi":"CS2113-F10-2 LI P..GRUI","Song0180":"CS2113-F10-2 SONG..G YU"}}
