{"authorDailyContributionsMap":{"Emkay16":[{"date":"2021-03-09","commitResults":[{"hash":"d2becd8ff266fa291c6f38490b50caf41a1911a8","messageTitle":"Add Constants class and add info messages","messageBody":"","fileTypesAndContributionMap":{"functional-code":{"insertions":25,"deletions":0}}},{"hash":"bf43a58d59e67d86a7b27ad507de5e66716a9100","messageTitle":"Change strings to constants","messageBody":"","fileTypesAndContributionMap":{"functional-code":{"insertions":6,"deletions":6}}}]},{"date":"2021-03-13","commitResults":[{"hash":"d95ad008f778f761b11dd4bd02aa2926e779a532","messageTitle":"Add class for help command and update help info messages","messageBody":"","fileTypesAndContributionMap":{"functional-code":{"insertions":43,"deletions":12}}},{"hash":"c1693f8a034959274189f7cee37dc3343677fec0","messageTitle":"Add class for exit command","messageBody":"","fileTypesAndContributionMap":{"functional-code":{"insertions":30,"deletions":0}}},{"hash":"53f2554963cf21b99ef129948c70e22f0cd61d09","messageTitle":"Fix ExitCommand to be compliant with coding style","messageBody":"","fileTypesAndContributionMap":{"functional-code":{"insertions":1,"deletions":1}}}]},{"date":"2021-03-15","commitResults":[{"hash":"fea0eebf6351a6c1da838a001950015cebc378d1","messageTitle":"Change message printing to use ui printMessage method","messageBody":"","fileTypesAndContributionMap":{"functional-code":{"insertions":4,"deletions":5}}}]},{"date":"2021-03-16","commitResults":[{"hash":"8b869f3c05afbcbea6d9e0aa881a9be486083127","messageTitle":"Add test for ExitCommand","messageBody":"","fileTypesAndContributionMap":{"test-code":{"insertions":36,"deletions":0}}},{"hash":"3cb25495be7350853a2103382932c340ebb77869","messageTitle":"Enhance functionality of HelpCommand","messageBody":"","fileTypesAndContributionMap":{"functional-code":{"insertions":43,"deletions":14}}},{"hash":"67ea4fb29f15bf7536c5d684f9f70f27178f889a","messageTitle":"Add JUnit test for HelpCommand","messageBody":"","fileTypesAndContributionMap":{"test-code":{"insertions":65,"deletions":0}}},{"hash":"769b924927491c97c5d1032e230a765da5bc2608","messageTitle":"Add help information for help command","messageBody":"","fileTypesAndContributionMap":{"functional-code":{"insertions":10,"deletions":1}}},{"hash":"8a86b467ce2d8c66731abf5326daf6bfae8f3ca4","messageTitle":"Fix formatting of HelpCommandTest to be compliant with coding standards","messageBody":"","fileTypesAndContributionMap":{"test-code":{"insertions":2,"deletions":4}}}]},{"date":"2021-03-19","commitResults":[{"hash":"969b3d50f67563b8687a5f5d2a9c7254a012aad2","messageTitle":"Update user guide to reflect v1.0 features","messageBody":"","fileTypesAndContributionMap":{"docs":{"insertions":121,"deletions":22}}},{"hash":"2e7b2ffafebc478787af19145a45e1061be28f53","messageTitle":"Minor formatting changes","messageBody":"","fileTypesAndContributionMap":{"docs":{"insertions":8,"deletions":3}}},{"hash":"43df7175aa71b024ed1f501afe751e6e12b64c23","messageTitle":"Update UserGuide.md to be compliant with markdown coding standard","messageBody":"","fileTypesAndContributionMap":{"docs":{"insertions":18,"deletions":10}}}]},{"date":"2021-03-26","commitResults":[{"hash":"f4748e2d541b797395ce6ce9f0a5a5f53b97ef67","messageTitle":"Update DG for help command","messageBody":"","fileTypesAndContributionMap":{"docs":{"insertions":45,"deletions":5}}}]},{"date":"2021-03-30","commitResults":[{"hash":"28b62c975904620f62cbd541f6657f7e5116e895","messageTitle":"Add methods to load data from save file","messageBody":"","fileTypesAndContributionMap":{"functional-code":{"insertions":59,"deletions":14}}},{"hash":"50a7cf9b86299ba98009e77883239d8bdcd4af40","messageTitle":"Add use of load method to load date from save file","messageBody":"","fileTypesAndContributionMap":{"functional-code":{"insertions":12,"deletions":3}}},{"hash":"ee1e26c4eba4772e278aad7b4d066664b53831dc","messageTitle":"Update user guide to add expected outcomes to usage examples","messageBody":"","fileTypesAndContributionMap":{"docs":{"insertions":45,"deletions":1}}},{"hash":"0297b4ac06d6654a5f78de0f19c3e861ccfc64e5","messageTitle":"Change quickstart to quick start","messageBody":"","fileTypesAndContributionMap":{"docs":{"insertions":2,"deletions":2}}},{"hash":"2053796069cebf45758f9b2432f1e616ce754d47","messageTitle":"Add example outputs and FAQ section","messageBody":"","fileTypesAndContributionMap":{"docs":{"insertions":62,"deletions":6}}},{"hash":"3ea412c5bcf333c43ec85aa4289864286a4eeab1","messageTitle":"Add splitStringIntoArrayList method","messageBody":"","fileTypesAndContributionMap":{"functional-code":{"insertions":30,"deletions":16}}},{"hash":"f03b17b5b123113b5ff41c0267ad68111a96fdcb","messageTitle":"Add loadData test","messageBody":"","fileTypesAndContributionMap":{"test-code":{"insertions":19,"deletions":5}}},{"hash":"6212b88bed05fa4eada6bd08587a5779fdf68e90","messageTitle":"Update code to be compliant with coding standard","messageBody":"","fileTypesAndContributionMap":{"functional-code":{"insertions":3,"deletions":3}}},{"hash":"eef118c4ddcdad972d21a01418fa257a69f83306","messageTitle":"Remove redundant import statements","messageBody":"","fileTypesAndContributionMap":{"test-code":{"insertions":1,"deletions":2}}},{"hash":"5721a316fa35b0d1dda9afa4fe1a50b3f6060573","messageTitle":"Change details delimiter","messageBody":"","fileTypesAndContributionMap":{"functional-code":{"insertions":4,"deletions":4},"test-code":{"insertions":1,"deletions":1}}},{"hash":"6ac7c632016f1ef8f708269e5186c4b4bd08f992","messageTitle":"Update help command for new delete command","messageBody":"","fileTypesAndContributionMap":{"functional-code":{"insertions":13,"deletions":1}}},{"hash":"cb46ff2dcecec41df805d27a5b38fb6ed61f0ccc","messageTitle":"Fix formatting issues in user guide","messageBody":"","fileTypesAndContributionMap":{"docs":{"insertions":34,"deletions":28}}},{"hash":"74be4ff904f5015f5e6bd039b4ff1a500f02f2aa","messageTitle":"Fix typo","messageBody":"","fileTypesAndContributionMap":{"other":{"insertions":1,"deletions":1}}},{"hash":"83bae09600e1526fa9642c6b6e5cbb8ca5b86877","messageTitle":"Update text-ui-test EXPECTED.TXT","messageBody":"","fileTypesAndContributionMap":{"functional-code":{"insertions":1,"deletions":1}}}]}],"fsgmhoward":[{"date":"2021-03-06","commitResults":[{"hash":"1fbe64a6d4b206577585bd0606008b382c00e7ee","messageTitle":"Implement Parser, Command, and basic data models","messageBody":"- An example EchoCommand is also included\n- Modified text-ui-test file to align with the latest output\n- Created placeholder for Storage and Ui\n","fileTypesAndContributionMap":{"functional-code":{"insertions":326,"deletions":2}}}]},{"date":"2021-03-07","commitResults":[{"hash":"cea253f8447b12d6d4e049ff99f51a3bff000cd7","messageTitle":"Add method for patients retrieval/insert","messageBody":"- Also update runtest.sh permission for GitHub CI to run\n","fileTypesAndContributionMap":{"functional-code":{"insertions":18,"deletions":2},"other":{"insertions":0,"deletions":0}}}]},{"date":"2021-03-08","commitResults":[{"hash":"b2b7336858a459b30d2d4e9192da1fed876184a7","messageTitle":"Add currentPatient attribute to Data class","messageBody":"- Data.addPatient() is renamed to setPatient()\n- Add public methods to handle loading/saving of currentPatient\n","fileTypesAndContributionMap":{"functional-code":{"insertions":37,"deletions":3}}}]},{"date":"2021-03-15","commitResults":[{"hash":"1c942f5affc0d1a55a394afdad5341999ece5335","messageTitle":"Implement loop for main class and fix on wrong scanner closing in LoadCommand","messageBody":"","fileTypesAndContributionMap":{"functional-code":{"insertions":43,"deletions":21}}},{"hash":"648a09a15489444ad24c8e39a1d41904c8501a9d","messageTitle":"Change access modifiers for Duke\u0027s members","messageBody":"","fileTypesAndContributionMap":{"functional-code":{"insertions":6,"deletions":6}}}]},{"date":"2021-03-16","commitResults":[{"hash":"a4292f20d68b6bb9a2c7f2a25f1ffdd0ec5fde1f","messageTitle":"Rename Duke to PatientManager, add a line to separate input and output","messageBody":"","fileTypesAndContributionMap":{"functional-code":{"insertions":8,"deletions":0},"other":{"insertions":9,"deletions":6}}},{"hash":"9dbb8fa4b115f700574af513bcc87ad8424ce82f","messageTitle":"Add JUnit test cases for Parser","messageBody":"- Remove unused import for some classes\n- Remove default DukeTest\n- Move EchoCommand from main to test\n- Put exception messages in Parser class into Constants class\n","fileTypesAndContributionMap":{"functional-code":{"insertions":6,"deletions":3},"other":{"insertions":18,"deletions":4},"test-code":{"insertions":130,"deletions":14}}},{"hash":"0aaa975ac41a09ed1402a4caa0056e9ad1c63844","messageTitle":"Fix a minor checkstyle violation","messageBody":"","fileTypesAndContributionMap":{"test-code":{"insertions":1,"deletions":1}}},{"hash":"af496163d5c0c9b2d05c5a49cb818675f513be37","messageTitle":"Add CurrentCommand","messageBody":"","fileTypesAndContributionMap":{"functional-code":{"insertions":34,"deletions":0}}}]},{"date":"2021-03-23","commitResults":[{"hash":"797f849667634b28c88e786a26efd27ceef6bec2","messageTitle":"Use SortedMap/TreeMap to replace HashMap for storing patient id","messageBody":"- So the output of `list` is in sorted order\n","fileTypesAndContributionMap":{"functional-code":{"insertions":8,"deletions":6},"test-code":{"insertions":3,"deletions":1}}},{"hash":"b076b480567f97d9292d75d3572e50debca38b78","messageTitle":"Add text-ui-test I/O cases to test functionality of SortedMap","messageBody":"- Original dummy NRIC is replaced with S1234567D using the correct checksum\n- Add notice for the alphanumeric order for output of `list`\n","fileTypesAndContributionMap":{"functional-code":{"insertions":1,"deletions":1}}},{"hash":"462218faa9a474e80d00a587a683d17dea2e4f31","messageTitle":"Fix failed JTest, update all dummy NRIC to S1234567D","messageBody":"","fileTypesAndContributionMap":{"functional-code":{"insertions":2,"deletions":2},"docs":{"insertions":2,"deletions":2},"test-code":{"insertions":10,"deletions":9}}}]},{"date":"2021-03-26","commitResults":[{"hash":"c2d6f1ca3fdd18fe18e6cdeb1ee19a3ed784bee6","messageTitle":"Update testing details on DG","messageBody":"","fileTypesAndContributionMap":{"docs":{"insertions":21,"deletions":3}}},{"hash":"b7e15e939d226d66d58007708e967aac7776df7c","messageTitle":"Add custom exception classes for exception capture","messageBody":"- Empty patient list is no longer treated as an exception\n- Some hard-coded strings in test suite is updated to use constants\n","fileTypesAndContributionMap":{"functional-code":{"insertions":128,"deletions":23},"test-code":{"insertions":10,"deletions":9}}},{"hash":"361cf4af75eb20bc02f57d97f7d1661688978d8d","messageTitle":"Update I/O redirection test cases, fix typo","messageBody":"","fileTypesAndContributionMap":{"functional-code":{"insertions":1,"deletions":1}}},{"hash":"7afb07b1c154fe481cd8dc05107179c7a9ad7431","messageTitle":"Limit the exceptions to be thrown from Command to BaseException only","messageBody":"","fileTypesAndContributionMap":{"functional-code":{"insertions":7,"deletions":6}}},{"hash":"7f1fde54e7b21702cceac4a6f72ab0f0ac055e4f","messageTitle":"Correct position of arguments passed for assertEquals in ParserTest","messageBody":"- Also move indent character for exception to Constants\n","fileTypesAndContributionMap":{"functional-code":{"insertions":10,"deletions":9},"test-code":{"insertions":3,"deletions":3}}}]},{"date":"2021-03-29","commitResults":[{"hash":"c643b828b68aa92e29fbd6e745f3d241e78b6e36","messageTitle":"Fix current checkstyle problems","messageBody":"","fileTypesAndContributionMap":{"functional-code":{"insertions":10,"deletions":1},"test-code":{"insertions":0,"deletions":1}}},{"hash":"028e1d27c0f1aa002b49334733a16ab072d723a1","messageTitle":"Update DG for Parser and Exception components","messageBody":"","fileTypesAndContributionMap":{"docs":{"insertions":141,"deletions":11}}},{"hash":"156abdc0f63e19ead3efd0b7067e05a2b669c0ee","messageTitle":"Update UG for command input notes and DG to format tables","messageBody":"","fileTypesAndContributionMap":{"docs":{"insertions":64,"deletions":29}}},{"hash":"a0fbc24a39601fc1a3330ffe1784bf4da337ad01","messageTitle":"Fix typo and standardize names to Patient Manager","messageBody":"","fileTypesAndContributionMap":{"docs":{"insertions":20,"deletions":19}}}]},{"date":"2021-03-30","commitResults":[{"hash":"dca96c95ece34a4007f72f6e912839ea2f3253e6","messageTitle":"Fix notion for unordered list to align with SE-EDU Markdown standard","messageBody":"","fileTypesAndContributionMap":{"docs":{"insertions":42,"deletions":42}}},{"hash":"656a1d2864f807c6ee0f07b81e85728e1dd225bf","messageTitle":"Improve UGDG and put TODOs for comments given during consultation","messageBody":"","fileTypesAndContributionMap":{"docs":{"insertions":54,"deletions":46}}},{"hash":"ce04e4ae3e3e63b9135e21936cebd863b463bcdb","messageTitle":"Add saveFile() method for Data class and multiple improvements","messageBody":"- Change patients in Data to private and fix StorageTest accordingly\n- Add/modify constructor for Data class\n- Add skeleton for StorageException\n- Fix warnings and unused imports\n- Replace generic Exception with InvalidInputException for ParserTest\n- Some minor changes on exception messages\n","fileTypesAndContributionMap":{"functional-code":{"insertions":72,"deletions":46},"test-code":{"insertions":8,"deletions":11}}},{"hash":"5575dcb34f540bb197bb534ebaf936354e859052","messageTitle":"Fix unresolved conflict in Constants.java","messageBody":"","fileTypesAndContributionMap":{"functional-code":{"insertions":0,"deletions":5}}},{"hash":"81ecd688c1e385ec80b9c6de30a59f085ebf8f61","messageTitle":"Handle IO and FNF Exception with custom StorageException","messageBody":"","fileTypesAndContributionMap":{"functional-code":{"insertions":21,"deletions":16},"test-code":{"insertions":8,"deletions":8}}},{"hash":"446a67134079effb475a332f68b6f02002d5f8b4","messageTitle":"Save data to file after add, delete and record commands","messageBody":"","fileTypesAndContributionMap":{"functional-code":{"insertions":16,"deletions":7}}},{"hash":"3e477272b3665d61730e9168a9b71d1008d2b788","messageTitle":"Accept first argument as file path","messageBody":"- Also fix OOB error at Storage.load() when a patient has no associated\n  visit records\n","fileTypesAndContributionMap":{"functional-code":{"insertions":25,"deletions":9}}},{"hash":"a1e441cb80dbb72529bdca992227ec4b629a9ec8","messageTitle":"Fix JUnit test and IO redirection test","messageBody":"","fileTypesAndContributionMap":{"functional-code":{"insertions":4,"deletions":6},"other":{"insertions":4,"deletions":0}}},{"hash":"407cdec62111a27fb2735ebb6af302269be428f6","messageTitle":"Fix OOB error in prescription, symptom and diagnosis splitting","messageBody":"","fileTypesAndContributionMap":{"functional-code":{"insertions":13,"deletions":3}}}]}],"brandonfoong":[{"date":"2021-03-09","commitResults":[{"hash":"053089560ae53db93a56d09ca7fe7caa88101f27","messageTitle":"Add the classes for the `record` and `retrieve` commands","messageBody":"","fileTypesAndContributionMap":{"functional-code":{"insertions":48,"deletions":0}}},{"hash":"895b52421a14df5014e4a88fed9c0d06a336a983","messageTitle":"Fix formatting to be consistent with the coding style","messageBody":"","fileTypesAndContributionMap":{"functional-code":{"insertions":8,"deletions":6}}}]},{"date":"2021-03-10","commitResults":[{"hash":"a924d242ac5f0c595ff19ef6b8d852597a32149f","messageTitle":"Add the `PatientRecord` class to store a patient\u0027s records","messageBody":"","fileTypesAndContributionMap":{"functional-code":{"insertions":41,"deletions":0}}},{"hash":"d5b29184c74851ea21856409a04118a47e21ab3d","messageTitle":"Add some JUnit tests for the PatientRecord class Remove unecessary imports","messageBody":"","fileTypesAndContributionMap":{"functional-code":{"insertions":0,"deletions":2},"test-code":{"insertions":21,"deletions":0}}},{"hash":"3be7ea067275153ce96037565eca3ad92e90693d","messageTitle":"Add more tests for PatientRecord","messageBody":"","fileTypesAndContributionMap":{"test-code":{"insertions":19,"deletions":4}}}]},{"date":"2021-03-11","commitResults":[{"hash":"6ac1aae7d91c2f7016ace18b6b3b6cbbbb3c4d6e","messageTitle":"Remove PatientRecord and PatientRecordTest (duplicate of the model.Record class)","messageBody":"","fileTypesAndContributionMap":{"functional-code":{"insertions":0,"deletions":39},"test-code":{"insertions":0,"deletions":36}}},{"hash":"748257b4ec9faee70dbf750a603a1744daa34663","messageTitle":"Implement `execute` method in RecordCommand and RetrieveCommand","messageBody":"","fileTypesAndContributionMap":{"functional-code":{"insertions":38,"deletions":9}}},{"hash":"dc7b9d246d711414631a29d50c1cd1a7d40aef8c","messageTitle":"Add tests for RecordCommand","messageBody":"","fileTypesAndContributionMap":{"test-code":{"insertions":62,"deletions":0}}},{"hash":"5f063d8ec9512d8e21542ece1ef3be0d0d006083","messageTitle":"Add tests for RetrieveCommand","messageBody":"","fileTypesAndContributionMap":{"test-code":{"insertions":55,"deletions":4}}},{"hash":"c2252689c63385c4308466054e1d1d5127c5d92f","messageTitle":"Fix RecordCommandTest to be compliant with the coding style","messageBody":"","fileTypesAndContributionMap":{"test-code":{"insertions":1,"deletions":1}}},{"hash":"72d36bd42022abd0a4a8d548ab28bfea40625937","messageTitle":"Improve documentation","messageBody":"","fileTypesAndContributionMap":{"test-code":{"insertions":2,"deletions":2}}}]},{"date":"2021-03-15","commitResults":[{"hash":"f75f7926c562e60b55f9a6c1aeb4e75380c27ca8","messageTitle":"Enable assertions in the `build.gradle` file","messageBody":"","fileTypesAndContributionMap":{"other":{"insertions":1,"deletions":0}}}]},{"date":"2021-03-16","commitResults":[{"hash":"0e42cd71fc691eef5f227fcba14994e8b837dfdf","messageTitle":"Use Ui class for printing messages instead of `System.out.println`","messageBody":"","fileTypesAndContributionMap":{"functional-code":{"insertions":2,"deletions":5},"test-code":{"insertions":9,"deletions":7}}},{"hash":"59d5babfc9107acd22b58ea5b8f5e7f6982b2912","messageTitle":"Add assertions for the RecordCommand and RetrieveCommand classes","messageBody":"","fileTypesAndContributionMap":{"functional-code":{"insertions":3,"deletions":0}}},{"hash":"1b122bb72f4b16f145f5e3227a6e0c34e10df4d6","messageTitle":"Improve RetrieveCommand","messageBody":"","fileTypesAndContributionMap":{"functional-code":{"insertions":1,"deletions":0}}},{"hash":"44ab463b1cecd261886bb5653f55e700fc542f4f","messageTitle":"Improve format of the `retrieve` command Add error handling to the `record` command","messageBody":"","fileTypesAndContributionMap":{"functional-code":{"insertions":6,"deletions":2}}},{"hash":"6a45e3a40979443b768f5cd7136147e4ddf17221","messageTitle":"Update test cases for RecordCommand and RetrieveCommand","messageBody":"","fileTypesAndContributionMap":{"test-code":{"insertions":23,"deletions":5}}},{"hash":"3e1c5233de8fa35a2992401419edbe35c61dafd1","messageTitle":"Extract string constants into the Constants class","messageBody":"","fileTypesAndContributionMap":{"functional-code":{"insertions":9,"deletions":3}}},{"hash":"03766a6957f21da181d3ef1e32fd6c80c445ac79","messageTitle":"Rename string constants to be consistent","messageBody":"","fileTypesAndContributionMap":{"functional-code":{"insertions":5,"deletions":7}}},{"hash":"b489c575e2609ae9a940cffcefac0667fc1454aa","messageTitle":"Fix tests","messageBody":"","fileTypesAndContributionMap":{"functional-code":{"insertions":1,"deletions":1},"test-code":{"insertions":1,"deletions":1}}}]},{"date":"2021-03-23","commitResults":[{"hash":"6ff6f113087f8e9c6a2be84084d4899517ee53bb","messageTitle":"Extract String constants out into the Constants class","messageBody":"","fileTypesAndContributionMap":{"functional-code":{"insertions":7,"deletions":0}}},{"hash":"41bce6f6b36f8d287fd93d8e3439fc892b1b70cc","messageTitle":"Improve storage of records in the Patient class Instead of using an ArrayList, use a TreeMap mapping visit dates to the consultation record","messageBody":"","fileTypesAndContributionMap":{"functional-code":{"insertions":45,"deletions":9}}},{"hash":"033425a73abbed75b8ee43d8fbdec380acc4f8b5","messageTitle":"Update Record class to maintain compatibility with the Patient class","messageBody":"","fileTypesAndContributionMap":{"functional-code":{"insertions":28,"deletions":8}}},{"hash":"5df57fb90d6fce6fbfc4e670e0f54acc947bf7eb","messageTitle":"Update RecordCommand and RetrieveCommand","messageBody":"","fileTypesAndContributionMap":{"functional-code":{"insertions":34,"deletions":13}}},{"hash":"9aa02b956aaeba7d955a34e1036398c230b32fff","messageTitle":"Update tests for RecordCommand","messageBody":"","fileTypesAndContributionMap":{"test-code":{"insertions":7,"deletions":19}}},{"hash":"7ded91abf1baa72762eb19c488a08cf04b32d5c3","messageTitle":"Replace \"\\n\" with the system-dependent line seperator","messageBody":"","fileTypesAndContributionMap":{"functional-code":{"insertions":10,"deletions":10}}},{"hash":"eff7e4f61f4f87391a4a05a7663997f3d9324648","messageTitle":"Handle corner cases when values \u003d null and improve documentation","messageBody":"","fileTypesAndContributionMap":{"functional-code":{"insertions":12,"deletions":6}}},{"hash":"e5ae619c0d6ae3dffa2fdc972825ac134b047cc5","messageTitle":"Improve unit tests","messageBody":"","fileTypesAndContributionMap":{"functional-code":{"insertions":6,"deletions":2},"test-code":{"insertions":14,"deletions":6}}},{"hash":"a53ec865bd8dff21d7b299234aea7541d558cfc3","messageTitle":"Fix coding standard violations","messageBody":"","fileTypesAndContributionMap":{"functional-code":{"insertions":7,"deletions":3},"test-code":{"insertions":6,"deletions":6}}},{"hash":"b8360526a15d504bb4800062ad208f066a996dac","messageTitle":"Improve OOP-ness of the code","messageBody":"","fileTypesAndContributionMap":{"functional-code":{"insertions":22,"deletions":7}}},{"hash":"209744bb36f140dc337c3c01327f2a332c05d1d7","messageTitle":"Update expected output for unit tests","messageBody":"","fileTypesAndContributionMap":{"test-code":{"insertions":1,"deletions":1}}}]},{"date":"2021-03-24","commitResults":[{"hash":"817b6a3fe4ab32bf0021b1a1bdb5055ab42e9bb4","messageTitle":"Update Javadocs to be consistent with the updated code and remove magic constants","messageBody":"","fileTypesAndContributionMap":{"functional-code":{"insertions":4,"deletions":4}}},{"hash":"f3edf24648d6a97c6173bcace865e71964220efd","messageTitle":"Fix coding standard violation","messageBody":"","fileTypesAndContributionMap":{"functional-code":{"insertions":1,"deletions":1}}}]},{"date":"2021-03-26","commitResults":[{"hash":"d433969c48629bddf3afff949e1a59f4bf508d3e","messageTitle":"Add system architecture to the DG","messageBody":"","fileTypesAndContributionMap":{"docs":{"insertions":51,"deletions":2}}},{"hash":"2c8e1306f5f94b055b6d1297ce7b1faebd7eec18","messageTitle":"Add more details on the Model in the DG","messageBody":"","fileTypesAndContributionMap":{"docs":{"insertions":7,"deletions":2}}},{"hash":"17fb00662d4a65584b1568126db14340b809e854","messageTitle":"Update date format Update help strings and unit tests to be consistent with the new date format","messageBody":"","fileTypesAndContributionMap":{"functional-code":{"insertions":14,"deletions":10},"test-code":{"insertions":4,"deletions":4}}},{"hash":"e44023fbd7c395e41fa3f2d49d93ffe76e49b5cc","messageTitle":"Update DG Add details on command format Update parameters for the `record` command","messageBody":"","fileTypesAndContributionMap":{"docs":{"insertions":55,"deletions":28}}},{"hash":"e81c5ff0514bf142c6af9f9a371667ee67ef83cd","messageTitle":"Change whitespace in command","messageBody":"","fileTypesAndContributionMap":{"docs":{"insertions":1,"deletions":1}}},{"hash":"62f8e172fe634fb8e81072d5113a6a9aca71dade","messageTitle":"Improve whitespace in the UG","messageBody":"","fileTypesAndContributionMap":{"docs":{"insertions":22,"deletions":10}}},{"hash":"7c664f1be39ecd9866eca91176e87ee63983a860","messageTitle":"Improve formatting","messageBody":"","fileTypesAndContributionMap":{"docs":{"insertions":1,"deletions":1}}}]},{"date":"2021-03-29","commitResults":[{"hash":"38530c00c4a45eebba9fe95b3eff1483e6846635","messageTitle":"Add sequence diagram","messageBody":"","fileTypesAndContributionMap":{"docs":{"insertions":4,"deletions":1}}},{"hash":"beef03b033d36e02430284f90c56bc88e90e1f8a","messageTitle":"Update DG and sequence diagram","messageBody":"","fileTypesAndContributionMap":{"docs":{"insertions":0,"deletions":3}}},{"hash":"7b4c67fd7cca9ddbacca34bf73f3d30977538b4f","messageTitle":"Update DG","messageBody":"","fileTypesAndContributionMap":{"docs":{"insertions":31,"deletions":15}}},{"hash":"d979bb79e766fc681e9da7c639e5c50c3e0f6baa","messageTitle":"Add manual testing to the DG","messageBody":"","fileTypesAndContributionMap":{"docs":{"insertions":32,"deletions":3}}},{"hash":"3486425a5b8abc0dda8c22b222a6194eed49b3d0","messageTitle":"Add more manual testing to the DG","messageBody":"","fileTypesAndContributionMap":{"docs":{"insertions":4,"deletions":1}}},{"hash":"6e74c2502e5fb638ee3c3440cb214deb82ec23c2","messageTitle":"Add images, remove faulty comments","messageBody":"","fileTypesAndContributionMap":{"docs":{"insertions":24,"deletions":4}}},{"hash":"bc906a07e887aae84a7881617f5b53c2893af87c","messageTitle":"Add more details to manual testing","messageBody":"","fileTypesAndContributionMap":{"docs":{"insertions":20,"deletions":46}}},{"hash":"cc44cd11da9082c9c11f0e11138f045732dec58a","messageTitle":"Fix missing newlines","messageBody":"","fileTypesAndContributionMap":{"docs":{"insertions":4,"deletions":4}}},{"hash":"7b5768929d0859caa487933efb3f923805475468","messageTitle":"Add architecture diagram","messageBody":"","fileTypesAndContributionMap":{"docs":{"insertions":2,"deletions":0}}},{"hash":"eec89a21b88aaed8684f2b9bc386259653c6c9c5","messageTitle":"Update DG","messageBody":"","fileTypesAndContributionMap":{"docs":{"insertions":0,"deletions":28}}},{"hash":"c2e722b71662e666060da4f24d5384d45d87a4f7","messageTitle":"Re-arrange DG","messageBody":"","fileTypesAndContributionMap":{"docs":{"insertions":6,"deletions":3}}},{"hash":"f9b31a7267d129ee264e8529c4848c45ab464f45","messageTitle":"Fix image sizes","messageBody":"","fileTypesAndContributionMap":{"docs":{"insertions":4,"deletions":5}}}]},{"date":"2021-03-30","commitResults":[{"hash":"60d0e202f586f9c1273e6428544c20488fc25b10","messageTitle":"Update numbering to follow SE-EDU\u0027s style","messageBody":"","fileTypesAndContributionMap":{"docs":{"insertions":20,"deletions":20}}},{"hash":"f4db4abbcf8938ccd0803dacbdaf08395d7cb4cc","messageTitle":"Add details and diagrams for the Logic and Model components","messageBody":"","fileTypesAndContributionMap":{"docs":{"insertions":13,"deletions":0}}},{"hash":"1f3a77155e8ac63d475587b00a0c31e6a4c10c46","messageTitle":"Add more details on the Logic section","messageBody":"","fileTypesAndContributionMap":{"docs":{"insertions":2,"deletions":1}}},{"hash":"56032e5e28f2acb1e04f6bf7f6ae12d1280a1549","messageTitle":"Fix formatting errors","messageBody":"","fileTypesAndContributionMap":{"docs":{"insertions":4,"deletions":1}}},{"hash":"5b5d859b102f4b8e2a98101a57257caea625dbbd","messageTitle":"Minor edits","messageBody":"","fileTypesAndContributionMap":{"docs":{"insertions":1,"deletions":1}}},{"hash":"08df33355452d3e26c508dd58ece320bee389a91","messageTitle":"Extract out implementation details into a seperate section","messageBody":"","fileTypesAndContributionMap":{"docs":{"insertions":13,"deletions":3}}},{"hash":"d29a8651843f6008e959d76df3a5ebea058a14aa","messageTitle":"Re-organize the DG","messageBody":"","fileTypesAndContributionMap":{"docs":{"insertions":56,"deletions":61}}},{"hash":"39c054ee3323e7d837d9526804ddc8ab03788430","messageTitle":"Add more details about Exception","messageBody":"","fileTypesAndContributionMap":{"docs":{"insertions":8,"deletions":1}}},{"hash":"8beeb2e71d264344de4aaace9f34c730ef1fb318","messageTitle":"Make minor changes to formatting","messageBody":"","fileTypesAndContributionMap":{"docs":{"insertions":25,"deletions":25}}},{"hash":"7fb0bcb0b9839eebaabc37396de462341996aff2","messageTitle":"Fix formatting bugs","messageBody":"","fileTypesAndContributionMap":{"docs":{"insertions":3,"deletions":0}}},{"hash":"328678d1f4495d2ee8d224bdb1fd7a0b893f4cfb","messageTitle":"Fix even more formatting issues","messageBody":"","fileTypesAndContributionMap":{"docs":{"insertions":1,"deletions":0}}},{"hash":"252a8c70fa5a4773dbecd1b26fddc83281ff384f","messageTitle":"Update filename of output file","messageBody":"","fileTypesAndContributionMap":{"docs":{"insertions":2,"deletions":2}}},{"hash":"ad7405592dceae74a25a781f7fd4f56c04026029","messageTitle":"Update sequence diagram","messageBody":"","fileTypesAndContributionMap":{"docs":{"insertions":1,"deletions":1}}},{"hash":"bdda964aef612a99032064831f00c7e578ac5a1a","messageTitle":"Resize diagram","messageBody":"","fileTypesAndContributionMap":{"docs":{"insertions":1,"deletions":1}}},{"hash":"2804ff51ab11ff29e69d3917545f05c6f1b0bbd1","messageTitle":"Fix formatting","messageBody":"","fileTypesAndContributionMap":{"docs":{"insertions":1,"deletions":0}}},{"hash":"906149fa48a1c3dff10830ac63d7b07c26b934b0","messageTitle":"Add bugfix for empty record command","messageBody":"","fileTypesAndContributionMap":{"functional-code":{"insertions":13,"deletions":6}}},{"hash":"d829ce569d281c234918e7b114c5e19385c06dfa","messageTitle":"Improve code quality","messageBody":"","fileTypesAndContributionMap":{"functional-code":{"insertions":5,"deletions":4}}}]},{"date":"2021-03-31","commitResults":[{"hash":"c8993a149440896419404849090c7cb165d7da64","messageTitle":"Add bugfixes for invalid inputs (Ctrl-D or Ctrl-Z)","messageBody":"","fileTypesAndContributionMap":{"functional-code":{"insertions":26,"deletions":5}}},{"hash":"23d1734bf665af9697ab68479bffe7ebeeb699a1","messageTitle":"Bugfix for empty argument given to add command","messageBody":"","fileTypesAndContributionMap":{"functional-code":{"insertions":18,"deletions":8}}},{"hash":"76a8a707e941a1711253485c68884ff95bcfeaed","messageTitle":"Cleanup whitespace","messageBody":"","fileTypesAndContributionMap":{"functional-code":{"insertions":1,"deletions":1}}},{"hash":"dad198bea6a88c25c3a1050a86bfe6be8958eb15","messageTitle":"Fix checkstyle violations","messageBody":"","fileTypesAndContributionMap":{"functional-code":{"insertions":2,"deletions":1}}}]}],"hiongkaihan":[{"date":"2021-03-13","commitResults":[{"hash":"6304a706fc3f5b60b2e8c15893bfea4cebdf1b64","messageTitle":"Add AddCommand and ListCommand","messageBody":"","fileTypesAndContributionMap":{"functional-code":{"insertions":80,"deletions":0},"test-code":{"insertions":34,"deletions":0}}}]},{"date":"2021-03-16","commitResults":[{"hash":"9daef19caa68b238ef2ca013304a1fe24fbf1822","messageTitle":"Add JunitTest for add and list commands","messageBody":"","fileTypesAndContributionMap":{"functional-code":{"insertions":1,"deletions":3},"test-code":{"insertions":90,"deletions":2}}},{"hash":"f03e3327c9b9a106af1aa491ed4d45915917bf68","messageTitle":"Add JunitTest for add and list commands","messageBody":"","fileTypesAndContributionMap":{"test-code":{"insertions":1,"deletions":3}}},{"hash":"9eb3a3bdecd3bba9d8099c51349169f43ec84ada","messageTitle":"Minor fixes","messageBody":"","fileTypesAndContributionMap":{"test-code":{"insertions":4,"deletions":2}}},{"hash":"4967032e4dfeeefd5824fb8765d13780eed3bd35","messageTitle":"Minor changes","messageBody":"","fileTypesAndContributionMap":{"test-code":{"insertions":2,"deletions":3}}},{"hash":"0cd0321b57923fd966e30ddf5af81a122a37a42d","messageTitle":"Minor changes","messageBody":"","fileTypesAndContributionMap":{"functional-code":{"insertions":1,"deletions":1}}},{"hash":"f39d55719a1d590140812425db092d1325d0b788","messageTitle":"Implement ui for add and list commands","messageBody":"","fileTypesAndContributionMap":{"functional-code":{"insertions":12,"deletions":7},"test-code":{"insertions":12,"deletions":7}}}]},{"date":"2021-03-22","commitResults":[{"hash":"138e19fd007a1e350243aca37d2c0cfbfafc4fb7","messageTitle":"Add checking for NRIC and assertions","messageBody":"","fileTypesAndContributionMap":{"functional-code":{"insertions":31,"deletions":4}}}]},{"date":"2021-03-23","commitResults":[{"hash":"23a635e75d6445db76dc53b270d2c5ff78411719","messageTitle":"Minor changes","messageBody":"","fileTypesAndContributionMap":{"functional-code":{"insertions":12,"deletions":7}}},{"hash":"45e4c1fba8d89027f375300b9c78b48d6c377686","messageTitle":"Update DG","messageBody":"","fileTypesAndContributionMap":{"docs":{"insertions":45,"deletions":4}}}]},{"date":"2021-03-30","commitResults":[{"hash":"62d6775e93b3dd604c907f449a94b8d372eddc3f","messageTitle":"Add deleteCommand Function, JunitTest for deleteCommand and NRIC checkum","messageBody":"","fileTypesAndContributionMap":{"functional-code":{"insertions":174,"deletions":21},"test-code":{"insertions":147,"deletions":3}}},{"hash":"77fe2897121c5547e84351ef5a103c596ea9f61a","messageTitle":"Minor fixes","messageBody":"","fileTypesAndContributionMap":{"functional-code":{"insertions":2,"deletions":2}}},{"hash":"d06d845f5d2e8d1058000bb81b362241c48847a3","messageTitle":"Minor fixes to pass checkStyle","messageBody":"","fileTypesAndContributionMap":{"test-code":{"insertions":5,"deletions":5}}},{"hash":"dd5915841f107476706d81d16f9e94037a32ef97","messageTitle":"Update Java Docs","messageBody":"","fileTypesAndContributionMap":{"docs":{"insertions":82,"deletions":22}}},{"hash":"9a57345d21819cb0a1012613631559c3287246a3","messageTitle":"Update JavaDocs and Minor changes to load function","messageBody":"","fileTypesAndContributionMap":{"functional-code":{"insertions":24,"deletions":0}}},{"hash":"fc19facf5a6b168c535f601e268d811a68d3c163","messageTitle":"Minor changes","messageBody":"","fileTypesAndContributionMap":{"functional-code":{"insertions":4,"deletions":4}}},{"hash":"e2195003e3fb3f7e10c7e56f95821950c10c0bfb","messageTitle":"Minor fix to ID checker and coding format","messageBody":"","fileTypesAndContributionMap":{"functional-code":{"insertions":5,"deletions":3},"test-code":{"insertions":0,"deletions":2}}}]},{"date":"2021-04-02","commitResults":[{"hash":"751603754b64a416c2ca060876eae013b3f6e0cb","messageTitle":"Add exceptions for delete command and minor changes to UG","messageBody":"","fileTypesAndContributionMap":{"functional-code":{"insertions":9,"deletions":5},"docs":{"insertions":13,"deletions":3},"test-code":{"insertions":8,"deletions":23}}},{"hash":"d785944a870f3c72b841ad3aaf14a5a44678599f","messageTitle":"Minor fix","messageBody":"","fileTypesAndContributionMap":{"functional-code":{"insertions":2,"deletions":2}}},{"hash":"ddd7236886cdec5e716aae5171a9025bae09a164","messageTitle":"Update InvalidInputException.java","messageBody":"","fileTypesAndContributionMap":{"functional-code":{"insertions":1,"deletions":1}}}]}],"leowxx":[{"date":"2021-03-09","commitResults":[{"hash":"eb2f02802f2219d914fe5d38a5fe57200e559f38","messageTitle":"Added Ui.java file","messageBody":"","fileTypesAndContributionMap":{"test-code":{"insertions":28,"deletions":0}}},{"hash":"2e2db1c724c7f3ca95bdd27f6b248ad2f40dcb04","messageTitle":"Changed directory of Ui.java file","messageBody":"","fileTypesAndContributionMap":{"other":{"insertions":1,"deletions":1}}}]},{"date":"2021-03-12","commitResults":[{"hash":"60196e31c3245c2de101a26e8f7df5ec8384b30a","messageTitle":"Implement LoadCommand (and LoadCommandTest) + Add documentation to Ui","messageBody":"","fileTypesAndContributionMap":{"functional-code":{"insertions":46,"deletions":0},"test-code":{"insertions":30,"deletions":0}}},{"hash":"db14dc4c28b9497986da105617c307835e559f65","messageTitle":"Fixed Ui Javadoc","messageBody":"","fileTypesAndContributionMap":{"functional-code":{"insertions":5,"deletions":5}}}]},{"date":"2021-03-13","commitResults":[{"hash":"d3c968d57656427a8c0cbcc6ef418fdf3460b93e","messageTitle":"Fixed LoadCommand codes","messageBody":"","fileTypesAndContributionMap":{"functional-code":{"insertions":1,"deletions":1}}}]},{"date":"2021-03-14","commitResults":[{"hash":"535583a56ad27a7d632cf6906d9b8c077f1b8f3e","messageTitle":"Made changes according to code review","messageBody":"","fileTypesAndContributionMap":{"functional-code":{"insertions":8,"deletions":4},"test-code":{"insertions":4,"deletions":2}}}]},{"date":"2021-03-15","commitResults":[{"hash":"b1f99919552369d33d1213206785ffcd3ed065de","messageTitle":"Fixed style of LoadCommand","messageBody":"","fileTypesAndContributionMap":{"functional-code":{"insertions":1,"deletions":1}}},{"hash":"36d98dbee9d4f4583d6e4f88651cebe73161b7cb","messageTitle":"Updated Ui class to include printWelcome and printException","messageBody":"","fileTypesAndContributionMap":{"functional-code":{"insertions":18,"deletions":7}}},{"hash":"ca714fa7f355a88af41c729a19d7cbade8b98f65","messageTitle":"Fixed style of Ui","messageBody":"","fileTypesAndContributionMap":{"functional-code":{"insertions":1,"deletions":1}}},{"hash":"e6cd2538eda60d9b2d98b7c1befb591679445816","messageTitle":"Added welcome message to Constants class","messageBody":"","fileTypesAndContributionMap":{"functional-code":{"insertions":4,"deletions":2}}}]},{"date":"2021-03-26","commitResults":[{"hash":"3293d55cb04d2013dc222eb3bf18e453e434f7e7","messageTitle":"Added Storage and StorageTest, and also updated Constants with the delimiter used to split strings","messageBody":"","fileTypesAndContributionMap":{"functional-code":{"insertions":90,"deletions":2},"test-code":{"insertions":44,"deletions":0}}}]},{"date":"2021-03-29","commitResults":[{"hash":"ccbd5b2f9323572e5e76ccb703ecae893d779909","messageTitle":"Modified Storage and StorageTest","messageBody":"","fileTypesAndContributionMap":{"functional-code":{"insertions":46,"deletions":19},"test-code":{"insertions":6,"deletions":5}}},{"hash":"25e2681100e4cadf58f84d83743f63afe72c8353","messageTitle":"Revert \"Modified Storage and StorageTest\"","messageBody":"This reverts commit ccbd5b2f9323572e5e76ccb703ecae893d779909.\n","fileTypesAndContributionMap":{"functional-code":{"insertions":19,"deletions":46},"test-code":{"insertions":5,"deletions":6}}},{"hash":"b5bcca48b4a177fcfc76fe7f3c4670ccb2f1f68b","messageTitle":"Modified Storage and StorageTest","messageBody":"","fileTypesAndContributionMap":{"functional-code":{"insertions":118,"deletions":2},"docs":{"insertions":16,"deletions":5},"test-code":{"insertions":45,"deletions":0}}},{"hash":"8b21e59a55a8e47088394c92f31d078639249b05","messageTitle":"Added javadocs","messageBody":"","fileTypesAndContributionMap":{"functional-code":{"insertions":18,"deletions":0}}},{"hash":"08fa40f92cba7d63dbdcb935ae2709af379979e7","messageTitle":"Made modifications in respond to reviews","messageBody":"","fileTypesAndContributionMap":{"functional-code":{"insertions":5,"deletions":1},"test-code":{"insertions":2,"deletions":0}}},{"hash":"fc52f6d13ce46ec89226b36281e45346f996a13c","messageTitle":"Fixed style issues","messageBody":"","fileTypesAndContributionMap":{"functional-code":{"insertions":1,"deletions":1}}}]},{"date":"2021-03-30","commitResults":[{"hash":"3206db9cc02f540e5e7b8e661f0a41f7f6f1d8d7","messageTitle":"Added Storage Component for DG","messageBody":"","fileTypesAndContributionMap":{"docs":{"insertions":12,"deletions":0}}},{"hash":"1b3fd1e7496614225a17b894fb086782edbc8880","messageTitle":"Fixed style issues","messageBody":"","fileTypesAndContributionMap":{"functional-code":{"insertions":1,"deletions":1},"test-code":{"insertions":1,"deletions":1}}}]}]},"authorFileTypeContributionMap":{"Emkay16":{"docs":228,"functional-code":207,"test-code":113,"other":1},"fsgmhoward":{"docs":192,"functional-code":622,"test-code":200,"other":4},"brandonfoong":{"docs":215,"functional-code":276,"test-code":122,"other":1},"hiongkaihan":{"docs":90,"functional-code":287,"test-code":246},"leowxx":{"docs":24,"functional-code":217,"test-code":65}},"authorContributionVariance":{"Emkay16":6449.075,"fsgmhoward":14735.617,"brandonfoong":9412.559,"hiongkaihan":9334.174,"leowxx":5040.942},"authorDisplayNameMap":{"Emkay16":"CS2113T-W09-4 MABE..AXIN","fsgmhoward":"CS2113T-W09-4 LIU ..OHAO","brandonfoong":"CS2113T-W09-4 FOON..NDON","hiongkaihan":"CS2113T-W09-4 HION.. HAN","leowxx":"CS2113T-W09-4 LEOW..XUAN"}}
