{"authorDailyContributionsMap":{"Emkay16":[],"fsgmhoward":[],"brandonfoong":[],"hiongkaihan":[],"leowxx":[]},"authorFileTypeContributionMap":{"Emkay16":{"docs":0,"functional-code":0,"test-code":0},"fsgmhoward":{"docs":0,"functional-code":0,"test-code":0},"brandonfoong":{"docs":0,"functional-code":0,"test-code":0},"hiongkaihan":{"docs":0,"functional-code":0,"test-code":0},"leowxx":{"docs":0,"functional-code":0,"test-code":0}},"authorContributionVariance":{"Emkay16":0.0,"fsgmhoward":0.0,"brandonfoong":0.0,"hiongkaihan":0.0,"leowxx":0.0},"authorDisplayNameMap":{"Emkay16":"CS2113T-W09-4 MABE..AXIN","fsgmhoward":"CS2113T-W09-4 LIU ..OHAO","brandonfoong":"CS2113T-W09-4 FOON..NDON","hiongkaihan":"CS2113T-W09-4 HION.. HAN","leowxx":"CS2113T-W09-4 LEOW..XUAN"}}
