[{"path":"docs/AboutUs.md","fileType":"docs","lines":[{"lineNumber":1,"author":{"gitId":"-"},"content":"# About us"},{"lineNumber":2,"author":{"gitId":"-"},"content":""},{"lineNumber":3,"author":{"gitId":"-"},"content":"Display | Name | Github Profile | Portfolio "},{"lineNumber":4,"author":{"gitId":"-"},"content":"--------|:----:|:--------------:|:---------:"},{"lineNumber":5,"author":{"gitId":"-"},"content":"![](https://via.placeholder.com/100.png?text\u003dPhoto) | H Mohamed Hussain | [Github](https://github.com/hussain1998) | [Portfolio](docs/team/hussain.md)"},{"lineNumber":6,"author":{"gitId":"JonathanKhooTY"},"content":"![](https://via.placeholder.com/100.png?text\u003dPhoto) | Jonathan K | [Github](https://github.com/JonathanKhooTY) | [Portfolio](docs/team/johndoe.md)"},{"lineNumber":7,"author":{"gitId":"-"},"content":"![](https://via.placeholder.com/100.png?text\u003dPhoto) | Wen Feng | [Github](https://github.com/limwenfeng/) | [Portfolio](docs/team/johndoe.md)"},{"lineNumber":8,"author":{"gitId":"-"},"content":"![](https://via.placeholder.com/100.png?text\u003dPhoto) | Ivan Tan | [Github](https://github.com/sarzorwyn) | [Portfolio](docs/team/johndoe.md)"},{"lineNumber":9,"author":{"gitId":"iamakilahamed"},"content":"![](https://via.placeholder.com/100.png?text\u003dPhoto) | Akil | [Github](https://github.com/iamakilahamed) | [Portfolio](docs/team/johndoe.md)"}],"authorContributionMap":{"JonathanKhooTY":1,"iamakilahamed":1,"-":7}},{"path":"src/main/java/seedu/duke/Duke.java","fileType":"functional-code","lines":[{"lineNumber":1,"author":{"gitId":"-"},"content":"package seedu.duke;"},{"lineNumber":2,"author":{"gitId":"-"},"content":""},{"lineNumber":3,"author":{"gitId":"hussain1998"},"content":"import seedu.duke.commands.Command;"},{"lineNumber":4,"author":{"gitId":"hussain1998"},"content":"import seedu.duke.commands.CommandOutput;"},{"lineNumber":5,"author":{"gitId":"hussain1998"},"content":"import seedu.duke.commands.ExitCommand;"},{"lineNumber":6,"author":{"gitId":"hussain1998"},"content":"import seedu.duke.parser.Parser;"},{"lineNumber":7,"author":{"gitId":"hussain1998"},"content":"import seedu.duke.person.TrackingList;"},{"lineNumber":8,"author":{"gitId":"hussain1998"},"content":"import seedu.duke.ui.TextUi;"},{"lineNumber":9,"author":{"gitId":"hussain1998"},"content":""},{"lineNumber":10,"author":{"gitId":"-"},"content":"import java.util.Scanner;"},{"lineNumber":11,"author":{"gitId":"-"},"content":""},{"lineNumber":12,"author":{"gitId":"-"},"content":"public class Duke {"},{"lineNumber":13,"author":{"gitId":"hussain1998"},"content":"    private static final String VERSION_NO \u003d \"v1.0\";"},{"lineNumber":14,"author":{"gitId":"hussain1998"},"content":""},{"lineNumber":15,"author":{"gitId":"-"},"content":"    /**"},{"lineNumber":16,"author":{"gitId":"-"},"content":"     * Main entry-point for the java.duke.Duke application."},{"lineNumber":17,"author":{"gitId":"-"},"content":"     */"},{"lineNumber":18,"author":{"gitId":"hussain1998"},"content":""},{"lineNumber":19,"author":{"gitId":"-"},"content":"    public static void main(String[] args) {"},{"lineNumber":20,"author":{"gitId":"hussain1998"},"content":"        TextUi ui \u003d new TextUi();"},{"lineNumber":21,"author":{"gitId":"hussain1998"},"content":"        Parser parser \u003d new Parser();"},{"lineNumber":22,"author":{"gitId":"hussain1998"},"content":"        TrackingList trackingList \u003d new TrackingList();"},{"lineNumber":23,"author":{"gitId":"hussain1998"},"content":"        Command command;"},{"lineNumber":24,"author":{"gitId":"hussain1998"},"content":"        String userInput;"},{"lineNumber":25,"author":{"gitId":"hussain1998"},"content":"        ui.showWelcomeMessage(VERSION_NO);"},{"lineNumber":26,"author":{"gitId":"hussain1998"},"content":"        do {"},{"lineNumber":27,"author":{"gitId":"hussain1998"},"content":"            userInput \u003d ui.getUserInput();"},{"lineNumber":28,"author":{"gitId":"hussain1998"},"content":"            command \u003d parser.parseCommand(userInput);"},{"lineNumber":29,"author":{"gitId":"hussain1998"},"content":"            CommandOutput commandOutput \u003d command.execute(trackingList);"},{"lineNumber":30,"author":{"gitId":"hussain1998"},"content":"            ui.printReaction(commandOutput);"},{"lineNumber":31,"author":{"gitId":"-"},"content":""},{"lineNumber":32,"author":{"gitId":"hussain1998"},"content":"        } while (!(command instanceof ExitCommand));"},{"lineNumber":33,"author":{"gitId":"-"},"content":"    }"},{"lineNumber":34,"author":{"gitId":"-"},"content":"}"}],"authorContributionMap":{"hussain1998":22,"-":12}},{"path":"src/main/java/seedu/duke/commands/CheckInCommand.java","fileType":"functional-code","lines":[{"lineNumber":1,"author":{"gitId":"iamakilahamed"},"content":"package seedu.duke.commands;"},{"lineNumber":2,"author":{"gitId":"iamakilahamed"},"content":""},{"lineNumber":3,"author":{"gitId":"iamakilahamed"},"content":"import seedu.duke.person.Id;"},{"lineNumber":4,"author":{"gitId":"iamakilahamed"},"content":"import seedu.duke.person.Name;"},{"lineNumber":5,"author":{"gitId":"iamakilahamed"},"content":"import seedu.duke.person.Person;"},{"lineNumber":6,"author":{"gitId":"iamakilahamed"},"content":"import seedu.duke.person.Phone;"},{"lineNumber":7,"author":{"gitId":"iamakilahamed"},"content":"import seedu.duke.person.TrackingList;"},{"lineNumber":8,"author":{"gitId":"hussain1998"},"content":""},{"lineNumber":9,"author":{"gitId":"iamakilahamed"},"content":"/**"},{"lineNumber":10,"author":{"gitId":"iamakilahamed"},"content":" * Check-in a person."},{"lineNumber":11,"author":{"gitId":"iamakilahamed"},"content":" */"},{"lineNumber":12,"author":{"gitId":"JonathanKhooTY"},"content":"public class CheckInCommand extends Command {"},{"lineNumber":13,"author":{"gitId":"iamakilahamed"},"content":""},{"lineNumber":14,"author":{"gitId":"iamakilahamed"},"content":"    public static final String COMMAND \u003d \"checkin\";"},{"lineNumber":15,"author":{"gitId":"iamakilahamed"},"content":"    public static final String CHECKIN_MESSAGE \u003d \"%s has been successfully checked-in!\";"},{"lineNumber":16,"author":{"gitId":"iamakilahamed"},"content":"    private final Person toCheckin;"},{"lineNumber":17,"author":{"gitId":"iamakilahamed"},"content":""},{"lineNumber":18,"author":{"gitId":"iamakilahamed"},"content":"    // For v2.0"},{"lineNumber":19,"author":{"gitId":"iamakilahamed"},"content":"    //    /**"},{"lineNumber":20,"author":{"gitId":"iamakilahamed"},"content":"    //     * Checkin using raw values (first time)."},{"lineNumber":21,"author":{"gitId":"iamakilahamed"},"content":"    //     * If already checkin, update the location list."},{"lineNumber":22,"author":{"gitId":"iamakilahamed"},"content":"    //     */"},{"lineNumber":23,"author":{"gitId":"iamakilahamed"},"content":"    //    public CheckinCommand(String id,"},{"lineNumber":24,"author":{"gitId":"iamakilahamed"},"content":"    //                          String name,"},{"lineNumber":25,"author":{"gitId":"iamakilahamed"},"content":"    //                          String phone,"},{"lineNumber":26,"author":{"gitId":"iamakilahamed"},"content":"    //                          Location location) {"},{"lineNumber":27,"author":{"gitId":"iamakilahamed"},"content":"    //        if (trackingList.findPerson(id)) {"},{"lineNumber":28,"author":{"gitId":"iamakilahamed"},"content":"    //            toCheckin \u003d trackinglist.findPerson(id);"},{"lineNumber":29,"author":{"gitId":"iamakilahamed"},"content":"    //            toCheckin.addLocation(location);"},{"lineNumber":30,"author":{"gitId":"iamakilahamed"},"content":"    //        }"},{"lineNumber":31,"author":{"gitId":"iamakilahamed"},"content":"    //        toCheckin \u003d new Person("},{"lineNumber":32,"author":{"gitId":"iamakilahamed"},"content":"    //                new Id(id),"},{"lineNumber":33,"author":{"gitId":"iamakilahamed"},"content":"    //                new Name(name),"},{"lineNumber":34,"author":{"gitId":"iamakilahamed"},"content":"    //                new Phone(phone),"},{"lineNumber":35,"author":{"gitId":"iamakilahamed"},"content":"    //                new Locations(visitedPlaces));"},{"lineNumber":36,"author":{"gitId":"iamakilahamed"},"content":"    //  }"},{"lineNumber":37,"author":{"gitId":"iamakilahamed"},"content":""},{"lineNumber":38,"author":{"gitId":"JonathanKhooTY"},"content":"    public CheckInCommand(String id,"},{"lineNumber":39,"author":{"gitId":"iamakilahamed"},"content":"                          String name,"},{"lineNumber":40,"author":{"gitId":"iamakilahamed"},"content":"                          String phone) {"},{"lineNumber":41,"author":{"gitId":"iamakilahamed"},"content":"        toCheckin \u003d new Person("},{"lineNumber":42,"author":{"gitId":"iamakilahamed"},"content":"                new Id(id),"},{"lineNumber":43,"author":{"gitId":"iamakilahamed"},"content":"                new Name(name),"},{"lineNumber":44,"author":{"gitId":"iamakilahamed"},"content":"                new Phone(phone));"},{"lineNumber":45,"author":{"gitId":"iamakilahamed"},"content":"    }"},{"lineNumber":46,"author":{"gitId":"iamakilahamed"},"content":""},{"lineNumber":47,"author":{"gitId":"hussain1998"},"content":"    public Person getToCheckIn() {"},{"lineNumber":48,"author":{"gitId":"iamakilahamed"},"content":"        return toCheckin;"},{"lineNumber":49,"author":{"gitId":"iamakilahamed"},"content":"    }"},{"lineNumber":50,"author":{"gitId":"iamakilahamed"},"content":""},{"lineNumber":51,"author":{"gitId":"iamakilahamed"},"content":"    @Override"},{"lineNumber":52,"author":{"gitId":"hussain1998"},"content":"    public CommandOutput execute(TrackingList trackingList) {"},{"lineNumber":53,"author":{"gitId":"hussain1998"},"content":"        toCheckin.setCheckedIn(true);"},{"lineNumber":54,"author":{"gitId":"iamakilahamed"},"content":"        trackingList.add(toCheckin);"},{"lineNumber":55,"author":{"gitId":"hussain1998"},"content":"        return new CommandOutput(String.format(CHECKIN_MESSAGE, toCheckin), COMMAND);"},{"lineNumber":56,"author":{"gitId":"iamakilahamed"},"content":"    }"},{"lineNumber":57,"author":{"gitId":"iamakilahamed"},"content":""},{"lineNumber":58,"author":{"gitId":"iamakilahamed"},"content":"}"}],"authorContributionMap":{"iamakilahamed":51,"JonathanKhooTY":2,"hussain1998":5}},{"path":"src/main/java/seedu/duke/commands/CheckoutCommand.java","fileType":"functional-code","lines":[{"lineNumber":1,"author":{"gitId":"iamakilahamed"},"content":"package seedu.duke.commands;"},{"lineNumber":2,"author":{"gitId":"iamakilahamed"},"content":""},{"lineNumber":3,"author":{"gitId":"hussain1998"},"content":"import seedu.duke.person.Id;"},{"lineNumber":4,"author":{"gitId":"hussain1998"},"content":"import seedu.duke.person.Person;"},{"lineNumber":5,"author":{"gitId":"hussain1998"},"content":"import seedu.duke.person.TrackingList;"},{"lineNumber":6,"author":{"gitId":"hussain1998"},"content":""},{"lineNumber":7,"author":{"gitId":"iamakilahamed"},"content":"/**"},{"lineNumber":8,"author":{"gitId":"iamakilahamed"},"content":" * Check-out a person."},{"lineNumber":9,"author":{"gitId":"iamakilahamed"},"content":" */"},{"lineNumber":10,"author":{"gitId":"iamakilahamed"},"content":"public class CheckoutCommand extends Command {"},{"lineNumber":11,"author":{"gitId":"iamakilahamed"},"content":""},{"lineNumber":12,"author":{"gitId":"iamakilahamed"},"content":"    public static final String COMMAND \u003d \"checkout\";"},{"lineNumber":13,"author":{"gitId":"iamakilahamed"},"content":"    public static final String CHECKOUT_MESSAGE \u003d \"%s has been successfully checked-out!\";"},{"lineNumber":14,"author":{"gitId":"iamakilahamed"},"content":""},{"lineNumber":15,"author":{"gitId":"hussain1998"},"content":"    private Id id;"},{"lineNumber":16,"author":{"gitId":"hussain1998"},"content":"    private Person toCheckout;"},{"lineNumber":17,"author":{"gitId":"hussain1998"},"content":""},{"lineNumber":18,"author":{"gitId":"hussain1998"},"content":"    public CheckoutCommand(String idString) {"},{"lineNumber":19,"author":{"gitId":"hussain1998"},"content":"        id \u003d new Id(idString);"},{"lineNumber":20,"author":{"gitId":"iamakilahamed"},"content":"    }"},{"lineNumber":21,"author":{"gitId":"iamakilahamed"},"content":""},{"lineNumber":22,"author":{"gitId":"iamakilahamed"},"content":"    public Person getToCheckout() {"},{"lineNumber":23,"author":{"gitId":"iamakilahamed"},"content":"        return toCheckout;"},{"lineNumber":24,"author":{"gitId":"iamakilahamed"},"content":"    }"},{"lineNumber":25,"author":{"gitId":"iamakilahamed"},"content":""},{"lineNumber":26,"author":{"gitId":"iamakilahamed"},"content":"    public void setToCheckout(Person person) {"},{"lineNumber":27,"author":{"gitId":"iamakilahamed"},"content":"        toCheckout \u003d person;"},{"lineNumber":28,"author":{"gitId":"iamakilahamed"},"content":"    }"},{"lineNumber":29,"author":{"gitId":"iamakilahamed"},"content":""},{"lineNumber":30,"author":{"gitId":"iamakilahamed"},"content":"    @Override"},{"lineNumber":31,"author":{"gitId":"hussain1998"},"content":"    public CommandOutput execute(TrackingList trackingList) {"},{"lineNumber":32,"author":{"gitId":"sarzorwyn"},"content":"        toCheckout \u003d trackingList.findExactPerson(id);"},{"lineNumber":33,"author":{"gitId":"hussain1998"},"content":"        toCheckout.setCheckedIn(false);"},{"lineNumber":34,"author":{"gitId":"hussain1998"},"content":"        return new CommandOutput(String.format(CHECKOUT_MESSAGE, toCheckout), COMMAND);"},{"lineNumber":35,"author":{"gitId":"iamakilahamed"},"content":"    }"},{"lineNumber":36,"author":{"gitId":"iamakilahamed"},"content":""},{"lineNumber":37,"author":{"gitId":"iamakilahamed"},"content":"}"}],"authorContributionMap":{"iamakilahamed":24,"sarzorwyn":1,"hussain1998":12}},{"path":"src/main/java/seedu/duke/commands/ClearCommand.java","fileType":"functional-code","lines":[{"lineNumber":1,"author":{"gitId":"iamakilahamed"},"content":"package seedu.duke.commands;"},{"lineNumber":2,"author":{"gitId":"iamakilahamed"},"content":""},{"lineNumber":3,"author":{"gitId":"hussain1998"},"content":"import seedu.duke.person.TrackingList;"},{"lineNumber":4,"author":{"gitId":"hussain1998"},"content":""},{"lineNumber":5,"author":{"gitId":"iamakilahamed"},"content":"/**"},{"lineNumber":6,"author":{"gitId":"iamakilahamed"},"content":" * Clears all the entries in tracking list."},{"lineNumber":7,"author":{"gitId":"iamakilahamed"},"content":" */"},{"lineNumber":8,"author":{"gitId":"iamakilahamed"},"content":"public class ClearCommand extends Command {"},{"lineNumber":9,"author":{"gitId":"iamakilahamed"},"content":""},{"lineNumber":10,"author":{"gitId":"iamakilahamed"},"content":"    public static final String COMMAND \u003d \"clear\";"},{"lineNumber":11,"author":{"gitId":"iamakilahamed"},"content":"    public static final String CLEAR_MESSAGE \u003d \"Cleared %d entries\";"},{"lineNumber":12,"author":{"gitId":"iamakilahamed"},"content":""},{"lineNumber":13,"author":{"gitId":"iamakilahamed"},"content":"    @Override"},{"lineNumber":14,"author":{"gitId":"hussain1998"},"content":"    public CommandOutput execute(TrackingList trackingList) {"},{"lineNumber":15,"author":{"gitId":"hussain1998"},"content":"        return new CommandOutput(String.format(CLEAR_MESSAGE, trackingList.getSize()), COMMAND);"},{"lineNumber":16,"author":{"gitId":"iamakilahamed"},"content":"    }"},{"lineNumber":17,"author":{"gitId":"iamakilahamed"},"content":""},{"lineNumber":18,"author":{"gitId":"iamakilahamed"},"content":"}"}],"authorContributionMap":{"iamakilahamed":14,"hussain1998":4}},{"path":"src/main/java/seedu/duke/commands/Command.java","fileType":"functional-code","lines":[{"lineNumber":1,"author":{"gitId":"iamakilahamed"},"content":"package seedu.duke.commands;"},{"lineNumber":2,"author":{"gitId":"iamakilahamed"},"content":""},{"lineNumber":3,"author":{"gitId":"hussain1998"},"content":"import seedu.duke.person.TrackingList;"},{"lineNumber":4,"author":{"gitId":"hussain1998"},"content":""},{"lineNumber":5,"author":{"gitId":"iamakilahamed"},"content":"/**"},{"lineNumber":6,"author":{"gitId":"iamakilahamed"},"content":" * Represents an executable command."},{"lineNumber":7,"author":{"gitId":"iamakilahamed"},"content":" */"},{"lineNumber":8,"author":{"gitId":"iamakilahamed"},"content":"public abstract class Command {"},{"lineNumber":9,"author":{"gitId":"iamakilahamed"},"content":""},{"lineNumber":10,"author":{"gitId":"iamakilahamed"},"content":"    protected Command() {"},{"lineNumber":11,"author":{"gitId":"iamakilahamed"},"content":"    }"},{"lineNumber":12,"author":{"gitId":"iamakilahamed"},"content":""},{"lineNumber":13,"author":{"gitId":"iamakilahamed"},"content":"    /**"},{"lineNumber":14,"author":{"gitId":"iamakilahamed"},"content":"     * Executes the command."},{"lineNumber":15,"author":{"gitId":"iamakilahamed"},"content":"     */"},{"lineNumber":16,"author":{"gitId":"hussain1998"},"content":"    public CommandOutput execute(TrackingList trackingList) {"},{"lineNumber":17,"author":{"gitId":"iamakilahamed"},"content":"        return null;"},{"lineNumber":18,"author":{"gitId":"iamakilahamed"},"content":"    }"},{"lineNumber":19,"author":{"gitId":"iamakilahamed"},"content":""},{"lineNumber":20,"author":{"gitId":"iamakilahamed"},"content":"}"}],"authorContributionMap":{"iamakilahamed":17,"hussain1998":3}},{"path":"src/main/java/seedu/duke/commands/CommandOutput.java","fileType":"functional-code","lines":[{"lineNumber":1,"author":{"gitId":"iamakilahamed"},"content":"package seedu.duke.commands;"},{"lineNumber":2,"author":{"gitId":"iamakilahamed"},"content":""},{"lineNumber":3,"author":{"gitId":"hussain1998"},"content":"import seedu.duke.person.Person;"},{"lineNumber":4,"author":{"gitId":"hussain1998"},"content":""},{"lineNumber":5,"author":{"gitId":"hussain1998"},"content":"import java.util.List;"},{"lineNumber":6,"author":{"gitId":"iamakilahamed"},"content":""},{"lineNumber":7,"author":{"gitId":"iamakilahamed"},"content":"/**"},{"lineNumber":8,"author":{"gitId":"iamakilahamed"},"content":" * Represents the output of a command execution."},{"lineNumber":9,"author":{"gitId":"iamakilahamed"},"content":" */"},{"lineNumber":10,"author":{"gitId":"iamakilahamed"},"content":"public class CommandOutput {"},{"lineNumber":11,"author":{"gitId":"iamakilahamed"},"content":""},{"lineNumber":12,"author":{"gitId":"iamakilahamed"},"content":"    public final String messageToUser;"},{"lineNumber":13,"author":{"gitId":"hussain1998"},"content":"    public final List\u003cPerson\u003e persons;"},{"lineNumber":14,"author":{"gitId":"hussain1998"},"content":"    public final Person person;"},{"lineNumber":15,"author":{"gitId":"hussain1998"},"content":"    public final String command;"},{"lineNumber":16,"author":{"gitId":"iamakilahamed"},"content":""},{"lineNumber":17,"author":{"gitId":"hussain1998"},"content":"    public CommandOutput(String messageToUser, String command) {"},{"lineNumber":18,"author":{"gitId":"iamakilahamed"},"content":"        this.messageToUser \u003d messageToUser;"},{"lineNumber":19,"author":{"gitId":"iamakilahamed"},"content":"        persons \u003d null;"},{"lineNumber":20,"author":{"gitId":"hussain1998"},"content":"        person \u003d null;"},{"lineNumber":21,"author":{"gitId":"hussain1998"},"content":"        this.command \u003d command;"},{"lineNumber":22,"author":{"gitId":"iamakilahamed"},"content":"    }"},{"lineNumber":23,"author":{"gitId":"iamakilahamed"},"content":""},{"lineNumber":24,"author":{"gitId":"hussain1998"},"content":"    public CommandOutput(List\u003cPerson\u003e persons, String command) {"},{"lineNumber":25,"author":{"gitId":"iamakilahamed"},"content":"        messageToUser \u003d null;"},{"lineNumber":26,"author":{"gitId":"iamakilahamed"},"content":"        this.persons \u003d persons;"},{"lineNumber":27,"author":{"gitId":"hussain1998"},"content":"        person \u003d null;"},{"lineNumber":28,"author":{"gitId":"hussain1998"},"content":"        this.command \u003d command;"},{"lineNumber":29,"author":{"gitId":"hussain1998"},"content":"    }"},{"lineNumber":30,"author":{"gitId":"hussain1998"},"content":""},{"lineNumber":31,"author":{"gitId":"hussain1998"},"content":"    public CommandOutput(Person person, String messageToUser, String command) {"},{"lineNumber":32,"author":{"gitId":"hussain1998"},"content":"        this.messageToUser \u003d messageToUser;"},{"lineNumber":33,"author":{"gitId":"hussain1998"},"content":"        persons \u003d null;"},{"lineNumber":34,"author":{"gitId":"hussain1998"},"content":"        this.person \u003d person;"},{"lineNumber":35,"author":{"gitId":"hussain1998"},"content":"        this.command \u003d command;"},{"lineNumber":36,"author":{"gitId":"iamakilahamed"},"content":"    }"},{"lineNumber":37,"author":{"gitId":"iamakilahamed"},"content":""},{"lineNumber":38,"author":{"gitId":"iamakilahamed"},"content":"}"}],"authorContributionMap":{"iamakilahamed":19,"hussain1998":19}},{"path":"src/main/java/seedu/duke/commands/DeleteCommand.java","fileType":"functional-code","lines":[{"lineNumber":1,"author":{"gitId":"iamakilahamed"},"content":"package seedu.duke.commands;"},{"lineNumber":2,"author":{"gitId":"iamakilahamed"},"content":""},{"lineNumber":3,"author":{"gitId":"hussain1998"},"content":"import seedu.duke.person.TrackingList;"},{"lineNumber":4,"author":{"gitId":"hussain1998"},"content":""},{"lineNumber":5,"author":{"gitId":"iamakilahamed"},"content":"/**"},{"lineNumber":6,"author":{"gitId":"iamakilahamed"},"content":" * Deletes the latest checked-in person"},{"lineNumber":7,"author":{"gitId":"iamakilahamed"},"content":" * due to human error by the user."},{"lineNumber":8,"author":{"gitId":"iamakilahamed"},"content":" */"},{"lineNumber":9,"author":{"gitId":"iamakilahamed"},"content":"public class DeleteCommand extends Command {"},{"lineNumber":10,"author":{"gitId":"iamakilahamed"},"content":""},{"lineNumber":11,"author":{"gitId":"iamakilahamed"},"content":"    public static final String COMMAND \u003d \"delete\";"},{"lineNumber":12,"author":{"gitId":"iamakilahamed"},"content":"    public static final String DELETE_MESSAGE \u003d \"Deleted.\";"},{"lineNumber":13,"author":{"gitId":"iamakilahamed"},"content":""},{"lineNumber":14,"author":{"gitId":"iamakilahamed"},"content":"    @Override"},{"lineNumber":15,"author":{"gitId":"hussain1998"},"content":"    public CommandOutput execute(TrackingList trackingList) {"},{"lineNumber":16,"author":{"gitId":"iamakilahamed"},"content":"        trackingList.delete(trackingList.getSize() - 1);"},{"lineNumber":17,"author":{"gitId":"hussain1998"},"content":"        return new CommandOutput(DELETE_MESSAGE, COMMAND);"},{"lineNumber":18,"author":{"gitId":"iamakilahamed"},"content":"    }"},{"lineNumber":19,"author":{"gitId":"iamakilahamed"},"content":""},{"lineNumber":20,"author":{"gitId":"iamakilahamed"},"content":"}"}],"authorContributionMap":{"iamakilahamed":16,"hussain1998":4}},{"path":"src/main/java/seedu/duke/commands/ExitCommand.java","fileType":"functional-code","lines":[{"lineNumber":1,"author":{"gitId":"iamakilahamed"},"content":"package seedu.duke.commands;"},{"lineNumber":2,"author":{"gitId":"iamakilahamed"},"content":""},{"lineNumber":3,"author":{"gitId":"hussain1998"},"content":"import seedu.duke.person.TrackingList;"},{"lineNumber":4,"author":{"gitId":"hussain1998"},"content":""},{"lineNumber":5,"author":{"gitId":"hussain1998"},"content":""},{"lineNumber":6,"author":{"gitId":"iamakilahamed"},"content":"/**"},{"lineNumber":7,"author":{"gitId":"iamakilahamed"},"content":" * Terminates SET program."},{"lineNumber":8,"author":{"gitId":"iamakilahamed"},"content":" */"},{"lineNumber":9,"author":{"gitId":"iamakilahamed"},"content":"public class ExitCommand extends Command {"},{"lineNumber":10,"author":{"gitId":"iamakilahamed"},"content":""},{"lineNumber":11,"author":{"gitId":"iamakilahamed"},"content":"    public static final String COMMAND \u003d \"exit\";"},{"lineNumber":12,"author":{"gitId":"iamakilahamed"},"content":"    public static final String EXIT_MESSAGE \u003d \"Exiting Safest Entry Tracker...\";"},{"lineNumber":13,"author":{"gitId":"iamakilahamed"},"content":""},{"lineNumber":14,"author":{"gitId":"iamakilahamed"},"content":"    @Override"},{"lineNumber":15,"author":{"gitId":"hussain1998"},"content":"    public CommandOutput execute(TrackingList trackingList) {"},{"lineNumber":16,"author":{"gitId":"hussain1998"},"content":"        return new CommandOutput(EXIT_MESSAGE, COMMAND);"},{"lineNumber":17,"author":{"gitId":"iamakilahamed"},"content":"    }"},{"lineNumber":18,"author":{"gitId":"iamakilahamed"},"content":""},{"lineNumber":19,"author":{"gitId":"iamakilahamed"},"content":"}"}],"authorContributionMap":{"iamakilahamed":14,"hussain1998":5}},{"path":"src/main/java/seedu/duke/commands/FindCommand.java","fileType":"functional-code","lines":[{"lineNumber":1,"author":{"gitId":"iamakilahamed"},"content":"package seedu.duke.commands;"},{"lineNumber":2,"author":{"gitId":"iamakilahamed"},"content":""},{"lineNumber":3,"author":{"gitId":"hussain1998"},"content":"import seedu.duke.person.Id;"},{"lineNumber":4,"author":{"gitId":"hussain1998"},"content":"import seedu.duke.person.Person;"},{"lineNumber":5,"author":{"gitId":"hussain1998"},"content":"import seedu.duke.person.TrackingList;"},{"lineNumber":6,"author":{"gitId":"hussain1998"},"content":""},{"lineNumber":7,"author":{"gitId":"iamakilahamed"},"content":"/**"},{"lineNumber":8,"author":{"gitId":"iamakilahamed"},"content":" * Finds the person in tracking list using id."},{"lineNumber":9,"author":{"gitId":"iamakilahamed"},"content":" */"},{"lineNumber":10,"author":{"gitId":"iamakilahamed"},"content":"public class FindCommand extends Command {"},{"lineNumber":11,"author":{"gitId":"iamakilahamed"},"content":""},{"lineNumber":12,"author":{"gitId":"iamakilahamed"},"content":"    public static final String COMMAND \u003d \"find\";"},{"lineNumber":13,"author":{"gitId":"hussain1998"},"content":"    public static final String FIND_MESSAGE \u003d \"%s found.\";"},{"lineNumber":14,"author":{"gitId":"iamakilahamed"},"content":"    private final Id idKeyword;"},{"lineNumber":15,"author":{"gitId":"iamakilahamed"},"content":""},{"lineNumber":16,"author":{"gitId":"iamakilahamed"},"content":"    public FindCommand(String idKeyword) {"},{"lineNumber":17,"author":{"gitId":"iamakilahamed"},"content":"        this.idKeyword \u003d new Id(idKeyword);"},{"lineNumber":18,"author":{"gitId":"iamakilahamed"},"content":"    }"},{"lineNumber":19,"author":{"gitId":"iamakilahamed"},"content":""},{"lineNumber":20,"author":{"gitId":"iamakilahamed"},"content":"    @Override"},{"lineNumber":21,"author":{"gitId":"hussain1998"},"content":"    public CommandOutput execute(TrackingList trackingList) {"},{"lineNumber":22,"author":{"gitId":"sarzorwyn"},"content":"        Person person \u003d trackingList.findExactPerson(idKeyword);"},{"lineNumber":23,"author":{"gitId":"hussain1998"},"content":"        return new CommandOutput(person, String.format(FIND_MESSAGE,person.getName()), COMMAND);"},{"lineNumber":24,"author":{"gitId":"iamakilahamed"},"content":"    }"},{"lineNumber":25,"author":{"gitId":"iamakilahamed"},"content":""},{"lineNumber":26,"author":{"gitId":"iamakilahamed"},"content":"}"}],"authorContributionMap":{"iamakilahamed":18,"sarzorwyn":1,"hussain1998":7}},{"path":"src/main/java/seedu/duke/commands/ListCommand.java","fileType":"functional-code","lines":[{"lineNumber":1,"author":{"gitId":"iamakilahamed"},"content":"package seedu.duke.commands;"},{"lineNumber":2,"author":{"gitId":"iamakilahamed"},"content":""},{"lineNumber":3,"author":{"gitId":"hussain1998"},"content":"import seedu.duke.person.TrackingList;"},{"lineNumber":4,"author":{"gitId":"hussain1998"},"content":""},{"lineNumber":5,"author":{"gitId":"iamakilahamed"},"content":"/**"},{"lineNumber":6,"author":{"gitId":"iamakilahamed"},"content":" * Lists all the person in the tracking list to the user."},{"lineNumber":7,"author":{"gitId":"iamakilahamed"},"content":" */"},{"lineNumber":8,"author":{"gitId":"iamakilahamed"},"content":"public class ListCommand extends Command {"},{"lineNumber":9,"author":{"gitId":"iamakilahamed"},"content":""},{"lineNumber":10,"author":{"gitId":"iamakilahamed"},"content":"    public static final String COMMAND \u003d \"list\";"},{"lineNumber":11,"author":{"gitId":"iamakilahamed"},"content":""},{"lineNumber":12,"author":{"gitId":"iamakilahamed"},"content":"    @Override"},{"lineNumber":13,"author":{"gitId":"hussain1998"},"content":"    public CommandOutput execute(TrackingList trackingList) {"},{"lineNumber":14,"author":{"gitId":"hussain1998"},"content":"        return new CommandOutput(trackingList.listPerson(), COMMAND);"},{"lineNumber":15,"author":{"gitId":"iamakilahamed"},"content":"    }"},{"lineNumber":16,"author":{"gitId":"iamakilahamed"},"content":""},{"lineNumber":17,"author":{"gitId":"iamakilahamed"},"content":"}"}],"authorContributionMap":{"iamakilahamed":13,"hussain1998":4}},{"path":"src/main/java/seedu/duke/parser/Parser.java","fileType":"functional-code","lines":[{"lineNumber":1,"author":{"gitId":"JonathanKhooTY"},"content":"package seedu.duke.parser;"},{"lineNumber":2,"author":{"gitId":"JonathanKhooTY"},"content":""},{"lineNumber":3,"author":{"gitId":"JonathanKhooTY"},"content":"import seedu.duke.commands.CheckInCommand;"},{"lineNumber":4,"author":{"gitId":"hussain1998"},"content":"import seedu.duke.commands.CheckoutCommand;"},{"lineNumber":5,"author":{"gitId":"hussain1998"},"content":"import seedu.duke.commands.Command;"},{"lineNumber":6,"author":{"gitId":"hussain1998"},"content":"import seedu.duke.commands.DeleteCommand;"},{"lineNumber":7,"author":{"gitId":"hussain1998"},"content":"import seedu.duke.commands.ExitCommand;"},{"lineNumber":8,"author":{"gitId":"hussain1998"},"content":"import seedu.duke.commands.FindCommand;"},{"lineNumber":9,"author":{"gitId":"hussain1998"},"content":"import seedu.duke.commands.ListCommand;"},{"lineNumber":10,"author":{"gitId":"hussain1998"},"content":""},{"lineNumber":11,"author":{"gitId":"JonathanKhooTY"},"content":""},{"lineNumber":12,"author":{"gitId":"JonathanKhooTY"},"content":"public class Parser {"},{"lineNumber":13,"author":{"gitId":"JonathanKhooTY"},"content":""},{"lineNumber":14,"author":{"gitId":"JonathanKhooTY"},"content":"    /**"},{"lineNumber":15,"author":{"gitId":"JonathanKhooTY"},"content":"     * Method that splits user input into 2 sections."},{"lineNumber":16,"author":{"gitId":"JonathanKhooTY"},"content":"     * First section contains desired command"},{"lineNumber":17,"author":{"gitId":"JonathanKhooTY"},"content":"     * Second section contains the description of the task"},{"lineNumber":18,"author":{"gitId":"JonathanKhooTY"},"content":"     *"},{"lineNumber":19,"author":{"gitId":"JonathanKhooTY"},"content":"     * @param text This is the user input. It is a string"},{"lineNumber":20,"author":{"gitId":"JonathanKhooTY"},"content":"     * @return String[] This returns an array, containing 2 fields"},{"lineNumber":21,"author":{"gitId":"JonathanKhooTY"},"content":"     */"},{"lineNumber":22,"author":{"gitId":"JonathanKhooTY"},"content":"    public static String[] splitTextIntoTwoFields(String text) {"},{"lineNumber":23,"author":{"gitId":"JonathanKhooTY"},"content":""},{"lineNumber":24,"author":{"gitId":"hussain1998"},"content":"        String[] textArray \u003d text.split(\" \", 2);"},{"lineNumber":25,"author":{"gitId":"hussain1998"},"content":"        textArray[0] \u003d textArray[0].toLowerCase();"},{"lineNumber":26,"author":{"gitId":"JonathanKhooTY"},"content":"        return textArray;"},{"lineNumber":27,"author":{"gitId":"JonathanKhooTY"},"content":"    }"},{"lineNumber":28,"author":{"gitId":"hussain1998"},"content":""},{"lineNumber":29,"author":{"gitId":"hussain1998"},"content":"    public Command parseCommand(String userInput) {"},{"lineNumber":30,"author":{"gitId":"hussain1998"},"content":"        String[] inputArray \u003d null;"},{"lineNumber":31,"author":{"gitId":"hussain1998"},"content":"        String command \u003d null;"},{"lineNumber":32,"author":{"gitId":"hussain1998"},"content":"        String argument \u003d null;"},{"lineNumber":33,"author":{"gitId":"hussain1998"},"content":"        try {"},{"lineNumber":34,"author":{"gitId":"hussain1998"},"content":"            inputArray \u003d splitTextIntoTwoFields(userInput);"},{"lineNumber":35,"author":{"gitId":"hussain1998"},"content":"            command \u003d inputArray[0];"},{"lineNumber":36,"author":{"gitId":"hussain1998"},"content":"            argument \u003d inputArray[1];"},{"lineNumber":37,"author":{"gitId":"hussain1998"},"content":"        } catch (Exception e) {"},{"lineNumber":38,"author":{"gitId":"hussain1998"},"content":"            System.out.println(\":)\");"},{"lineNumber":39,"author":{"gitId":"hussain1998"},"content":"        }"},{"lineNumber":40,"author":{"gitId":"JonathanKhooTY"},"content":"        switch (command) {"},{"lineNumber":41,"author":{"gitId":"JonathanKhooTY"},"content":"        case CheckInCommand.COMMAND:"},{"lineNumber":42,"author":{"gitId":"JonathanKhooTY"},"content":"            return parseCheckIn(argument);"},{"lineNumber":43,"author":{"gitId":"hussain1998"},"content":"        case CheckoutCommand.COMMAND:"},{"lineNumber":44,"author":{"gitId":"JonathanKhooTY"},"content":"            return parseCheckOut(argument);"},{"lineNumber":45,"author":{"gitId":"hussain1998"},"content":"        case FindCommand.COMMAND:"},{"lineNumber":46,"author":{"gitId":"JonathanKhooTY"},"content":"            return parseFind(argument);"},{"lineNumber":47,"author":{"gitId":"hussain1998"},"content":"        case ListCommand.COMMAND:"},{"lineNumber":48,"author":{"gitId":"hussain1998"},"content":"            return parseList();"},{"lineNumber":49,"author":{"gitId":"hussain1998"},"content":"        case DeleteCommand.COMMAND:"},{"lineNumber":50,"author":{"gitId":"hussain1998"},"content":"            return parseDelete();"},{"lineNumber":51,"author":{"gitId":"hussain1998"},"content":"        case ExitCommand.COMMAND:"},{"lineNumber":52,"author":{"gitId":"hussain1998"},"content":"            return parseExit();"},{"lineNumber":53,"author":{"gitId":"hussain1998"},"content":"        default:"},{"lineNumber":54,"author":{"gitId":"hussain1998"},"content":"            return null;"},{"lineNumber":55,"author":{"gitId":"hussain1998"},"content":"        }"},{"lineNumber":56,"author":{"gitId":"JonathanKhooTY"},"content":"    }"},{"lineNumber":57,"author":{"gitId":"JonathanKhooTY"},"content":""},{"lineNumber":58,"author":{"gitId":"hussain1998"},"content":"    private ExitCommand parseExit() {"},{"lineNumber":59,"author":{"gitId":"hussain1998"},"content":"        return new ExitCommand();"},{"lineNumber":60,"author":{"gitId":"JonathanKhooTY"},"content":"    }"},{"lineNumber":61,"author":{"gitId":"JonathanKhooTY"},"content":""},{"lineNumber":62,"author":{"gitId":"hussain1998"},"content":"    private Command parseDelete() {"},{"lineNumber":63,"author":{"gitId":"hussain1998"},"content":"        return new DeleteCommand();"},{"lineNumber":64,"author":{"gitId":"JonathanKhooTY"},"content":"    }"},{"lineNumber":65,"author":{"gitId":"JonathanKhooTY"},"content":""},{"lineNumber":66,"author":{"gitId":"hussain1998"},"content":"    private Command parseList() {"},{"lineNumber":67,"author":{"gitId":"hussain1998"},"content":"        return new ListCommand();"},{"lineNumber":68,"author":{"gitId":"JonathanKhooTY"},"content":"    }"},{"lineNumber":69,"author":{"gitId":"JonathanKhooTY"},"content":""},{"lineNumber":70,"author":{"gitId":"JonathanKhooTY"},"content":"    private Command parseFind(String argument) {"},{"lineNumber":71,"author":{"gitId":"JonathanKhooTY"},"content":"        String[] findDetails \u003d argument.split(\"i/\",2);"},{"lineNumber":72,"author":{"gitId":"JonathanKhooTY"},"content":"        String id \u003d findDetails[1];"},{"lineNumber":73,"author":{"gitId":"JonathanKhooTY"},"content":"        String name \u003d findDetails[0].substring(2); //starts from index 1 due to inclusion of \"/n\" flag"},{"lineNumber":74,"author":{"gitId":"JonathanKhooTY"},"content":""},{"lineNumber":75,"author":{"gitId":"hussain1998"},"content":"        return new FindCommand(id);"},{"lineNumber":76,"author":{"gitId":"JonathanKhooTY"},"content":"    }"},{"lineNumber":77,"author":{"gitId":"JonathanKhooTY"},"content":""},{"lineNumber":78,"author":{"gitId":"JonathanKhooTY"},"content":"    private Command parseCheckOut(String argument) {"},{"lineNumber":79,"author":{"gitId":"JonathanKhooTY"},"content":"        String[] checkoutDetails \u003d argument.split(\"i/\",2);"},{"lineNumber":80,"author":{"gitId":"JonathanKhooTY"},"content":"        String id \u003d checkoutDetails[1];"},{"lineNumber":81,"author":{"gitId":"hussain1998"},"content":"        String name \u003d checkoutDetails[0].substring(2); //starts from index 1 due to inclusion of \"/n\" flag"},{"lineNumber":82,"author":{"gitId":"JonathanKhooTY"},"content":""},{"lineNumber":83,"author":{"gitId":"hussain1998"},"content":"        return new CheckoutCommand(id);"},{"lineNumber":84,"author":{"gitId":"JonathanKhooTY"},"content":"    }"},{"lineNumber":85,"author":{"gitId":"JonathanKhooTY"},"content":""},{"lineNumber":86,"author":{"gitId":"JonathanKhooTY"},"content":"    private Command parseCheckIn(String argument) {"},{"lineNumber":87,"author":{"gitId":"JonathanKhooTY"},"content":"        String[] checkInDetails \u003d argument.split(\"i/\",2);"},{"lineNumber":88,"author":{"gitId":"JonathanKhooTY"},"content":"        String id \u003d checkInDetails[1];"},{"lineNumber":89,"author":{"gitId":"JonathanKhooTY"},"content":"        String name \u003d checkInDetails[0].substring(2); //starts from index 1 due to inclusion of \"/n\" flag"},{"lineNumber":90,"author":{"gitId":"JonathanKhooTY"},"content":""},{"lineNumber":91,"author":{"gitId":"JonathanKhooTY"},"content":"        return new CheckInCommand(id, name, null);"},{"lineNumber":92,"author":{"gitId":"JonathanKhooTY"},"content":"    }"},{"lineNumber":93,"author":{"gitId":"JonathanKhooTY"},"content":""},{"lineNumber":94,"author":{"gitId":"hussain1998"},"content":"    //    private String parseId(String argument) {"},{"lineNumber":95,"author":{"gitId":"hussain1998"},"content":"    //        String[] details \u003d argument.split(\"i/\",2);"},{"lineNumber":96,"author":{"gitId":"hussain1998"},"content":"    //        return details[0];"},{"lineNumber":97,"author":{"gitId":"hussain1998"},"content":"    //    }"},{"lineNumber":98,"author":{"gitId":"hussain1998"},"content":""},{"lineNumber":99,"author":{"gitId":"JonathanKhooTY"},"content":"}"}],"authorContributionMap":{"JonathanKhooTY":53,"hussain1998":46}},{"path":"src/main/java/seedu/duke/person/Id.java","fileType":"functional-code","lines":[{"lineNumber":1,"author":{"gitId":"hussain1998"},"content":"package seedu.duke.person;"},{"lineNumber":2,"author":{"gitId":"hussain1998"},"content":""},{"lineNumber":3,"author":{"gitId":"hussain1998"},"content":"public class Id {"},{"lineNumber":4,"author":{"gitId":"hussain1998"},"content":"    public final String idString;"},{"lineNumber":5,"author":{"gitId":"hussain1998"},"content":""},{"lineNumber":6,"author":{"gitId":"hussain1998"},"content":"    public Id(String idString) {"},{"lineNumber":7,"author":{"gitId":"hussain1998"},"content":"        // Check if id is valid by using regex first."},{"lineNumber":8,"author":{"gitId":"hussain1998"},"content":"        this.idString \u003d idString.trim();"},{"lineNumber":9,"author":{"gitId":"hussain1998"},"content":"    }"},{"lineNumber":10,"author":{"gitId":"hussain1998"},"content":""},{"lineNumber":11,"author":{"gitId":"hussain1998"},"content":"    public String getIdString() {"},{"lineNumber":12,"author":{"gitId":"hussain1998"},"content":"        return idString;"},{"lineNumber":13,"author":{"gitId":"hussain1998"},"content":"    }"},{"lineNumber":14,"author":{"gitId":"hussain1998"},"content":""},{"lineNumber":15,"author":{"gitId":"hussain1998"},"content":"    @Override"},{"lineNumber":16,"author":{"gitId":"hussain1998"},"content":"    public String toString() {"},{"lineNumber":17,"author":{"gitId":"hussain1998"},"content":"        return idString;"},{"lineNumber":18,"author":{"gitId":"hussain1998"},"content":"    }"},{"lineNumber":19,"author":{"gitId":"hussain1998"},"content":""},{"lineNumber":20,"author":{"gitId":"hussain1998"},"content":"    @Override"},{"lineNumber":21,"author":{"gitId":"hussain1998"},"content":"    public boolean equals(Object other) {"},{"lineNumber":22,"author":{"gitId":"hussain1998"},"content":"        if (other \u003d\u003d this) {"},{"lineNumber":23,"author":{"gitId":"hussain1998"},"content":"            return true;"},{"lineNumber":24,"author":{"gitId":"hussain1998"},"content":"        } else if (other instanceof Id) {"},{"lineNumber":25,"author":{"gitId":"hussain1998"},"content":"            return idString.equals(((Id) other).getIdString());"},{"lineNumber":26,"author":{"gitId":"hussain1998"},"content":"        }"},{"lineNumber":27,"author":{"gitId":"hussain1998"},"content":"        return false;"},{"lineNumber":28,"author":{"gitId":"hussain1998"},"content":"    }"},{"lineNumber":29,"author":{"gitId":"hussain1998"},"content":"}"}],"authorContributionMap":{"hussain1998":29}},{"path":"src/main/java/seedu/duke/person/Name.java","fileType":"functional-code","lines":[{"lineNumber":1,"author":{"gitId":"hussain1998"},"content":"package seedu.duke.person;"},{"lineNumber":2,"author":{"gitId":"hussain1998"},"content":""},{"lineNumber":3,"author":{"gitId":"hussain1998"},"content":"public class Name {"},{"lineNumber":4,"author":{"gitId":"hussain1998"},"content":"    public final String nameString;"},{"lineNumber":5,"author":{"gitId":"hussain1998"},"content":""},{"lineNumber":6,"author":{"gitId":"hussain1998"},"content":"    public Name(String nameString) {"},{"lineNumber":7,"author":{"gitId":"hussain1998"},"content":"        // Check if valid first using regex"},{"lineNumber":8,"author":{"gitId":"hussain1998"},"content":"        this.nameString \u003d nameString.trim();"},{"lineNumber":9,"author":{"gitId":"hussain1998"},"content":"    }"},{"lineNumber":10,"author":{"gitId":"hussain1998"},"content":""},{"lineNumber":11,"author":{"gitId":"hussain1998"},"content":"    public String getNameString() {"},{"lineNumber":12,"author":{"gitId":"hussain1998"},"content":"        return nameString;"},{"lineNumber":13,"author":{"gitId":"hussain1998"},"content":"    }"},{"lineNumber":14,"author":{"gitId":"hussain1998"},"content":""},{"lineNumber":15,"author":{"gitId":"hussain1998"},"content":"    @Override"},{"lineNumber":16,"author":{"gitId":"hussain1998"},"content":"    public String toString() {"},{"lineNumber":17,"author":{"gitId":"hussain1998"},"content":"        return nameString;"},{"lineNumber":18,"author":{"gitId":"hussain1998"},"content":"    }"},{"lineNumber":19,"author":{"gitId":"hussain1998"},"content":"}"}],"authorContributionMap":{"hussain1998":19}},{"path":"src/main/java/seedu/duke/person/Person.java","fileType":"functional-code","lines":[{"lineNumber":1,"author":{"gitId":"hussain1998"},"content":"package seedu.duke.person;"},{"lineNumber":2,"author":{"gitId":"hussain1998"},"content":""},{"lineNumber":3,"author":{"gitId":"hussain1998"},"content":"/**"},{"lineNumber":4,"author":{"gitId":"hussain1998"},"content":" * Represents a Person."},{"lineNumber":5,"author":{"gitId":"hussain1998"},"content":" * Assumption: values are validated and not null."},{"lineNumber":6,"author":{"gitId":"hussain1998"},"content":" */"},{"lineNumber":7,"author":{"gitId":"hussain1998"},"content":"public class Person {"},{"lineNumber":8,"author":{"gitId":"hussain1998"},"content":"    private Id id;"},{"lineNumber":9,"author":{"gitId":"hussain1998"},"content":"    private Name name;"},{"lineNumber":10,"author":{"gitId":"hussain1998"},"content":"    private Phone phone;"},{"lineNumber":11,"author":{"gitId":"hussain1998"},"content":"    private Boolean isCheckedIn;"},{"lineNumber":12,"author":{"gitId":"hussain1998"},"content":""},{"lineNumber":13,"author":{"gitId":"hussain1998"},"content":"    public Person(Id id, Name name, Phone phone) {"},{"lineNumber":14,"author":{"gitId":"hussain1998"},"content":"        this.id \u003d id;"},{"lineNumber":15,"author":{"gitId":"hussain1998"},"content":"        this.name \u003d name;"},{"lineNumber":16,"author":{"gitId":"hussain1998"},"content":"        this.phone \u003d phone;"},{"lineNumber":17,"author":{"gitId":"hussain1998"},"content":"    }"},{"lineNumber":18,"author":{"gitId":"hussain1998"},"content":""},{"lineNumber":19,"author":{"gitId":"hussain1998"},"content":"    @Override"},{"lineNumber":20,"author":{"gitId":"hussain1998"},"content":"    public boolean equals(Object other) {"},{"lineNumber":21,"author":{"gitId":"hussain1998"},"content":"        if (other \u003d\u003d this) {"},{"lineNumber":22,"author":{"gitId":"hussain1998"},"content":"            return true;"},{"lineNumber":23,"author":{"gitId":"hussain1998"},"content":"        } else if (other instanceof Person) {"},{"lineNumber":24,"author":{"gitId":"hussain1998"},"content":"            return id.equals(((Person) other).id);"},{"lineNumber":25,"author":{"gitId":"hussain1998"},"content":"        }"},{"lineNumber":26,"author":{"gitId":"hussain1998"},"content":"        return false;"},{"lineNumber":27,"author":{"gitId":"hussain1998"},"content":"    }"},{"lineNumber":28,"author":{"gitId":"hussain1998"},"content":""},{"lineNumber":29,"author":{"gitId":"hussain1998"},"content":"    public Id getId() {"},{"lineNumber":30,"author":{"gitId":"hussain1998"},"content":"        return id;"},{"lineNumber":31,"author":{"gitId":"hussain1998"},"content":"    }"},{"lineNumber":32,"author":{"gitId":"hussain1998"},"content":""},{"lineNumber":33,"author":{"gitId":"hussain1998"},"content":"    public void setId(Id id) {"},{"lineNumber":34,"author":{"gitId":"hussain1998"},"content":"        this.id \u003d id;"},{"lineNumber":35,"author":{"gitId":"hussain1998"},"content":"    }"},{"lineNumber":36,"author":{"gitId":"hussain1998"},"content":""},{"lineNumber":37,"author":{"gitId":"hussain1998"},"content":"    public Name getName() {"},{"lineNumber":38,"author":{"gitId":"hussain1998"},"content":"        return name;"},{"lineNumber":39,"author":{"gitId":"hussain1998"},"content":"    }"},{"lineNumber":40,"author":{"gitId":"hussain1998"},"content":""},{"lineNumber":41,"author":{"gitId":"hussain1998"},"content":"    public void setName(Name name) {"},{"lineNumber":42,"author":{"gitId":"hussain1998"},"content":"        this.name \u003d name;"},{"lineNumber":43,"author":{"gitId":"hussain1998"},"content":"    }"},{"lineNumber":44,"author":{"gitId":"hussain1998"},"content":""},{"lineNumber":45,"author":{"gitId":"hussain1998"},"content":"    public Phone getPhone() {"},{"lineNumber":46,"author":{"gitId":"hussain1998"},"content":"        return phone;"},{"lineNumber":47,"author":{"gitId":"hussain1998"},"content":"    }"},{"lineNumber":48,"author":{"gitId":"hussain1998"},"content":""},{"lineNumber":49,"author":{"gitId":"hussain1998"},"content":"    public void setPhone(Phone phone) {"},{"lineNumber":50,"author":{"gitId":"hussain1998"},"content":"        this.phone \u003d phone;"},{"lineNumber":51,"author":{"gitId":"hussain1998"},"content":"    }"},{"lineNumber":52,"author":{"gitId":"hussain1998"},"content":""},{"lineNumber":53,"author":{"gitId":"hussain1998"},"content":"    public Boolean getCheckedIn() {"},{"lineNumber":54,"author":{"gitId":"hussain1998"},"content":"        return isCheckedIn;"},{"lineNumber":55,"author":{"gitId":"hussain1998"},"content":"    }"},{"lineNumber":56,"author":{"gitId":"hussain1998"},"content":""},{"lineNumber":57,"author":{"gitId":"hussain1998"},"content":"    public void setCheckedIn(Boolean checkedIn) {"},{"lineNumber":58,"author":{"gitId":"hussain1998"},"content":"        isCheckedIn \u003d checkedIn;"},{"lineNumber":59,"author":{"gitId":"hussain1998"},"content":"    }"},{"lineNumber":60,"author":{"gitId":"hussain1998"},"content":"}"}],"authorContributionMap":{"hussain1998":60}},{"path":"src/main/java/seedu/duke/person/Phone.java","fileType":"functional-code","lines":[{"lineNumber":1,"author":{"gitId":"hussain1998"},"content":"package seedu.duke.person;"},{"lineNumber":2,"author":{"gitId":"hussain1998"},"content":""},{"lineNumber":3,"author":{"gitId":"hussain1998"},"content":"/**"},{"lineNumber":4,"author":{"gitId":"hussain1998"},"content":" * Represents the phone number of a person."},{"lineNumber":5,"author":{"gitId":"hussain1998"},"content":" * If a person does not have a phone, isAvailable will be false."},{"lineNumber":6,"author":{"gitId":"hussain1998"},"content":" */"},{"lineNumber":7,"author":{"gitId":"hussain1998"},"content":"public class Phone {"},{"lineNumber":8,"author":{"gitId":"hussain1998"},"content":"    public String phoneNo;"},{"lineNumber":9,"author":{"gitId":"hussain1998"},"content":"    public boolean isAvailable;"},{"lineNumber":10,"author":{"gitId":"hussain1998"},"content":""},{"lineNumber":11,"author":{"gitId":"hussain1998"},"content":"    public Phone(String phoneNo) {"},{"lineNumber":12,"author":{"gitId":"hussain1998"},"content":"        // Validate phone using regex first."},{"lineNumber":13,"author":{"gitId":"hussain1998"},"content":"        this.phoneNo \u003d phoneNo;"},{"lineNumber":14,"author":{"gitId":"hussain1998"},"content":"        this.isAvailable \u003d true;"},{"lineNumber":15,"author":{"gitId":"hussain1998"},"content":"    }"},{"lineNumber":16,"author":{"gitId":"hussain1998"},"content":""},{"lineNumber":17,"author":{"gitId":"hussain1998"},"content":"    /**"},{"lineNumber":18,"author":{"gitId":"hussain1998"},"content":"     * Constructor if phone is not available."},{"lineNumber":19,"author":{"gitId":"hussain1998"},"content":"     */"},{"lineNumber":20,"author":{"gitId":"hussain1998"},"content":"    public Phone() {"},{"lineNumber":21,"author":{"gitId":"hussain1998"},"content":"        this.phoneNo \u003d null;"},{"lineNumber":22,"author":{"gitId":"hussain1998"},"content":"        this.isAvailable \u003d false;"},{"lineNumber":23,"author":{"gitId":"hussain1998"},"content":"    }"},{"lineNumber":24,"author":{"gitId":"hussain1998"},"content":""},{"lineNumber":25,"author":{"gitId":"hussain1998"},"content":"    public String getPhoneNo() {"},{"lineNumber":26,"author":{"gitId":"hussain1998"},"content":"        return phoneNo;"},{"lineNumber":27,"author":{"gitId":"hussain1998"},"content":"    }"},{"lineNumber":28,"author":{"gitId":"hussain1998"},"content":""},{"lineNumber":29,"author":{"gitId":"hussain1998"},"content":"    public void setPhoneNo(String phoneNo) {"},{"lineNumber":30,"author":{"gitId":"hussain1998"},"content":"        // Validate phone using regex first."},{"lineNumber":31,"author":{"gitId":"hussain1998"},"content":"        this.phoneNo \u003d phoneNo;"},{"lineNumber":32,"author":{"gitId":"hussain1998"},"content":"    }"},{"lineNumber":33,"author":{"gitId":"hussain1998"},"content":""},{"lineNumber":34,"author":{"gitId":"hussain1998"},"content":"    public boolean isAvailable() {"},{"lineNumber":35,"author":{"gitId":"hussain1998"},"content":"        return isAvailable;"},{"lineNumber":36,"author":{"gitId":"hussain1998"},"content":"    }"},{"lineNumber":37,"author":{"gitId":"hussain1998"},"content":""},{"lineNumber":38,"author":{"gitId":"hussain1998"},"content":"    public void setAvailable(boolean available) {"},{"lineNumber":39,"author":{"gitId":"hussain1998"},"content":"        isAvailable \u003d available;"},{"lineNumber":40,"author":{"gitId":"hussain1998"},"content":"    }"},{"lineNumber":41,"author":{"gitId":"hussain1998"},"content":"}"}],"authorContributionMap":{"hussain1998":41}},{"path":"src/main/java/seedu/duke/person/TrackingList.java","fileType":"functional-code","lines":[{"lineNumber":1,"author":{"gitId":"sarzorwyn"},"content":"package seedu.duke.person;"},{"lineNumber":2,"author":{"gitId":"sarzorwyn"},"content":""},{"lineNumber":3,"author":{"gitId":"sarzorwyn"},"content":"import java.util.ArrayList;"},{"lineNumber":4,"author":{"gitId":"sarzorwyn"},"content":"import java.util.Arrays;"},{"lineNumber":5,"author":{"gitId":"sarzorwyn"},"content":"import java.util.List;"},{"lineNumber":6,"author":{"gitId":"sarzorwyn"},"content":""},{"lineNumber":7,"author":{"gitId":"sarzorwyn"},"content":"/**"},{"lineNumber":8,"author":{"gitId":"sarzorwyn"},"content":" * A list of persons. Does not allow null elements or duplicates."},{"lineNumber":9,"author":{"gitId":"sarzorwyn"},"content":" */"},{"lineNumber":10,"author":{"gitId":"sarzorwyn"},"content":"public class TrackingList {"},{"lineNumber":11,"author":{"gitId":"sarzorwyn"},"content":"    private final List\u003cPerson\u003e personList \u003d new ArrayList\u003c\u003e();"},{"lineNumber":12,"author":{"gitId":"sarzorwyn"},"content":""},{"lineNumber":13,"author":{"gitId":"sarzorwyn"},"content":"    /**"},{"lineNumber":14,"author":{"gitId":"iamakilahamed"},"content":"     * Constructs a empty Person List."},{"lineNumber":15,"author":{"gitId":"sarzorwyn"},"content":"     */"},{"lineNumber":16,"author":{"gitId":"sarzorwyn"},"content":"    public TrackingList() {"},{"lineNumber":17,"author":{"gitId":"sarzorwyn"},"content":"    }"},{"lineNumber":18,"author":{"gitId":"sarzorwyn"},"content":""},{"lineNumber":19,"author":{"gitId":"sarzorwyn"},"content":"    /**"},{"lineNumber":20,"author":{"gitId":"sarzorwyn"},"content":"     * Constructs a person list with given persons in varargs."},{"lineNumber":21,"author":{"gitId":"sarzorwyn"},"content":"     */"},{"lineNumber":22,"author":{"gitId":"sarzorwyn"},"content":"    public TrackingList(Person... persons) {"},{"lineNumber":23,"author":{"gitId":"sarzorwyn"},"content":"        final List\u003cPerson\u003e initialPersons \u003d Arrays.asList(persons);"},{"lineNumber":24,"author":{"gitId":"sarzorwyn"},"content":"        personList.addAll(initialPersons);"},{"lineNumber":25,"author":{"gitId":"sarzorwyn"},"content":"    }"},{"lineNumber":26,"author":{"gitId":"sarzorwyn"},"content":""},{"lineNumber":27,"author":{"gitId":"sarzorwyn"},"content":"    /**"},{"lineNumber":28,"author":{"gitId":"sarzorwyn"},"content":"     * Checks if a list contains the person in given argument."},{"lineNumber":29,"author":{"gitId":"sarzorwyn"},"content":"     * @param personToCheck Person to check if contained in personList"},{"lineNumber":30,"author":{"gitId":"sarzorwyn"},"content":"     * @return True if personList contains Person, False if personList does not contains Person"},{"lineNumber":31,"author":{"gitId":"sarzorwyn"},"content":"     */"},{"lineNumber":32,"author":{"gitId":"sarzorwyn"},"content":"    public boolean contains(Person personToCheck) {"},{"lineNumber":33,"author":{"gitId":"sarzorwyn"},"content":"        for (Person p : personList) {"},{"lineNumber":34,"author":{"gitId":"sarzorwyn"},"content":"            if (p.equals(personToCheck)) {"},{"lineNumber":35,"author":{"gitId":"sarzorwyn"},"content":"                return true;"},{"lineNumber":36,"author":{"gitId":"sarzorwyn"},"content":"            }"},{"lineNumber":37,"author":{"gitId":"sarzorwyn"},"content":"        }"},{"lineNumber":38,"author":{"gitId":"sarzorwyn"},"content":"        return false;"},{"lineNumber":39,"author":{"gitId":"sarzorwyn"},"content":"    }"},{"lineNumber":40,"author":{"gitId":"sarzorwyn"},"content":""},{"lineNumber":41,"author":{"gitId":"sarzorwyn"},"content":"    public void add(Person person) {"},{"lineNumber":42,"author":{"gitId":"sarzorwyn"},"content":"        personList.add(person);"},{"lineNumber":43,"author":{"gitId":"sarzorwyn"},"content":"    }"},{"lineNumber":44,"author":{"gitId":"sarzorwyn"},"content":""},{"lineNumber":45,"author":{"gitId":"sarzorwyn"},"content":"    public void delete(Person person) {"},{"lineNumber":46,"author":{"gitId":"sarzorwyn"},"content":"        personList.remove(person);"},{"lineNumber":47,"author":{"gitId":"sarzorwyn"},"content":"    }"},{"lineNumber":48,"author":{"gitId":"sarzorwyn"},"content":""},{"lineNumber":49,"author":{"gitId":"sarzorwyn"},"content":"    public void delete(int index) {"},{"lineNumber":50,"author":{"gitId":"sarzorwyn"},"content":"        personList.remove(index);"},{"lineNumber":51,"author":{"gitId":"sarzorwyn"},"content":"    }"},{"lineNumber":52,"author":{"gitId":"sarzorwyn"},"content":""},{"lineNumber":53,"author":{"gitId":"sarzorwyn"},"content":"    public Person getPerson(int index) {"},{"lineNumber":54,"author":{"gitId":"sarzorwyn"},"content":"        return personList.get(index);"},{"lineNumber":55,"author":{"gitId":"sarzorwyn"},"content":"    }"},{"lineNumber":56,"author":{"gitId":"sarzorwyn"},"content":""},{"lineNumber":57,"author":{"gitId":"sarzorwyn"},"content":"    public int getSize() {"},{"lineNumber":58,"author":{"gitId":"sarzorwyn"},"content":"        return personList.size();"},{"lineNumber":59,"author":{"gitId":"sarzorwyn"},"content":"    }"},{"lineNumber":60,"author":{"gitId":"sarzorwyn"},"content":""},{"lineNumber":61,"author":{"gitId":"sarzorwyn"},"content":"    public List\u003cPerson\u003e listPerson() {"},{"lineNumber":62,"author":{"gitId":"sarzorwyn"},"content":"        final List\u003cPerson\u003e returnedList \u003d new ArrayList\u003c\u003e(personList);"},{"lineNumber":63,"author":{"gitId":"sarzorwyn"},"content":"        return returnedList;"},{"lineNumber":64,"author":{"gitId":"sarzorwyn"},"content":"    }"},{"lineNumber":65,"author":{"gitId":"sarzorwyn"},"content":""},{"lineNumber":66,"author":{"gitId":"sarzorwyn"},"content":"    public void clear() {"},{"lineNumber":67,"author":{"gitId":"sarzorwyn"},"content":"        personList.clear();"},{"lineNumber":68,"author":{"gitId":"sarzorwyn"},"content":"    }"},{"lineNumber":69,"author":{"gitId":"sarzorwyn"},"content":""},{"lineNumber":70,"author":{"gitId":"sarzorwyn"},"content":"    /**"},{"lineNumber":71,"author":{"gitId":"iamakilahamed"},"content":"     * Finds Person with exact match as id queried."},{"lineNumber":72,"author":{"gitId":"sarzorwyn"},"content":"     * @param id id being queried"},{"lineNumber":73,"author":{"gitId":"sarzorwyn"},"content":"     * @return Person that exactly matches id"},{"lineNumber":74,"author":{"gitId":"sarzorwyn"},"content":"     */"},{"lineNumber":75,"author":{"gitId":"sarzorwyn"},"content":"    public Person findExactPerson(Id id) {"},{"lineNumber":76,"author":{"gitId":"hussain1998"},"content":"        Person matchingPerson \u003d null;"},{"lineNumber":77,"author":{"gitId":"sarzorwyn"},"content":"        for (Person p : personList) {"},{"lineNumber":78,"author":{"gitId":"hussain1998"},"content":"            if (p.getId().equals(id)) {"},{"lineNumber":79,"author":{"gitId":"hussain1998"},"content":"                matchingPerson \u003d p;"},{"lineNumber":80,"author":{"gitId":"sarzorwyn"},"content":"            }"},{"lineNumber":81,"author":{"gitId":"sarzorwyn"},"content":"        }"},{"lineNumber":82,"author":{"gitId":"hussain1998"},"content":"        return matchingPerson;"},{"lineNumber":83,"author":{"gitId":"sarzorwyn"},"content":"    }"},{"lineNumber":84,"author":{"gitId":"sarzorwyn"},"content":""},{"lineNumber":85,"author":{"gitId":"sarzorwyn"},"content":"    /**"},{"lineNumber":86,"author":{"gitId":"iamakilahamed"},"content":"     * Finds Person with partial match as phone queried."},{"lineNumber":87,"author":{"gitId":"sarzorwyn"},"content":"     * @param phone Phone being queried"},{"lineNumber":88,"author":{"gitId":"sarzorwyn"},"content":"     * @return Person that partially matches phone"},{"lineNumber":89,"author":{"gitId":"sarzorwyn"},"content":"     */"},{"lineNumber":90,"author":{"gitId":"sarzorwyn"},"content":"    public List\u003cPerson\u003e findPerson(Phone phone) {"},{"lineNumber":91,"author":{"gitId":"sarzorwyn"},"content":"        final List\u003cPerson\u003e matchingPersons \u003d new ArrayList\u003c\u003e();"},{"lineNumber":92,"author":{"gitId":"sarzorwyn"},"content":"        for (Person p : personList) {"},{"lineNumber":93,"author":{"gitId":"sarzorwyn"},"content":"            if (p.getPhone().getPhoneNo().contains(phone.getPhoneNo())) {"},{"lineNumber":94,"author":{"gitId":"sarzorwyn"},"content":"                matchingPersons.add(p);"},{"lineNumber":95,"author":{"gitId":"sarzorwyn"},"content":"            }"},{"lineNumber":96,"author":{"gitId":"sarzorwyn"},"content":"        }"},{"lineNumber":97,"author":{"gitId":"sarzorwyn"},"content":"        return matchingPersons;"},{"lineNumber":98,"author":{"gitId":"sarzorwyn"},"content":"    }"},{"lineNumber":99,"author":{"gitId":"sarzorwyn"},"content":""},{"lineNumber":100,"author":{"gitId":"sarzorwyn"},"content":"    /**"},{"lineNumber":101,"author":{"gitId":"iamakilahamed"},"content":"     * Finds Person with partial match as name queried."},{"lineNumber":102,"author":{"gitId":"sarzorwyn"},"content":"     * @param name Name being queried"},{"lineNumber":103,"author":{"gitId":"sarzorwyn"},"content":"     * @return Person that partially matches name"},{"lineNumber":104,"author":{"gitId":"sarzorwyn"},"content":"     */"},{"lineNumber":105,"author":{"gitId":"sarzorwyn"},"content":"    public List\u003cPerson\u003e findPerson(Name name) {"},{"lineNumber":106,"author":{"gitId":"sarzorwyn"},"content":"        final List\u003cPerson\u003e matchingPersons \u003d new ArrayList\u003c\u003e();"},{"lineNumber":107,"author":{"gitId":"sarzorwyn"},"content":"        for (Person p : personList) {"},{"lineNumber":108,"author":{"gitId":"sarzorwyn"},"content":"            if (p.getName().getNameString().contains(name.getNameString())) {"},{"lineNumber":109,"author":{"gitId":"sarzorwyn"},"content":"                matchingPersons.add(p);"},{"lineNumber":110,"author":{"gitId":"sarzorwyn"},"content":"            }"},{"lineNumber":111,"author":{"gitId":"sarzorwyn"},"content":"        }"},{"lineNumber":112,"author":{"gitId":"sarzorwyn"},"content":"        return matchingPersons;"},{"lineNumber":113,"author":{"gitId":"sarzorwyn"},"content":"    }"},{"lineNumber":114,"author":{"gitId":"sarzorwyn"},"content":"}"}],"authorContributionMap":{"iamakilahamed":4,"sarzorwyn":106,"hussain1998":4}},{"path":"src/main/java/seedu/duke/ui/TextUi.java","fileType":"functional-code","lines":[{"lineNumber":1,"author":{"gitId":"hussain1998"},"content":"package seedu.duke.ui;"},{"lineNumber":2,"author":{"gitId":"hussain1998"},"content":""},{"lineNumber":3,"author":{"gitId":"iamakilahamed"},"content":"import seedu.duke.commands.CheckInCommand;"},{"lineNumber":4,"author":{"gitId":"hussain1998"},"content":"import seedu.duke.commands.CommandOutput;"},{"lineNumber":5,"author":{"gitId":"hussain1998"},"content":"import seedu.duke.person.Person;"},{"lineNumber":6,"author":{"gitId":"limwenfeng"},"content":""},{"lineNumber":7,"author":{"gitId":"limwenfeng"},"content":"import java.io.InputStream;"},{"lineNumber":8,"author":{"gitId":"limwenfeng"},"content":"import java.io.PrintStream;"},{"lineNumber":9,"author":{"gitId":"hussain1998"},"content":"import java.util.List;"},{"lineNumber":10,"author":{"gitId":"limwenfeng"},"content":"import java.util.Scanner;"},{"lineNumber":11,"author":{"gitId":"limwenfeng"},"content":""},{"lineNumber":12,"author":{"gitId":"limwenfeng"},"content":"public class TextUi {"},{"lineNumber":13,"author":{"gitId":"limwenfeng"},"content":""},{"lineNumber":14,"author":{"gitId":"hussain1998"},"content":"    private PrintStream out;"},{"lineNumber":15,"author":{"gitId":"hussain1998"},"content":"    private Scanner in;"},{"lineNumber":16,"author":{"gitId":"limwenfeng"},"content":""},{"lineNumber":17,"author":{"gitId":"limwenfeng"},"content":"    private static final String DIVIDER \u003d \"\u003d\u003d\u003d\u003d\u003d\u003d\u003d\u003d\u003d\u003d\u003d\u003d\u003d\u003d\u003d\u003d\u003d\u003d\u003d\u003d\u003d\u003d\u003d\u003d\u003d\u003d\u003d\u003d\u003d\u003d\u003d\u003d\u003d\u003d\u003d\u003d\u003d\u003d\u003d\u003d\u003d\u003d\u003d\u003d\u003d\u003d\u003d\u003d\u003d\u003d\u003d\";"},{"lineNumber":18,"author":{"gitId":"limwenfeng"},"content":""},{"lineNumber":19,"author":{"gitId":"hussain1998"},"content":"    public TextUi() {"},{"lineNumber":20,"author":{"gitId":"hussain1998"},"content":"        this(System.in, System.out);"},{"lineNumber":21,"author":{"gitId":"hussain1998"},"content":"    }"},{"lineNumber":22,"author":{"gitId":"hussain1998"},"content":""},{"lineNumber":23,"author":{"gitId":"limwenfeng"},"content":"    public TextUi(InputStream in, PrintStream out) {"},{"lineNumber":24,"author":{"gitId":"limwenfeng"},"content":"        this.in \u003d new Scanner(in);"},{"lineNumber":25,"author":{"gitId":"limwenfeng"},"content":"        this.out \u003d out;"},{"lineNumber":26,"author":{"gitId":"limwenfeng"},"content":"    }"},{"lineNumber":27,"author":{"gitId":"limwenfeng"},"content":""},{"lineNumber":28,"author":{"gitId":"hussain1998"},"content":"    public void printReaction(CommandOutput commandOutput) {"},{"lineNumber":29,"author":{"gitId":"iamakilahamed"},"content":"        if (commandOutput.command.equals(\"list\")) {"},{"lineNumber":30,"author":{"gitId":"hussain1998"},"content":"            printList(commandOutput.persons);"},{"lineNumber":31,"author":{"gitId":"hussain1998"},"content":"        }"},{"lineNumber":32,"author":{"gitId":"iamakilahamed"},"content":"        showGoodbyeMessage();"},{"lineNumber":33,"author":{"gitId":"hussain1998"},"content":"    }"},{"lineNumber":34,"author":{"gitId":"hussain1998"},"content":""},{"lineNumber":35,"author":{"gitId":"hussain1998"},"content":"    private void printList(List\u003cPerson\u003e persons) {"},{"lineNumber":36,"author":{"gitId":"hussain1998"},"content":"        for (Person person : persons) {"},{"lineNumber":37,"author":{"gitId":"hussain1998"},"content":"            if (person.getCheckedIn()) {"},{"lineNumber":38,"author":{"gitId":"limwenfeng"},"content":"                out.println(\"Name: \" + person.getName());"},{"lineNumber":39,"author":{"gitId":"hussain1998"},"content":"            }"},{"lineNumber":40,"author":{"gitId":"hussain1998"},"content":"        }"},{"lineNumber":41,"author":{"gitId":"hussain1998"},"content":"    }"},{"lineNumber":42,"author":{"gitId":"hussain1998"},"content":""},{"lineNumber":43,"author":{"gitId":"hussain1998"},"content":"    public void showWelcomeMessage(String version) {"},{"lineNumber":44,"author":{"gitId":"limwenfeng"},"content":"        printDivider();"},{"lineNumber":45,"author":{"gitId":"limwenfeng"},"content":"        out.println(\"Welcome to Safest Entry Tracker - Version\" + version + \"1\");"},{"lineNumber":46,"author":{"gitId":"limwenfeng"},"content":"        // for next patch update - Storage class - dataStorageSuccessful()"},{"lineNumber":47,"author":{"gitId":"limwenfeng"},"content":"        out.println(\"Data successfully loaded from storage file path.\");"},{"lineNumber":48,"author":{"gitId":"limwenfeng"},"content":"        printDivider();"},{"lineNumber":49,"author":{"gitId":"limwenfeng"},"content":"    }"},{"lineNumber":50,"author":{"gitId":"limwenfeng"},"content":""},{"lineNumber":51,"author":{"gitId":"limwenfeng"},"content":"    public void showGoodbyeMessage() {"},{"lineNumber":52,"author":{"gitId":"limwenfeng"},"content":"        printDivider();"},{"lineNumber":53,"author":{"gitId":"limwenfeng"},"content":"        out.println(\"Exiting Safest Entry Tracker...\");"},{"lineNumber":54,"author":{"gitId":"limwenfeng"},"content":"        printDivider();"},{"lineNumber":55,"author":{"gitId":"limwenfeng"},"content":"    }"},{"lineNumber":56,"author":{"gitId":"limwenfeng"},"content":""},{"lineNumber":57,"author":{"gitId":"hussain1998"},"content":"    private void printDivider() {"},{"lineNumber":58,"author":{"gitId":"limwenfeng"},"content":"        out.println(DIVIDER);"},{"lineNumber":59,"author":{"gitId":"limwenfeng"},"content":"    }"},{"lineNumber":60,"author":{"gitId":"limwenfeng"},"content":""},{"lineNumber":61,"author":{"gitId":"hussain1998"},"content":"    public String getUserInput() {"},{"lineNumber":62,"author":{"gitId":"limwenfeng"},"content":"        String rawInput \u003d in.nextLine();"},{"lineNumber":63,"author":{"gitId":"limwenfeng"},"content":""},{"lineNumber":64,"author":{"gitId":"limwenfeng"},"content":"        echoInput(rawInput);"},{"lineNumber":65,"author":{"gitId":"limwenfeng"},"content":"        return rawInput;"},{"lineNumber":66,"author":{"gitId":"limwenfeng"},"content":"    }"},{"lineNumber":67,"author":{"gitId":"limwenfeng"},"content":""},{"lineNumber":68,"author":{"gitId":"limwenfeng"},"content":"    public String echoInput(String rawInput) {"},{"lineNumber":69,"author":{"gitId":"limwenfeng"},"content":"        out.println(\"Command Entered: \" + rawInput);"},{"lineNumber":70,"author":{"gitId":"limwenfeng"},"content":"        return rawInput;"},{"lineNumber":71,"author":{"gitId":"limwenfeng"},"content":"    }"},{"lineNumber":72,"author":{"gitId":"limwenfeng"},"content":""},{"lineNumber":73,"author":{"gitId":"limwenfeng"},"content":"}"}],"authorContributionMap":{"iamakilahamed":3,"limwenfeng":44,"hussain1998":26}},{"path":"src/test/java/seedu/duke/commands/CheckInCommandTest.java","fileType":"test-code","lines":[{"lineNumber":1,"author":{"gitId":"JonathanKhooTY"},"content":"package seedu.duke.commands;"},{"lineNumber":2,"author":{"gitId":"JonathanKhooTY"},"content":""},{"lineNumber":3,"author":{"gitId":"JonathanKhooTY"},"content":"import org.junit.jupiter.api.Test;"},{"lineNumber":4,"author":{"gitId":"JonathanKhooTY"},"content":""},{"lineNumber":5,"author":{"gitId":"JonathanKhooTY"},"content":"import static org.junit.jupiter.api.Assertions.assertTrue;"},{"lineNumber":6,"author":{"gitId":"iamakilahamed"},"content":"import static seedu.duke.testutil.SamplePersons.JOHN;"},{"lineNumber":7,"author":{"gitId":"iamakilahamed"},"content":"import static seedu.duke.testutil.SamplePersons.JOHN_DIFF_ID;"},{"lineNumber":8,"author":{"gitId":"iamakilahamed"},"content":"import static seedu.duke.testutil.SamplePersons.JOHN_NO_PHONE;"},{"lineNumber":9,"author":{"gitId":"JonathanKhooTY"},"content":""},{"lineNumber":10,"author":{"gitId":"JonathanKhooTY"},"content":"public class CheckInCommandTest {"},{"lineNumber":11,"author":{"gitId":"JonathanKhooTY"},"content":""},{"lineNumber":12,"author":{"gitId":"JonathanKhooTY"},"content":"    @Test"},{"lineNumber":13,"author":{"gitId":"JonathanKhooTY"},"content":"    public void testCheckInCommand() {"},{"lineNumber":14,"author":{"gitId":"iamakilahamed"},"content":"        CheckInCommand checkin1 \u003d new CheckInCommand(JOHN.getId().toString(), JOHN.getName().toString(),"},{"lineNumber":15,"author":{"gitId":"iamakilahamed"},"content":"                JOHN.getPhone().toString());"},{"lineNumber":16,"author":{"gitId":"iamakilahamed"},"content":"        CheckInCommand checkin2 \u003d new CheckInCommand(JOHN_NO_PHONE.getId().toString(),"},{"lineNumber":17,"author":{"gitId":"iamakilahamed"},"content":"                JOHN_NO_PHONE.getName().toString(), JOHN_NO_PHONE.getPhone().toString());"},{"lineNumber":18,"author":{"gitId":"iamakilahamed"},"content":"        CheckInCommand checkin3 \u003d new CheckInCommand(JOHN_DIFF_ID.getId().toString(),"},{"lineNumber":19,"author":{"gitId":"iamakilahamed"},"content":"                JOHN_DIFF_ID.getName().toString(), JOHN_DIFF_ID.getPhone().toString());"},{"lineNumber":20,"author":{"gitId":"iamakilahamed"},"content":""},{"lineNumber":21,"author":{"gitId":"iamakilahamed"},"content":"        checkin1.getToCheckIn().setCheckedIn(true);"},{"lineNumber":22,"author":{"gitId":"iamakilahamed"},"content":"        checkin2.getToCheckIn().setCheckedIn(true);"},{"lineNumber":23,"author":{"gitId":"iamakilahamed"},"content":"        checkin3.getToCheckIn().setCheckedIn(true);"},{"lineNumber":24,"author":{"gitId":"JonathanKhooTY"},"content":""},{"lineNumber":25,"author":{"gitId":"JonathanKhooTY"},"content":"        assertTrue(checkin1.getToCheckIn().getCheckedIn());"},{"lineNumber":26,"author":{"gitId":"JonathanKhooTY"},"content":"        assertTrue(checkin2.getToCheckIn().getCheckedIn());"},{"lineNumber":27,"author":{"gitId":"JonathanKhooTY"},"content":"        assertTrue(checkin3.getToCheckIn().getCheckedIn());"},{"lineNumber":28,"author":{"gitId":"JonathanKhooTY"},"content":"    }"},{"lineNumber":29,"author":{"gitId":"JonathanKhooTY"},"content":""},{"lineNumber":30,"author":{"gitId":"JonathanKhooTY"},"content":"}"}],"authorContributionMap":{"JonathanKhooTY":17,"iamakilahamed":13}},{"path":"src/test/java/seedu/duke/commands/CheckoutCommandTest.java","fileType":"test-code","lines":[{"lineNumber":1,"author":{"gitId":"iamakilahamed"},"content":"package seedu.duke.commands;"},{"lineNumber":2,"author":{"gitId":"iamakilahamed"},"content":""},{"lineNumber":3,"author":{"gitId":"iamakilahamed"},"content":"import org.junit.jupiter.api.Test;"},{"lineNumber":4,"author":{"gitId":"iamakilahamed"},"content":""},{"lineNumber":5,"author":{"gitId":"iamakilahamed"},"content":"import static org.junit.jupiter.api.Assertions.assertFalse;"},{"lineNumber":6,"author":{"gitId":"iamakilahamed"},"content":"import static seedu.duke.testutil.SamplePersons.JOHN;"},{"lineNumber":7,"author":{"gitId":"iamakilahamed"},"content":""},{"lineNumber":8,"author":{"gitId":"iamakilahamed"},"content":"public class CheckoutCommandTest {"},{"lineNumber":9,"author":{"gitId":"iamakilahamed"},"content":""},{"lineNumber":10,"author":{"gitId":"iamakilahamed"},"content":"    @Test"},{"lineNumber":11,"author":{"gitId":"iamakilahamed"},"content":"    public void testCheckoutCommand() {"},{"lineNumber":12,"author":{"gitId":"iamakilahamed"},"content":"        CheckoutCommand checkout1 \u003d new CheckoutCommand(\"123A\");"},{"lineNumber":13,"author":{"gitId":"iamakilahamed"},"content":""},{"lineNumber":14,"author":{"gitId":"iamakilahamed"},"content":"        checkout1.setToCheckout(JOHN);"},{"lineNumber":15,"author":{"gitId":"iamakilahamed"},"content":""},{"lineNumber":16,"author":{"gitId":"iamakilahamed"},"content":"        checkout1.getToCheckout().setCheckedIn(false);"},{"lineNumber":17,"author":{"gitId":"iamakilahamed"},"content":""},{"lineNumber":18,"author":{"gitId":"JonathanKhooTY"},"content":"        assertFalse(checkout1.getToCheckout().getCheckedIn());"},{"lineNumber":19,"author":{"gitId":"iamakilahamed"},"content":"    }"},{"lineNumber":20,"author":{"gitId":"iamakilahamed"},"content":""},{"lineNumber":21,"author":{"gitId":"iamakilahamed"},"content":"}"}],"authorContributionMap":{"iamakilahamed":20,"JonathanKhooTY":1}},{"path":"src/test/java/seedu/duke/parser/ParserTest.java","fileType":"test-code","lines":[{"lineNumber":1,"author":{"gitId":"JonathanKhooTY"},"content":"package seedu.duke.parser;"},{"lineNumber":2,"author":{"gitId":"JonathanKhooTY"},"content":""},{"lineNumber":3,"author":{"gitId":"JonathanKhooTY"},"content":"import org.junit.jupiter.api.BeforeEach;"},{"lineNumber":4,"author":{"gitId":"JonathanKhooTY"},"content":"import org.junit.jupiter.api.Test;"},{"lineNumber":5,"author":{"gitId":"JonathanKhooTY"},"content":"import seedu.duke.commands.CheckInCommand;"},{"lineNumber":6,"author":{"gitId":"JonathanKhooTY"},"content":""},{"lineNumber":7,"author":{"gitId":"JonathanKhooTY"},"content":"import static org.junit.jupiter.api.Assertions.assertArrayEquals;"},{"lineNumber":8,"author":{"gitId":"JonathanKhooTY"},"content":""},{"lineNumber":9,"author":{"gitId":"JonathanKhooTY"},"content":"public class ParserTest {"},{"lineNumber":10,"author":{"gitId":"JonathanKhooTY"},"content":""},{"lineNumber":11,"author":{"gitId":"JonathanKhooTY"},"content":""},{"lineNumber":12,"author":{"gitId":"JonathanKhooTY"},"content":"    @Test"},{"lineNumber":13,"author":{"gitId":"JonathanKhooTY"},"content":"    public void checkInParser_parsedCorrectly() {"},{"lineNumber":14,"author":{"gitId":"JonathanKhooTY"},"content":""},{"lineNumber":15,"author":{"gitId":"JonathanKhooTY"},"content":"        String[] result \u003d {\"john\",\"1234A 12345678\"};"},{"lineNumber":16,"author":{"gitId":"JonathanKhooTY"},"content":"        assertArrayEquals(Parser.splitTextIntoTwoFields(\"John 1234A 12345678\"), result);"},{"lineNumber":17,"author":{"gitId":"JonathanKhooTY"},"content":""},{"lineNumber":18,"author":{"gitId":"JonathanKhooTY"},"content":"    }"},{"lineNumber":19,"author":{"gitId":"JonathanKhooTY"},"content":"}"}],"authorContributionMap":{"JonathanKhooTY":19}},{"path":"src/test/java/seedu/duke/person/IdTest.java","fileType":"test-code","lines":[{"lineNumber":1,"author":{"gitId":"hussain1998"},"content":"package seedu.duke.person;"},{"lineNumber":2,"author":{"gitId":"hussain1998"},"content":""},{"lineNumber":3,"author":{"gitId":"hussain1998"},"content":"import org.junit.jupiter.api.Test;"},{"lineNumber":4,"author":{"gitId":"hussain1998"},"content":""},{"lineNumber":5,"author":{"gitId":"hussain1998"},"content":"import static org.junit.jupiter.api.Assertions.assertFalse;"},{"lineNumber":6,"author":{"gitId":"hussain1998"},"content":"import static org.junit.jupiter.api.Assertions.assertTrue;"},{"lineNumber":7,"author":{"gitId":"hussain1998"},"content":""},{"lineNumber":8,"author":{"gitId":"hussain1998"},"content":"class IdTest {"},{"lineNumber":9,"author":{"gitId":"hussain1998"},"content":""},{"lineNumber":10,"author":{"gitId":"hussain1998"},"content":"    @Test"},{"lineNumber":11,"author":{"gitId":"hussain1998"},"content":"    void testEquals() {"},{"lineNumber":12,"author":{"gitId":"hussain1998"},"content":"        Id id1 \u003d new Id(\"123A\");"},{"lineNumber":13,"author":{"gitId":"hussain1998"},"content":"        Id id2 \u003d new Id(\"123A\");"},{"lineNumber":14,"author":{"gitId":"hussain1998"},"content":"        Id id3 \u003d new Id(\"456B\");"},{"lineNumber":15,"author":{"gitId":"hussain1998"},"content":""},{"lineNumber":16,"author":{"gitId":"hussain1998"},"content":"        assertTrue(id1.equals(id1));"},{"lineNumber":17,"author":{"gitId":"hussain1998"},"content":"        assertTrue(id1.equals(id2));"},{"lineNumber":18,"author":{"gitId":"hussain1998"},"content":"        assertFalse(id1.equals(id3));"},{"lineNumber":19,"author":{"gitId":"hussain1998"},"content":"        assertFalse(id1.equals(\"test string\"));"},{"lineNumber":20,"author":{"gitId":"hussain1998"},"content":""},{"lineNumber":21,"author":{"gitId":"hussain1998"},"content":"    }"},{"lineNumber":22,"author":{"gitId":"hussain1998"},"content":"}"}],"authorContributionMap":{"hussain1998":22}},{"path":"src/test/java/seedu/duke/person/PersonTest.java","fileType":"test-code","lines":[{"lineNumber":1,"author":{"gitId":"hussain1998"},"content":"package seedu.duke.person;"},{"lineNumber":2,"author":{"gitId":"hussain1998"},"content":""},{"lineNumber":3,"author":{"gitId":"hussain1998"},"content":"import org.junit.jupiter.api.Test;"},{"lineNumber":4,"author":{"gitId":"hussain1998"},"content":""},{"lineNumber":5,"author":{"gitId":"hussain1998"},"content":"import static org.junit.jupiter.api.Assertions.assertFalse;"},{"lineNumber":6,"author":{"gitId":"hussain1998"},"content":"import static org.junit.jupiter.api.Assertions.assertTrue;"},{"lineNumber":7,"author":{"gitId":"hussain1998"},"content":"import static seedu.duke.testutil.SamplePersons.JOHN;"},{"lineNumber":8,"author":{"gitId":"hussain1998"},"content":"import static seedu.duke.testutil.SamplePersons.JOHN_DIFF_ID;"},{"lineNumber":9,"author":{"gitId":"hussain1998"},"content":"import static seedu.duke.testutil.SamplePersons.JOHN_NO_PHONE;"},{"lineNumber":10,"author":{"gitId":"hussain1998"},"content":""},{"lineNumber":11,"author":{"gitId":"sarzorwyn"},"content":"public class PersonTest {"},{"lineNumber":12,"author":{"gitId":"hussain1998"},"content":""},{"lineNumber":13,"author":{"gitId":"hussain1998"},"content":"    @Test"},{"lineNumber":14,"author":{"gitId":"hussain1998"},"content":"    void testEquals() {"},{"lineNumber":15,"author":{"gitId":"hussain1998"},"content":"        assertTrue(JOHN.equals(JOHN));"},{"lineNumber":16,"author":{"gitId":"hussain1998"},"content":"        assertTrue(JOHN.equals(JOHN_NO_PHONE));"},{"lineNumber":17,"author":{"gitId":"hussain1998"},"content":"        assertFalse(JOHN.equals(JOHN_DIFF_ID));"},{"lineNumber":18,"author":{"gitId":"hussain1998"},"content":"        assertFalse(JOHN.equals(\"test string\"));"},{"lineNumber":19,"author":{"gitId":"hussain1998"},"content":"    }"},{"lineNumber":20,"author":{"gitId":"hussain1998"},"content":"}"}],"authorContributionMap":{"sarzorwyn":1,"hussain1998":19}},{"path":"src/test/java/seedu/duke/person/TrackingListTest.java","fileType":"test-code","lines":[{"lineNumber":1,"author":{"gitId":"sarzorwyn"},"content":"package seedu.duke.person;"},{"lineNumber":2,"author":{"gitId":"sarzorwyn"},"content":""},{"lineNumber":3,"author":{"gitId":"sarzorwyn"},"content":"import org.junit.jupiter.api.Test;"},{"lineNumber":4,"author":{"gitId":"sarzorwyn"},"content":""},{"lineNumber":5,"author":{"gitId":"sarzorwyn"},"content":"import static org.junit.jupiter.api.Assertions.assertFalse;"},{"lineNumber":6,"author":{"gitId":"sarzorwyn"},"content":"import static org.junit.jupiter.api.Assertions.assertTrue;"},{"lineNumber":7,"author":{"gitId":"sarzorwyn"},"content":"import static seedu.duke.testutil.SamplePersons.JOHN;"},{"lineNumber":8,"author":{"gitId":"sarzorwyn"},"content":"import static seedu.duke.testutil.SamplePersons.ALICE;"},{"lineNumber":9,"author":{"gitId":"sarzorwyn"},"content":"import static seedu.duke.testutil.SamplePersons.BOB;"},{"lineNumber":10,"author":{"gitId":"sarzorwyn"},"content":"import static seedu.duke.testutil.SamplePersons.MARY;"},{"lineNumber":11,"author":{"gitId":"sarzorwyn"},"content":""},{"lineNumber":12,"author":{"gitId":"sarzorwyn"},"content":"public class TrackingListTest {"},{"lineNumber":13,"author":{"gitId":"sarzorwyn"},"content":"    private TrackingList trackingList;"},{"lineNumber":14,"author":{"gitId":"sarzorwyn"},"content":""},{"lineNumber":15,"author":{"gitId":"sarzorwyn"},"content":"    @Test"},{"lineNumber":16,"author":{"gitId":"sarzorwyn"},"content":"    void testConstructor() {"},{"lineNumber":17,"author":{"gitId":"sarzorwyn"},"content":"        trackingList \u003d new TrackingList(JOHN, MARY, ALICE);"},{"lineNumber":18,"author":{"gitId":"sarzorwyn"},"content":"        assertTrue(trackingList.contains(JOHN));"},{"lineNumber":19,"author":{"gitId":"sarzorwyn"},"content":"        assertTrue(trackingList.contains(MARY));"},{"lineNumber":20,"author":{"gitId":"sarzorwyn"},"content":"        assertTrue(trackingList.contains(ALICE));"},{"lineNumber":21,"author":{"gitId":"sarzorwyn"},"content":"        assertFalse(trackingList.contains(BOB));"},{"lineNumber":22,"author":{"gitId":"sarzorwyn"},"content":"    }"},{"lineNumber":23,"author":{"gitId":"sarzorwyn"},"content":"}"}],"authorContributionMap":{"sarzorwyn":23}},{"path":"src/test/java/seedu/duke/testutil/PersonBuilder.java","fileType":"test-code","lines":[{"lineNumber":1,"author":{"gitId":"hussain1998"},"content":"package seedu.duke.testutil;"},{"lineNumber":2,"author":{"gitId":"hussain1998"},"content":""},{"lineNumber":3,"author":{"gitId":"hussain1998"},"content":"import seedu.duke.person.Id;"},{"lineNumber":4,"author":{"gitId":"hussain1998"},"content":"import seedu.duke.person.Name;"},{"lineNumber":5,"author":{"gitId":"hussain1998"},"content":"import seedu.duke.person.Person;"},{"lineNumber":6,"author":{"gitId":"hussain1998"},"content":"import seedu.duke.person.Phone;"},{"lineNumber":7,"author":{"gitId":"hussain1998"},"content":""},{"lineNumber":8,"author":{"gitId":"hussain1998"},"content":"public class PersonBuilder {"},{"lineNumber":9,"author":{"gitId":"hussain1998"},"content":"    private Id id;"},{"lineNumber":10,"author":{"gitId":"hussain1998"},"content":"    private Name name;"},{"lineNumber":11,"author":{"gitId":"hussain1998"},"content":"    private Phone phone;"},{"lineNumber":12,"author":{"gitId":"hussain1998"},"content":"    private Boolean isCheckedIn;"},{"lineNumber":13,"author":{"gitId":"hussain1998"},"content":""},{"lineNumber":14,"author":{"gitId":"hussain1998"},"content":"    public PersonBuilder withId(String id) {"},{"lineNumber":15,"author":{"gitId":"hussain1998"},"content":"        this.id \u003d new Id(id);"},{"lineNumber":16,"author":{"gitId":"hussain1998"},"content":"        return this;"},{"lineNumber":17,"author":{"gitId":"hussain1998"},"content":"    }"},{"lineNumber":18,"author":{"gitId":"hussain1998"},"content":""},{"lineNumber":19,"author":{"gitId":"hussain1998"},"content":"    public PersonBuilder withName(String name) {"},{"lineNumber":20,"author":{"gitId":"hussain1998"},"content":"        this.name \u003d new Name(name);"},{"lineNumber":21,"author":{"gitId":"hussain1998"},"content":"        return this;"},{"lineNumber":22,"author":{"gitId":"hussain1998"},"content":"    }"},{"lineNumber":23,"author":{"gitId":"hussain1998"},"content":""},{"lineNumber":24,"author":{"gitId":"hussain1998"},"content":"    public PersonBuilder withPhone(String phone) {"},{"lineNumber":25,"author":{"gitId":"hussain1998"},"content":"        if (phone \u003d\u003d null) {"},{"lineNumber":26,"author":{"gitId":"hussain1998"},"content":"            this.phone \u003d new Phone();"},{"lineNumber":27,"author":{"gitId":"hussain1998"},"content":"        } else {"},{"lineNumber":28,"author":{"gitId":"hussain1998"},"content":"            this.phone \u003d new Phone(phone);"},{"lineNumber":29,"author":{"gitId":"hussain1998"},"content":"        }"},{"lineNumber":30,"author":{"gitId":"hussain1998"},"content":"        return this;"},{"lineNumber":31,"author":{"gitId":"hussain1998"},"content":"    }"},{"lineNumber":32,"author":{"gitId":"hussain1998"},"content":""},{"lineNumber":33,"author":{"gitId":"hussain1998"},"content":"    public PersonBuilder withCheckedInStatus(boolean isCheckedIn) {"},{"lineNumber":34,"author":{"gitId":"hussain1998"},"content":"        this.isCheckedIn \u003d isCheckedIn;"},{"lineNumber":35,"author":{"gitId":"hussain1998"},"content":"        return this;"},{"lineNumber":36,"author":{"gitId":"hussain1998"},"content":"    }"},{"lineNumber":37,"author":{"gitId":"hussain1998"},"content":""},{"lineNumber":38,"author":{"gitId":"hussain1998"},"content":"    public Person build() {"},{"lineNumber":39,"author":{"gitId":"hussain1998"},"content":"        Person person \u003d new Person(id,name,phone);"},{"lineNumber":40,"author":{"gitId":"hussain1998"},"content":"        person.setCheckedIn(isCheckedIn);"},{"lineNumber":41,"author":{"gitId":"hussain1998"},"content":"        return person;"},{"lineNumber":42,"author":{"gitId":"hussain1998"},"content":"    }"},{"lineNumber":43,"author":{"gitId":"hussain1998"},"content":"}"}],"authorContributionMap":{"hussain1998":43}},{"path":"src/test/java/seedu/duke/testutil/SamplePersons.java","fileType":"test-code","lines":[{"lineNumber":1,"author":{"gitId":"hussain1998"},"content":"package seedu.duke.testutil;"},{"lineNumber":2,"author":{"gitId":"hussain1998"},"content":""},{"lineNumber":3,"author":{"gitId":"hussain1998"},"content":"import seedu.duke.person.Person;"},{"lineNumber":4,"author":{"gitId":"hussain1998"},"content":""},{"lineNumber":5,"author":{"gitId":"hussain1998"},"content":"public class SamplePersons {"},{"lineNumber":6,"author":{"gitId":"sarzorwyn"},"content":"    public static final Person ALICE \u003d new PersonBuilder().withId(\"665B\")"},{"lineNumber":7,"author":{"gitId":"sarzorwyn"},"content":"            .withName(\"Alice\").withPhone(\"86862540\")"},{"lineNumber":8,"author":{"gitId":"sarzorwyn"},"content":"            .withCheckedInStatus(true).build();"},{"lineNumber":9,"author":{"gitId":"sarzorwyn"},"content":"    public static final Person BOB \u003d new PersonBuilder().withId(\"126C\")"},{"lineNumber":10,"author":{"gitId":"sarzorwyn"},"content":"            .withName(\"Bob\").withPhone(\"90904040\")"},{"lineNumber":11,"author":{"gitId":"sarzorwyn"},"content":"            .withCheckedInStatus(true).build();"},{"lineNumber":12,"author":{"gitId":"hussain1998"},"content":"    public static final Person JOHN \u003d new PersonBuilder().withId(\"123A\")"},{"lineNumber":13,"author":{"gitId":"hussain1998"},"content":"            .withName(\"John\").withPhone(\"12345678\")"},{"lineNumber":14,"author":{"gitId":"hussain1998"},"content":"            .withCheckedInStatus(true).build();"},{"lineNumber":15,"author":{"gitId":"hussain1998"},"content":"    public static final Person JOHN_NO_PHONE \u003d new PersonBuilder().withId(\"123A\")"},{"lineNumber":16,"author":{"gitId":"hussain1998"},"content":"            .withName(\"John\").withPhone(null)"},{"lineNumber":17,"author":{"gitId":"hussain1998"},"content":"            .withCheckedInStatus(true).build();"},{"lineNumber":18,"author":{"gitId":"hussain1998"},"content":"    public static final Person JOHN_DIFF_ID \u003d new PersonBuilder().withId(\"456B\")"},{"lineNumber":19,"author":{"gitId":"hussain1998"},"content":"            .withName(\"John\").withPhone(\"12345678\")"},{"lineNumber":20,"author":{"gitId":"hussain1998"},"content":"            .withCheckedInStatus(true).build();"},{"lineNumber":21,"author":{"gitId":"sarzorwyn"},"content":"    public static final Person MARY \u003d new PersonBuilder().withId(\"230C\")"},{"lineNumber":22,"author":{"gitId":"sarzorwyn"},"content":"            .withName(\"Mary\").withPhone(\"9500150\")"},{"lineNumber":23,"author":{"gitId":"sarzorwyn"},"content":"            .withCheckedInStatus(true).build();"},{"lineNumber":24,"author":{"gitId":"hussain1998"},"content":"}"}],"authorContributionMap":{"sarzorwyn":9,"hussain1998":15}},{"path":"src/test/java/seedu/duke/ui/UiTest.java","fileType":"test-code","lines":[{"lineNumber":1,"author":{"gitId":"limwenfeng"},"content":"package seedu.duke.ui;"},{"lineNumber":2,"author":{"gitId":"limwenfeng"},"content":""},{"lineNumber":3,"author":{"gitId":"limwenfeng"},"content":"import org.junit.jupiter.api.Test;"},{"lineNumber":4,"author":{"gitId":"limwenfeng"},"content":""},{"lineNumber":5,"author":{"gitId":"limwenfeng"},"content":"import static org.junit.jupiter.api.Assertions.assertFalse;"},{"lineNumber":6,"author":{"gitId":"limwenfeng"},"content":"import static org.junit.jupiter.api.Assertions.assertTrue;"},{"lineNumber":7,"author":{"gitId":"limwenfeng"},"content":""},{"lineNumber":8,"author":{"gitId":"limwenfeng"},"content":"public class UiTest {"},{"lineNumber":9,"author":{"gitId":"limwenfeng"},"content":""},{"lineNumber":10,"author":{"gitId":"limwenfeng"},"content":"    private TextUi ui;"},{"lineNumber":11,"author":{"gitId":"limwenfeng"},"content":""},{"lineNumber":12,"author":{"gitId":"limwenfeng"},"content":"    @Test"},{"lineNumber":13,"author":{"gitId":"limwenfeng"},"content":"    public void testEchoEqual() {"},{"lineNumber":14,"author":{"gitId":"limwenfeng"},"content":"        this.ui \u003d new TextUi();"},{"lineNumber":15,"author":{"gitId":"limwenfeng"},"content":"        String input \u003d \"checkin n/John i/123a\";"},{"lineNumber":16,"author":{"gitId":"limwenfeng"},"content":"        assertTrue(input.equals(ui.echoInput(input)));"},{"lineNumber":17,"author":{"gitId":"limwenfeng"},"content":"    }"},{"lineNumber":18,"author":{"gitId":"limwenfeng"},"content":"}"}],"authorContributionMap":{"limwenfeng":18}}]
