{"authorDailyContributionsMap":{"JonathanKhooTY":[{"date":"2021-03-07","commitResults":[{"hash":"580a27d72bc78cc73cfdf32da85990b1e5433641","messageTitle":"Update code with parser class and aboutus edit","messageBody":"","fileTypesAndContributionMap":{"functional-code":{"insertions":2,"deletions":0},"docs":{"insertions":1,"deletions":1}}},{"hash":"28a03e2fa0aaad2f12c00ccaeaf0c75cfd08ab5c","messageTitle":"Update with parser class","messageBody":"","fileTypesAndContributionMap":{"functional-code":{"insertions":72,"deletions":1}}}]},{"date":"2021-03-10","commitResults":[{"hash":"3335818619215e427bfb7870aefad240e9dfc570","messageTitle":"Update with parserJUnit test","messageBody":"","fileTypesAndContributionMap":{"functional-code":{"insertions":11,"deletions":11},"other":{"insertions":3,"deletions":3},"test-code":{"insertions":42,"deletions":23}}}]},{"date":"2021-03-13","commitResults":[{"hash":"382faccff17f4f82b852290efaccba5e4b9d6873","messageTitle":"Update checkin and checkout functions and added some exceptions","messageBody":"","fileTypesAndContributionMap":{"functional-code":{"insertions":126,"deletions":40},"test-code":{"insertions":1,"deletions":1}}},{"hash":"061fab9797c55f7b5e0a4e48bdd77b1150fbd9db","messageTitle":"Edited checkout function and fixed CI error","messageBody":"","fileTypesAndContributionMap":{"functional-code":{"insertions":11,"deletions":9}}},{"hash":"672c817a63d147e21e8e004c67fa2e068c750880","messageTitle":"Fix parsertest CI error","messageBody":"","fileTypesAndContributionMap":{"functional-code":{"insertions":1,"deletions":1}}}]},{"date":"2021-03-17","commitResults":[{"hash":"502c97836f5f112d0a61df2dced23ed1375bc4cd","messageTitle":"Update with assertion","messageBody":"","fileTypesAndContributionMap":{"functional-code":{"insertions":1,"deletions":9}}},{"hash":"d0a5eeef2999c28ae6781f965b832a69ab8d0ec6","messageTitle":"Updated parser assertion","messageBody":"","fileTypesAndContributionMap":{"functional-code":{"insertions":3,"deletions":2}}}]},{"date":"2021-03-19","commitResults":[{"hash":"ea21eada52907cef5b288d60833e39a25abf6bc0","messageTitle":"Modified list functionality to include list and listall","messageBody":"","fileTypesAndContributionMap":{"functional-code":{"insertions":67,"deletions":30}}},{"hash":"47199630063061e51bb46f36e7093073df376a6f","messageTitle":"Update 2.0","messageBody":"","fileTypesAndContributionMap":{"functional-code":{"insertions":17,"deletions":12}}}]},{"date":"2021-03-22","commitResults":[{"hash":"f00cec756a11e3e6d9741db07a447911e15fd756","messageTitle":"Update checkin to receive optional phone number","messageBody":"","fileTypesAndContributionMap":{"functional-code":{"insertions":30,"deletions":6}}},{"hash":"1e080bb7c40aa881c46bcdc63fa8eef982aa145d","messageTitle":"Updated checkout to receive optional n/ tags and updated junit testing","messageBody":"","fileTypesAndContributionMap":{"functional-code":{"insertions":31,"deletions":19},"test-code":{"insertions":52,"deletions":3}}},{"hash":"45f4e9b8fe3ab6473355f444727cf6c0cd2f958a","messageTitle":"Updated more junit testing for parser","messageBody":"","fileTypesAndContributionMap":{"test-code":{"insertions":11,"deletions":1}}}]},{"date":"2021-03-23","commitResults":[{"hash":"e1e9e3d8d11fe7044afbe48031f083362a56db8b","messageTitle":"Update DG","messageBody":"","fileTypesAndContributionMap":{"docs":{"insertions":13,"deletions":4}}}]},{"date":"2021-03-24","commitResults":[{"hash":"5af2d9110ba7f8f392e1cee1d1843655611827b9","messageTitle":"Update parser test coverage","messageBody":"","fileTypesAndContributionMap":{"functional-code":{"insertions":1,"deletions":1},"test-code":{"insertions":64,"deletions":0}}},{"hash":"56fd2b5ec667b6ed47199695e376ccdaff404d8d","messageTitle":"Update test coverage","messageBody":"","fileTypesAndContributionMap":{"test-code":{"insertions":13,"deletions":3}}},{"hash":"712c21d184236e58f316e23d5d067c153c2bf68f","messageTitle":"Fixed code style error","messageBody":"","fileTypesAndContributionMap":{"test-code":{"insertions":11,"deletions":18}}}]},{"date":"2021-03-25","commitResults":[{"hash":"7d5b36bbb198a6822c0c6b3f8743f1c41873cc33","messageTitle":"Removed static methods","messageBody":"","fileTypesAndContributionMap":{"functional-code":{"insertions":12,"deletions":12},"test-code":{"insertions":19,"deletions":20}}}]},{"date":"2021-03-26","commitResults":[{"hash":"b568679ba0d2883843204984080bfca924491450","messageTitle":"Update UG","messageBody":"","fileTypesAndContributionMap":{"docs":{"insertions":121,"deletions":9}}}]},{"date":"2021-03-27","commitResults":[{"hash":"ed7d096f4179c79f614561207b62d5914d15688c","messageTitle":"Update parseCheckin exception handling","messageBody":"","fileTypesAndContributionMap":{"test-code":{"insertions":1,"deletions":1}}},{"hash":"22d31b6b17446b326ed8c7445b4323b042a35205","messageTitle":"Update checkin function with valid ID, name and phone checkers","messageBody":"","fileTypesAndContributionMap":{"functional-code":{"insertions":87,"deletions":15},"test-code":{"insertions":17,"deletions":7}}},{"hash":"6a9419f8c5a555ee81ebd0fae693bb4027671047","messageTitle":"Revert \"Update checkin function with valid ID, name and phone checkers\"","messageBody":"","fileTypesAndContributionMap":{"functional-code":{"insertions":15,"deletions":96},"test-code":{"insertions":7,"deletions":38}}},{"hash":"d7ae995d89e75dac86ad28ef19b09e03f3f34f39","messageTitle":"Revert \"Revert \"Update checkin function with valid ID, name and phone checkers\"\"","messageBody":"","fileTypesAndContributionMap":{"functional-code":{"insertions":96,"deletions":15},"test-code":{"insertions":38,"deletions":7}}},{"hash":"db05b9eaed723b37968517f88ed1bf592f584dd4","messageTitle":"Fix checkstyle errors","messageBody":"","fileTypesAndContributionMap":{"functional-code":{"insertions":2,"deletions":2}}},{"hash":"9a3e3183b24f263a4f783024655851cdc1721b23","messageTitle":"Add editmax parser, and help parser","messageBody":"","fileTypesAndContributionMap":{"functional-code":{"insertions":40,"deletions":9}}},{"hash":"5f56a945ad9cf1ecf0b26a68a1b21ef9ac51e605","messageTitle":"Fix exception handling errors in test classes","messageBody":"","fileTypesAndContributionMap":{"test-code":{"insertions":8,"deletions":7}}},{"hash":"bb7d8afe2bea9983ae01023b4ebe296f39b67fc9","messageTitle":"Update UG","messageBody":"","fileTypesAndContributionMap":{"docs":{"insertions":26,"deletions":1}}},{"hash":"6636b0a51e19b7fe16349be4b975860b99908271","messageTitle":"Update checkin functionality to check for existing log","messageBody":"","fileTypesAndContributionMap":{"functional-code":{"insertions":17,"deletions":9}}},{"hash":"9d99eb2008cc3d7e1ba4fa9e77741043e5eb9398","messageTitle":"Update parser test errors","messageBody":"","fileTypesAndContributionMap":{"test-code":{"insertions":6,"deletions":6}}},{"hash":"2635ccc860f9230fd88cbef13e656be5fba9acf4","messageTitle":"Update UG","messageBody":"","fileTypesAndContributionMap":{"docs":{"insertions":4,"deletions":1}}},{"hash":"73dbd59d2579c9a8c351930f7734f8ce84524bd2","messageTitle":"Debug checkin parsing","messageBody":"","fileTypesAndContributionMap":{"functional-code":{"insertions":1,"deletions":1}}}]},{"date":"2021-03-28","commitResults":[{"hash":"89dc622a9cf47d40b22992d5c30b1e6d57b46348","messageTitle":"Update parser testing","messageBody":"","fileTypesAndContributionMap":{"functional-code":{"insertions":3,"deletions":2},"test-code":{"insertions":45,"deletions":2}}},{"hash":"2679c631cd7be530f29acaf6571ab3d638bedbb4","messageTitle":"Update parser testing","messageBody":"","fileTypesAndContributionMap":{"test-code":{"insertions":4,"deletions":4}}},{"hash":"d8957025b014bd7ca2c5f581f11524a6e29bd5d9","messageTitle":"Refactor parser and cleared TXT files","messageBody":"","fileTypesAndContributionMap":{"functional-code":{"insertions":217,"deletions":138},"test-code":{"insertions":1,"deletions":1}}},{"hash":"0793d4ac834b30a10ad8e73a1865d6c74ec79dc1","messageTitle":"Update parser test","messageBody":"","fileTypesAndContributionMap":{"test-code":{"insertions":4,"deletions":4}}},{"hash":"479503b8bf5fb1797096ba6c0beccf34f1961aed","messageTitle":"Fixed checkout bug","messageBody":"","fileTypesAndContributionMap":{"functional-code":{"insertions":13,"deletions":1}}},{"hash":"2736a8b8016bc5c3af0bcdd85207377237832667","messageTitle":"Modified checkout and refactored parser tests","messageBody":"","fileTypesAndContributionMap":{"functional-code":{"insertions":7,"deletions":14},"test-code":{"insertions":390,"deletions":148}}}]},{"date":"2021-04-01","commitResults":[{"hash":"e3c6e61f7509092c3498233190e0f24444ba5e69","messageTitle":"Update parser javadocs","messageBody":"","fileTypesAndContributionMap":{"functional-code":{"insertions":97,"deletions":4}}}]},{"date":"2021-04-03","commitResults":[{"hash":"d575cdb1fb2b56e2cf1872276c37320ba99f5d18","messageTitle":"Update DG","messageBody":"","fileTypesAndContributionMap":{"docs":{"insertions":27,"deletions":0}}}]},{"date":"2021-04-04","commitResults":[{"hash":"19a91205e873698f30fd3ea65afb825d5214a76b","messageTitle":"Update find bug","messageBody":"","fileTypesAndContributionMap":{"functional-code":{"insertions":8,"deletions":1}}}]},{"date":"2021-04-05","commitResults":[{"hash":"b60e372639491e515e163c24c65bfc329d2c723e","messageTitle":"Fixed some error display messages","messageBody":"","fileTypesAndContributionMap":{"functional-code":{"insertions":2,"deletions":2}}},{"hash":"192b3c98fe3d915b5f12bea92b99ee490387d456","messageTitle":"Update UG command summary","messageBody":"","fileTypesAndContributionMap":{"docs":{"insertions":15,"deletions":14}}},{"hash":"6d19a2a50b04faf5cebe3ff3443ba3c42a808fbe","messageTitle":"Update ID uppercase issue","messageBody":"","fileTypesAndContributionMap":{"functional-code":{"insertions":3,"deletions":1}}},{"hash":"fb8278cb160eb73fc6764b678676b8ef33eec300","messageTitle":"Update checkin flag issues","messageBody":"","fileTypesAndContributionMap":{"functional-code":{"insertions":18,"deletions":5}}},{"hash":"01dfb771719320e97f6b9b735bccd64e0887a6f4","messageTitle":"Update parser tests","messageBody":"","fileTypesAndContributionMap":{"functional-code":{"insertions":2,"deletions":5},"test-code":{"insertions":17,"deletions":7}}},{"hash":"b79ff3562caaeb28fa4c72d283bda4fb578117bf","messageTitle":"Update checkin test","messageBody":"","fileTypesAndContributionMap":{"test-code":{"insertions":1,"deletions":1}}},{"hash":"58d4e8795748824250d3708bc16b7eb3dec3c7c6","messageTitle":"Fix checkin test","messageBody":"","fileTypesAndContributionMap":{"test-code":{"insertions":1,"deletions":1}}},{"hash":"1840a62255589fd3ce4d5af3c1b76147cb170dd2","messageTitle":"update checkin test","messageBody":"","fileTypesAndContributionMap":{"functional-code":{"insertions":2,"deletions":2},"test-code":{"insertions":1,"deletions":1}}},{"hash":"c267db11af3b35fdd502b4c2475a67cfe0756a39","messageTitle":"Fixed Issue #210","messageBody":"","fileTypesAndContributionMap":{"functional-code":{"insertions":9,"deletions":0}}},{"hash":"849237d9729918dc716acc6c9e5e2551bf8f4370","messageTitle":"Reverted #210","messageBody":"","fileTypesAndContributionMap":{"functional-code":{"insertions":1,"deletions":4}}}]},{"date":"2021-04-07","commitResults":[{"hash":"47a2d1e70afbb56fab96d59e0c68fced44c95b04","messageTitle":"Updated","messageBody":"","fileTypesAndContributionMap":{"functional-code":{"insertions":1,"deletions":1}}},{"hash":"9a5f0e734b1b97e8b4c9381ce2ce7732c213cbb7","messageTitle":"Update project portfolio","messageBody":"","fileTypesAndContributionMap":{"docs":{"insertions":12,"deletions":6}}}]},{"date":"2021-04-08","commitResults":[{"hash":"8cb089d0ed00f0155ec383dd42741d4cfc604c09","messageTitle":"Update non functional requirements and glossary","messageBody":"","fileTypesAndContributionMap":{"docs":{"insertions":212,"deletions":6}}}]},{"date":"2021-04-10","commitResults":[{"hash":"cd2ed8c50ce081943a624d328983a5433aec8889","messageTitle":"Update DG architecture diagram colour scheme","messageBody":"","fileTypesAndContributionMap":{"docs":{"insertions":1,"deletions":1}}},{"hash":"b8b37d41674820bc49336f5ad857487b79f51d2c","messageTitle":"Update PPP","messageBody":"","fileTypesAndContributionMap":{"docs":{"insertions":127,"deletions":1}}},{"hash":"ab56d86642cc7c4a61305a908cd093151d9682fb","messageTitle":"Update PPP","messageBody":"","fileTypesAndContributionMap":{"docs":{"insertions":10,"deletions":2}}}]},{"date":"2021-04-11","commitResults":[{"hash":"b61fe75b8ad1b0a977ba3a4437bc680fbdbbe47c","messageTitle":"Update ppp","messageBody":"","fileTypesAndContributionMap":{"docs":{"insertions":11,"deletions":12}}},{"hash":"314a240996925aa52763312ec97789fdeab7cba2","messageTitle":"Update ppp","messageBody":"","fileTypesAndContributionMap":{"docs":{"insertions":1,"deletions":6}}},{"hash":"3d0b8bed50adb0ce4e0c473dd7d4341935cef355","messageTitle":"Update AboutUs team photos","messageBody":"","fileTypesAndContributionMap":{"docs":{"insertions":5,"deletions":5}}}]},{"date":"2021-04-12","commitResults":[{"hash":"c41619d9c2635afbe937df3cf03a06114e37a581","messageTitle":"Update DG with testing","messageBody":"","fileTypesAndContributionMap":{"docs":{"insertions":6,"deletions":0}}},{"hash":"1b7513e0c7f7212a969b22bc353e53be29b7706b","messageTitle":"Update ppp","messageBody":"","fileTypesAndContributionMap":{"docs":{"insertions":2,"deletions":34}}},{"hash":"f81dd3b32ff34b87aceab24149a6ab67e6fa0e53","messageTitle":"Update ppp","messageBody":"","fileTypesAndContributionMap":{"docs":{"insertions":1,"deletions":1}}}]}],"iamakilahamed":[{"date":"2021-03-06","commitResults":[{"hash":"b79abb348792a9d87f9724cbbe1221ec888ac01f","messageTitle":"Change runtest.sh permission","messageBody":"Also add the github link to Akil\u0027s profile\n","fileTypesAndContributionMap":{"docs":{"insertions":1,"deletions":1}}}]},{"date":"2021-03-07","commitResults":[{"hash":"bcd13f751bc07e5b870096137dbf45c3926abfb4","messageTitle":"Create Command, CheckinCommand, FindCommand class","messageBody":"Incomplete. Commiting and pushing just to create a pull request.\n","fileTypesAndContributionMap":{"functional-code":{"insertions":91,"deletions":0}}}]},{"date":"2021-03-08","commitResults":[{"hash":"87719c35e2c29b98c89812b2299a62710e955c70","messageTitle":"Add more command classes","messageBody":"Incomplete\n","fileTypesAndContributionMap":{"functional-code":{"insertions":101,"deletions":35}}},{"hash":"1887e695e06d679837f2dcd9a84a24a3df84c1bc","messageTitle":"Updated the classes","messageBody":"","fileTypesAndContributionMap":{"functional-code":{"insertions":32,"deletions":3}}}]},{"date":"2021-03-09","commitResults":[{"hash":"6623ddb3a7ad69491f9a3491b63c381ddfd10061","messageTitle":"Test runtest.sh permission","messageBody":"","fileTypesAndContributionMap":{"functional-code":{"insertions":1,"deletions":1}}},{"hash":"aad84bf5981fb9f08f74c7e5665da9ab19e34862","messageTitle":"Update runtest.sh permission","messageBody":"","fileTypesAndContributionMap":{"other":{"insertions":0,"deletions":0}}},{"hash":"76f7ec52045d996ff01f02adcc5cef341efc3948","messageTitle":"Add JUnit tests for CheckinCommand and CheckoutCommand","messageBody":"","fileTypesAndContributionMap":{"test-code":{"insertions":40,"deletions":0}}},{"hash":"0f2d27f178efbce84b7e3b1d3985bcce231ba7c6","messageTitle":"Some minor edits","messageBody":"","fileTypesAndContributionMap":{"functional-code":{"insertions":37,"deletions":19}}}]},{"date":"2021-03-11","commitResults":[{"hash":"6c32020f142c12bc83204c0334ac5b26786b2c41","messageTitle":"Fix checkstyle problems","messageBody":"","fileTypesAndContributionMap":{"functional-code":{"insertions":30,"deletions":29}}},{"hash":"ddb2df12013107748d1eeab76992778deddd99ba","messageTitle":"Fix CheckinCommandTest and CheckoutCommandTest","messageBody":"","fileTypesAndContributionMap":{"functional-code":{"insertions":4,"deletions":2},"test-code":{"insertions":18,"deletions":7}}}]},{"date":"2021-03-14","commitResults":[{"hash":"d4fc1ba6e4b97041b0a04bbca9dfcdbf7eeaca88","messageTitle":"Add assertion in CheckoutCommand class","messageBody":"Not working\n","fileTypesAndContributionMap":{"functional-code":{"insertions":7,"deletions":5}}}]},{"date":"2021-03-15","commitResults":[{"hash":"426d6ff94ebeaa1c0de645cae2189f8d0bf7e080","messageTitle":"Add assertion to make sure the name matches the id","messageBody":"","fileTypesAndContributionMap":{"functional-code":{"insertions":3,"deletions":5}}},{"hash":"522c1765f33ba37b3368aac68d3ea9b0a85a2a5e","messageTitle":"Throw PersonNotFoundException from FindCommand class to main","messageBody":"","fileTypesAndContributionMap":{"functional-code":{"insertions":3,"deletions":1}}}]},{"date":"2021-03-16","commitResults":[{"hash":"6d10f104ee8f23d3194c9fa5f5be45253af7d28f","messageTitle":"Added logging in CheckoutCommand class","messageBody":"","fileTypesAndContributionMap":{"functional-code":{"insertions":9,"deletions":1}}}]},{"date":"2021-03-20","commitResults":[{"hash":"0036a9a5dcedcdba6eaca107563bcfa67d2782ce","messageTitle":"Create Location class","messageBody":"","fileTypesAndContributionMap":{"functional-code":{"insertions":25,"deletions":0}}},{"hash":"a86e9f9c95c9ec1ad7f51fc371e11516470b2e89","messageTitle":"Allow CheckoutCommand to take either id only or name and id","messageBody":"","fileTypesAndContributionMap":{"functional-code":{"insertions":15,"deletions":10}}}]},{"date":"2021-03-21","commitResults":[{"hash":"477c741800de9a52a0bdf5bb8d1ac7e244ae9b34","messageTitle":"Create a sample trackinglist for JUnit testing","messageBody":"","fileTypesAndContributionMap":{"test-code":{"insertions":9,"deletions":0}}},{"hash":"5cc6217bec6598965aceac39762ad949b858b40a","messageTitle":"Complete JUnit testing for CheckinCommand","messageBody":"","fileTypesAndContributionMap":{"test-code":{"insertions":6,"deletions":0}}},{"hash":"70d94305df72844d35296235b13eb4a31d3010a8","messageTitle":"Change PersonNotFoundException","messageBody":"","fileTypesAndContributionMap":{"functional-code":{"insertions":13,"deletions":4}}},{"hash":"d1cfbc93ad2c6d0a398ce05ac2dd3a0b081dddd6","messageTitle":"Update CheckinCommand test","messageBody":"","fileTypesAndContributionMap":{"test-code":{"insertions":18,"deletions":17}}},{"hash":"f09a2359264e65764471ad6cf20e968f401cdaf5","messageTitle":"Complete CheckoutCommandTest","messageBody":"","fileTypesAndContributionMap":{"functional-code":{"insertions":2,"deletions":5},"test-code":{"insertions":21,"deletions":7}}},{"hash":"12792972db5f08e8d1e3a7a4aaff20e7654ceda8","messageTitle":"Update Parser to take in ClearCommand","messageBody":"","fileTypesAndContributionMap":{"functional-code":{"insertions":11,"deletions":16}}},{"hash":"27e53b6126a9e37303bd1577188e57ea65a7c269","messageTitle":"Complete ClearCommand tests","messageBody":"","fileTypesAndContributionMap":{"functional-code":{"insertions":3,"deletions":1},"test-code":{"insertions":18,"deletions":0}}},{"hash":"e0d7fbded49c1a451f115b28fa1678537eb46737","messageTitle":"Small edit","messageBody":"","fileTypesAndContributionMap":{"test-code":{"insertions":1,"deletions":0}}},{"hash":"8c0feaf12010cd6924b3d8a7547ef77cdc0187e2","messageTitle":"Small edit","messageBody":"","fileTypesAndContributionMap":{"functional-code":{"insertions":1,"deletions":3}}},{"hash":"2754a813e63aef2191b7d753243684f3fa23acc2","messageTitle":"Delete DeleteCommand","messageBody":"","fileTypesAndContributionMap":{"functional-code":{"insertions":0,"deletions":20}}},{"hash":"8c984916894e5857fb80d953fa274aa927a5c220","messageTitle":"Fix compiling issues","messageBody":"","fileTypesAndContributionMap":{"functional-code":{"insertions":0,"deletions":1}}},{"hash":"c128c0b7c47f8970413192a8116e47f43f73fb0f","messageTitle":"Modify InvalidCommandException","messageBody":"","fileTypesAndContributionMap":{"functional-code":{"insertions":10,"deletions":3}}},{"hash":"67068b950a07b66676e706278026246a3d365523","messageTitle":"Modify NoArgumentPassedException","messageBody":"","fileTypesAndContributionMap":{"functional-code":{"insertions":11,"deletions":5}}},{"hash":"be5ba60d8417965d48886747bf658cdc826a2b1c","messageTitle":"Modify WrongFlagException","messageBody":"","fileTypesAndContributionMap":{"functional-code":{"insertions":10,"deletions":4}}},{"hash":"43cbd6391c43099144c48f058c4e9ce77caae2f8","messageTitle":"Small update to CheckoutCommand test","messageBody":"","fileTypesAndContributionMap":{"test-code":{"insertions":4,"deletions":1}}},{"hash":"bcbea2b8865ea2e326f5b6e774982ce0ecce8cfe","messageTitle":"Use a private TrackingList for ClearCommandTest instead of using the sample tracking list","messageBody":"","fileTypesAndContributionMap":{"test-code":{"insertions":8,"deletions":4}}},{"hash":"a92db6feb81760095f94319d750712e148b6ec45","messageTitle":"Complete FindCommand test","messageBody":"","fileTypesAndContributionMap":{"test-code":{"insertions":28,"deletions":1}}},{"hash":"59a9d2706efad80a144fa968748f7cdee6f51a31","messageTitle":"Shift StorageOperationException to exception package and modify the affected parts of the code","messageBody":"","fileTypesAndContributionMap":{"functional-code":{"insertions":19,"deletions":15}}},{"hash":"db3248dda8a314c98625618106a687e1ffac2ee9","messageTitle":"Shift the filtering of checkedin people logic into ListCheckedInCommand","messageBody":"","fileTypesAndContributionMap":{"functional-code":{"insertions":9,"deletions":4}}}]},{"date":"2021-03-22","commitResults":[{"hash":"dc0d1083fb4b190a3ced12c8f653da1cf7cfb4d3","messageTitle":"Added a different person to test checkin","messageBody":"","fileTypesAndContributionMap":{"test-code":{"insertions":6,"deletions":3}}},{"hash":"d413aa61c2df445c2b9fe9f4abd2458ac0aecb3d","messageTitle":"Complete ListCheckedInCommandTest","messageBody":"","fileTypesAndContributionMap":{"functional-code":{"insertions":1,"deletions":1},"test-code":{"insertions":20,"deletions":0}}},{"hash":"4e3b3b6187303cf580a45bcef3fff6effcb7eada","messageTitle":"Complete ListCommandTest","messageBody":"","fileTypesAndContributionMap":{"functional-code":{"insertions":0,"deletions":1},"test-code":{"insertions":19,"deletions":0}}},{"hash":"5d3a9490ae53e63627046d55cbc5470603d0d497","messageTitle":"Complete ExitCommandTest","messageBody":"","fileTypesAndContributionMap":{"test-code":{"insertions":18,"deletions":0}}},{"hash":"551874e00c6990c5860ee9fa23bdd036ed3bc00a","messageTitle":"Modify the logic such that the expected outputs are not hardcoded","messageBody":"","fileTypesAndContributionMap":{"test-code":{"insertions":8,"deletions":2}}},{"hash":"3269c35db8fbb299cc189bf0e0d65b8b01a31920","messageTitle":"Update FindCommand to return the checked-in status","messageBody":"","fileTypesAndContributionMap":{"functional-code":{"insertions":8,"deletions":2},"test-code":{"insertions":12,"deletions":4}}},{"hash":"9caa0f02eaf6f8af7d02eab3f35199df28cf3bb9","messageTitle":"Complete LocationTest","messageBody":"","fileTypesAndContributionMap":{"functional-code":{"insertions":5,"deletions":0},"test-code":{"insertions":83,"deletions":0}}},{"hash":"d5f3a1ff5f3901cce131dea5dd9631d2cfffc638","messageTitle":"Add Logic Component to the developer guide","messageBody":"","fileTypesAndContributionMap":{"docs":{"insertions":8,"deletions":0}}}]},{"date":"2021-03-23","commitResults":[{"hash":"3573761a1cfd127146cb9ea9956feecc37bbac34","messageTitle":"Modify FindCommand to return the Person object","messageBody":"","fileTypesAndContributionMap":{"functional-code":{"insertions":5,"deletions":9}}},{"hash":"e7e25fffb81a5e865268fa1e9195dc5c49f199bb","messageTitle":"Add EditMax Command","messageBody":"","fileTypesAndContributionMap":{"functional-code":{"insertions":25,"deletions":1}}},{"hash":"af1d2b1b81c42178b23fe175b5953799820384f6","messageTitle":"Create Location object that takes in 2 CLI arguments","messageBody":"","fileTypesAndContributionMap":{"functional-code":{"insertions":6,"deletions":0}}},{"hash":"7e016330001fbe2e663b04aad614cdcdf01da6e5","messageTitle":"Modify runtest.bat and runtest.sh to take in args","messageBody":"","fileTypesAndContributionMap":{"other":{"insertions":2,"deletions":2}}},{"hash":"996f04c2e819043189947e1d2ae263c98de470f8","messageTitle":"Complete EditMaxCommandTest","messageBody":"","fileTypesAndContributionMap":{"functional-code":{"insertions":5,"deletions":3},"test-code":{"insertions":24,"deletions":0}}},{"hash":"98a26bfe804bbef6d02fe5f4dd2aaca5481ea2cd","messageTitle":"Modify the EditMaxCommand constructor to take in new maximum capacity as a String","messageBody":"","fileTypesAndContributionMap":{"functional-code":{"insertions":2,"deletions":2},"test-code":{"insertions":1,"deletions":1}}}]},{"date":"2021-03-24","commitResults":[{"hash":"faebc16758858bacd72192615d2a39c29c0898a5","messageTitle":"Use Simpleton Design format to get an instance of Duke to be used for editMaxCommand","messageBody":"","fileTypesAndContributionMap":{"functional-code":{"insertions":21,"deletions":7}}},{"hash":"3ad3f28ec1b5fa66261563b314526d66ba93770e","messageTitle":"Fix test error","messageBody":"","fileTypesAndContributionMap":{"test-code":{"insertions":5,"deletions":1}}}]},{"date":"2021-03-25","commitResults":[{"hash":"b240949bc7613ad8883d3d562ad1314893ff4b54","messageTitle":"Update Introduction, Table of Contents and Quick start of UG","messageBody":"","fileTypesAndContributionMap":{"docs":{"insertions":39,"deletions":6}}}]},{"date":"2021-03-26","commitResults":[{"hash":"fec175cc04d0f0e4e27892b0aeac9a5baa30edf6","messageTitle":"Touch up UG","messageBody":"Edit the output message of edit max command\n","fileTypesAndContributionMap":{"functional-code":{"insertions":1,"deletions":1},"docs":{"insertions":125,"deletions":64}}},{"hash":"b0f05487e9601e9839f0d0d154b9246fb0c597f3","messageTitle":"Standardise example output in UG","messageBody":"","fileTypesAndContributionMap":{"docs":{"insertions":29,"deletions":30}}},{"hash":"598f722f06caca1aa45ede7b7b65a46a67f8f914","messageTitle":"Add extra note in UG","messageBody":"","fileTypesAndContributionMap":{"docs":{"insertions":3,"deletions":2}}},{"hash":"3134e664853638b71a81d10bd20e865eecd2a85d","messageTitle":"Create HelpCommand and HelpCommandTest","messageBody":"","fileTypesAndContributionMap":{"functional-code":{"insertions":40,"deletions":0},"test-code":{"insertions":18,"deletions":0}}},{"hash":"25dd539355455013c1e5cf7aaf8bdc2acaba1d17","messageTitle":"Change the name of the app","messageBody":"","fileTypesAndContributionMap":{"functional-code":{"insertions":1,"deletions":2},"test-code":{"insertions":2,"deletions":1}}}]},{"date":"2021-03-27","commitResults":[{"hash":"930a1b3c0df488b98d753400447c2da537bc7e26","messageTitle":"Add another constructor for checkin command for returning visitors","messageBody":"Also modified the parts that were affected because of this change\n","fileTypesAndContributionMap":{"functional-code":{"insertions":29,"deletions":25},"test-code":{"insertions":25,"deletions":11}}},{"hash":"dadd10e4a4ecd9dd473c214f2e1b8c6edcfc1448","messageTitle":"Remove Location parameter from the constructor","messageBody":"","fileTypesAndContributionMap":{"functional-code":{"insertions":3,"deletions":2}}},{"hash":"8e422ea42dbcdcfb801f72a0d5613f6309455335","messageTitle":"Remove EditMaxCommandTest due to difficulty in testing","messageBody":"","fileTypesAndContributionMap":{"test-code":{"insertions":0,"deletions":24}}},{"hash":"5d631d9c742009cd1fcc7c2e4eda283ef9f5e730","messageTitle":"Modify the logic for getting the location from the user","messageBody":"","fileTypesAndContributionMap":{"functional-code":{"insertions":46,"deletions":21},"test-code":{"insertions":41,"deletions":35}}},{"hash":"d1b7e26c70f81749c42c750ba5a93db6ec4d73a8","messageTitle":"Add logic to throw exception if max capacity is negative","messageBody":"","fileTypesAndContributionMap":{"functional-code":{"insertions":1,"deletions":1}}},{"hash":"d48edbaff67574131f60ecf81a6137a22e71a4d1","messageTitle":"Remove an extra lineSeperator()","messageBody":"","fileTypesAndContributionMap":{"functional-code":{"insertions":1,"deletions":1}}},{"hash":"f7023b01883942988daddcaa97a0fa1727a561d5","messageTitle":"Remove unwanted import","messageBody":"","fileTypesAndContributionMap":{"functional-code":{"insertions":0,"deletions":1}}},{"hash":"b2766ab6533a7eddce556e9eab7b181b9cea7e8d","messageTitle":"Modify logic for checkin and update the affected parts of code","messageBody":"","fileTypesAndContributionMap":{"functional-code":{"insertions":21,"deletions":23},"test-code":{"insertions":14,"deletions":12}}},{"hash":"855a5fc5782c2e70ede1bac97ea8dc2142d18c02","messageTitle":"Update UG","messageBody":"","fileTypesAndContributionMap":{"docs":{"insertions":12,"deletions":8}}},{"hash":"dd2189375b460d728ad9cab6e58e1080b183305f","messageTitle":"Update command summary in UG","messageBody":"","fileTypesAndContributionMap":{"docs":{"insertions":1,"deletions":0}}}]},{"date":"2021-03-28","commitResults":[{"hash":"fbafe4802820133936aa5018334e9a0e4f30724e","messageTitle":"Clean up checkin command class","messageBody":"","fileTypesAndContributionMap":{"functional-code":{"insertions":7,"deletions":11},"test-code":{"insertions":1,"deletions":4}}},{"hash":"90eb1bb1e9f6546bf78c46c3070d48e015256b33","messageTitle":"Update Checkin command to prevent checking in more than max capacity","messageBody":"","fileTypesAndContributionMap":{"functional-code":{"insertions":37,"deletions":8}}},{"hash":"03354218043b59e0ae674ede00c976b861d5744d","messageTitle":"Fix bug in checkin output","messageBody":"","fileTypesAndContributionMap":{"functional-code":{"insertions":13,"deletions":13}}},{"hash":"b16a15642977b267011ab52601a31a9e53efc773","messageTitle":"Modify checkout output to show current and maximum capacity","messageBody":"","fileTypesAndContributionMap":{"functional-code":{"insertions":12,"deletions":2}}},{"hash":"fbee0be634a89e10fca93bbe778ffe4f28909db1","messageTitle":"Temporarily disable checkin and checkout test","messageBody":"","fileTypesAndContributionMap":{"test-code":{"insertions":86,"deletions":93}}},{"hash":"574b405ece49298de5b51fce25803c900b262b67","messageTitle":"Modify list output to show number of people remaining to max capacity","messageBody":"","fileTypesAndContributionMap":{"functional-code":{"insertions":19,"deletions":0}}}]},{"date":"2021-03-29","commitResults":[{"hash":"f16159d2a428a3217ac447558799101a36591f74","messageTitle":"Add move storage help to help command","messageBody":"","fileTypesAndContributionMap":{"functional-code":{"insertions":7,"deletions":5}}},{"hash":"d8841d62d6c5b6888d0effca50f118de1108f78f","messageTitle":"Create restrictions for maximum capacity","messageBody":"","fileTypesAndContributionMap":{"functional-code":{"insertions":19,"deletions":9}}},{"hash":"51232b09f5c9078bffc184be2c7a9e101b9daf5a","messageTitle":"Update UG","messageBody":"","fileTypesAndContributionMap":{"docs":{"insertions":58,"deletions":30}}},{"hash":"638e68be7915132d670ec8e5629c5961b0b79488","messageTitle":"Fix bug","messageBody":"","fileTypesAndContributionMap":{"functional-code":{"insertions":0,"deletions":12},"test-code":{"insertions":33,"deletions":28}}},{"hash":"1bf2cbab52dbf4f1a5db01120c0dc1b4f739e6f2","messageTitle":"Update UG","messageBody":"","fileTypesAndContributionMap":{"docs":{"insertions":24,"deletions":59}}}]},{"date":"2021-03-30","commitResults":[{"hash":"5c530d3eeef1bf51247d7e0bb9bba55855e3d77f","messageTitle":"Update Logic Component","messageBody":"","fileTypesAndContributionMap":{"docs":{"insertions":20,"deletions":15}}},{"hash":"e6565fd9268d1b4b11a851d4cf64465ad746fd05","messageTitle":"Add Table of Contents","messageBody":"","fileTypesAndContributionMap":{"docs":{"insertions":28,"deletions":4}}},{"hash":"83a118af6203a7c0763897e6ad0ad1705674a812","messageTitle":"Add missing sections to the DG","messageBody":"","fileTypesAndContributionMap":{"docs":{"insertions":58,"deletions":35}}},{"hash":"e34b740597a7036e9fbddbdd3b2fdfd831a0f23c","messageTitle":"Modify the sequence diagram for logic component for clear command","messageBody":"","fileTypesAndContributionMap":{"docs":{"insertions":3,"deletions":3}}},{"hash":"351f72de25e0d15eec490233f554de73d467481b","messageTitle":"change image format","messageBody":"","fileTypesAndContributionMap":{"docs":{"insertions":1,"deletions":1}}},{"hash":"96b94fb0604bfb60f27bb65a2b900cd99b78a7c2","messageTitle":"small edit to DG","messageBody":"","fileTypesAndContributionMap":{"docs":{"insertions":1,"deletions":1}}}]},{"date":"2021-03-31","commitResults":[{"hash":"6b8bd2376daced7b6f4acfb7b38f5d1cfadb830d","messageTitle":"Update DG","messageBody":"","fileTypesAndContributionMap":{"docs":{"insertions":3,"deletions":0}}},{"hash":"57573bad62096a9e90d7ec3a4bdb5bd52875bff0","messageTitle":"Add java doc","messageBody":"","fileTypesAndContributionMap":{"functional-code":{"insertions":29,"deletions":3}}},{"hash":"94e03035c4ea0f52a9e45e4683dc972833694a05","messageTitle":"Add java doc","messageBody":"","fileTypesAndContributionMap":{"functional-code":{"insertions":16,"deletions":3}}},{"hash":"dbf2c2f29ff8e044813b5831d7028b25498ed214","messageTitle":"Add java doc","messageBody":"","fileTypesAndContributionMap":{"functional-code":{"insertions":7,"deletions":1}}},{"hash":"851a6cd3583143244cc5681147a17ec3adfcd2c6","messageTitle":"Add java doc","messageBody":"","fileTypesAndContributionMap":{"functional-code":{"insertions":20,"deletions":0}}},{"hash":"2b04e4224c2536a6d26554f3c6672b49a483110e","messageTitle":"Add java doc","messageBody":"","fileTypesAndContributionMap":{"functional-code":{"insertions":19,"deletions":3}}},{"hash":"54be92def01d990fc2aadf2fa60244b7d41d0de0","messageTitle":"Add java doc","messageBody":"","fileTypesAndContributionMap":{"functional-code":{"insertions":6,"deletions":0}}},{"hash":"d07d00b8b5b6f891ea0916264b83e7837d336d86","messageTitle":"Update java doc for ExitCommand","messageBody":"","fileTypesAndContributionMap":{"functional-code":{"insertions":1,"deletions":1}}},{"hash":"e551e67529611fafb5011759a7ef8d319e6476a5","messageTitle":"Add java doc","messageBody":"","fileTypesAndContributionMap":{"functional-code":{"insertions":12,"deletions":1}}},{"hash":"dbda9506e82ac3cace36af18c4a0b41e24a32fc1","messageTitle":"Add java doc","messageBody":"","fileTypesAndContributionMap":{"functional-code":{"insertions":9,"deletions":0}}},{"hash":"f303279a049c447f615f36a287c71deb5ff86e3e","messageTitle":"Add java doc","messageBody":"","fileTypesAndContributionMap":{"functional-code":{"insertions":9,"deletions":0}}},{"hash":"2b973843b31c6c4b573b9a78e8843f5770a2521b","messageTitle":"Add java doc","messageBody":"","fileTypesAndContributionMap":{"functional-code":{"insertions":6,"deletions":0}}},{"hash":"491a33fb95116750a2bc7e7cb013fb8721afabae","messageTitle":"Add java doc","messageBody":"","fileTypesAndContributionMap":{"functional-code":{"insertions":16,"deletions":3}}},{"hash":"061165bc92a4488a95bc38b0c7224d3e66000b75","messageTitle":"Add java doc","messageBody":"","fileTypesAndContributionMap":{"functional-code":{"insertions":17,"deletions":0}}},{"hash":"32e6eb038c01c2b95b4f0369ea6951c1ec35c35e","messageTitle":"Modify argument logic for location","messageBody":"","fileTypesAndContributionMap":{"functional-code":{"insertions":8,"deletions":4}}},{"hash":"dc38b0cbfdf92efa809f1521c7c7b6351b77a407","messageTitle":"Update UG","messageBody":"","fileTypesAndContributionMap":{"docs":{"insertions":5,"deletions":5}}},{"hash":"a751bd40d5a652951e87d3a28d2de9f7f768515b","messageTitle":"Update UG","messageBody":"","fileTypesAndContributionMap":{"docs":{"insertions":4,"deletions":2}}}]},{"date":"2021-04-02","commitResults":[{"hash":"7db771b2f236c3bf92aa2ed5f760ffcf0e873dd7","messageTitle":"Update UG","messageBody":"","fileTypesAndContributionMap":{"docs":{"insertions":18,"deletions":3}}}]},{"date":"2021-04-06","commitResults":[{"hash":"61b725e85810d135d5a5bfb4d1f490c4499b0f06","messageTitle":"Check if person already checked out and remove name from checkout command parameter","messageBody":"","fileTypesAndContributionMap":{"functional-code":{"insertions":29,"deletions":27}}},{"hash":"0add7c71458ede07cb05ddbffdf31a8e3ff11a78","messageTitle":"Update java doc","messageBody":"","fileTypesAndContributionMap":{"functional-code":{"insertions":1,"deletions":0}}},{"hash":"7a2c2b14d2027331782db64aa13e61b67ac58918","messageTitle":"Change editmax command error message","messageBody":"","fileTypesAndContributionMap":{"functional-code":{"insertions":6,"deletions":5},"test-code":{"insertions":1,"deletions":1}}},{"hash":"f49c912444eb2b891d713d5b23f94a9cbb040a8e","messageTitle":"Remove location name","messageBody":"","fileTypesAndContributionMap":{"functional-code":{"insertions":7,"deletions":17},"test-code":{"insertions":8,"deletions":24}}},{"hash":"98f95ff7dfd9b89ad06eef0ef40696f30b2ed9e3","messageTitle":"Remove location name to pass checks","messageBody":"","fileTypesAndContributionMap":{"other":{"insertions":2,"deletions":2}}},{"hash":"1d27203866aae66c64ff5ec44b3066d71e33d014","messageTitle":"Match help command message with UG command summary","messageBody":"","fileTypesAndContributionMap":{"functional-code":{"insertions":1,"deletions":1},"docs":{"insertions":2,"deletions":2}}},{"hash":"1ecf2787c0518f271a4dc5acfe401cdde0935b43","messageTitle":"Change list to listcheckedin","messageBody":"","fileTypesAndContributionMap":{"functional-code":{"insertions":3,"deletions":3},"test-code":{"insertions":2,"deletions":2}}},{"hash":"81819d5b589b64c5d0a0579e03cba6ee5808386b","messageTitle":"Check if a visitor has already checked in","messageBody":"","fileTypesAndContributionMap":{"functional-code":{"insertions":46,"deletions":9}}}]},{"date":"2021-04-07","commitResults":[{"hash":"e7f2d508c14dc783b5f280fcadbe95df258fc562","messageTitle":"Add PPP","messageBody":"","fileTypesAndContributionMap":{"docs":{"insertions":13,"deletions":0}}},{"hash":"a193a157555584839e33a766fe6ea825ef664b18","messageTitle":"Update UG table of contents","messageBody":"","fileTypesAndContributionMap":{"docs":{"insertions":40,"deletions":40}}}]},{"date":"2021-04-08","commitResults":[{"hash":"32a095c0616c1581e64094540db327feaa40871a","messageTitle":"Repackage logic","messageBody":"","fileTypesAndContributionMap":{"functional-code":{"insertions":3,"deletions":3},"other":{"insertions":125,"deletions":139},"docs":{"insertions":2,"deletions":2},"test-code":{"insertions":0,"deletions":86}}},{"hash":"8ceaaebb3b73affbc9a0042c8fe89621fe2ee9c7","messageTitle":"Edit build.gradle to pass","messageBody":"","fileTypesAndContributionMap":{"other":{"insertions":1,"deletions":1}}},{"hash":"5a440e9a7671a5a3837ce8d5df04ec9264341f2f","messageTitle":"Edit editmax","messageBody":"","fileTypesAndContributionMap":{"functional-code":{"insertions":5,"deletions":8}}},{"hash":"a6af127ef24d2d5043b26d94364becde59be7278","messageTitle":"Edit diagrams for logic and sequence diagram","messageBody":"","fileTypesAndContributionMap":{"docs":{"insertions":9,"deletions":3}}}]},{"date":"2021-04-09","commitResults":[{"hash":"f22e9a42d8d4e236a6a2169a8dd924708342f885","messageTitle":"Add some parts to manual testing section in DG","messageBody":"","fileTypesAndContributionMap":{"docs":{"insertions":168,"deletions":51}}},{"hash":"fe713948033b4a424832836772cce35ac62de072","messageTitle":"Finish manual testing section for DG","messageBody":"","fileTypesAndContributionMap":{"docs":{"insertions":82,"deletions":17}}},{"hash":"5164458a63c93ccbc445a23300d808c2e0906a48","messageTitle":"Update images in DG","messageBody":"","fileTypesAndContributionMap":{"docs":{"insertions":1,"deletions":1}}}]},{"date":"2021-04-11","commitResults":[{"hash":"9e0401c702055f34e4802a8275709fab362add3a","messageTitle":"Update Main site","messageBody":"","fileTypesAndContributionMap":{"docs":{"insertions":5,"deletions":2}}},{"hash":"40943cef0424f045609611708441f949f74d0007","messageTitle":"Modify name comparison","messageBody":"","fileTypesAndContributionMap":{"functional-code":{"insertions":1,"deletions":1}}}]},{"date":"2021-04-12","commitResults":[{"hash":"d11c03cedb31eb97a4fcee7ba076e633876290d7","messageTitle":"Fix format for glossary","messageBody":"","fileTypesAndContributionMap":{"docs":{"insertions":27,"deletions":34}}},{"hash":"a39cfc1acfea9226767656c6da22890cb58a1e6a","messageTitle":"Add documentation guide for DG","messageBody":"","fileTypesAndContributionMap":{"docs":{"insertions":37,"deletions":0}}},{"hash":"e9cce15c1aeca6cd4b2f0de845a698d15e8709d3","messageTitle":"Remove bold","messageBody":"","fileTypesAndContributionMap":{"docs":{"insertions":5,"deletions":5}}},{"hash":"1aa8937f6b5dcc303c3266395f45545f50efa24b","messageTitle":"Edit About Us with the correct portfolio links","messageBody":"","fileTypesAndContributionMap":{"docs":{"insertions":10,"deletions":5}}},{"hash":"550fbd50a1d548eadcbade6d42cedfe18353d422","messageTitle":"Fix format","messageBody":"","fileTypesAndContributionMap":{"docs":{"insertions":0,"deletions":5}}},{"hash":"d6fcf29222639a91b1d04597a55a90ff676240e5","messageTitle":"Updates","messageBody":"","fileTypesAndContributionMap":{"docs":{"insertions":101,"deletions":212}}},{"hash":"642d68842d096db2b3ec32f2774971acec5fc84f","messageTitle":"Fix link","messageBody":"","fileTypesAndContributionMap":{"docs":{"insertions":1,"deletions":1}}},{"hash":"620501ea6b1252e4bd92e1789fde448638a0cfbf","messageTitle":"Add banner","messageBody":"","fileTypesAndContributionMap":{"docs":{"insertions":2,"deletions":0}}},{"hash":"ef46211270512ad289687be310003f30b54e4398","messageTitle":"Fix link","messageBody":"","fileTypesAndContributionMap":{"docs":{"insertions":2,"deletions":2}}},{"hash":"273e1d9308df342a56773efea367d2a524d49c51","messageTitle":"Edit PPP","messageBody":"","fileTypesAndContributionMap":{"docs":{"insertions":38,"deletions":8}}},{"hash":"5c53bea4b14df36ae7732b88f2484c0baf2d3e6b","messageTitle":"Add header","messageBody":"","fileTypesAndContributionMap":{"docs":{"insertions":2,"deletions":0}}},{"hash":"f4ccf87fe2e69db43b4468d7c574933d1e15317d","messageTitle":"Fix PR links","messageBody":"","fileTypesAndContributionMap":{"docs":{"insertions":1,"deletions":1}}}]}],"limwenfeng":[{"date":"2021-03-09","commitResults":[{"hash":"f93303f285c52fa66e6cb38da2c74845eaffeb77","messageTitle":"add text ui class","messageBody":"","fileTypesAndContributionMap":{"functional-code":{"insertions":49,"deletions":0}}}]},{"date":"2021-03-11","commitResults":[{"hash":"e2f2d638fc650703a23a7457ada0783b3f53b6f1","messageTitle":"add Junit Test","messageBody":"","fileTypesAndContributionMap":{"functional-code":{"insertions":3,"deletions":2},"test-code":{"insertions":18,"deletions":0}}}]},{"date":"2021-03-17","commitResults":[{"hash":"e50fbc9b0e1b214a5694a597dd843a93af932759","messageTitle":"add logging and assertion","messageBody":"","fileTypesAndContributionMap":{"functional-code":{"insertions":6,"deletions":2}}}]},{"date":"2021-03-18","commitResults":[{"hash":"57ddcae66f65f665f15545dc456a3da6692c88cf","messageTitle":"Abstract message constants to Main","messageBody":"","fileTypesAndContributionMap":{"functional-code":{"insertions":11,"deletions":3}}},{"hash":"c78a0e254d24eb48e6e9fb5ae692a0967e3bfd70","messageTitle":"change some variables to Final","messageBody":"","fileTypesAndContributionMap":{"functional-code":{"insertions":3,"deletions":3}}},{"hash":"33b316e7f55503f699b1259aca9ae3d106bdd330","messageTitle":"enable to logger to test something","messageBody":"","fileTypesAndContributionMap":{"functional-code":{"insertions":1,"deletions":1}}},{"hash":"a50765670832d5fe3975853e0dfcc671a9384d38","messageTitle":"change formatting","messageBody":"","fileTypesAndContributionMap":{"functional-code":{"insertions":12,"deletions":3}}}]},{"date":"2021-03-21","commitResults":[{"hash":"02b1261980615d3ce33f8ec9630402edacf20e43","messageTitle":"Change in Duke and UI","messageBody":"refactored some code in main and added new method in Ui\n","fileTypesAndContributionMap":{"functional-code":{"insertions":7,"deletions":9}}},{"hash":"d1a0c746ee9e586a438e2e1628b0a35915d4d076","messageTitle":"remove unused methods","messageBody":"","fileTypesAndContributionMap":{"functional-code":{"insertions":0,"deletions":12}}},{"hash":"c52dc73ae31928e31b40abfba52dcdcdcdfb3e35","messageTitle":"add goodbye message","messageBody":"","fileTypesAndContributionMap":{"functional-code":{"insertions":1,"deletions":0}}},{"hash":"0f2855b42cc36cef9fc9514091f1ae7e0defea5b","messageTitle":"add assertion","messageBody":"","fileTypesAndContributionMap":{"functional-code":{"insertions":1,"deletions":0}}},{"hash":"279fb4bf779cef20c54865ccd2bb7aa628372016","messageTitle":"minor fixes","messageBody":"","fileTypesAndContributionMap":{"functional-code":{"insertions":0,"deletions":8}}},{"hash":"b3a95420242fc32a397b3e39f554e914d5de1873","messageTitle":"Revert \"minor fixes\"","messageBody":"This reverts commit 279fb4bf779cef20c54865ccd2bb7aa628372016.\n","fileTypesAndContributionMap":{"functional-code":{"insertions":8,"deletions":0}}},{"hash":"aaee8050b1f67b954aa216f1b60a2d82681ffc63","messageTitle":"Revert \"add assertion\"","messageBody":"This reverts commit 0f2855b42cc36cef9fc9514091f1ae7e0defea5b.\n","fileTypesAndContributionMap":{"functional-code":{"insertions":0,"deletions":1}}},{"hash":"23f6068fa051c25e9e7a1f4b4026104c6b275116","messageTitle":"Revert \"add goodbye message\"","messageBody":"This reverts commit c52dc73ae31928e31b40abfba52dcdcdcdfb3e35.\n","fileTypesAndContributionMap":{"functional-code":{"insertions":0,"deletions":1}}},{"hash":"86b3e8b192d2bf8e91b426bd75574f504ec00754","messageTitle":"notifyErrorToUser returns error message","messageBody":"","fileTypesAndContributionMap":{"functional-code":{"insertions":2,"deletions":1}}},{"hash":"9273d966946d3c51a70592f2d671dbd62efa387e","messageTitle":"add goodbye message","messageBody":"","fileTypesAndContributionMap":{"functional-code":{"insertions":1,"deletions":0}}},{"hash":"fa11c401f7dfae8c7dba20e8f7f44a27f2866155","messageTitle":"remove goodbye message and unused methods","messageBody":"","fileTypesAndContributionMap":{"functional-code":{"insertions":0,"deletions":11}}}]},{"date":"2021-03-22","commitResults":[{"hash":"dff176e06de07e64f76732b9289af358360b2bf7","messageTitle":"Add UI component and minor touch up on DG","messageBody":"","fileTypesAndContributionMap":{"docs":{"insertions":21,"deletions":5}}}]},{"date":"2021-03-23","commitResults":[{"hash":"4934c6112cec6210250b1c8e9df5bc5b0e3f51dc","messageTitle":"Include formatting for UI list and listall","messageBody":"","fileTypesAndContributionMap":{"functional-code":{"insertions":31,"deletions":4}}},{"hash":"0847f33ef9a2f805e99fe723a930517c36cb624c","messageTitle":"add numbering","messageBody":"","fileTypesAndContributionMap":{"functional-code":{"insertions":10,"deletions":10}}},{"hash":"03eaffae5e6235cf6a1848731c55818642bfb6a6","messageTitle":"fix checkstyle issue","messageBody":"","fileTypesAndContributionMap":{"functional-code":{"insertions":16,"deletions":11}}},{"hash":"3c0bd3baf65074644f7581f2f7268d18983c7d3b","messageTitle":"change numbering","messageBody":"","fileTypesAndContributionMap":{"functional-code":{"insertions":2,"deletions":2}}},{"hash":"05fb967d4b6068267913e3a8e9ec32497c2b79fd","messageTitle":"added JavaDoc","messageBody":"","fileTypesAndContributionMap":{"functional-code":{"insertions":40,"deletions":2}}}]},{"date":"2021-03-24","commitResults":[{"hash":"5939027d4a974ad7e92a1ff77ed41595ba84274a","messageTitle":"Implemented find person Text UI","messageBody":"","fileTypesAndContributionMap":{"functional-code":{"insertions":33,"deletions":15}}}]},{"date":"2021-03-26","commitResults":[{"hash":"456051646eff419e5664a0e969a8ad559eb88ce9","messageTitle":"change from null to null","messageBody":"","fileTypesAndContributionMap":{"functional-code":{"insertions":3,"deletions":3}}},{"hash":"70d876e45aac6729a11cb77ab041214299ec845c","messageTitle":"change to use isAvailiable()","messageBody":"","fileTypesAndContributionMap":{"functional-code":{"insertions":3,"deletions":3}}}]},{"date":"2021-03-28","commitResults":[{"hash":"cb30f272e97d4a5eb07b68b498f31770e7c63699","messageTitle":"create Datetime and History class","messageBody":"","fileTypesAndContributionMap":{"functional-code":{"insertions":76,"deletions":0}}},{"hash":"eb4a0a0bc122152936990b9c37baeb841fff8956","messageTitle":"fix checkstyle issue","messageBody":"","fileTypesAndContributionMap":{"functional-code":{"insertions":6,"deletions":6}}},{"hash":"a510fd4e472b828f664d4ddaf73101f4c96d151c","messageTitle":"Update HistoryStorageException.java","messageBody":"","fileTypesAndContributionMap":{"functional-code":{"insertions":1,"deletions":1}}},{"hash":"1c608c9b2898234d5540b45c0cbb231422a20e4c","messageTitle":"implemented checkin and checkout history","messageBody":"","fileTypesAndContributionMap":{"functional-code":{"insertions":64,"deletions":17}}},{"hash":"7c2f5dbf17f73d00683fce73aa8befdb4c50155c","messageTitle":"added header and footer","messageBody":"","fileTypesAndContributionMap":{"functional-code":{"insertions":23,"deletions":20}}},{"hash":"39a1783193edbb30c42d6ba5f800ca96c5f0c326","messageTitle":"change to saving it in csv form","messageBody":"","fileTypesAndContributionMap":{"functional-code":{"insertions":3,"deletions":3}}},{"hash":"816dd842d8e41e416177b274b7fa3154a5eba4b5","messageTitle":"improve saving format","messageBody":"","fileTypesAndContributionMap":{"functional-code":{"insertions":1,"deletions":1}}},{"hash":"09f2c6546e3c8503890ed4a86a67b93f60090ec8","messageTitle":"fix checkstyle issue","messageBody":"","fileTypesAndContributionMap":{"functional-code":{"insertions":17,"deletions":6}}},{"hash":"98f6b7d63df708beb2221021efb2b8b65f0d7c36","messageTitle":"added exception in tests class","messageBody":"","fileTypesAndContributionMap":{"test-code":{"insertions":8,"deletions":6}}},{"hash":"1b200c4b007a881c6a1c43312ae750016c1dd33e","messageTitle":"fix checkstyle issue","messageBody":"","fileTypesAndContributionMap":{"test-code":{"insertions":8,"deletions":4}}},{"hash":"0f7ac814a347b89df7c8df8c521ad8df66ac4bff","messageTitle":"created historyfile object in checkin and checkout","messageBody":"","fileTypesAndContributionMap":{"functional-code":{"insertions":2,"deletions":1},"test-code":{"insertions":2,"deletions":0}}},{"hash":"6e7724a9141427c86f31a494ba7116762bac3a7d","messageTitle":"create history object in check in","messageBody":"","fileTypesAndContributionMap":{"functional-code":{"insertions":2,"deletions":1}}},{"hash":"5ae8159467295d5b103f1a2d4417bf673daccdd7","messageTitle":"Fix textUi bug","messageBody":"","fileTypesAndContributionMap":{"functional-code":{"insertions":3,"deletions":3}}},{"hash":"7f85cf5a7868b387a806ca452390f16c464265a0","messageTitle":"added truncator","messageBody":"In case they go change the name in the log file or tracking list file\n","fileTypesAndContributionMap":{"functional-code":{"insertions":16,"deletions":8}}},{"hash":"548161e44d4c0427802df6992dd5f6b46e5a323a","messageTitle":"update welcome message and change expected textfile","messageBody":"","fileTypesAndContributionMap":{"functional-code":{"insertions":1,"deletions":1}}},{"hash":"b8c4b9f273bcfb392a648ef6600b3b05a5c9246d","messageTitle":"sync UG and Output","messageBody":"","fileTypesAndContributionMap":{"functional-code":{"insertions":8,"deletions":3},"docs":{"insertions":63,"deletions":48}}},{"hash":"350d3aa770968490e85e774913a69cbdb2130610","messageTitle":"change version and reduce line divider by 1","messageBody":"","fileTypesAndContributionMap":{"functional-code":{"insertions":1,"deletions":1}}},{"hash":"fe11fa0fb08c20824b0ae3665eda06a6076352ab","messageTitle":"fix checkstyle issue","messageBody":"","fileTypesAndContributionMap":{"functional-code":{"insertions":6,"deletions":6}}}]},{"date":"2021-03-29","commitResults":[{"hash":"f8ea0155558de5aa6b0ff966de52445ece727f19","messageTitle":"improve code quality","messageBody":"","fileTypesAndContributionMap":{"functional-code":{"insertions":7,"deletions":5}}},{"hash":"30806b31036da88ba20df2adc9a5e6756103127d","messageTitle":"change check in and check out output","messageBody":"","fileTypesAndContributionMap":{"functional-code":{"insertions":4,"deletions":8}}},{"hash":"3002d047e63a5dc4f4b21c0cfe70045654d3d805","messageTitle":"added first picture","messageBody":"","fileTypesAndContributionMap":{"docs":{"insertions":1,"deletions":1}}}]},{"date":"2021-03-30","commitResults":[{"hash":"3a95d830908896e4147c5d29f34b97b737c08d22","messageTitle":"replaced all output with screenshots","messageBody":"","fileTypesAndContributionMap":{"docs":{"insertions":20,"deletions":60}}},{"hash":"e80d2372f807b6419a75942c3041907c9786b3c6","messageTitle":"edited Intro","messageBody":"","fileTypesAndContributionMap":{"docs":{"insertions":13,"deletions":12}}},{"hash":"da8052ccd860f332621d2df997cc39bec162f51f","messageTitle":"edit description for first few commands","messageBody":"","fileTypesAndContributionMap":{"docs":{"insertions":29,"deletions":11}}}]},{"date":"2021-03-31","commitResults":[{"hash":"6b0513257eb980b226aff274484f1d38e2c01fa8","messageTitle":"update UG for every part except pt 9","messageBody":"","fileTypesAndContributionMap":{"docs":{"insertions":34,"deletions":10}}},{"hash":"b800ef70913e3683792d18bf8089ef0760f1ecf1","messageTitle":"change file name to fix image not appearing","messageBody":"","fileTypesAndContributionMap":{"docs":{"insertions":1,"deletions":1}}},{"hash":"e1efaa774f47b7f4561b7129c5612e1fd9df344e","messageTitle":"check checks","messageBody":"","fileTypesAndContributionMap":{"functional-code":{"insertions":1,"deletions":0}}}]},{"date":"2021-04-02","commitResults":[{"hash":"d0b9b6fd4ddce8068a8383d779997cf0666fa7ea","messageTitle":"add oneline for visitor log","messageBody":"","fileTypesAndContributionMap":{"docs":{"insertions":1,"deletions":0}}}]},{"date":"2021-04-05","commitResults":[{"hash":"5e391289d4ab381ce3f67c49b2eeb68c16821f17","messageTitle":"documentation error for check in","messageBody":"","fileTypesAndContributionMap":{"docs":{"insertions":1,"deletions":1}}},{"hash":"408922519593e1209b6422ec0a3e28f5646f9dc3","messageTitle":"update UG about clear command","messageBody":"","fileTypesAndContributionMap":{"docs":{"insertions":7,"deletions":0}}},{"hash":"8a18021756fea84252f9d01545faae9eb73a7b60","messageTitle":"added dividers for error messages","messageBody":"","fileTypesAndContributionMap":{"functional-code":{"insertions":3,"deletions":0}}},{"hash":"d668ab3c4e775eb032f8a58c9173e18041ebf80d","messageTitle":"removed location from user guide","messageBody":"","fileTypesAndContributionMap":{"docs":{"insertions":2,"deletions":5}}},{"hash":"998a0c1922f8dba3a38b42103114522c2ccb7921","messageTitle":"fix typo","messageBody":"","fileTypesAndContributionMap":{"docs":{"insertions":1,"deletions":1}}}]},{"date":"2021-04-06","commitResults":[{"hash":"070552251163057f082cafe8078ba16ac0e2382c","messageTitle":"update Userguide with numbering","messageBody":"","fileTypesAndContributionMap":{"docs":{"insertions":39,"deletions":39}}},{"hash":"51dc279b34b0c61a0060bb6d6ac6e6f26801915c","messageTitle":"remove location name from exception message","messageBody":"","fileTypesAndContributionMap":{"functional-code":{"insertions":2,"deletions":2}}},{"hash":"334401d00b9a96620c0d6a3982fc00d88a8ce110","messageTitle":"added generalized input error message","messageBody":"","fileTypesAndContributionMap":{"functional-code":{"insertions":4,"deletions":1}}},{"hash":"2179d913c629f2100ee49d9b1868b7e128a98de5","messageTitle":"resolve conflicts in messages","messageBody":"","fileTypesAndContributionMap":{"functional-code":{"insertions":4,"deletions":0}}},{"hash":"27069ed5e2ee94f5c11b61abb94a18deea303278","messageTitle":"add java doc for log file","messageBody":"","fileTypesAndContributionMap":{"functional-code":{"insertions":14,"deletions":0}}},{"hash":"4874ef51a50781fb5ac7ec82824193cdd46b541e","messageTitle":"added java doc for History class","messageBody":"","fileTypesAndContributionMap":{"functional-code":{"insertions":21,"deletions":0}}},{"hash":"3877bde18b44c306382236c4dd922dcc727a279e","messageTitle":"remove storage message upon start up","messageBody":"","fileTypesAndContributionMap":{"functional-code":{"insertions":0,"deletions":1}}},{"hash":"cfe8c72ab2aef032b435a42e96d24f7aa592368e","messageTitle":"update error message","messageBody":"fix general input error\n","fileTypesAndContributionMap":{"functional-code":{"insertions":15,"deletions":8}}},{"hash":"195cc34534feb88beddc1424ff26d6caabb0eabb","messageTitle":"fix checkstyle","messageBody":"","fileTypesAndContributionMap":{"functional-code":{"insertions":4,"deletions":4}}}]},{"date":"2021-04-07","commitResults":[{"hash":"5dd5290e40efbaa2c654ac00b129446012431e51","messageTitle":"change from duke to cyc","messageBody":"","fileTypesAndContributionMap":{"docs":{"insertions":9,"deletions":9}}},{"hash":"e6eddbd3eb650ca754e233e23d89c33e46574d1f","messageTitle":"add UI component UML diagram","messageBody":"","fileTypesAndContributionMap":{"docs":{"insertions":1,"deletions":0}}},{"hash":"a2650901b901b505169d568c6d3b9b0e0d77a509","messageTitle":"updated ppp","messageBody":"","fileTypesAndContributionMap":{"docs":{"insertions":17,"deletions":0}}},{"hash":"66dc399cee2a8909f46b8bc4a707396e8307b377","messageTitle":"update messages with general input error message","messageBody":"","fileTypesAndContributionMap":{"functional-code":{"insertions":13,"deletions":7}}}]},{"date":"2021-04-08","commitResults":[{"hash":"7f78f9d675e1e2609633d0f2b7a7f930be792ed1","messageTitle":"update ppp","messageBody":"","fileTypesAndContributionMap":{"docs":{"insertions":7,"deletions":1}}},{"hash":"1ce3371db7154b7424f9033d5df422dbb0db3601","messageTitle":"update non functional requirement","messageBody":"","fileTypesAndContributionMap":{"docs":{"insertions":8,"deletions":1}}}]},{"date":"2021-04-09","commitResults":[{"hash":"621dda689f6fa73b8f8d6f640f185d5186cf32ff","messageTitle":"update user stories","messageBody":"","fileTypesAndContributionMap":{"docs":{"insertions":7,"deletions":3}}},{"hash":"c1d2a91825527b197fa24f5fac8685a446a4c7f2","messageTitle":"update to non functional requirements","messageBody":"","fileTypesAndContributionMap":{"docs":{"insertions":9,"deletions":0}}},{"hash":"3142c6ba9a63fc26dea8ba4b891a3b5d00c876b5","messageTitle":"change method to public","messageBody":"","fileTypesAndContributionMap":{"functional-code":{"insertions":2,"deletions":2}}},{"hash":"bf6dda7e053c54fed7df975350cf4830a0b44794","messageTitle":"reolve conersation","messageBody":"","fileTypesAndContributionMap":{"docs":{"insertions":1,"deletions":1}}},{"hash":"1e6b2c89d9d367c11749977040b460493c604880","messageTitle":"add unit test for textui","messageBody":"","fileTypesAndContributionMap":{"test-code":{"insertions":56,"deletions":12}}},{"hash":"af0da634865710f06207413d0935e1abd137b7c6","messageTitle":"added more to the test","messageBody":"","fileTypesAndContributionMap":{"test-code":{"insertions":7,"deletions":0}}},{"hash":"04ae51a1e788c69606efeb139f578a221e9856d3","messageTitle":"fix checkstyle","messageBody":"","fileTypesAndContributionMap":{"test-code":{"insertions":3,"deletions":4}}},{"hash":"99013876e074c7a5deeabd7ee2895505ffaa2e1a","messageTitle":"test","messageBody":"","fileTypesAndContributionMap":{"test-code":{"insertions":1,"deletions":1}}},{"hash":"5399f4d02659ded9d93d4ed983c4345f9482bdc2","messageTitle":"edit test","messageBody":"","fileTypesAndContributionMap":{"test-code":{"insertions":5,"deletions":10}}},{"hash":"7636d3cae4508cae34e70316a7e59e091c0f768b","messageTitle":"remove * in imports","messageBody":"","fileTypesAndContributionMap":{"test-code":{"insertions":3,"deletions":1}}},{"hash":"54f3cd1324ba9e3f6223c0a581bcc1a6262bd9c5","messageTitle":"edit unit testing","messageBody":"","fileTypesAndContributionMap":{"test-code":{"insertions":1,"deletions":1}}},{"hash":"ae2bd1a7d76775ea7437ae1a4551fedc6e61b7f1","messageTitle":"remove some test","messageBody":"","fileTypesAndContributionMap":{"test-code":{"insertions":17,"deletions":17}}},{"hash":"f531997a393e75533a8c1f9738ec09c3694d6016","messageTitle":"change 2 to 1","messageBody":"","fileTypesAndContributionMap":{"test-code":{"insertions":1,"deletions":1}}},{"hash":"a10c2112392d024c973d8ba2229d4dfc29879175","messageTitle":"remove comments","messageBody":"","fileTypesAndContributionMap":{"test-code":{"insertions":0,"deletions":18}}},{"hash":"35b2ba0f227a130ba0ce00bf0a892a982eb485c6","messageTitle":"change line 29","messageBody":"","fileTypesAndContributionMap":{"test-code":{"insertions":3,"deletions":5}}},{"hash":"1e7994e5b1bc27f9f27c75e4f1315b378a83f01f","messageTitle":"use sample tracking list","messageBody":"","fileTypesAndContributionMap":{"test-code":{"insertions":2,"deletions":13}}},{"hash":"d18d6c186b16eec75c7ca9797c777c80f17fe4dd","messageTitle":"added print","messageBody":"","fileTypesAndContributionMap":{"functional-code":{"insertions":1,"deletions":0},"test-code":{"insertions":1,"deletions":2}}},{"hash":"28a271ee8e4f00650655be7523a30edeab867e16","messageTitle":"test","messageBody":"","fileTypesAndContributionMap":{"functional-code":{"insertions":0,"deletions":1},"test-code":{"insertions":146,"deletions":7}}},{"hash":"25d09a7535b438dbf21b0ebd5f5f7c69f24ff715","messageTitle":"remove half the test","messageBody":"","fileTypesAndContributionMap":{"test-code":{"insertions":0,"deletions":123}}},{"hash":"00f72f1391bba939d91d9bdf241a45f96acf20ed","messageTitle":"change","messageBody":"","fileTypesAndContributionMap":{"test-code":{"insertions":2,"deletions":4}}},{"hash":"cb6091bed45ca4de32b2a8e8db714c992dfa7c5c","messageTitle":"create tracking list outside scope","messageBody":"","fileTypesAndContributionMap":{"test-code":{"insertions":2,"deletions":2}}},{"hash":"a71dfce2979b598b153464af7bd71d9f9d5f3041","messageTitle":"swap position for exp and act","messageBody":"","fileTypesAndContributionMap":{"test-code":{"insertions":1,"deletions":1}}},{"hash":"8434da87afd930ac88ea57dd3654655cb6615327","messageTitle":"test:","messageBody":"","fileTypesAndContributionMap":{"test-code":{"insertions":3,"deletions":3}}},{"hash":"49773e98bdad4f7cb77c3e10490f368a50016d77","messageTitle":"change getCurrentCapacity function","messageBody":"","fileTypesAndContributionMap":{"functional-code":{"insertions":10,"deletions":6}}},{"hash":"1346ec957340e7488f070402ac254e159f34e666","messageTitle":"remove test file","messageBody":"","fileTypesAndContributionMap":{"test-code":{"insertions":0,"deletions":40}}},{"hash":"587282f632e0b4bf1dd64c25f39cdd5fdcacd444","messageTitle":"added test","messageBody":"","fileTypesAndContributionMap":{"test-code":{"insertions":40,"deletions":0}}},{"hash":"20ba042faf9bdad578f816ffb31ea7e4d19ee16d","messageTitle":"test test","messageBody":"","fileTypesAndContributionMap":{"functional-code":{"insertions":1,"deletions":1},"test-code":{"insertions":2,"deletions":12}}},{"hash":"01e3cd1e3aba192928e4ce71099743c75293d095","messageTitle":"change the count algo","messageBody":"","fileTypesAndContributionMap":{"functional-code":{"insertions":8,"deletions":9}}},{"hash":"6a479d6a35a3fa6e9497fa0fb8d60d36e37a991c","messageTitle":"edit test","messageBody":"","fileTypesAndContributionMap":{"test-code":{"insertions":7,"deletions":2}}},{"hash":"411e064afb0a37d9a1582709a99a2b3b3fb46b0f","messageTitle":"change 1 to 0","messageBody":"","fileTypesAndContributionMap":{"test-code":{"insertions":9,"deletions":1}}},{"hash":"bfc27d652c08b163cab3caac12a7c0fdc0e5a285","messageTitle":"change to use smaple tracking list","messageBody":"","fileTypesAndContributionMap":{"test-code":{"insertions":1,"deletions":2}}},{"hash":"4beb0628c234f12eeb18153f3f910ed96784ff4a","messageTitle":"gg","messageBody":"","fileTypesAndContributionMap":{"test-code":{"insertions":1,"deletions":5}}},{"hash":"9a5198ef91ad33f7a3d32a4a0b07d71658785aa8","messageTitle":"change expected to 2","messageBody":"","fileTypesAndContributionMap":{"test-code":{"insertions":1,"deletions":1}}},{"hash":"093d68844fe5588c308d9534b7f62f196d5b7a0b","messageTitle":"remove test","messageBody":"","fileTypesAndContributionMap":{"test-code":{"insertions":0,"deletions":7}}},{"hash":"41a291e0d6dad13f835038a5d3ada894b96ef3b9","messageTitle":"added one test","messageBody":"","fileTypesAndContributionMap":{"test-code":{"insertions":8,"deletions":0}}},{"hash":"b796747a1e1d9390c8b8c048108eb15b36d268e2","messageTitle":"remove middleware","messageBody":"","fileTypesAndContributionMap":{"test-code":{"insertions":1,"deletions":2}}},{"hash":"b249cf101fba365488a3642175ffa85c703b9adc","messageTitle":"just useless test","messageBody":"","fileTypesAndContributionMap":{"test-code":{"insertions":0,"deletions":7}}}]},{"date":"2021-04-10","commitResults":[{"hash":"52d63e7c77d2880cfd291c5382acd54d2c90d390","messageTitle":"added one exception for history class","messageBody":"","fileTypesAndContributionMap":{"test-code":{"insertions":28,"deletions":0}}},{"hash":"9dbba1de59324e14fab7e07bf7ed7199925ffc3e","messageTitle":"added history test file","messageBody":"","fileTypesAndContributionMap":{"test-code":{"insertions":2,"deletions":10}}},{"hash":"669b743de1d7746c87f8d4f593576ac3d0584abb","messageTitle":"remove duplicate general error message","messageBody":"","fileTypesAndContributionMap":{"functional-code":{"insertions":0,"deletions":2},"test-code":{"insertions":0,"deletions":4}}},{"hash":"8810e9b070900632fdd04c986ab9f5498d1dc601","messageTitle":"change to dg","messageBody":"","fileTypesAndContributionMap":{"docs":{"insertions":5,"deletions":0}}}]},{"date":"2021-04-12","commitResults":[{"hash":"ebf06792c34ffd1bafa4daa4146ac3729bfd6933","messageTitle":"add test for ui","messageBody":"","fileTypesAndContributionMap":{"test-code":{"insertions":8,"deletions":0}}},{"hash":"2e1cf71c8e37e3fdd527920d58575fe34588f24d","messageTitle":"fix ui test","messageBody":"","fileTypesAndContributionMap":{"functional-code":{"insertions":1,"deletions":0},"test-code":{"insertions":19,"deletions":2}}},{"hash":"da5742f2a4147afe674a104b543016adcdbe0341","messageTitle":"update ui test","messageBody":"","fileTypesAndContributionMap":{"test-code":{"insertions":36,"deletions":4}}},{"hash":"a1d1d1872d141300b5c8163c001369083fc9f447","messageTitle":"fix checkstyle issue","messageBody":"","fileTypesAndContributionMap":{"test-code":{"insertions":7,"deletions":23}}},{"hash":"8aa70df9cb657ee5676d17621e6fd7f6b917f5c2","messageTitle":"fix check in ui","messageBody":"","fileTypesAndContributionMap":{"functional-code":{"insertions":0,"deletions":1},"docs":{"insertions":13,"deletions":1}}},{"hash":"0c724c4e4e13606ea7cc7fa279f3e0a0679f2def","messageTitle":"update pp","messageBody":"","fileTypesAndContributionMap":{"docs":{"insertions":15,"deletions":2}}},{"hash":"814dba265b6e16fe6a06cba76eb543ec80e66c52","messageTitle":"update PPP","messageBody":"","fileTypesAndContributionMap":{"docs":{"insertions":6,"deletions":5}}},{"hash":"fee2b7474d01ed17cfa32ff2d5c64c013531c5ad","messageTitle":"fix help message error","messageBody":"","fileTypesAndContributionMap":{"functional-code":{"insertions":1,"deletions":1},"docs":{"insertions":12,"deletions":0}}},{"hash":"08db005dc7b1c7a80337e1d48c70882985eb99cb","messageTitle":"update Dev Ops","messageBody":"","fileTypesAndContributionMap":{"docs":{"insertions":27,"deletions":1}}},{"hash":"16d23174c710b0536f7dfd543b37c66dfd47fc21","messageTitle":"update PPP","messageBody":"","fileTypesAndContributionMap":{"docs":{"insertions":6,"deletions":2}}},{"hash":"4139973a163425dcde9f745d439ed22266459885","messageTitle":"edit headers devops","messageBody":"","fileTypesAndContributionMap":{"docs":{"insertions":1,"deletions":3}}}]}],"sarzorwyn":[{"date":"2021-03-07","commitResults":[{"hash":"c7f6d4195f7a98ebcbbdaeed9f7a1ec3cd9d6868","messageTitle":"Added TrackingList","messageBody":"","fileTypesAndContributionMap":{"functional-code":{"insertions":105,"deletions":0}}}]},{"date":"2021-03-09","commitResults":[{"hash":"49eb23e63e4eba331658906114a960076c5bbca3","messageTitle":"Refactored person method calls to updated ones","messageBody":"","fileTypesAndContributionMap":{"other":{"insertions":0,"deletions":0}}},{"hash":"890c23139d48fda579e476a34c0cbf4a9afc34c6","messageTitle":"Added some javadocs to methods","messageBody":"","fileTypesAndContributionMap":{"functional-code":{"insertions":9,"deletions":9}}}]},{"date":"2021-03-10","commitResults":[{"hash":"78fe0871ab78f2e6cf4739b69d820527d97cff44","messageTitle":"Added listPerson","messageBody":"","fileTypesAndContributionMap":{"functional-code":{"insertions":5,"deletions":0}}},{"hash":"93f62a1466235b09e985da89fa27fdd0d5d50cfd","messageTitle":"Added trackingList class","messageBody":"","fileTypesAndContributionMap":{"functional-code":{"insertions":110,"deletions":0}}}]},{"date":"2021-03-11","commitResults":[{"hash":"4e4410a7f65de118686d5e90cf3d257d87a164b3","messageTitle":"Added tracking list test","messageBody":"","fileTypesAndContributionMap":{"test-code":{"insertions":33,"deletions":1}}},{"hash":"274af1bf3b59f1605937afb74c5ec156c3e2fb6e","messageTitle":"Added clear tracking list method","messageBody":"","fileTypesAndContributionMap":{"functional-code":{"insertions":6,"deletions":2}}}]},{"date":"2021-03-14","commitResults":[{"hash":"b0d7e202744abed7e8ac35f5e070686828ecb85e","messageTitle":"Added PersonNotFoundException to findExactPerson and findPerson","messageBody":"","fileTypesAndContributionMap":{"functional-code":{"insertions":20,"deletions":3}}}]},{"date":"2021-03-16","commitResults":[{"hash":"08963ade2cf99d232114f035ec741c8f99e6a653","messageTitle":"Added some assertions to tracking list","messageBody":"","fileTypesAndContributionMap":{"functional-code":{"insertions":4,"deletions":0}}},{"hash":"dee134747cb545a98df1b09863673ddac5ee2eb6","messageTitle":"Added more unit tests to trackingList","messageBody":"","fileTypesAndContributionMap":{"test-code":{"insertions":94,"deletions":4}}},{"hash":"3836f4aa259fd2c7f48d3191ce40df195537b337","messageTitle":"Added more assertions to tracking list","messageBody":"","fileTypesAndContributionMap":{"functional-code":{"insertions":2,"deletions":0},"test-code":{"insertions":18,"deletions":0}}},{"hash":"eb1882d223f220155ec77f32dc404be606d5cc38","messageTitle":"Fixed minor checkstyle issue","messageBody":"","fileTypesAndContributionMap":{"functional-code":{"insertions":2,"deletions":2}}},{"hash":"27a992a016ca2dfae432ab5ab512c4d29e0c216c","messageTitle":"Fixed testContains in tracking list tests","messageBody":"","fileTypesAndContributionMap":{"test-code":{"insertions":1,"deletions":1}}}]},{"date":"2021-03-17","commitResults":[{"hash":"1a525cd6b8ce0ebfb99b47a0d1182c4ca72e324d","messageTitle":"Added shadow to the project","messageBody":"","fileTypesAndContributionMap":{"functional-code":{"insertions":1,"deletions":1},"other":{"insertions":15,"deletions":0}}}]},{"date":"2021-03-20","commitResults":[{"hash":"2654935a0ebb3f2e7a9fec0cc5ba83cb153431c2","messageTitle":"Added Storage file loading","messageBody":"","fileTypesAndContributionMap":{"functional-code":{"insertions":65,"deletions":0}}},{"hash":"114b54abd13cf5af13fb597a1f60b04a228a8217","messageTitle":"Added the TrackingListEncoder to convert tracking list to encoded format","messageBody":"","fileTypesAndContributionMap":{"functional-code":{"insertions":77,"deletions":5}}},{"hash":"edb2e1da45384f87f27ed101bcbe3c61c925f8b7","messageTitle":"Added trackingListDecoder to decode the file","messageBody":"","fileTypesAndContributionMap":{"functional-code":{"insertions":74,"deletions":9}}},{"hash":"f1cfaa125faca3a8f78f15c737ae31ccef0edb0f","messageTitle":"Initialized storage in duke class","messageBody":"","fileTypesAndContributionMap":{"functional-code":{"insertions":59,"deletions":32}}},{"hash":"47d9279ad1ec2feaacddff72bfc0518465b31175","messageTitle":"Fixed issues with regex decoding","messageBody":"","fileTypesAndContributionMap":{"functional-code":{"insertions":4,"deletions":3}}}]},{"date":"2021-03-22","commitResults":[{"hash":"909d2a18e1aafd46bea39d2d01f6386116c01f9a","messageTitle":"Added storage file test class","messageBody":"","fileTypesAndContributionMap":{"test-code":{"insertions":6,"deletions":0}}}]},{"date":"2021-03-23","commitResults":[{"hash":"6dcc66f22a7caef18ec9f6c4caf99f9bb95a3d6f","messageTitle":"Added JUnit tests for storage","messageBody":"","fileTypesAndContributionMap":{"functional-code":{"insertions":3,"deletions":2},"test-code":{"insertions":78,"deletions":0}}},{"hash":"48752a7bc3c4c695315c5c2d693c64e0a82c172a","messageTitle":"Addded remaining JUnit test for tracking List","messageBody":"","fileTypesAndContributionMap":{"test-code":{"insertions":33,"deletions":1}}},{"hash":"9d4d2c73280934bf13fbc310d526c5732ac4bcc8","messageTitle":"Fixed Junit test failing for storage","messageBody":"","fileTypesAndContributionMap":{"test-code":{"insertions":6,"deletions":6}}},{"hash":"5dd5472593f17a3784e67595fc5325b23eb79fe1","messageTitle":"Modified invalidpath test","messageBody":"","fileTypesAndContributionMap":{"test-code":{"insertions":1,"deletions":1}}},{"hash":"d6bf9fb9a5d2ccfb865c8ed1ff84bf1daf45f8cc","messageTitle":"Added invalid file path for nix","messageBody":"","fileTypesAndContributionMap":{"test-code":{"insertions":1,"deletions":1}}},{"hash":"d150198cd0cf1dcda4ab0372293512d9f79e4109","messageTitle":"Added devlopers guide for storage","messageBody":"","fileTypesAndContributionMap":{"docs":{"insertions":8,"deletions":0}}}]},{"date":"2021-03-27","commitResults":[{"hash":"f050a860983702fbd69c300d90fe652a0d9493b4","messageTitle":"Added move save command prototype and updated userguide","messageBody":"","fileTypesAndContributionMap":{"functional-code":{"insertions":4,"deletions":0},"docs":{"insertions":5,"deletions":3}}},{"hash":"8249dc01e050e15e4f5743570d2553acf9be041b","messageTitle":"Added move save command","messageBody":"","fileTypesAndContributionMap":{"functional-code":{"insertions":31,"deletions":2}}},{"hash":"b4006b3ee1eab75b27ed1c9d8bd4a34bf2ee0620","messageTitle":"Added assertion to move storage command.","messageBody":"Renamed move storage command.\n","fileTypesAndContributionMap":{"functional-code":{"insertions":4,"deletions":0},"other":{"insertions":9,"deletions":6}}},{"hash":"778d8c6684616ce9c0a69d38e7a48b1ddedf635b","messageTitle":"Added parser logic for move storage","messageBody":"","fileTypesAndContributionMap":{"functional-code":{"insertions":7,"deletions":0}}},{"hash":"14cf8224419eaf135b21789005f465692ec2ad01","messageTitle":"Added support for creating new directories when moving storage","messageBody":"","fileTypesAndContributionMap":{"functional-code":{"insertions":14,"deletions":0}}},{"hash":"76000f42b5c734ebece7f7031f219d924078b6ca","messageTitle":"Updated user guide for move storage command","messageBody":"","fileTypesAndContributionMap":{"functional-code":{"insertions":1,"deletions":1},"docs":{"insertions":17,"deletions":1}}},{"hash":"5601ef3744b07daf5d87ad5e7ceae9c63b10d564","messageTitle":"Fixed checkstyle errors","messageBody":"","fileTypesAndContributionMap":{"functional-code":{"insertions":3,"deletions":3}}},{"hash":"5a55259b5392517d18969dce87e8c287f725921e","messageTitle":"Added config file class","messageBody":"","fileTypesAndContributionMap":{"functional-code":{"insertions":41,"deletions":0}}},{"hash":"6a788882e542ffcb25c4fd054710508809b98f64","messageTitle":"Added config file support for storage file path","messageBody":"","fileTypesAndContributionMap":{"functional-code":{"insertions":42,"deletions":13}}},{"hash":"494d18fb08b93ad0702e2a1345ecbae368809764","messageTitle":"Removed print statement from debugging","messageBody":"","fileTypesAndContributionMap":{"functional-code":{"insertions":1,"deletions":2}}},{"hash":"fdee8c281c6e17e5db28b5b81c9907b4057d9105","messageTitle":"Fixed bug reading null phone numbers as null string","messageBody":"","fileTypesAndContributionMap":{"functional-code":{"insertions":9,"deletions":1},"test-code":{"insertions":2,"deletions":1}}},{"hash":"d2c5de3b6c4c66d2bda0d691ea063f317651c80d","messageTitle":"Added some junit classes","messageBody":"","fileTypesAndContributionMap":{"test-code":{"insertions":11,"deletions":0}}},{"hash":"79462bfe3cd0d4a8c6b369d728108fa62fbabd54","messageTitle":"Added config file junit tests","messageBody":"","fileTypesAndContributionMap":{"functional-code":{"insertions":14,"deletions":6},"test-code":{"insertions":46,"deletions":10}}},{"hash":"b5c4e2341721238265e8f4fdca6851b8411a0871","messageTitle":"Fixed config file test","messageBody":"","fileTypesAndContributionMap":{"test-code":{"insertions":1,"deletions":2}}}]},{"date":"2021-03-28","commitResults":[{"hash":"369979002b2528476e51d775b5957a8088aba6e6","messageTitle":"Added JUnit test for MoveStorageCommand","messageBody":"","fileTypesAndContributionMap":{"functional-code":{"insertions":11,"deletions":9},"test-code":{"insertions":27,"deletions":4}}},{"hash":"2019a6c809c45d11265085550ca6e554079a92fe","messageTitle":"Added some lines to the developer guide for storage module.","messageBody":"","fileTypesAndContributionMap":{"functional-code":{"insertions":1,"deletions":1},"docs":{"insertions":22,"deletions":4}}}]},{"date":"2021-03-30","commitResults":[{"hash":"7cceef4b317d9a2df85fb141cee56511172669c2","messageTitle":"Small update to ug","messageBody":"","fileTypesAndContributionMap":{"docs":{"insertions":3,"deletions":1}}}]},{"date":"2021-03-31","commitResults":[{"hash":"4e9aee07ff784668d2b89677e091266ce49fb622","messageTitle":"Updated developers guide","messageBody":"","fileTypesAndContributionMap":{"docs":{"insertions":8,"deletions":1}}},{"hash":"2151f3bacaea552adc7882de1f8a26499b1c3e63","messageTitle":"Added some javadocs","messageBody":"","fileTypesAndContributionMap":{"functional-code":{"insertions":14,"deletions":0}}},{"hash":"ec6ededb282e81c82852b7f6ec8ea92ef0bacd08","messageTitle":"more java docs","messageBody":"","fileTypesAndContributionMap":{"functional-code":{"insertions":8,"deletions":3}}},{"hash":"10aba05c15488e2ef24f9e334f63af5e8cc14f31","messageTitle":"Fixed javadocs period","messageBody":"","fileTypesAndContributionMap":{"functional-code":{"insertions":1,"deletions":2}}}]},{"date":"2021-04-04","commitResults":[{"hash":"521dc1ec5cf11cc7582a0b9e21be796447a2833b","messageTitle":"Modified movestorage command to be more aligned with its purpose","messageBody":"","fileTypesAndContributionMap":{"functional-code":{"insertions":31,"deletions":1},"docs":{"insertions":6,"deletions":2}}},{"hash":"3fd5c8f8372df7d945da8e1f748f72f36037212d","messageTitle":"Updated user guide on how to recover from writing issues.","messageBody":"","fileTypesAndContributionMap":{"docs":{"insertions":3,"deletions":0}}},{"hash":"f54e60df83b438bbce252e76e66d5c4b28b35c14","messageTitle":"Fixed unit tests","messageBody":"","fileTypesAndContributionMap":{"functional-code":{"insertions":16,"deletions":4},"test-code":{"insertions":15,"deletions":2}}},{"hash":"e702aa8a26b56e8fa3d1c30efbcb66e0a22a0bf0","messageTitle":"Fixed checkstyle error","messageBody":"","fileTypesAndContributionMap":{"functional-code":{"insertions":1,"deletions":1}}},{"hash":"fa290d7a2d5a65da9d1ea97b4ac4cba7195a58cc","messageTitle":"Fixed another issue with unit test","messageBody":"","fileTypesAndContributionMap":{"test-code":{"insertions":4,"deletions":3}}}]},{"date":"2021-04-07","commitResults":[{"hash":"7bd16c4ae990ca1a09860b9728d95aaaf92ff93b","messageTitle":"Added dg and ppp","messageBody":"","fileTypesAndContributionMap":{"docs":{"insertions":21,"deletions":0}}}]},{"date":"2021-04-08","commitResults":[{"hash":"2e6d173f7570d50895fcdd555b105f3fcea91fd7","messageTitle":"Dg update for history","messageBody":"","fileTypesAndContributionMap":{"docs":{"insertions":5,"deletions":1}}},{"hash":"59a4a6a6a015b6b6bffc7fc96d00516a219e7503","messageTitle":"Modified wording for history","messageBody":"","fileTypesAndContributionMap":{"docs":{"insertions":2,"deletions":1}}}]},{"date":"2021-04-09","commitResults":[{"hash":"41a507a494bef08cbe362850f2eed137961e668a","messageTitle":"Added set up section","messageBody":"","fileTypesAndContributionMap":{"docs":{"insertions":27,"deletions":0}}}]},{"date":"2021-04-11","commitResults":[{"hash":"f0b0ead125917c1f460ef38d4b7d09a1b94c8c27","messageTitle":"Added images to Setting up guide","messageBody":"","fileTypesAndContributionMap":{"docs":{"insertions":19,"deletions":9}}},{"hash":"1b52411b3256ce09db4a2f6e9b6480571bb04c8a","messageTitle":"Modified spacing of setting up","messageBody":"","fileTypesAndContributionMap":{"docs":{"insertions":2,"deletions":0}}},{"hash":"858ec7f5566677c239556a126f0797bf8822a700","messageTitle":"Added links to settting up guide","messageBody":"","fileTypesAndContributionMap":{"docs":{"insertions":2,"deletions":1}}}]},{"date":"2021-04-12","commitResults":[{"hash":"c0d035d053646097d3356422510076516790cbd3","messageTitle":"added some javadocs","messageBody":"","fileTypesAndContributionMap":{"functional-code":{"insertions":6,"deletions":2}}},{"hash":"319fdb647d3639ab2953528e019af06a04c81d58","messageTitle":"Updated pictures in userguide","messageBody":"","fileTypesAndContributionMap":{"functional-code":{"insertions":1,"deletions":1},"docs":{"insertions":1,"deletions":1}}},{"hash":"3ec6d9a6221b744a63d3df127a9269922b255fb5","messageTitle":"Fixed checkstyle error","messageBody":"","fileTypesAndContributionMap":{"functional-code":{"insertions":1,"deletions":1}}},{"hash":"a54dc7cf15f1d5092d30747324ed3c298abe03ea","messageTitle":"Added spacing in java docs","messageBody":"","fileTypesAndContributionMap":{"functional-code":{"insertions":14,"deletions":0}}},{"hash":"1b8cf042baf6ac2f95876f69dc490da5faa13394","messageTitle":"Update README.md","messageBody":"","fileTypesAndContributionMap":{"docs":{"insertions":8,"deletions":61}}},{"hash":"e31fdf9c468bfe2b1f075dcab8b1b0e86c6a8339","messageTitle":"Updated ppp","messageBody":"","fileTypesAndContributionMap":{"docs":{"insertions":27,"deletions":6}}},{"hash":"190b3f11d8320a8fa5e2a80eee6137a54a231260","messageTitle":"Updated pp","messageBody":"","fileTypesAndContributionMap":{"docs":{"insertions":3,"deletions":2}}},{"hash":"c7255bc74bf472361b21d67c2defbd20dd21dc12","messageTitle":"Small modification to cyc and build.gradle","messageBody":"","fileTypesAndContributionMap":{"other":{"insertions":1,"deletions":1},"docs":{"insertions":1,"deletions":0}}},{"hash":"c79075b3868287b2988ef152f7808b293d9496b8","messageTitle":"Updated PPP again","messageBody":"","fileTypesAndContributionMap":{"docs":{"insertions":3,"deletions":1}}},{"hash":"2c7acb664f3eb9e7657d0796b6b7a90e915345cf","messageTitle":"updated my pppppp","messageBody":"","fileTypesAndContributionMap":{"docs":{"insertions":12,"deletions":2}}}]}],"hussain1998":[{"date":"2021-03-07","commitResults":[{"hash":"607fe9fc247482dabf60fb939ce5573cfa0b3766","messageTitle":"Create Person, Id, Name and Phone class.","messageBody":"","fileTypesAndContributionMap":{"functional-code":{"insertions":140,"deletions":0}}}]},{"date":"2021-03-09","commitResults":[{"hash":"5bcfe234de3e33919ac5b8a3dacf3a2710116e8b","messageTitle":"Add isCheckedIn boolean in Person class. Rename variable names in Name, Phone and Id class to make code clearer.","messageBody":"","fileTypesAndContributionMap":{"functional-code":{"insertions":30,"deletions":21}}},{"hash":"342a1e04cebe8d335d6eaafdf5187499e5e26491","messageTitle":"Add Person class JUnit test","messageBody":"","fileTypesAndContributionMap":{"functional-code":{"insertions":2,"deletions":2},"test-code":{"insertions":34,"deletions":0}}},{"hash":"fe38db633d32dcc566f340cf599b70a31358db40","messageTitle":"Add JUnit test for Id Class.","messageBody":"","fileTypesAndContributionMap":{"test-code":{"insertions":22,"deletions":0}}}]},{"date":"2021-03-10","commitResults":[{"hash":"c22a92e14ef6c224a6ae5ffc94f71eef5cceea6a","messageTitle":"Add testutil package. Consists of PersonBuilder and SamplePersons class.","messageBody":"","fileTypesAndContributionMap":{"test-code":{"insertions":65,"deletions":21}}},{"hash":"54e6927e3deca296771e807c41ad2b62029909f3","messageTitle":"Touch up Duke. Duke able to run Checkin, Checkout and List now.","messageBody":"","fileTypesAndContributionMap":{"functional-code":{"insertions":146,"deletions":64},"other":{"insertions":34,"deletions":8},"test-code":{"insertions":3,"deletions":3}}}]},{"date":"2021-03-11","commitResults":[{"hash":"cd5c3b69c796f9c30acf9b0e655c8aec3d5ab973","messageTitle":"Fix Indentation errors","messageBody":"","fileTypesAndContributionMap":{"test-code":{"insertions":1,"deletions":1}}}]},{"date":"2021-03-13","commitResults":[{"hash":"7c9822df66eb48ef62ae7bfb88f051b6dcd3399f","messageTitle":"Bug-Fix","messageBody":"","fileTypesAndContributionMap":{"functional-code":{"insertions":10,"deletions":14}}},{"hash":"0000dd39c21628b92292ae0b79132993fca172eb","messageTitle":"Bug-Fix","messageBody":"","fileTypesAndContributionMap":{"functional-code":{"insertions":43,"deletions":46}}},{"hash":"08dc5a2e12f1a9baeb1ac4f2f86422156405126f","messageTitle":"Update Syntax.","messageBody":"","fileTypesAndContributionMap":{"functional-code":{"insertions":3,"deletions":4}}}]},{"date":"2021-03-16","commitResults":[{"hash":"6ac078fcdf5c6789553fb94ce0eff043995c12ee","messageTitle":"Add assertions for Person class.","messageBody":"","fileTypesAndContributionMap":{"functional-code":{"insertions":4,"deletions":0},"other":{"insertions":1,"deletions":0}}},{"hash":"f8bd4e0e7dd9d5ea5dc092f631bad8626a90656b","messageTitle":"Add RegEx for Id, Name and Phone class.","messageBody":"","fileTypesAndContributionMap":{"functional-code":{"insertions":26,"deletions":12},"test-code":{"insertions":1,"deletions":5}}},{"hash":"2cbd574f16d4d4a2f02e52ae61eb0aad3c602374","messageTitle":"Modify RegEx in Id class.","messageBody":"","fileTypesAndContributionMap":{"functional-code":{"insertions":2,"deletions":2}}},{"hash":"ad9ed2a93bca954f95f60bd8b1ec717225f27b21","messageTitle":"Add toString() method in Phone class.","messageBody":"","fileTypesAndContributionMap":{"functional-code":{"insertions":5,"deletions":0}}},{"hash":"e077f9aa67b1a125ead3b3294dde36eac38714a3","messageTitle":"Change phone number of Mary to 8 digits in sample persons.","messageBody":"","fileTypesAndContributionMap":{"test-code":{"insertions":1,"deletions":1}}},{"hash":"71c08c163abfed1ee3f821faf6d60ce6d34db4be","messageTitle":"Modify Parser class\u0027s trim() usage.","messageBody":"","fileTypesAndContributionMap":{"functional-code":{"insertions":4,"deletions":4}}}]},{"date":"2021-03-21","commitResults":[{"hash":"ac253593a950b6508ce04f44671af7ac9d0f75bf","messageTitle":"Create a Junit test for Phone class","messageBody":"","fileTypesAndContributionMap":{"test-code":{"insertions":41,"deletions":0}}}]},{"date":"2021-03-22","commitResults":[{"hash":"5ea28972b00b84dc08b86f4343fe73be62b28ac6","messageTitle":"Include tests for getPhoneNo() and setPhoneNo().","messageBody":"","fileTypesAndContributionMap":{"test-code":{"insertions":12,"deletions":0}}},{"hash":"1a662520b9a85482fce28a724389fbab9233f007","messageTitle":"Add tests for isAvailable() and toString().","messageBody":"","fileTypesAndContributionMap":{"functional-code":{"insertions":2,"deletions":5},"test-code":{"insertions":8,"deletions":5}}}]},{"date":"2021-03-23","commitResults":[{"hash":"67e2131c5dc8c156f67e2ce207f3cbabe87eb46d","messageTitle":"Remove unused methods.","messageBody":"","fileTypesAndContributionMap":{"functional-code":{"insertions":0,"deletions":12}}},{"hash":"77a43f332f98cc5192e3d1fac312e3fb5287be4e","messageTitle":"Update DeveloperGuide.md","messageBody":"","fileTypesAndContributionMap":{"docs":{"insertions":17,"deletions":2}}},{"hash":"c74a4c2be46b41a6b591434630e6f2dd1f84e797","messageTitle":"Add Person class to Model component in DG","messageBody":"","fileTypesAndContributionMap":{"docs":{"insertions":4,"deletions":1}}}]},{"date":"2021-03-24","commitResults":[{"hash":"96fdadab2ae28cf071fcfcbec579ddc81d65cb74","messageTitle":"Update DeveloperGuide.md","messageBody":"","fileTypesAndContributionMap":{"docs":{"insertions":0,"deletions":11}}},{"hash":"e7928a7736f2867e655f4a5394f8a90ebda77232","messageTitle":"Add Model component to DG","messageBody":"","fileTypesAndContributionMap":{"docs":{"insertions":11,"deletions":0}}},{"hash":"23c747dfe0f61551cbff1992e2493610b6b7a2e8","messageTitle":"Update DeveloperGuide.md","messageBody":"","fileTypesAndContributionMap":{"docs":{"insertions":2,"deletions":0}}}]},{"date":"2021-03-26","commitResults":[{"hash":"5f1ec1b1ec16222610956f56d2adddaf0170f13d","messageTitle":"Create PersonLog class. Stores Person details in a text file.","messageBody":"","fileTypesAndContributionMap":{"functional-code":{"insertions":77,"deletions":1}}},{"hash":"26ef1109abc8a40852c5f11104601a7f3411e04c","messageTitle":"Make Person, Id, Name, Phone class implement serializable","messageBody":"","fileTypesAndContributionMap":{"functional-code":{"insertions":13,"deletions":4}}},{"hash":"9ec575ef91c7d145a606c43ac7a8c282a47d00ed","messageTitle":"Create Junit Test for PersonLog class","messageBody":"","fileTypesAndContributionMap":{"test-code":{"insertions":42,"deletions":0}}},{"hash":"c7883ab30b78a5fd36f51f4216270c61b30a9306","messageTitle":"Rename PersonLog to LogFile","messageBody":"","fileTypesAndContributionMap":{"other":{"insertions":8,"deletions":8}}},{"hash":"5740088b77857dcb1af0722f536597aef465453c","messageTitle":"Add PersonLog class","messageBody":"","fileTypesAndContributionMap":{"functional-code":{"insertions":40,"deletions":0}}},{"hash":"d7bd8e1c4b2a259d66d6eec05082157950aa6b19","messageTitle":"Change LogFile\u0027s loadAllPerson() to return void","messageBody":"","fileTypesAndContributionMap":{"functional-code":{"insertions":5,"deletions":4},"test-code":{"insertions":1,"deletions":8}}},{"hash":"4f553795befd976566d24901bfb99e0173d814b8","messageTitle":"Add PersonLog class and include it in Duke class","messageBody":"","fileTypesAndContributionMap":{"functional-code":{"insertions":55,"deletions":26}}}]},{"date":"2021-03-27","commitResults":[{"hash":"8fbda0c075da1cef8a25ab8768e2827bbf222834","messageTitle":"Test PersonLog","messageBody":"","fileTypesAndContributionMap":{"functional-code":{"insertions":17,"deletions":7},"test-code":{"insertions":63,"deletions":7}}},{"hash":"bb0d1eca424fe40baf7de15dac508057334566f6","messageTitle":"Improve Code Style","messageBody":"","fileTypesAndContributionMap":{"functional-code":{"insertions":6,"deletions":1},"test-code":{"insertions":0,"deletions":13}}},{"hash":"564d7737a01d0f16d639c512f21cfc5892c8df20","messageTitle":"Check if file exists in loadAllPersons()","messageBody":"","fileTypesAndContributionMap":{"functional-code":{"insertions":10,"deletions":3},"test-code":{"insertions":5,"deletions":0}}},{"hash":"725a1f9a964eafbe6589a7e606175bd4ef4199eb","messageTitle":"Add PersonLog in UG","messageBody":"","fileTypesAndContributionMap":{"docs":{"insertions":5,"deletions":1}}},{"hash":"e3ada2e481500ad309e63f471709f6a5a532fd83","messageTitle":"Update UserGuide.md","messageBody":"","fileTypesAndContributionMap":{"docs":{"insertions":2,"deletions":0}}},{"hash":"119c54904d3ed96c77ba95e492fe2b3ea5e4f989","messageTitle":"Update UserGuide.md","messageBody":"","fileTypesAndContributionMap":{"docs":{"insertions":4,"deletions":1}}},{"hash":"dc993eaa022db69ddf6f03f4ff37d70b8d2979ec","messageTitle":"Update UserGuide.md","messageBody":"","fileTypesAndContributionMap":{"docs":{"insertions":2,"deletions":2}}},{"hash":"061f3b8c69214e0df4efda02fbf6bdb6fac48ae7","messageTitle":"Change Name character limit to 30.","messageBody":"","fileTypesAndContributionMap":{"functional-code":{"insertions":20,"deletions":31}}},{"hash":"e5923606d49b53731fedea872fa732334fef963c","messageTitle":"Update Parser.java","messageBody":"","fileTypesAndContributionMap":{"functional-code":{"insertions":1,"deletions":1}}},{"hash":"84679d94f0fe0ad6f96213c510aea69daa421c91","messageTitle":"Update UserGuide.md","messageBody":"","fileTypesAndContributionMap":{"docs":{"insertions":2,"deletions":5}}}]},{"date":"2021-03-28","commitResults":[{"hash":"105cd7702e9bf8b3ae2ac319f2be962f0768c47a","messageTitle":"BugFix","messageBody":"","fileTypesAndContributionMap":{"functional-code":{"insertions":12,"deletions":0}}},{"hash":"10025e07edeab89561242d290092875810d0b000","messageTitle":"BugFix","messageBody":"","fileTypesAndContributionMap":{"functional-code":{"insertions":14,"deletions":1}}},{"hash":"34c9487001986fb7aa46e6628524726582977456","messageTitle":"Bug Fix LogFile","messageBody":"","fileTypesAndContributionMap":{"functional-code":{"insertions":53,"deletions":69},"other":{"insertions":1,"deletions":0},"test-code":{"insertions":30,"deletions":6}}},{"hash":"1321161d09cb23bb8b534fff4223e19e4712ea50","messageTitle":"addPerson in PersonLog.java does not assert if person already exist.","messageBody":"","fileTypesAndContributionMap":{"functional-code":{"insertions":3,"deletions":1}}},{"hash":"a8a0c06010a3cd85b961d7b2cb31c325c9089d6c","messageTitle":"Update Junit Test","messageBody":"","fileTypesAndContributionMap":{"functional-code":{"insertions":20,"deletions":3},"test-code":{"insertions":12,"deletions":54}}}]},{"date":"2021-03-31","commitResults":[{"hash":"2e7bcf391d494c73de168eecd9c9d1edd244d798","messageTitle":"Add Model Component Class Diagram","messageBody":"","fileTypesAndContributionMap":{"docs":{"insertions":9,"deletions":2}}},{"hash":"3ce09ce5ed12c4edf0bf3deb4a22195668fb0629","messageTitle":"Update DeveloperGuide.md","messageBody":"","fileTypesAndContributionMap":{"docs":{"insertions":1,"deletions":1}}}]},{"date":"2021-04-07","commitResults":[{"hash":"1047b184f9a2183bb271b2bcd65fb613325bd415","messageTitle":"Edit Max now checks if the max capacity is more than the currently checkedin people. Need to edit editmax command to handle exception and location test needs to be changed.","messageBody":"","fileTypesAndContributionMap":{"functional-code":{"insertions":21,"deletions":5}}},{"hash":"43188239485603c5f02eb073af55c573e93569a1","messageTitle":"Edit Test for Location class","messageBody":"","fileTypesAndContributionMap":{"functional-code":{"insertions":2,"deletions":1},"test-code":{"insertions":12,"deletions":11}}},{"hash":"5c553367fba5d50e5e61383edfb7723302ba4d12","messageTitle":"Handles Ctrl+C with a shutdownhook","messageBody":"","fileTypesAndContributionMap":{"functional-code":{"insertions":11,"deletions":3}}},{"hash":"fe10a58ae4b01dac2136171ab1802f07814bdb11","messageTitle":"All types of exit, goes through exitDuke()","messageBody":"","fileTypesAndContributionMap":{"functional-code":{"insertions":11,"deletions":1}}},{"hash":"bb413032d0774b60276f3b73dcaef7ab4127fdaa","messageTitle":"Add PPP document.","messageBody":"","fileTypesAndContributionMap":{"docs":{"insertions":29,"deletions":1}}},{"hash":"4198c30d8779b8df7a9d243f66ec66714ca55d5c","messageTitle":"Remove serializable from Person, Name, Id and Phone class.","messageBody":"","fileTypesAndContributionMap":{"functional-code":{"insertions":4,"deletions":11}}},{"hash":"0a03fc2f87ad8b816b72acb05cad7fce375d4a19","messageTitle":"change exit status to 0","messageBody":"","fileTypesAndContributionMap":{"functional-code":{"insertions":1,"deletions":1}}},{"hash":"c888c620f8091011e6478ee815a3b8f773e0a6b6","messageTitle":"Repackage into model","messageBody":"","fileTypesAndContributionMap":{"functional-code":{"insertions":45,"deletions":47},"other":{"insertions":23,"deletions":14},"test-code":{"insertions":11,"deletions":12}}}]},{"date":"2021-04-11","commitResults":[{"hash":"80461dd2b081a43192f281e2d192e6272192153f","messageTitle":"Add Visitor Log feature in the Developer Guide","messageBody":"","fileTypesAndContributionMap":{"docs":{"insertions":21,"deletions":0}}},{"hash":"1e03db5e8b4701b1a74030a1d889ba85e60a6b76","messageTitle":"Update Visitor Log feature in Implementation section","messageBody":"","fileTypesAndContributionMap":{"docs":{"insertions":24,"deletions":4}}},{"hash":"c744984f0a2abf20b733d36163714cc9d8c2877f","messageTitle":"Add sequence diagram for visitor log","messageBody":"","fileTypesAndContributionMap":{"docs":{"insertions":1,"deletions":1}}},{"hash":"070270cea94263fdb1bb11dcef0a3a22632e65d9","messageTitle":"Minor changes to DG","messageBody":"","fileTypesAndContributionMap":{"docs":{"insertions":5,"deletions":2}}}]},{"date":"2021-04-12","commitResults":[{"hash":"bf9ff2db54a7b436adf872841fb713464f9e5186","messageTitle":"Add numberings, figure numers, APIs, Figure description","messageBody":"","fileTypesAndContributionMap":{"docs":{"insertions":46,"deletions":30}}},{"hash":"be3a53186823551ae4183d0429387d6ffb48af6b","messageTitle":"Change Model Structure image size","messageBody":"","fileTypesAndContributionMap":{"docs":{"insertions":2,"deletions":2}}},{"hash":"1e7e3a3f436ddd31baa1774f8f69bb1691606fb1","messageTitle":"update link","messageBody":"","fileTypesAndContributionMap":{"docs":{"insertions":1,"deletions":1}}},{"hash":"b7e9b4474c454a10869783f2a23f51cbad6e2794","messageTitle":"Update DeveloperGuide.md","messageBody":"","fileTypesAndContributionMap":{"docs":{"insertions":1,"deletions":1}}},{"hash":"1531dfbbd9e1e133aa18eeb1da9ebf374fd6a27b","messageTitle":"Update DeveloperGuide.md","messageBody":"","fileTypesAndContributionMap":{"docs":{"insertions":2,"deletions":2}}},{"hash":"b17442a61bf9b7fc0997aab414675310945df109","messageTitle":"Update DeveloperGuide.md","messageBody":"","fileTypesAndContributionMap":{"docs":{"insertions":19,"deletions":19}}},{"hash":"7e6f7a0af921c22835806cd57c0c1c9a34cc0ea1","messageTitle":"Update DeveloperGuide.md","messageBody":"","fileTypesAndContributionMap":{"docs":{"insertions":1,"deletions":1}}},{"hash":"f833ad0e3532d0ecde0dd8514fdcc0b26463bb7d","messageTitle":"Update UserGuide.md","messageBody":"","fileTypesAndContributionMap":{"docs":{"insertions":1,"deletions":1}}},{"hash":"ed87c62aefb7c7b2f7c9ed8e4da9eefec6a4e664","messageTitle":"Update JavaDocs","messageBody":"","fileTypesAndContributionMap":{"functional-code":{"insertions":135,"deletions":10}}},{"hash":"5e8ae06d212a37552c673678ff948663c56d80e1","messageTitle":"Update hussain1998.md","messageBody":"","fileTypesAndContributionMap":{"docs":{"insertions":1,"deletions":1}}},{"hash":"4d70b1cdaad0c95b630a436b18b5e2eaefeabea3","messageTitle":"Update to PPP","messageBody":"","fileTypesAndContributionMap":{"docs":{"insertions":24,"deletions":14}}},{"hash":"0f09e7285126dfeb15b7af743e994567ae72863a","messageTitle":"Update PPP","messageBody":"","fileTypesAndContributionMap":{"docs":{"insertions":8,"deletions":0}}},{"hash":"d76b9d1192c10be39aca44040fb4cd2dba1252aa","messageTitle":"Update DeveloperGuide.md","messageBody":"","fileTypesAndContributionMap":{"docs":{"insertions":3,"deletions":3}}},{"hash":"d11b20257b6fb8bdf1ded34e0316f0eb22681eb9","messageTitle":"Update Glossary.md","messageBody":"","fileTypesAndContributionMap":{"docs":{"insertions":2,"deletions":2}}}]}]},"authorFileTypeContributionMap":{"JonathanKhooTY":{"docs":199,"functional-code":439,"test-code":422},"iamakilahamed":{"docs":549,"functional-code":731,"test-code":267,"other":3},"limwenfeng":{"docs":259,"functional-code":357,"test-code":89},"sarzorwyn":{"docs":156,"functional-code":546,"test-code":331,"other":16},"hussain1998":{"docs":158,"functional-code":662,"test-code":241,"other":2}},"authorContributionVariance":{"JonathanKhooTY":32767.225,"iamakilahamed":18997.627,"limwenfeng":17130.572,"sarzorwyn":6100.3325,"hussain1998":10940.513},"authorDisplayNameMap":{"JonathanKhooTY":"CS2113T-T09-1 JONA..YANG","iamakilahamed":"CS2113T-T09-1 A AK..AMED","limwenfeng":"CS2113T-T09-1 LIM ..FENG","sarzorwyn":"CS2113T-T09-1 IVAN..A AN","hussain1998":"CS2113T-T09-1 H MO..SAIN"}}
