{"authorDailyContributionsMap":{"JonathanKhooTY":[{"date":"2021-03-07","commitResults":[{"hash":"580a27d72bc78cc73cfdf32da85990b1e5433641","messageTitle":"Update code with parser class and aboutus edit","messageBody":"","fileTypesAndContributionMap":{"functional-code":{"insertions":2,"deletions":0},"docs":{"insertions":1,"deletions":1}}},{"hash":"28a03e2fa0aaad2f12c00ccaeaf0c75cfd08ab5c","messageTitle":"Update with parser class","messageBody":"","fileTypesAndContributionMap":{"functional-code":{"insertions":72,"deletions":1}}}]},{"date":"2021-03-10","commitResults":[{"hash":"3335818619215e427bfb7870aefad240e9dfc570","messageTitle":"Update with parserJUnit test","messageBody":"","fileTypesAndContributionMap":{"functional-code":{"insertions":11,"deletions":11},"other":{"insertions":3,"deletions":3},"test-code":{"insertions":42,"deletions":23}}}]},{"date":"2021-03-13","commitResults":[{"hash":"382faccff17f4f82b852290efaccba5e4b9d6873","messageTitle":"Update checkin and checkout functions and added some exceptions","messageBody":"","fileTypesAndContributionMap":{"functional-code":{"insertions":126,"deletions":40},"test-code":{"insertions":1,"deletions":1}}},{"hash":"061fab9797c55f7b5e0a4e48bdd77b1150fbd9db","messageTitle":"Edited checkout function and fixed CI error","messageBody":"","fileTypesAndContributionMap":{"functional-code":{"insertions":11,"deletions":9}}},{"hash":"672c817a63d147e21e8e004c67fa2e068c750880","messageTitle":"Fix parsertest CI error","messageBody":"","fileTypesAndContributionMap":{"functional-code":{"insertions":1,"deletions":1}}}]},{"date":"2021-03-17","commitResults":[{"hash":"502c97836f5f112d0a61df2dced23ed1375bc4cd","messageTitle":"Update with assertion","messageBody":"","fileTypesAndContributionMap":{"functional-code":{"insertions":1,"deletions":9}}},{"hash":"d0a5eeef2999c28ae6781f965b832a69ab8d0ec6","messageTitle":"Updated parser assertion","messageBody":"","fileTypesAndContributionMap":{"functional-code":{"insertions":3,"deletions":2}}}]},{"date":"2021-03-19","commitResults":[{"hash":"ea21eada52907cef5b288d60833e39a25abf6bc0","messageTitle":"Modified list functionality to include list and listall","messageBody":"","fileTypesAndContributionMap":{"functional-code":{"insertions":67,"deletions":30}}},{"hash":"47199630063061e51bb46f36e7093073df376a6f","messageTitle":"Update 2.0","messageBody":"","fileTypesAndContributionMap":{"functional-code":{"insertions":17,"deletions":12}}}]},{"date":"2021-03-22","commitResults":[{"hash":"f00cec756a11e3e6d9741db07a447911e15fd756","messageTitle":"Update checkin to receive optional phone number","messageBody":"","fileTypesAndContributionMap":{"functional-code":{"insertions":30,"deletions":6}}},{"hash":"1e080bb7c40aa881c46bcdc63fa8eef982aa145d","messageTitle":"Updated checkout to receive optional n/ tags and updated junit testing","messageBody":"","fileTypesAndContributionMap":{"functional-code":{"insertions":31,"deletions":19},"test-code":{"insertions":52,"deletions":3}}},{"hash":"45f4e9b8fe3ab6473355f444727cf6c0cd2f958a","messageTitle":"Updated more junit testing for parser","messageBody":"","fileTypesAndContributionMap":{"test-code":{"insertions":11,"deletions":1}}}]},{"date":"2021-03-23","commitResults":[{"hash":"e1e9e3d8d11fe7044afbe48031f083362a56db8b","messageTitle":"Update DG","messageBody":"","fileTypesAndContributionMap":{"docs":{"insertions":13,"deletions":4}}}]},{"date":"2021-03-24","commitResults":[{"hash":"5af2d9110ba7f8f392e1cee1d1843655611827b9","messageTitle":"Update parser test coverage","messageBody":"","fileTypesAndContributionMap":{"functional-code":{"insertions":1,"deletions":1},"test-code":{"insertions":64,"deletions":0}}},{"hash":"56fd2b5ec667b6ed47199695e376ccdaff404d8d","messageTitle":"Update test coverage","messageBody":"","fileTypesAndContributionMap":{"test-code":{"insertions":13,"deletions":3}}},{"hash":"712c21d184236e58f316e23d5d067c153c2bf68f","messageTitle":"Fixed code style error","messageBody":"","fileTypesAndContributionMap":{"test-code":{"insertions":11,"deletions":18}}}]},{"date":"2021-03-25","commitResults":[{"hash":"7d5b36bbb198a6822c0c6b3f8743f1c41873cc33","messageTitle":"Removed static methods","messageBody":"","fileTypesAndContributionMap":{"functional-code":{"insertions":12,"deletions":12},"test-code":{"insertions":19,"deletions":20}}}]},{"date":"2021-03-26","commitResults":[{"hash":"b568679ba0d2883843204984080bfca924491450","messageTitle":"Update UG","messageBody":"","fileTypesAndContributionMap":{"docs":{"insertions":121,"deletions":9}}}]},{"date":"2021-03-27","commitResults":[{"hash":"ed7d096f4179c79f614561207b62d5914d15688c","messageTitle":"Update parseCheckin exception handling","messageBody":"","fileTypesAndContributionMap":{"test-code":{"insertions":1,"deletions":1}}},{"hash":"22d31b6b17446b326ed8c7445b4323b042a35205","messageTitle":"Update checkin function with valid ID, name and phone checkers","messageBody":"","fileTypesAndContributionMap":{"functional-code":{"insertions":87,"deletions":15},"test-code":{"insertions":17,"deletions":7}}},{"hash":"6a9419f8c5a555ee81ebd0fae693bb4027671047","messageTitle":"Revert \"Update checkin function with valid ID, name and phone checkers\"","messageBody":"","fileTypesAndContributionMap":{"functional-code":{"insertions":15,"deletions":96},"test-code":{"insertions":7,"deletions":38}}},{"hash":"d7ae995d89e75dac86ad28ef19b09e03f3f34f39","messageTitle":"Revert \"Revert \"Update checkin function with valid ID, name and phone checkers\"\"","messageBody":"","fileTypesAndContributionMap":{"functional-code":{"insertions":96,"deletions":15},"test-code":{"insertions":38,"deletions":7}}},{"hash":"db05b9eaed723b37968517f88ed1bf592f584dd4","messageTitle":"Fix checkstyle errors","messageBody":"","fileTypesAndContributionMap":{"functional-code":{"insertions":2,"deletions":2}}},{"hash":"9a3e3183b24f263a4f783024655851cdc1721b23","messageTitle":"Add editmax parser, and help parser","messageBody":"","fileTypesAndContributionMap":{"functional-code":{"insertions":40,"deletions":9}}},{"hash":"5f56a945ad9cf1ecf0b26a68a1b21ef9ac51e605","messageTitle":"Fix exception handling errors in test classes","messageBody":"","fileTypesAndContributionMap":{"test-code":{"insertions":8,"deletions":7}}},{"hash":"bb7d8afe2bea9983ae01023b4ebe296f39b67fc9","messageTitle":"Update UG","messageBody":"","fileTypesAndContributionMap":{"docs":{"insertions":26,"deletions":1}}},{"hash":"6636b0a51e19b7fe16349be4b975860b99908271","messageTitle":"Update checkin functionality to check for existing log","messageBody":"","fileTypesAndContributionMap":{"functional-code":{"insertions":17,"deletions":9}}},{"hash":"9d99eb2008cc3d7e1ba4fa9e77741043e5eb9398","messageTitle":"Update parser test errors","messageBody":"","fileTypesAndContributionMap":{"test-code":{"insertions":6,"deletions":6}}},{"hash":"2635ccc860f9230fd88cbef13e656be5fba9acf4","messageTitle":"Update UG","messageBody":"","fileTypesAndContributionMap":{"docs":{"insertions":4,"deletions":1}}},{"hash":"73dbd59d2579c9a8c351930f7734f8ce84524bd2","messageTitle":"Debug checkin parsing","messageBody":"","fileTypesAndContributionMap":{"functional-code":{"insertions":1,"deletions":1}}}]}],"iamakilahamed":[{"date":"2021-03-06","commitResults":[{"hash":"b79abb348792a9d87f9724cbbe1221ec888ac01f","messageTitle":"Change runtest.sh permission","messageBody":"Also add the github link to Akil\u0027s profile\n","fileTypesAndContributionMap":{"docs":{"insertions":1,"deletions":1}}}]},{"date":"2021-03-07","commitResults":[{"hash":"bcd13f751bc07e5b870096137dbf45c3926abfb4","messageTitle":"Create Command, CheckinCommand, FindCommand class","messageBody":"Incomplete. Commiting and pushing just to create a pull request.\n","fileTypesAndContributionMap":{"functional-code":{"insertions":91,"deletions":0}}}]},{"date":"2021-03-08","commitResults":[{"hash":"87719c35e2c29b98c89812b2299a62710e955c70","messageTitle":"Add more command classes","messageBody":"Incomplete\n","fileTypesAndContributionMap":{"functional-code":{"insertions":101,"deletions":35}}},{"hash":"1887e695e06d679837f2dcd9a84a24a3df84c1bc","messageTitle":"Updated the classes","messageBody":"","fileTypesAndContributionMap":{"functional-code":{"insertions":32,"deletions":3}}}]},{"date":"2021-03-09","commitResults":[{"hash":"6623ddb3a7ad69491f9a3491b63c381ddfd10061","messageTitle":"Test runtest.sh permission","messageBody":"","fileTypesAndContributionMap":{"functional-code":{"insertions":1,"deletions":1}}},{"hash":"aad84bf5981fb9f08f74c7e5665da9ab19e34862","messageTitle":"Update runtest.sh permission","messageBody":"","fileTypesAndContributionMap":{"other":{"insertions":0,"deletions":0}}},{"hash":"76f7ec52045d996ff01f02adcc5cef341efc3948","messageTitle":"Add JUnit tests for CheckinCommand and CheckoutCommand","messageBody":"","fileTypesAndContributionMap":{"test-code":{"insertions":40,"deletions":0}}},{"hash":"0f2d27f178efbce84b7e3b1d3985bcce231ba7c6","messageTitle":"Some minor edits","messageBody":"","fileTypesAndContributionMap":{"functional-code":{"insertions":37,"deletions":19}}}]},{"date":"2021-03-11","commitResults":[{"hash":"6c32020f142c12bc83204c0334ac5b26786b2c41","messageTitle":"Fix checkstyle problems","messageBody":"","fileTypesAndContributionMap":{"functional-code":{"insertions":30,"deletions":29}}},{"hash":"ddb2df12013107748d1eeab76992778deddd99ba","messageTitle":"Fix CheckinCommandTest and CheckoutCommandTest","messageBody":"","fileTypesAndContributionMap":{"functional-code":{"insertions":4,"deletions":2},"test-code":{"insertions":18,"deletions":7}}}]},{"date":"2021-03-14","commitResults":[{"hash":"d4fc1ba6e4b97041b0a04bbca9dfcdbf7eeaca88","messageTitle":"Add assertion in CheckoutCommand class","messageBody":"Not working\n","fileTypesAndContributionMap":{"functional-code":{"insertions":7,"deletions":5}}}]},{"date":"2021-03-15","commitResults":[{"hash":"426d6ff94ebeaa1c0de645cae2189f8d0bf7e080","messageTitle":"Add assertion to make sure the name matches the id","messageBody":"","fileTypesAndContributionMap":{"functional-code":{"insertions":3,"deletions":5}}},{"hash":"522c1765f33ba37b3368aac68d3ea9b0a85a2a5e","messageTitle":"Throw PersonNotFoundException from FindCommand class to main","messageBody":"","fileTypesAndContributionMap":{"functional-code":{"insertions":3,"deletions":1}}}]},{"date":"2021-03-16","commitResults":[{"hash":"6d10f104ee8f23d3194c9fa5f5be45253af7d28f","messageTitle":"Added logging in CheckoutCommand class","messageBody":"","fileTypesAndContributionMap":{"functional-code":{"insertions":9,"deletions":1}}}]},{"date":"2021-03-20","commitResults":[{"hash":"0036a9a5dcedcdba6eaca107563bcfa67d2782ce","messageTitle":"Create Location class","messageBody":"","fileTypesAndContributionMap":{"functional-code":{"insertions":25,"deletions":0}}},{"hash":"a86e9f9c95c9ec1ad7f51fc371e11516470b2e89","messageTitle":"Allow CheckoutCommand to take either id only or name and id","messageBody":"","fileTypesAndContributionMap":{"functional-code":{"insertions":15,"deletions":10}}}]},{"date":"2021-03-21","commitResults":[{"hash":"477c741800de9a52a0bdf5bb8d1ac7e244ae9b34","messageTitle":"Create a sample trackinglist for JUnit testing","messageBody":"","fileTypesAndContributionMap":{"test-code":{"insertions":9,"deletions":0}}},{"hash":"5cc6217bec6598965aceac39762ad949b858b40a","messageTitle":"Complete JUnit testing for CheckinCommand","messageBody":"","fileTypesAndContributionMap":{"test-code":{"insertions":6,"deletions":0}}},{"hash":"70d94305df72844d35296235b13eb4a31d3010a8","messageTitle":"Change PersonNotFoundException","messageBody":"","fileTypesAndContributionMap":{"functional-code":{"insertions":13,"deletions":4}}},{"hash":"d1cfbc93ad2c6d0a398ce05ac2dd3a0b081dddd6","messageTitle":"Update CheckinCommand test","messageBody":"","fileTypesAndContributionMap":{"test-code":{"insertions":18,"deletions":17}}},{"hash":"f09a2359264e65764471ad6cf20e968f401cdaf5","messageTitle":"Complete CheckoutCommandTest","messageBody":"","fileTypesAndContributionMap":{"functional-code":{"insertions":2,"deletions":5},"test-code":{"insertions":21,"deletions":7}}},{"hash":"12792972db5f08e8d1e3a7a4aaff20e7654ceda8","messageTitle":"Update Parser to take in ClearCommand","messageBody":"","fileTypesAndContributionMap":{"functional-code":{"insertions":11,"deletions":16}}},{"hash":"27e53b6126a9e37303bd1577188e57ea65a7c269","messageTitle":"Complete ClearCommand tests","messageBody":"","fileTypesAndContributionMap":{"functional-code":{"insertions":3,"deletions":1},"test-code":{"insertions":18,"deletions":0}}},{"hash":"e0d7fbded49c1a451f115b28fa1678537eb46737","messageTitle":"Small edit","messageBody":"","fileTypesAndContributionMap":{"test-code":{"insertions":1,"deletions":0}}},{"hash":"8c0feaf12010cd6924b3d8a7547ef77cdc0187e2","messageTitle":"Small edit","messageBody":"","fileTypesAndContributionMap":{"functional-code":{"insertions":1,"deletions":3}}},{"hash":"2754a813e63aef2191b7d753243684f3fa23acc2","messageTitle":"Delete DeleteCommand","messageBody":"","fileTypesAndContributionMap":{"functional-code":{"insertions":0,"deletions":20}}},{"hash":"8c984916894e5857fb80d953fa274aa927a5c220","messageTitle":"Fix compiling issues","messageBody":"","fileTypesAndContributionMap":{"functional-code":{"insertions":0,"deletions":1}}},{"hash":"c128c0b7c47f8970413192a8116e47f43f73fb0f","messageTitle":"Modify InvalidCommandException","messageBody":"","fileTypesAndContributionMap":{"functional-code":{"insertions":10,"deletions":3}}},{"hash":"67068b950a07b66676e706278026246a3d365523","messageTitle":"Modify NoArgumentPassedException","messageBody":"","fileTypesAndContributionMap":{"functional-code":{"insertions":11,"deletions":5}}},{"hash":"be5ba60d8417965d48886747bf658cdc826a2b1c","messageTitle":"Modify WrongFlagException","messageBody":"","fileTypesAndContributionMap":{"functional-code":{"insertions":10,"deletions":4}}},{"hash":"43cbd6391c43099144c48f058c4e9ce77caae2f8","messageTitle":"Small update to CheckoutCommand test","messageBody":"","fileTypesAndContributionMap":{"test-code":{"insertions":4,"deletions":1}}},{"hash":"bcbea2b8865ea2e326f5b6e774982ce0ecce8cfe","messageTitle":"Use a private TrackingList for ClearCommandTest instead of using the sample tracking list","messageBody":"","fileTypesAndContributionMap":{"test-code":{"insertions":8,"deletions":4}}},{"hash":"a92db6feb81760095f94319d750712e148b6ec45","messageTitle":"Complete FindCommand test","messageBody":"","fileTypesAndContributionMap":{"test-code":{"insertions":28,"deletions":1}}},{"hash":"59a9d2706efad80a144fa968748f7cdee6f51a31","messageTitle":"Shift StorageOperationException to exception package and modify the affected parts of the code","messageBody":"","fileTypesAndContributionMap":{"functional-code":{"insertions":19,"deletions":15}}},{"hash":"db3248dda8a314c98625618106a687e1ffac2ee9","messageTitle":"Shift the filtering of checkedin people logic into ListCheckedInCommand","messageBody":"","fileTypesAndContributionMap":{"functional-code":{"insertions":9,"deletions":4}}}]},{"date":"2021-03-22","commitResults":[{"hash":"dc0d1083fb4b190a3ced12c8f653da1cf7cfb4d3","messageTitle":"Added a different person to test checkin","messageBody":"","fileTypesAndContributionMap":{"test-code":{"insertions":6,"deletions":3}}},{"hash":"d413aa61c2df445c2b9fe9f4abd2458ac0aecb3d","messageTitle":"Complete ListCheckedInCommandTest","messageBody":"","fileTypesAndContributionMap":{"functional-code":{"insertions":1,"deletions":1},"test-code":{"insertions":20,"deletions":0}}},{"hash":"4e3b3b6187303cf580a45bcef3fff6effcb7eada","messageTitle":"Complete ListCommandTest","messageBody":"","fileTypesAndContributionMap":{"functional-code":{"insertions":0,"deletions":1},"test-code":{"insertions":19,"deletions":0}}},{"hash":"5d3a9490ae53e63627046d55cbc5470603d0d497","messageTitle":"Complete ExitCommandTest","messageBody":"","fileTypesAndContributionMap":{"test-code":{"insertions":18,"deletions":0}}},{"hash":"551874e00c6990c5860ee9fa23bdd036ed3bc00a","messageTitle":"Modify the logic such that the expected outputs are not hardcoded","messageBody":"","fileTypesAndContributionMap":{"test-code":{"insertions":8,"deletions":2}}},{"hash":"3269c35db8fbb299cc189bf0e0d65b8b01a31920","messageTitle":"Update FindCommand to return the checked-in status","messageBody":"","fileTypesAndContributionMap":{"functional-code":{"insertions":8,"deletions":2},"test-code":{"insertions":12,"deletions":4}}},{"hash":"9caa0f02eaf6f8af7d02eab3f35199df28cf3bb9","messageTitle":"Complete LocationTest","messageBody":"","fileTypesAndContributionMap":{"functional-code":{"insertions":5,"deletions":0},"test-code":{"insertions":83,"deletions":0}}},{"hash":"d5f3a1ff5f3901cce131dea5dd9631d2cfffc638","messageTitle":"Add Logic Component to the developer guide","messageBody":"","fileTypesAndContributionMap":{"docs":{"insertions":8,"deletions":0}}}]},{"date":"2021-03-23","commitResults":[{"hash":"3573761a1cfd127146cb9ea9956feecc37bbac34","messageTitle":"Modify FindCommand to return the Person object","messageBody":"","fileTypesAndContributionMap":{"functional-code":{"insertions":5,"deletions":9}}},{"hash":"e7e25fffb81a5e865268fa1e9195dc5c49f199bb","messageTitle":"Add EditMax Command","messageBody":"","fileTypesAndContributionMap":{"functional-code":{"insertions":25,"deletions":1}}},{"hash":"af1d2b1b81c42178b23fe175b5953799820384f6","messageTitle":"Create Location object that takes in 2 CLI arguments","messageBody":"","fileTypesAndContributionMap":{"functional-code":{"insertions":6,"deletions":0}}},{"hash":"7e016330001fbe2e663b04aad614cdcdf01da6e5","messageTitle":"Modify runtest.bat and runtest.sh to take in args","messageBody":"","fileTypesAndContributionMap":{"other":{"insertions":2,"deletions":2}}},{"hash":"996f04c2e819043189947e1d2ae263c98de470f8","messageTitle":"Complete EditMaxCommandTest","messageBody":"","fileTypesAndContributionMap":{"functional-code":{"insertions":5,"deletions":3},"test-code":{"insertions":24,"deletions":0}}},{"hash":"98a26bfe804bbef6d02fe5f4dd2aaca5481ea2cd","messageTitle":"Modify the EditMaxCommand constructor to take in new maximum capacity as a String","messageBody":"","fileTypesAndContributionMap":{"functional-code":{"insertions":2,"deletions":2},"test-code":{"insertions":1,"deletions":1}}}]},{"date":"2021-03-24","commitResults":[{"hash":"faebc16758858bacd72192615d2a39c29c0898a5","messageTitle":"Use Simpleton Design format to get an instance of Duke to be used for editMaxCommand","messageBody":"","fileTypesAndContributionMap":{"functional-code":{"insertions":21,"deletions":7}}},{"hash":"3ad3f28ec1b5fa66261563b314526d66ba93770e","messageTitle":"Fix test error","messageBody":"","fileTypesAndContributionMap":{"test-code":{"insertions":5,"deletions":1}}}]},{"date":"2021-03-25","commitResults":[{"hash":"b240949bc7613ad8883d3d562ad1314893ff4b54","messageTitle":"Update Introduction, Table of Contents and Quick start of UG","messageBody":"","fileTypesAndContributionMap":{"docs":{"insertions":39,"deletions":6}}}]},{"date":"2021-03-26","commitResults":[{"hash":"fec175cc04d0f0e4e27892b0aeac9a5baa30edf6","messageTitle":"Touch up UG","messageBody":"Edit the output message of edit max command\n","fileTypesAndContributionMap":{"functional-code":{"insertions":1,"deletions":1},"docs":{"insertions":125,"deletions":64}}},{"hash":"b0f05487e9601e9839f0d0d154b9246fb0c597f3","messageTitle":"Standardise example output in UG","messageBody":"","fileTypesAndContributionMap":{"docs":{"insertions":29,"deletions":30}}},{"hash":"598f722f06caca1aa45ede7b7b65a46a67f8f914","messageTitle":"Add extra note in UG","messageBody":"","fileTypesAndContributionMap":{"docs":{"insertions":3,"deletions":2}}},{"hash":"3134e664853638b71a81d10bd20e865eecd2a85d","messageTitle":"Create HelpCommand and HelpCommandTest","messageBody":"","fileTypesAndContributionMap":{"functional-code":{"insertions":40,"deletions":0},"test-code":{"insertions":18,"deletions":0}}},{"hash":"25dd539355455013c1e5cf7aaf8bdc2acaba1d17","messageTitle":"Change the name of the app","messageBody":"","fileTypesAndContributionMap":{"functional-code":{"insertions":1,"deletions":2},"test-code":{"insertions":2,"deletions":1}}}]},{"date":"2021-03-27","commitResults":[{"hash":"930a1b3c0df488b98d753400447c2da537bc7e26","messageTitle":"Add another constructor for checkin command for returning visitors","messageBody":"Also modified the parts that were affected because of this change\n","fileTypesAndContributionMap":{"functional-code":{"insertions":29,"deletions":25},"test-code":{"insertions":25,"deletions":11}}},{"hash":"dadd10e4a4ecd9dd473c214f2e1b8c6edcfc1448","messageTitle":"Remove Location parameter from the constructor","messageBody":"","fileTypesAndContributionMap":{"functional-code":{"insertions":3,"deletions":2}}},{"hash":"8e422ea42dbcdcfb801f72a0d5613f6309455335","messageTitle":"Remove EditMaxCommandTest due to difficulty in testing","messageBody":"","fileTypesAndContributionMap":{"test-code":{"insertions":0,"deletions":24}}},{"hash":"5d631d9c742009cd1fcc7c2e4eda283ef9f5e730","messageTitle":"Modify the logic for getting the location from the user","messageBody":"","fileTypesAndContributionMap":{"functional-code":{"insertions":46,"deletions":21},"test-code":{"insertions":41,"deletions":35}}},{"hash":"d1b7e26c70f81749c42c750ba5a93db6ec4d73a8","messageTitle":"Add logic to throw exception if max capacity is negative","messageBody":"","fileTypesAndContributionMap":{"functional-code":{"insertions":1,"deletions":1}}},{"hash":"d48edbaff67574131f60ecf81a6137a22e71a4d1","messageTitle":"Remove an extra lineSeperator()","messageBody":"","fileTypesAndContributionMap":{"functional-code":{"insertions":1,"deletions":1}}},{"hash":"f7023b01883942988daddcaa97a0fa1727a561d5","messageTitle":"Remove unwanted import","messageBody":"","fileTypesAndContributionMap":{"functional-code":{"insertions":0,"deletions":1}}},{"hash":"b2766ab6533a7eddce556e9eab7b181b9cea7e8d","messageTitle":"Modify logic for checkin and update the affected parts of code","messageBody":"","fileTypesAndContributionMap":{"functional-code":{"insertions":21,"deletions":23},"test-code":{"insertions":14,"deletions":12}}},{"hash":"855a5fc5782c2e70ede1bac97ea8dc2142d18c02","messageTitle":"Update UG","messageBody":"","fileTypesAndContributionMap":{"docs":{"insertions":12,"deletions":8}}},{"hash":"dd2189375b460d728ad9cab6e58e1080b183305f","messageTitle":"Update command summary in UG","messageBody":"","fileTypesAndContributionMap":{"docs":{"insertions":1,"deletions":0}}}]}],"limwenfeng":[{"date":"2021-03-09","commitResults":[{"hash":"f93303f285c52fa66e6cb38da2c74845eaffeb77","messageTitle":"add text ui class","messageBody":"","fileTypesAndContributionMap":{"functional-code":{"insertions":49,"deletions":0}}}]},{"date":"2021-03-11","commitResults":[{"hash":"e2f2d638fc650703a23a7457ada0783b3f53b6f1","messageTitle":"add Junit Test","messageBody":"","fileTypesAndContributionMap":{"functional-code":{"insertions":3,"deletions":2},"test-code":{"insertions":18,"deletions":0}}}]},{"date":"2021-03-17","commitResults":[{"hash":"e50fbc9b0e1b214a5694a597dd843a93af932759","messageTitle":"add logging and assertion","messageBody":"","fileTypesAndContributionMap":{"functional-code":{"insertions":6,"deletions":2}}}]},{"date":"2021-03-18","commitResults":[{"hash":"57ddcae66f65f665f15545dc456a3da6692c88cf","messageTitle":"Abstract message constants to Main","messageBody":"","fileTypesAndContributionMap":{"functional-code":{"insertions":11,"deletions":3}}},{"hash":"c78a0e254d24eb48e6e9fb5ae692a0967e3bfd70","messageTitle":"change some variables to Final","messageBody":"","fileTypesAndContributionMap":{"functional-code":{"insertions":3,"deletions":3}}},{"hash":"33b316e7f55503f699b1259aca9ae3d106bdd330","messageTitle":"enable to logger to test something","messageBody":"","fileTypesAndContributionMap":{"functional-code":{"insertions":1,"deletions":1}}},{"hash":"a50765670832d5fe3975853e0dfcc671a9384d38","messageTitle":"change formatting","messageBody":"","fileTypesAndContributionMap":{"functional-code":{"insertions":12,"deletions":3}}}]},{"date":"2021-03-21","commitResults":[{"hash":"02b1261980615d3ce33f8ec9630402edacf20e43","messageTitle":"Change in Duke and UI","messageBody":"refactored some code in main and added new method in Ui\n","fileTypesAndContributionMap":{"functional-code":{"insertions":7,"deletions":9}}},{"hash":"d1a0c746ee9e586a438e2e1628b0a35915d4d076","messageTitle":"remove unused methods","messageBody":"","fileTypesAndContributionMap":{"functional-code":{"insertions":0,"deletions":12}}},{"hash":"c52dc73ae31928e31b40abfba52dcdcdcdfb3e35","messageTitle":"add goodbye message","messageBody":"","fileTypesAndContributionMap":{"functional-code":{"insertions":1,"deletions":0}}},{"hash":"0f2855b42cc36cef9fc9514091f1ae7e0defea5b","messageTitle":"add assertion","messageBody":"","fileTypesAndContributionMap":{"functional-code":{"insertions":1,"deletions":0}}},{"hash":"279fb4bf779cef20c54865ccd2bb7aa628372016","messageTitle":"minor fixes","messageBody":"","fileTypesAndContributionMap":{"functional-code":{"insertions":0,"deletions":8}}},{"hash":"b3a95420242fc32a397b3e39f554e914d5de1873","messageTitle":"Revert \"minor fixes\"","messageBody":"This reverts commit 279fb4bf779cef20c54865ccd2bb7aa628372016.\n","fileTypesAndContributionMap":{"functional-code":{"insertions":8,"deletions":0}}},{"hash":"aaee8050b1f67b954aa216f1b60a2d82681ffc63","messageTitle":"Revert \"add assertion\"","messageBody":"This reverts commit 0f2855b42cc36cef9fc9514091f1ae7e0defea5b.\n","fileTypesAndContributionMap":{"functional-code":{"insertions":0,"deletions":1}}},{"hash":"23f6068fa051c25e9e7a1f4b4026104c6b275116","messageTitle":"Revert \"add goodbye message\"","messageBody":"This reverts commit c52dc73ae31928e31b40abfba52dcdcdcdfb3e35.\n","fileTypesAndContributionMap":{"functional-code":{"insertions":0,"deletions":1}}},{"hash":"86b3e8b192d2bf8e91b426bd75574f504ec00754","messageTitle":"notifyErrorToUser returns error message","messageBody":"","fileTypesAndContributionMap":{"functional-code":{"insertions":2,"deletions":1}}},{"hash":"9273d966946d3c51a70592f2d671dbd62efa387e","messageTitle":"add goodbye message","messageBody":"","fileTypesAndContributionMap":{"functional-code":{"insertions":1,"deletions":0}}},{"hash":"fa11c401f7dfae8c7dba20e8f7f44a27f2866155","messageTitle":"remove goodbye message and unused methods","messageBody":"","fileTypesAndContributionMap":{"functional-code":{"insertions":0,"deletions":11}}}]},{"date":"2021-03-22","commitResults":[{"hash":"dff176e06de07e64f76732b9289af358360b2bf7","messageTitle":"Add UI component and minor touch up on DG","messageBody":"","fileTypesAndContributionMap":{"docs":{"insertions":21,"deletions":5}}}]},{"date":"2021-03-23","commitResults":[{"hash":"4934c6112cec6210250b1c8e9df5bc5b0e3f51dc","messageTitle":"Include formatting for UI list and listall","messageBody":"","fileTypesAndContributionMap":{"functional-code":{"insertions":31,"deletions":4}}},{"hash":"0847f33ef9a2f805e99fe723a930517c36cb624c","messageTitle":"add numbering","messageBody":"","fileTypesAndContributionMap":{"functional-code":{"insertions":10,"deletions":10}}},{"hash":"03eaffae5e6235cf6a1848731c55818642bfb6a6","messageTitle":"fix checkstyle issue","messageBody":"","fileTypesAndContributionMap":{"functional-code":{"insertions":16,"deletions":11}}},{"hash":"3c0bd3baf65074644f7581f2f7268d18983c7d3b","messageTitle":"change numbering","messageBody":"","fileTypesAndContributionMap":{"functional-code":{"insertions":2,"deletions":2}}},{"hash":"05fb967d4b6068267913e3a8e9ec32497c2b79fd","messageTitle":"added JavaDoc","messageBody":"","fileTypesAndContributionMap":{"functional-code":{"insertions":40,"deletions":2}}}]},{"date":"2021-03-24","commitResults":[{"hash":"5939027d4a974ad7e92a1ff77ed41595ba84274a","messageTitle":"Implemented find person Text UI","messageBody":"","fileTypesAndContributionMap":{"functional-code":{"insertions":33,"deletions":15}}}]},{"date":"2021-03-26","commitResults":[{"hash":"456051646eff419e5664a0e969a8ad559eb88ce9","messageTitle":"change from null to null","messageBody":"","fileTypesAndContributionMap":{"functional-code":{"insertions":3,"deletions":3}}},{"hash":"70d876e45aac6729a11cb77ab041214299ec845c","messageTitle":"change to use isAvailiable()","messageBody":"","fileTypesAndContributionMap":{"functional-code":{"insertions":3,"deletions":3}}}]}],"sarzorwyn":[{"date":"2021-03-07","commitResults":[{"hash":"c7f6d4195f7a98ebcbbdaeed9f7a1ec3cd9d6868","messageTitle":"Added TrackingList","messageBody":"","fileTypesAndContributionMap":{"functional-code":{"insertions":105,"deletions":0}}}]},{"date":"2021-03-09","commitResults":[{"hash":"49eb23e63e4eba331658906114a960076c5bbca3","messageTitle":"Refactored person method calls to updated ones","messageBody":"","fileTypesAndContributionMap":{"other":{"insertions":0,"deletions":0}}},{"hash":"890c23139d48fda579e476a34c0cbf4a9afc34c6","messageTitle":"Added some javadocs to methods","messageBody":"","fileTypesAndContributionMap":{"functional-code":{"insertions":9,"deletions":9}}}]},{"date":"2021-03-10","commitResults":[{"hash":"78fe0871ab78f2e6cf4739b69d820527d97cff44","messageTitle":"Added listPerson","messageBody":"","fileTypesAndContributionMap":{"functional-code":{"insertions":5,"deletions":0}}},{"hash":"93f62a1466235b09e985da89fa27fdd0d5d50cfd","messageTitle":"Added trackingList class","messageBody":"","fileTypesAndContributionMap":{"functional-code":{"insertions":110,"deletions":0}}}]},{"date":"2021-03-11","commitResults":[{"hash":"4e4410a7f65de118686d5e90cf3d257d87a164b3","messageTitle":"Added tracking list test","messageBody":"","fileTypesAndContributionMap":{"test-code":{"insertions":33,"deletions":1}}},{"hash":"274af1bf3b59f1605937afb74c5ec156c3e2fb6e","messageTitle":"Added clear tracking list method","messageBody":"","fileTypesAndContributionMap":{"functional-code":{"insertions":6,"deletions":2}}}]},{"date":"2021-03-14","commitResults":[{"hash":"b0d7e202744abed7e8ac35f5e070686828ecb85e","messageTitle":"Added PersonNotFoundException to findExactPerson and findPerson","messageBody":"","fileTypesAndContributionMap":{"functional-code":{"insertions":20,"deletions":3}}}]},{"date":"2021-03-16","commitResults":[{"hash":"08963ade2cf99d232114f035ec741c8f99e6a653","messageTitle":"Added some assertions to tracking list","messageBody":"","fileTypesAndContributionMap":{"functional-code":{"insertions":4,"deletions":0}}},{"hash":"dee134747cb545a98df1b09863673ddac5ee2eb6","messageTitle":"Added more unit tests to trackingList","messageBody":"","fileTypesAndContributionMap":{"test-code":{"insertions":94,"deletions":4}}},{"hash":"3836f4aa259fd2c7f48d3191ce40df195537b337","messageTitle":"Added more assertions to tracking list","messageBody":"","fileTypesAndContributionMap":{"functional-code":{"insertions":2,"deletions":0},"test-code":{"insertions":18,"deletions":0}}},{"hash":"eb1882d223f220155ec77f32dc404be606d5cc38","messageTitle":"Fixed minor checkstyle issue","messageBody":"","fileTypesAndContributionMap":{"functional-code":{"insertions":2,"deletions":2}}},{"hash":"27a992a016ca2dfae432ab5ab512c4d29e0c216c","messageTitle":"Fixed testContains in tracking list tests","messageBody":"","fileTypesAndContributionMap":{"test-code":{"insertions":1,"deletions":1}}}]},{"date":"2021-03-17","commitResults":[{"hash":"1a525cd6b8ce0ebfb99b47a0d1182c4ca72e324d","messageTitle":"Added shadow to the project","messageBody":"","fileTypesAndContributionMap":{"functional-code":{"insertions":1,"deletions":1},"other":{"insertions":15,"deletions":0}}}]},{"date":"2021-03-20","commitResults":[{"hash":"2654935a0ebb3f2e7a9fec0cc5ba83cb153431c2","messageTitle":"Added Storage file loading","messageBody":"","fileTypesAndContributionMap":{"functional-code":{"insertions":65,"deletions":0}}},{"hash":"114b54abd13cf5af13fb597a1f60b04a228a8217","messageTitle":"Added the TrackingListEncoder to convert tracking list to encoded format","messageBody":"","fileTypesAndContributionMap":{"functional-code":{"insertions":77,"deletions":5}}},{"hash":"edb2e1da45384f87f27ed101bcbe3c61c925f8b7","messageTitle":"Added trackingListDecoder to decode the file","messageBody":"","fileTypesAndContributionMap":{"functional-code":{"insertions":74,"deletions":9}}},{"hash":"f1cfaa125faca3a8f78f15c737ae31ccef0edb0f","messageTitle":"Initialized storage in duke class","messageBody":"","fileTypesAndContributionMap":{"functional-code":{"insertions":59,"deletions":32}}},{"hash":"47d9279ad1ec2feaacddff72bfc0518465b31175","messageTitle":"Fixed issues with regex decoding","messageBody":"","fileTypesAndContributionMap":{"functional-code":{"insertions":4,"deletions":3}}}]},{"date":"2021-03-22","commitResults":[{"hash":"909d2a18e1aafd46bea39d2d01f6386116c01f9a","messageTitle":"Added storage file test class","messageBody":"","fileTypesAndContributionMap":{"test-code":{"insertions":6,"deletions":0}}}]},{"date":"2021-03-23","commitResults":[{"hash":"6dcc66f22a7caef18ec9f6c4caf99f9bb95a3d6f","messageTitle":"Added JUnit tests for storage","messageBody":"","fileTypesAndContributionMap":{"functional-code":{"insertions":3,"deletions":2},"test-code":{"insertions":78,"deletions":0}}},{"hash":"48752a7bc3c4c695315c5c2d693c64e0a82c172a","messageTitle":"Addded remaining JUnit test for tracking List","messageBody":"","fileTypesAndContributionMap":{"test-code":{"insertions":33,"deletions":1}}},{"hash":"9d4d2c73280934bf13fbc310d526c5732ac4bcc8","messageTitle":"Fixed Junit test failing for storage","messageBody":"","fileTypesAndContributionMap":{"test-code":{"insertions":6,"deletions":6}}},{"hash":"5dd5472593f17a3784e67595fc5325b23eb79fe1","messageTitle":"Modified invalidpath test","messageBody":"","fileTypesAndContributionMap":{"test-code":{"insertions":1,"deletions":1}}},{"hash":"d6bf9fb9a5d2ccfb865c8ed1ff84bf1daf45f8cc","messageTitle":"Added invalid file path for nix","messageBody":"","fileTypesAndContributionMap":{"test-code":{"insertions":1,"deletions":1}}},{"hash":"d150198cd0cf1dcda4ab0372293512d9f79e4109","messageTitle":"Added devlopers guide for storage","messageBody":"","fileTypesAndContributionMap":{"docs":{"insertions":8,"deletions":0}}}]},{"date":"2021-03-27","commitResults":[{"hash":"f050a860983702fbd69c300d90fe652a0d9493b4","messageTitle":"Added move save command prototype and updated userguide","messageBody":"","fileTypesAndContributionMap":{"functional-code":{"insertions":4,"deletions":0},"docs":{"insertions":5,"deletions":3}}},{"hash":"8249dc01e050e15e4f5743570d2553acf9be041b","messageTitle":"Added move save command","messageBody":"","fileTypesAndContributionMap":{"functional-code":{"insertions":31,"deletions":2}}},{"hash":"b4006b3ee1eab75b27ed1c9d8bd4a34bf2ee0620","messageTitle":"Added assertion to move storage command.","messageBody":"Renamed move storage command.\n","fileTypesAndContributionMap":{"functional-code":{"insertions":4,"deletions":0},"other":{"insertions":9,"deletions":6}}},{"hash":"778d8c6684616ce9c0a69d38e7a48b1ddedf635b","messageTitle":"Added parser logic for move storage","messageBody":"","fileTypesAndContributionMap":{"functional-code":{"insertions":7,"deletions":0}}},{"hash":"14cf8224419eaf135b21789005f465692ec2ad01","messageTitle":"Added support for creating new directories when moving storage","messageBody":"","fileTypesAndContributionMap":{"functional-code":{"insertions":14,"deletions":0}}},{"hash":"76000f42b5c734ebece7f7031f219d924078b6ca","messageTitle":"Updated user guide for move storage command","messageBody":"","fileTypesAndContributionMap":{"functional-code":{"insertions":1,"deletions":1},"docs":{"insertions":17,"deletions":1}}},{"hash":"5601ef3744b07daf5d87ad5e7ceae9c63b10d564","messageTitle":"Fixed checkstyle errors","messageBody":"","fileTypesAndContributionMap":{"functional-code":{"insertions":3,"deletions":3}}},{"hash":"5a55259b5392517d18969dce87e8c287f725921e","messageTitle":"Added config file class","messageBody":"","fileTypesAndContributionMap":{"functional-code":{"insertions":41,"deletions":0}}},{"hash":"6a788882e542ffcb25c4fd054710508809b98f64","messageTitle":"Added config file support for storage file path","messageBody":"","fileTypesAndContributionMap":{"functional-code":{"insertions":42,"deletions":13}}},{"hash":"494d18fb08b93ad0702e2a1345ecbae368809764","messageTitle":"Removed print statement from debugging","messageBody":"","fileTypesAndContributionMap":{"functional-code":{"insertions":1,"deletions":2}}},{"hash":"fdee8c281c6e17e5db28b5b81c9907b4057d9105","messageTitle":"Fixed bug reading null phone numbers as null string","messageBody":"","fileTypesAndContributionMap":{"functional-code":{"insertions":9,"deletions":1},"test-code":{"insertions":2,"deletions":1}}},{"hash":"d2c5de3b6c4c66d2bda0d691ea063f317651c80d","messageTitle":"Added some junit classes","messageBody":"","fileTypesAndContributionMap":{"test-code":{"insertions":11,"deletions":0}}},{"hash":"79462bfe3cd0d4a8c6b369d728108fa62fbabd54","messageTitle":"Added config file junit tests","messageBody":"","fileTypesAndContributionMap":{"functional-code":{"insertions":14,"deletions":6},"test-code":{"insertions":46,"deletions":10}}},{"hash":"b5c4e2341721238265e8f4fdca6851b8411a0871","messageTitle":"Fixed config file test","messageBody":"","fileTypesAndContributionMap":{"test-code":{"insertions":1,"deletions":2}}}]}],"hussain1998":[{"date":"2021-03-07","commitResults":[{"hash":"607fe9fc247482dabf60fb939ce5573cfa0b3766","messageTitle":"Create Person, Id, Name and Phone class.","messageBody":"","fileTypesAndContributionMap":{"functional-code":{"insertions":140,"deletions":0}}}]},{"date":"2021-03-09","commitResults":[{"hash":"5bcfe234de3e33919ac5b8a3dacf3a2710116e8b","messageTitle":"Add isCheckedIn boolean in Person class. Rename variable names in Name, Phone and Id class to make code clearer.","messageBody":"","fileTypesAndContributionMap":{"functional-code":{"insertions":30,"deletions":21}}},{"hash":"342a1e04cebe8d335d6eaafdf5187499e5e26491","messageTitle":"Add Person class JUnit test","messageBody":"","fileTypesAndContributionMap":{"functional-code":{"insertions":2,"deletions":2},"test-code":{"insertions":34,"deletions":0}}},{"hash":"fe38db633d32dcc566f340cf599b70a31358db40","messageTitle":"Add JUnit test for Id Class.","messageBody":"","fileTypesAndContributionMap":{"test-code":{"insertions":22,"deletions":0}}}]},{"date":"2021-03-10","commitResults":[{"hash":"c22a92e14ef6c224a6ae5ffc94f71eef5cceea6a","messageTitle":"Add testutil package. Consists of PersonBuilder and SamplePersons class.","messageBody":"","fileTypesAndContributionMap":{"test-code":{"insertions":65,"deletions":21}}},{"hash":"54e6927e3deca296771e807c41ad2b62029909f3","messageTitle":"Touch up Duke. Duke able to run Checkin, Checkout and List now.","messageBody":"","fileTypesAndContributionMap":{"functional-code":{"insertions":146,"deletions":64},"other":{"insertions":34,"deletions":8},"test-code":{"insertions":3,"deletions":3}}}]},{"date":"2021-03-11","commitResults":[{"hash":"cd5c3b69c796f9c30acf9b0e655c8aec3d5ab973","messageTitle":"Fix Indentation errors","messageBody":"","fileTypesAndContributionMap":{"test-code":{"insertions":1,"deletions":1}}}]},{"date":"2021-03-13","commitResults":[{"hash":"7c9822df66eb48ef62ae7bfb88f051b6dcd3399f","messageTitle":"Bug-Fix","messageBody":"","fileTypesAndContributionMap":{"functional-code":{"insertions":10,"deletions":14}}},{"hash":"0000dd39c21628b92292ae0b79132993fca172eb","messageTitle":"Bug-Fix","messageBody":"","fileTypesAndContributionMap":{"functional-code":{"insertions":43,"deletions":46}}},{"hash":"08dc5a2e12f1a9baeb1ac4f2f86422156405126f","messageTitle":"Update Syntax.","messageBody":"","fileTypesAndContributionMap":{"functional-code":{"insertions":3,"deletions":4}}}]},{"date":"2021-03-16","commitResults":[{"hash":"6ac078fcdf5c6789553fb94ce0eff043995c12ee","messageTitle":"Add assertions for Person class.","messageBody":"","fileTypesAndContributionMap":{"functional-code":{"insertions":4,"deletions":0},"other":{"insertions":1,"deletions":0}}},{"hash":"f8bd4e0e7dd9d5ea5dc092f631bad8626a90656b","messageTitle":"Add RegEx for Id, Name and Phone class.","messageBody":"","fileTypesAndContributionMap":{"functional-code":{"insertions":26,"deletions":12},"test-code":{"insertions":1,"deletions":5}}},{"hash":"2cbd574f16d4d4a2f02e52ae61eb0aad3c602374","messageTitle":"Modify RegEx in Id class.","messageBody":"","fileTypesAndContributionMap":{"functional-code":{"insertions":2,"deletions":2}}},{"hash":"ad9ed2a93bca954f95f60bd8b1ec717225f27b21","messageTitle":"Add toString() method in Phone class.","messageBody":"","fileTypesAndContributionMap":{"functional-code":{"insertions":5,"deletions":0}}},{"hash":"e077f9aa67b1a125ead3b3294dde36eac38714a3","messageTitle":"Change phone number of Mary to 8 digits in sample persons.","messageBody":"","fileTypesAndContributionMap":{"test-code":{"insertions":1,"deletions":1}}},{"hash":"71c08c163abfed1ee3f821faf6d60ce6d34db4be","messageTitle":"Modify Parser class\u0027s trim() usage.","messageBody":"","fileTypesAndContributionMap":{"functional-code":{"insertions":4,"deletions":4}}}]},{"date":"2021-03-21","commitResults":[{"hash":"ac253593a950b6508ce04f44671af7ac9d0f75bf","messageTitle":"Create a Junit test for Phone class","messageBody":"","fileTypesAndContributionMap":{"test-code":{"insertions":41,"deletions":0}}}]},{"date":"2021-03-22","commitResults":[{"hash":"5ea28972b00b84dc08b86f4343fe73be62b28ac6","messageTitle":"Include tests for getPhoneNo() and setPhoneNo().","messageBody":"","fileTypesAndContributionMap":{"test-code":{"insertions":12,"deletions":0}}},{"hash":"1a662520b9a85482fce28a724389fbab9233f007","messageTitle":"Add tests for isAvailable() and toString().","messageBody":"","fileTypesAndContributionMap":{"functional-code":{"insertions":2,"deletions":5},"test-code":{"insertions":8,"deletions":5}}}]},{"date":"2021-03-23","commitResults":[{"hash":"67e2131c5dc8c156f67e2ce207f3cbabe87eb46d","messageTitle":"Remove unused methods.","messageBody":"","fileTypesAndContributionMap":{"functional-code":{"insertions":0,"deletions":12}}},{"hash":"77a43f332f98cc5192e3d1fac312e3fb5287be4e","messageTitle":"Update DeveloperGuide.md","messageBody":"","fileTypesAndContributionMap":{"docs":{"insertions":17,"deletions":2}}},{"hash":"c74a4c2be46b41a6b591434630e6f2dd1f84e797","messageTitle":"Add Person class to Model component in DG","messageBody":"","fileTypesAndContributionMap":{"docs":{"insertions":4,"deletions":1}}}]},{"date":"2021-03-24","commitResults":[{"hash":"96fdadab2ae28cf071fcfcbec579ddc81d65cb74","messageTitle":"Update DeveloperGuide.md","messageBody":"","fileTypesAndContributionMap":{"docs":{"insertions":0,"deletions":11}}},{"hash":"e7928a7736f2867e655f4a5394f8a90ebda77232","messageTitle":"Add Model component to DG","messageBody":"","fileTypesAndContributionMap":{"docs":{"insertions":11,"deletions":0}}},{"hash":"23c747dfe0f61551cbff1992e2493610b6b7a2e8","messageTitle":"Update DeveloperGuide.md","messageBody":"","fileTypesAndContributionMap":{"docs":{"insertions":2,"deletions":0}}}]},{"date":"2021-03-26","commitResults":[{"hash":"5f1ec1b1ec16222610956f56d2adddaf0170f13d","messageTitle":"Create PersonLog class. Stores Person details in a text file.","messageBody":"","fileTypesAndContributionMap":{"functional-code":{"insertions":77,"deletions":1}}},{"hash":"26ef1109abc8a40852c5f11104601a7f3411e04c","messageTitle":"Make Person, Id, Name, Phone class implement serializable","messageBody":"","fileTypesAndContributionMap":{"functional-code":{"insertions":13,"deletions":4}}},{"hash":"9ec575ef91c7d145a606c43ac7a8c282a47d00ed","messageTitle":"Create Junit Test for PersonLog class","messageBody":"","fileTypesAndContributionMap":{"test-code":{"insertions":42,"deletions":0}}},{"hash":"c7883ab30b78a5fd36f51f4216270c61b30a9306","messageTitle":"Rename PersonLog to LogFile","messageBody":"","fileTypesAndContributionMap":{"other":{"insertions":8,"deletions":8}}},{"hash":"5740088b77857dcb1af0722f536597aef465453c","messageTitle":"Add PersonLog class","messageBody":"","fileTypesAndContributionMap":{"functional-code":{"insertions":40,"deletions":0}}},{"hash":"d7bd8e1c4b2a259d66d6eec05082157950aa6b19","messageTitle":"Change LogFile\u0027s loadAllPerson() to return void","messageBody":"","fileTypesAndContributionMap":{"functional-code":{"insertions":5,"deletions":4},"test-code":{"insertions":1,"deletions":8}}},{"hash":"4f553795befd976566d24901bfb99e0173d814b8","messageTitle":"Add PersonLog class and include it in Duke class","messageBody":"","fileTypesAndContributionMap":{"functional-code":{"insertions":55,"deletions":26}}}]},{"date":"2021-03-27","commitResults":[{"hash":"8fbda0c075da1cef8a25ab8768e2827bbf222834","messageTitle":"Test PersonLog","messageBody":"","fileTypesAndContributionMap":{"functional-code":{"insertions":17,"deletions":7},"test-code":{"insertions":63,"deletions":7}}},{"hash":"bb0d1eca424fe40baf7de15dac508057334566f6","messageTitle":"Improve Code Style","messageBody":"","fileTypesAndContributionMap":{"functional-code":{"insertions":6,"deletions":1},"test-code":{"insertions":0,"deletions":13}}},{"hash":"564d7737a01d0f16d639c512f21cfc5892c8df20","messageTitle":"Check if file exists in loadAllPersons()","messageBody":"","fileTypesAndContributionMap":{"functional-code":{"insertions":10,"deletions":3},"test-code":{"insertions":5,"deletions":0}}},{"hash":"725a1f9a964eafbe6589a7e606175bd4ef4199eb","messageTitle":"Add PersonLog in UG","messageBody":"","fileTypesAndContributionMap":{"docs":{"insertions":5,"deletions":1}}},{"hash":"e3ada2e481500ad309e63f471709f6a5a532fd83","messageTitle":"Update UserGuide.md","messageBody":"","fileTypesAndContributionMap":{"docs":{"insertions":2,"deletions":0}}},{"hash":"119c54904d3ed96c77ba95e492fe2b3ea5e4f989","messageTitle":"Update UserGuide.md","messageBody":"","fileTypesAndContributionMap":{"docs":{"insertions":4,"deletions":1}}},{"hash":"dc993eaa022db69ddf6f03f4ff37d70b8d2979ec","messageTitle":"Update UserGuide.md","messageBody":"","fileTypesAndContributionMap":{"docs":{"insertions":2,"deletions":2}}},{"hash":"061f3b8c69214e0df4efda02fbf6bdb6fac48ae7","messageTitle":"Change Name character limit to 30.","messageBody":"","fileTypesAndContributionMap":{"functional-code":{"insertions":20,"deletions":31}}},{"hash":"e5923606d49b53731fedea872fa732334fef963c","messageTitle":"Update Parser.java","messageBody":"","fileTypesAndContributionMap":{"functional-code":{"insertions":1,"deletions":1}}},{"hash":"84679d94f0fe0ad6f96213c510aea69daa421c91","messageTitle":"Update UserGuide.md","messageBody":"","fileTypesAndContributionMap":{"docs":{"insertions":2,"deletions":5}}}]}]},"authorFileTypeContributionMap":{"JonathanKhooTY":{"docs":102,"functional-code":280,"test-code":181},"iamakilahamed":{"docs":165,"functional-code":439,"test-code":331,"other":2},"limwenfeng":{"docs":20,"functional-code":143,"test-code":18},"sarzorwyn":{"docs":29,"functional-code":497,"test-code":303,"other":15},"hussain1998":{"docs":30,"functional-code":466,"test-code":235,"other":1}},"authorContributionVariance":{"JonathanKhooTY":15431.977,"iamakilahamed":12233.531,"limwenfeng":916.9829,"sarzorwyn":8808.192,"hussain1998":9359.169},"authorDisplayNameMap":{"JonathanKhooTY":"CS2113T-T09-1 JONA..YANG","iamakilahamed":"CS2113T-T09-1 A AK..AMED","limwenfeng":"CS2113T-T09-1 LIM ..FENG","sarzorwyn":"CS2113T-T09-1 IVAN..A AN","hussain1998":"CS2113T-T09-1 H MO..SAIN"}}
