{"authorDailyContributionsMap":{"beaniestanley":[{"date":"2021-03-19","commitResults":[{"hash":"ef1b8c9bb12e243ace2dd0c788439c9376e90b5a","messageTitle":"Update AboutUs.md","messageBody":"","fileTypesAndContributionMap":{"docs":{"insertions":1,"deletions":1}}},{"hash":"ffad864dff6e1d00a78bd7b963a5253c88a450ad","messageTitle":"Add Shift class","messageBody":"","fileTypesAndContributionMap":{"functional-code":{"insertions":72,"deletions":0}}},{"hash":"7c80058c41f813065e442107a679b030bd63d5d9","messageTitle":"Revert \"Add Shift class\"","messageBody":"This reverts commit ffad864dff6e1d00a78bd7b963a5253c88a450ad.\n","fileTypesAndContributionMap":{"functional-code":{"insertions":0,"deletions":72}}},{"hash":"87689cdeacf8c7fdd3c9c627d6f6f1005930d0e1","messageTitle":"Add Shift class","messageBody":"","fileTypesAndContributionMap":{"functional-code":{"insertions":72,"deletions":0}}},{"hash":"185a796802eb6eafb0cb09a37111441061d92ab5","messageTitle":"Add addShift, assignShift and unassignShift methods","messageBody":"","fileTypesAndContributionMap":{"functional-code":{"insertions":88,"deletions":9}}}]},{"date":"2021-03-20","commitResults":[{"hash":"aea1ad76dd7ba2a32bfb071bb33709369c0fed4c","messageTitle":"Fix LocalDate formatting","messageBody":"","fileTypesAndContributionMap":{"functional-code":{"insertions":14,"deletions":14}}},{"hash":"423ad44f37e344f5f77703e4ad03db62d9dfa321","messageTitle":"Fix assignEmployee and unassignEmployee","messageBody":"","fileTypesAndContributionMap":{"functional-code":{"insertions":8,"deletions":3}}},{"hash":"483ebb9c8c430348725050ca532acf97e7fec215","messageTitle":"Add braces for for-loop","messageBody":"","fileTypesAndContributionMap":{"functional-code":{"insertions":4,"deletions":2}}}]},{"date":"2021-03-23","commitResults":[{"hash":"cc8fc0104707efaf7b3ef894dcd1ad42e89d42c8","messageTitle":"Fix addShift","messageBody":"","fileTypesAndContributionMap":{"functional-code":{"insertions":5,"deletions":1}}},{"hash":"f43acf82941c4a5a8c86c1ff55d22b8619029028","messageTitle":"Fix assignEmployee and unassignEmployee","messageBody":"","fileTypesAndContributionMap":{"functional-code":{"insertions":4,"deletions":0}}},{"hash":"54f5b794bbb391cdaf8cd2d653c108c88a46f164","messageTitle":"Add getShiftDatetoString method","messageBody":"","fileTypesAndContributionMap":{"functional-code":{"insertions":5,"deletions":0}}}]},{"date":"2021-03-25","commitResults":[{"hash":"59e8fe209fb4889c0ee87055d7c7d1cdb58eeb94","messageTitle":"Add assignEmployee DG, improve assignEmployee and unassignEmployee","messageBody":"","fileTypesAndContributionMap":{"functional-code":{"insertions":4,"deletions":0},"docs":{"insertions":34,"deletions":0}}}]},{"date":"2021-03-30","commitResults":[{"hash":"02ecb1a308b96528bf1857af1ffec6d2ad861f3d","messageTitle":"Move Shift methods from AppController into ShiftController","messageBody":"","fileTypesAndContributionMap":{"functional-code":{"insertions":127,"deletions":111}}},{"hash":"da9816afe58d2f9afc3bca5ecfdc42fd493cd578","messageTitle":"Update ShiftController methods","messageBody":"","fileTypesAndContributionMap":{"functional-code":{"insertions":4,"deletions":4}}}]}],"justinaquak":[{"date":"2021-03-17","commitResults":[{"hash":"fd4d1fa9a81375c73196d7d76992e615e9e54851","messageTitle":"update justina name","messageBody":"","fileTypesAndContributionMap":{"docs":{"insertions":1,"deletions":1}}}]},{"date":"2021-03-18","commitResults":[{"hash":"c180c73d93f9882c6d2e71229370fee81e573a99","messageTitle":"add view employee availability function","messageBody":"","fileTypesAndContributionMap":{"functional-code":{"insertions":21,"deletions":4}}}]},{"date":"2021-03-19","commitResults":[{"hash":"d095ff3462d3a54543d8380a4445380d0a26cb4c","messageTitle":"add view all shifts and view one shift functionality","messageBody":"","fileTypesAndContributionMap":{"functional-code":{"insertions":24,"deletions":1}}},{"hash":"1b745f82947d17c921d7e12578523efd70248e9f","messageTitle":"add view all shifts","messageBody":"","fileTypesAndContributionMap":{"functional-code":{"insertions":0,"deletions":17}}},{"hash":"28f473e00edcf8092add7cdf270be1cc11211aa0","messageTitle":"add view one shift","messageBody":"","fileTypesAndContributionMap":{"functional-code":{"insertions":17,"deletions":0}}}]},{"date":"2021-03-23","commitResults":[{"hash":"fa0391126f8e727959cc9a89ef7ed9ef962ca379","messageTitle":"edit view all shifts and view one shift","messageBody":"","fileTypesAndContributionMap":{"functional-code":{"insertions":12,"deletions":3}}},{"hash":"e605a2f2fcc4c9bbbfcc21d330fb5a7db277e3cd","messageTitle":"edit view one shift","messageBody":"","fileTypesAndContributionMap":{"functional-code":{"insertions":5,"deletions":1}}}]},{"date":"2021-03-24","commitResults":[{"hash":"ab420bfc26c09b3b362516257738f8d00b3a9abc","messageTitle":"add view One Shift DG","messageBody":"","fileTypesAndContributionMap":{"docs":{"insertions":42,"deletions":2}}}]},{"date":"2021-03-30","commitResults":[{"hash":"a88c6ba4d24258c7fbea6eeb5d6dd0dfd218624b","messageTitle":"add ignore case functionality","messageBody":"","fileTypesAndContributionMap":{"functional-code":{"insertions":1,"deletions":1}}}]}],"cloudy3":[{"date":"2021-03-18","commitResults":[{"hash":"0d4f5a10ba384987ac7faa5bc136a9122edb6c5e","messageTitle":"Update Jing Feng\u0027s name","messageBody":"","fileTypesAndContributionMap":{"docs":{"insertions":7,"deletions":1}}},{"hash":"e2d421ac53cfe970ad64fc41db0dd3070fd34932","messageTitle":"Add File Manager","messageBody":"","fileTypesAndContributionMap":{"functional-code":{"insertions":68,"deletions":0}}},{"hash":"de75ca77c41e90a583768997078b47900644be88","messageTitle":"Fix Java naming convention","messageBody":"","fileTypesAndContributionMap":{"other":{"insertions":0,"deletions":0}}},{"hash":"5ad3294df7eb18d762e344394e8f20c86750b2f0","messageTitle":"Fix Java naming convention","messageBody":"","fileTypesAndContributionMap":{"functional-code":{"insertions":21,"deletions":21}}},{"hash":"594d02ab7bf034e6f5c5c16ae426a7f43e9d36d6","messageTitle":"Implement FileManager and DataParser","messageBody":"","fileTypesAndContributionMap":{"functional-code":{"insertions":48,"deletions":26}}}]},{"date":"2021-03-19","commitResults":[{"hash":"1c0f3278a0ebcd247ef984ac2e6d642d975bf198","messageTitle":"Closes #6, closes #7, closes #10","messageBody":"","fileTypesAndContributionMap":{"functional-code":{"insertions":32,"deletions":23}}}]},{"date":"2021-03-23","commitResults":[{"hash":"c23ed81e92be9b3dba09e1eee060bb07ca12105c","messageTitle":"Update gradle","messageBody":"","fileTypesAndContributionMap":{"other":{"insertions":1,"deletions":1}}},{"hash":"3d48ba6d7131470b5200ec2463e76be50d131877","messageTitle":"Fix bugs in case statement","messageBody":"","fileTypesAndContributionMap":{"functional-code":{"insertions":15,"deletions":0}}}]},{"date":"2021-03-25","commitResults":[{"hash":"fbfbdf5d4c3516dfd558a065957dcaeb5f749ab7","messageTitle":"no message","messageBody":"","fileTypesAndContributionMap":{"functional-code":{"insertions":82,"deletions":2}}},{"hash":"99294c6938c1be4b543159882b68ba949d08d93c","messageTitle":"Implement file handling for Shifts","messageBody":"","fileTypesAndContributionMap":{"functional-code":{"insertions":45,"deletions":54}}}]},{"date":"2021-03-26","commitResults":[{"hash":"33c973f8a923aa98848d5922a1f135cb9420f3eb","messageTitle":"Updated Developer Guide","messageBody":"","fileTypesAndContributionMap":{"docs":{"insertions":39,"deletions":0}}},{"hash":"4dfa5c914192e1196274a4aa638faf9e0b5464f6","messageTitle":"Minor changes","messageBody":"","fileTypesAndContributionMap":{"functional-code":{"insertions":4,"deletions":4},"docs":{"insertions":2,"deletions":2}}}]},{"date":"2021-03-29","commitResults":[{"hash":"ae5e37c25aecfc0a4625eb64a6a2585013aa4629","messageTitle":"Update Developer Guide","messageBody":"","fileTypesAndContributionMap":{"docs":{"insertions":16,"deletions":31}}}]},{"date":"2021-03-30","commitResults":[{"hash":"d550070b34fe407e7912fe0a6d8e313d5dea2962","messageTitle":"Fix Loading of shifts","messageBody":"","fileTypesAndContributionMap":{"functional-code":{"insertions":30,"deletions":18}}}]}],"lihaoyangML":[{"date":"2021-03-05","commitResults":[{"hash":"c5fe8d974e5b4aeeac4f20f356711b7fdd3fd737","messageTitle":"update haoyang name","messageBody":"","fileTypesAndContributionMap":{"docs":{"insertions":1,"deletions":1}}}]},{"date":"2021-03-18","commitResults":[{"hash":"c65b94b9ac9e36c0d74d3c34774cb54a9dfbd255","messageTitle":"implement some public code, add employee, add employee schedule,drop employee schedule","messageBody":"","fileTypesAndContributionMap":{"functional-code":{"insertions":114,"deletions":0}}}]},{"date":"2021-03-23","commitResults":[{"hash":"ad2e7ce7a594b470d897f683c5398414d0170cd7","messageTitle":"add constraints on schedule","messageBody":"","fileTypesAndContributionMap":{"functional-code":{"insertions":52,"deletions":2}}},{"hash":"6d6cff3603b8e228581b48d73cb318c004a91d37","messageTitle":"add help, ui and dropEmployee","messageBody":"","fileTypesAndContributionMap":{"functional-code":{"insertions":63,"deletions":21}}},{"hash":"889d5938085a2fbb413d4fcef59b8094a5fe7815","messageTitle":"implement get employee object by name","messageBody":"","fileTypesAndContributionMap":{"functional-code":{"insertions":19,"deletions":0}}}]},{"date":"2021-03-25","commitResults":[{"hash":"42d2debf0af7f889fcbc1dcb58038958a6ecf7a3","messageTitle":"add DG for addSchedule","messageBody":"","fileTypesAndContributionMap":{"docs":{"insertions":45,"deletions":0}}},{"hash":"47d003d134c54ed1f46ba6e81509465f2f797f52","messageTitle":"Improve description for addSchedule in DG","messageBody":"","fileTypesAndContributionMap":{"docs":{"insertions":2,"deletions":2}}}]},{"date":"2021-03-26","commitResults":[{"hash":"5ce8bc4ca07e871efe70f012724d01256624c6c3","messageTitle":"disable drop employee to prevent bug","messageBody":"","fileTypesAndContributionMap":{"functional-code":{"insertions":4,"deletions":4}}}]}]},"authorFileTypeContributionMap":{"beaniestanley":{"docs":35,"functional-code":208,"test-code":0},"justinaquak":{"docs":43,"functional-code":18,"test-code":0},"cloudy3":{"docs":30,"functional-code":253,"test-code":0,"other":1},"lihaoyangML":{"docs":46,"functional-code":196,"test-code":0}},"authorContributionVariance":{"beaniestanley":5643.5337,"justinaquak":215.02516,"cloudy3":2586.7708,"lihaoyangML":1381.7515},"authorDisplayNameMap":{"beaniestanley":"CS2113-F10-3 HO W..NLEY","justinaquak":"CS2113-F10-3 JUST..YING","cloudy3":"CS2113-F10-3 CHEA..FENG","lihaoyangML":"CS2113-F10-3 LI H..YANG"}}
