{"authorDailyContributionsMap":{"NgManSing":[{"date":"2021-03-08","commitResults":[{"hash":"7d700ca47b37c922acf1acef20bbd0e5bb6fe5f0","messageTitle":"[Sam] Added \"add\" functionality into Duke","messageBody":"Fixes #11\n","fileTypesAndContributionMap":{"functional-code":{"insertions":230,"deletions":17},"test-code":{"insertions":0,"deletions":2}}},{"hash":"11b951860f1c8117ff3044abcec91b9ef5951c0e","messageTitle":"[Sam] Updates on Naming","messageBody":"","fileTypesAndContributionMap":{"functional-code":{"insertions":14,"deletions":13}}},{"hash":"fc0e922afebe09c77fdda1659de4aec0da732dcb","messageTitle":"[Sam] Updated test-ui-test","messageBody":"","fileTypesAndContributionMap":{"functional-code":{"insertions":16,"deletions":6}}},{"hash":"fe103963c82932a14145c359a521cfad3f62cfc6","messageTitle":"[Sam] Updated line separators","messageBody":"","fileTypesAndContributionMap":{"functional-code":{"insertions":13,"deletions":15}}}]},{"date":"2021-03-09","commitResults":[{"hash":"b9bfcf418995926dd1ead8fd86b85e6a0e95ffe7","messageTitle":"[Sam] Minor Fix of Keyword Naming","messageBody":"","fileTypesAndContributionMap":{"functional-code":{"insertions":7,"deletions":7}}},{"hash":"a631e99abda830f60c3f6b2fb71344ee84b20d59","messageTitle":"[Sam] Minor updates on Duke","messageBody":"- Changed all print -\u003e println\n-  Added a string to prompt user when resource is failed to be added\n","fileTypesAndContributionMap":{"functional-code":{"insertions":12,"deletions":13}}},{"hash":"460869a4da8a340fef922a19494312246a5a16d0","messageTitle":"[Sam] updated the swith loop","messageBody":"","fileTypesAndContributionMap":{"functional-code":{"insertions":6,"deletions":3}}}]},{"date":"2021-03-10","commitResults":[{"hash":"2cbf9c95f9d635dd9d740b6d680280208eff316c","messageTitle":"[Sam] Updated the code","messageBody":"Updated visibility of the static constants and changing println(...) to print(... + \"\\n\") so as to pass junit tests and added 3 junit tests related to add method\n","fileTypesAndContributionMap":{"functional-code":{"insertions":32,"deletions":36},"test-code":{"insertions":120,"deletions":1}}},{"hash":"3a346abd92073ea8c01bad7bcf621ceeada035c0","messageTitle":"[Sam] fixed style problem in test","messageBody":"","fileTypesAndContributionMap":{"test-code":{"insertions":6,"deletions":3}}},{"hash":"026cefd230b00703a5cbfc161dbdc5ff41917a4f","messageTitle":"[Sam] Updated Duke","messageBody":"added initializeDuke() and updated some junits\n","fileTypesAndContributionMap":{"functional-code":{"insertions":8,"deletions":2},"test-code":{"insertions":8,"deletions":16}}},{"hash":"307ed4a63a0728cb3f3be5c9af2c4046dc93a964","messageTitle":"[Sam] improve junit test readability","messageBody":"Improve variable naming and cancel redundent variable.\n","fileTypesAndContributionMap":{"test-code":{"insertions":18,"deletions":24}}},{"hash":"2d5d6d1f18b8f38c0e45557594827ac0b7776227","messageTitle":"Revert \"[Sam] improve junit test readability\"","messageBody":"This reverts commit 307ed4a63a0728cb3f3be5c9af2c4046dc93a964.\n","fileTypesAndContributionMap":{"test-code":{"insertions":24,"deletions":18}}},{"hash":"f1e82181a2245d5d822f25010138e36c545cbe7b","messageTitle":"[Sam] improve junit tests readability","messageBody":"Improve variable naming and cancel redundent variable.\nFixes #31\n","fileTypesAndContributionMap":{"test-code":{"insertions":18,"deletions":24}}}]},{"date":"2021-03-19","commitResults":[{"hash":"3a07adc1f26eefd63a82ae82d793ff79cc80cdf5","messageTitle":"[Sam] added assert to ensure projectInfo will not be null","messageBody":"","fileTypesAndContributionMap":{"functional-code":{"insertions":1,"deletions":0}}},{"hash":"96316487472c9a1acf796bc372a1f769e0e5d6bb","messageTitle":"Revert \"[Sam] added assert to ensure projectInfo will not be null\"","messageBody":"This reverts commit 3a07adc1f26eefd63a82ae82d793ff79cc80cdf5.\n","fileTypesAndContributionMap":{"functional-code":{"insertions":0,"deletions":1}}},{"hash":"423fce4ec532ebab375bb82e1b9357df3838e845","messageTitle":"[Sam] add assert to ensure that projectInfo will not be null","messageBody":"fixes #46\n","fileTypesAndContributionMap":{"functional-code":{"insertions":1,"deletions":0}}}]},{"date":"2021-03-24","commitResults":[{"hash":"5e403a4bd681266671ca756a35741af14f67e7b8","messageTitle":"[Sam] Refactor Code Refactor the code into different classes Fixes #65","messageBody":"","fileTypesAndContributionMap":{"functional-code":{"insertions":484,"deletions":467},"test-code":{"insertions":35,"deletions":34}}},{"hash":"fb4a51363103a9ccebcea526c63837890bd45e0a","messageTitle":"[Sam] Refactor add method and CommandParser","messageBody":"","fileTypesAndContributionMap":{"functional-code":{"insertions":82,"deletions":55}}},{"hash":"6cc9bf7a515453a2c5004baf41a9edc843b83527","messageTitle":"[Sam] Minor updates for correcting checkstyle stuff","messageBody":"","fileTypesAndContributionMap":{"functional-code":{"insertions":2,"deletions":2}}},{"hash":"da4668d99b048b6c922e2f0a6ea2ab6dd1469285","messageTitle":"[Sam] added date feature to resource class and edited junit tests Fixes #50","messageBody":"","fileTypesAndContributionMap":{"functional-code":{"insertions":65,"deletions":31},"test-code":{"insertions":39,"deletions":13}}}]},{"date":"2021-03-25","commitResults":[{"hash":"c5be68f451d7775dd2a6896ea29867f2fd9b8211","messageTitle":"[Sam] Minor update","messageBody":"","fileTypesAndContributionMap":{"functional-code":{"insertions":7,"deletions":7},"test-code":{"insertions":1,"deletions":1}}},{"hash":"5fbc55eeff9e08093c91f571f8399cfb96557817","messageTitle":"[Sam] update userguide","messageBody":"","fileTypesAndContributionMap":{"docs":{"insertions":33,"deletions":2}}}]},{"date":"2021-03-30","commitResults":[{"hash":"fc7109187aeff85c2e7058b1c458519ef6b96227","messageTitle":"[Sam] Updated UG Fixes #94","messageBody":"","fileTypesAndContributionMap":{"functional-code":{"insertions":27,"deletions":17},"docs":{"insertions":32,"deletions":6}}},{"hash":"10c82a9ce32cf7e3d53499e31ee90c9667efeba9","messageTitle":"[Sam] Minor fix on import class in Duke.java","messageBody":"","fileTypesAndContributionMap":{"functional-code":{"insertions":1,"deletions":0}}},{"hash":"f74a3d8279809c99a2f453f3f4d906c59fa0b997","messageTitle":"[Sam] Updated DG","messageBody":"","fileTypesAndContributionMap":{"docs":{"insertions":97,"deletions":13}}}]},{"date":"2021-04-02","commitResults":[{"hash":"b8f90757c538538a9e36b3f50a68ab73b63274db","messageTitle":"[Sam] Fix bug about add command - prompt user when the user is trying to add a resource with the same URL as the one that is already exsiting in the project\u0027s resource list. - Updated the sequence diagram, DG, UG","messageBody":"","fileTypesAndContributionMap":{"functional-code":{"insertions":23,"deletions":12},"docs":{"insertions":39,"deletions":40},"test-code":{"insertions":9,"deletions":8}}}]},{"date":"2021-04-03","commitResults":[{"hash":"10e32ad05c807910a1add5333e3b83c3db4b6c50","messageTitle":"[Sam] Sequence Diagram update","messageBody":"","fileTypesAndContributionMap":{"functional-code":{"insertions":5,"deletions":1},"docs":{"insertions":6,"deletions":16}}},{"hash":"dcf1a29785fcc83c8049b62d0c91454f6dcb3e13","messageTitle":"[Sam] Bug Fix","messageBody":"1. [PE-D] Entering space character in the beginning causes app to crash: Fixed by triming the input and checking if command is null before switch in processCommand()\n2. [PE-D] Order of parameters matters when adding a new resource: Fixed by adding another position check method\n3. [PE-D] weird naming of variable in parser/CommandParser: Fixed by changing the naming of variable\n4. [PE-D] Same project name but different projects will be created: Fixed by trimming the information\n5. [PE-D] Project Name With Space In The End: Same as 4\n\nFixes #149\nFixes #153\nFixes #142\nFixes #127\nFixes #128\n","fileTypesAndContributionMap":{"functional-code":{"insertions":73,"deletions":31},"docs":{"insertions":5,"deletions":4}}},{"hash":"6507f574df825ac647a72bcb8a1e5417dc53620d","messageTitle":"[Sam] Fix checkstyle bugs","messageBody":"","fileTypesAndContributionMap":{"functional-code":{"insertions":3,"deletions":2}}},{"hash":"76a4a61d05b43d275514483230a692f2cccf444f","messageTitle":"[Sam] updated \"Add\" SD","messageBody":"","fileTypesAndContributionMap":{"docs":{"insertions":0,"deletions":4}}},{"hash":"ba5a2b5267a7b11e611ea01bc2d736d9cd10e8c4","messageTitle":"[Sam] update of add.png and my intro","messageBody":"","fileTypesAndContributionMap":{"docs":{"insertions":18,"deletions":13}}},{"hash":"486a24b90291925431e6238799041dd39e21b491","messageTitle":"[Sam] Remove return/parameter types","messageBody":"","fileTypesAndContributionMap":{"docs":{"insertions":1,"deletions":1}}}]},{"date":"2021-04-05","commitResults":[{"hash":"29aea825311739f796b8c6ff26720b6af5adde57","messageTitle":"[Sam] Fix bug related to command order and add junit tests","messageBody":"[PE-D] Certain wrong inputs manage to successfully create entry: Fixed\n[PE-D] Invalid URLs accepted: Fixed, user could choose whether to perform URL check wihch requires internet access.\n\nFixes #137\nFixes #136\n","fileTypesAndContributionMap":{"functional-code":{"insertions":54,"deletions":24},"docs":{"insertions":25,"deletions":8},"test-code":{"insertions":247,"deletions":9}}},{"hash":"2799d544ce358111dada6013151e50d96108d994","messageTitle":"[Sam] checkstyle stuff","messageBody":"","fileTypesAndContributionMap":{"functional-code":{"insertions":2,"deletions":2},"test-code":{"insertions":2,"deletions":1}}},{"hash":"40c7bd1865a5b8bd5e7451bda625488a7b9a2a9c","messageTitle":"[Sam] add unit tests","messageBody":"","fileTypesAndContributionMap":{"test-code":{"insertions":4,"deletions":0}}},{"hash":"82a4508d519561438e83e184ef8d5742b0295134","messageTitle":"[Sam] ..","messageBody":"","fileTypesAndContributionMap":{"functional-code":{"insertions":1,"deletions":7},"test-code":{"insertions":56,"deletions":2}}},{"hash":"0ee67f67aaf2b990b43d64f6d635bb6f092103c2","messageTitle":"[Sam] Refactor code to make it more coherent and added junit tests","messageBody":"","fileTypesAndContributionMap":{"functional-code":{"insertions":131,"deletions":115},"other":{"insertions":3,"deletions":4},"test-code":{"insertions":56,"deletions":4}}}]}],"s-t-e-f":[{"date":"2021-03-07","commitResults":[{"hash":"1fe266a0bd6738879a33fb632f2b36f73b89b38d","messageTitle":"test","messageBody":"","fileTypesAndContributionMap":{"functional-code":{"insertions":1,"deletions":0}}}]},{"date":"2021-03-09","commitResults":[{"hash":"bf85d9cbd5617754cd0bd07eb7c9b8ff2dd2fd16","messageTitle":"Deletes a resource from the resource list","messageBody":"","fileTypesAndContributionMap":{"functional-code":{"insertions":54,"deletions":0}}}]},{"date":"2021-03-10","commitResults":[{"hash":"93d03fa703ae327031d485e43992db32599464c4","messageTitle":"JUnit test for deleting a valid resource","messageBody":"","fileTypesAndContributionMap":{"test-code":{"insertions":36,"deletions":0}}}]},{"date":"2021-03-16","commitResults":[{"hash":"e4b258ddf56dafe7076c3b75c611f9ffd156962d","messageTitle":"Deletes all resources in specified project if index is not provided.","messageBody":"","fileTypesAndContributionMap":{"functional-code":{"insertions":29,"deletions":10}}},{"hash":"8e5c3a599b62024e60934f1273024a7789552c4a","messageTitle":"Fixes the bug of \u0027delete\u0027 function","messageBody":"","fileTypesAndContributionMap":{"functional-code":{"insertions":6,"deletions":7}}}]},{"date":"2021-03-23","commitResults":[{"hash":"ab1fed0a83e331b654165227f3a16e7e5deea6a7","messageTitle":"Add edit() function and contribute to developer guide.","messageBody":"","fileTypesAndContributionMap":{"functional-code":{"insertions":77,"deletions":15},"docs":{"insertions":27,"deletions":3}}},{"hash":"0fe76965df2c269f9a916e02a5e948a5c02c9575","messageTitle":"Fix checkstyle issue","messageBody":"","fileTypesAndContributionMap":{"functional-code":{"insertions":3,"deletions":3}}},{"hash":"53f5dd84eef96f38d0191e24e555b65e7ad76ae1","messageTitle":"Fix checkstyle issue","messageBody":"","fileTypesAndContributionMap":{"functional-code":{"insertions":1,"deletions":1}}}]},{"date":"2021-03-28","commitResults":[{"hash":"6cb3357a68887e361259f54453a7e41feedc16f0","messageTitle":"Added JUnit tests and help command for edit() function.","messageBody":"","fileTypesAndContributionMap":{"functional-code":{"insertions":10,"deletions":2},"test-code":{"insertions":143,"deletions":0}}},{"hash":"b7cb3fae8c266177564cf690c0a3a86a83a5ad69","messageTitle":"Fix checkstyle issue.","messageBody":"","fileTypesAndContributionMap":{"test-code":{"insertions":1,"deletions":0}}}]},{"date":"2021-03-29","commitResults":[{"hash":"e38b87059a87104faa1648ee74723345ddda5830","messageTitle":"Added sequence diagram for delete feature. Updated developer guide for edit feature.","messageBody":"","fileTypesAndContributionMap":{"docs":{"insertions":72,"deletions":0},"test-code":{"insertions":1,"deletions":1}}},{"hash":"f4e8a2f457dbfda3d677245c209febd3882ee502","messageTitle":"Update User Guide","messageBody":"","fileTypesAndContributionMap":{"functional-code":{"insertions":0,"deletions":4},"docs":{"insertions":28,"deletions":4}}}]},{"date":"2021-04-03","commitResults":[{"hash":"6856e67f5a3ee8d3f7cc7d6df6111013d5c9ca86","messageTitle":"Edited UserGuide and AboutUs","messageBody":"","fileTypesAndContributionMap":{"functional-code":{"insertions":1,"deletions":1},"docs":{"insertions":5,"deletions":4}}},{"hash":"07a178823583e19a5a121df1211d4ec3c831d160","messageTitle":"Fix minor bug","messageBody":"","fileTypesAndContributionMap":{"test-code":{"insertions":1,"deletions":1}}}]},{"date":"2021-04-04","commitResults":[{"hash":"a4dffdc63b03a7d68fcbd21d317cd75739b3bf1a","messageTitle":"Fix bug for edit()","messageBody":"","fileTypesAndContributionMap":{"functional-code":{"insertions":2,"deletions":2}}},{"hash":"5e319fbe6bbb49e24dfd3638f04bf7007653eccc","messageTitle":"Refractor codes.","messageBody":"","fileTypesAndContributionMap":{"functional-code":{"insertions":117,"deletions":82}}},{"hash":"c31becc09ee4812030660721d12676ac3cc644a6","messageTitle":"Fix checkstyle","messageBody":"","fileTypesAndContributionMap":{"functional-code":{"insertions":1,"deletions":1}}},{"hash":"93fbba2c12b53d8382790a852dd36930213336a6","messageTitle":"Fix checkstyle","messageBody":"","fileTypesAndContributionMap":{"functional-code":{"insertions":0,"deletions":4}}},{"hash":"d8a1f536da24cf9148b9f37b31461e4e74fb3d77","messageTitle":"Fix checkstyle","messageBody":"","fileTypesAndContributionMap":{"functional-code":{"insertions":0,"deletions":2},"other":{"insertions":1,"deletions":0}}},{"hash":"a6678e975896d96da89d75b8c0af4b2637b46d56","messageTitle":"Fix JUnit tests","messageBody":"","fileTypesAndContributionMap":{"test-code":{"insertions":7,"deletions":7}}}]},{"date":"2021-04-05","commitResults":[{"hash":"df9f209509ede278863ed80a3ac7755a431d2e65","messageTitle":"no message","messageBody":"","fileTypesAndContributionMap":{"test-code":{"insertions":1,"deletions":145}}}]},{"date":"2021-04-08","commitResults":[{"hash":"7e377f7bd9a25fc204ff46e3e600a8dd8adf1fa9","messageTitle":"Added Javadocs","messageBody":"","fileTypesAndContributionMap":{"functional-code":{"insertions":41,"deletions":6}}},{"hash":"ee4d4b3399d5f6bd2f991354bd790c0b02b0ed89","messageTitle":"Added Instructions for Manual Testing in developer guide.","messageBody":"","fileTypesAndContributionMap":{"functional-code":{"insertions":4,"deletions":2},"docs":{"insertions":51,"deletions":1}}},{"hash":"f477c22cec28c50105153d09240a190d97f6bb3d","messageTitle":"Updated sequence diagram for delete.","messageBody":"","fileTypesAndContributionMap":{"docs":{"insertions":19,"deletions":22}}},{"hash":"43111771934d4b1bc096665a8e47d5a434dfd298","messageTitle":"Added sequence diagram for edit.","messageBody":"","fileTypesAndContributionMap":{"docs":{"insertions":45,"deletions":1}}}]}],"yyixue":[{"date":"2021-03-07","commitResults":[{"hash":"a45cf3564325c2617caaae504e89d0cb376c7e2d","messageTitle":"Change permissions of runtest.sh","messageBody":"","fileTypesAndContributionMap":{"other":{"insertions":0,"deletions":0}}},{"hash":"503c06102310f42b551addbc88b44703a653420c","messageTitle":"Create Project and Resource classes","messageBody":"","fileTypesAndContributionMap":{"functional-code":{"insertions":15,"deletions":0}}}]},{"date":"2021-03-09","commitResults":[{"hash":"a07d24ec60d444f06237841f0cbe14ebe5fcd971","messageTitle":"Added \u0027exit\u0027 functionality into Duke","messageBody":"","fileTypesAndContributionMap":{"functional-code":{"insertions":13,"deletions":0}}}]},{"date":"2021-03-10","commitResults":[{"hash":"a481bf3c4c827e6537dc57af2e1b3e8eacb3c4dd","messageTitle":"Update JUnit Test for Delete method","messageBody":"","fileTypesAndContributionMap":{"functional-code":{"insertions":1,"deletions":1},"test-code":{"insertions":38,"deletions":0}}},{"hash":"af8309ededc21255dba7fa18d76d4114068bfcd1","messageTitle":"Update JUnit Test for delete method","messageBody":"","fileTypesAndContributionMap":{"functional-code":{"insertions":1,"deletions":0},"test-code":{"insertions":37,"deletions":0}}},{"hash":"c5e7e3fa8a9c3b7d59edb687b986182bce5aa155","messageTitle":"Remove redundant import","messageBody":"","fileTypesAndContributionMap":{"functional-code":{"insertions":0,"deletions":1}}}]},{"date":"2021-03-15","commitResults":[{"hash":"2ec0435957ecafb70fa793f5a5f8bd2d984f0dff","messageTitle":"Add exit JUnit test","messageBody":"","fileTypesAndContributionMap":{"test-code":{"insertions":30,"deletions":0}}},{"hash":"3a680e97cade4ffcb18e86190894e30caaac975d","messageTitle":"Remove redundant import","messageBody":"","fileTypesAndContributionMap":{"test-code":{"insertions":0,"deletions":1}}}]},{"date":"2021-03-21","commitResults":[{"hash":"d5489086c0235fe3ac2de8911a062106d542088e","messageTitle":"Add new packages and classes","messageBody":"","fileTypesAndContributionMap":{"functional-code":{"insertions":27,"deletions":0},"other":{"insertions":1,"deletions":1},"test-code":{"insertions":1,"deletions":0}}}]},{"date":"2021-03-22","commitResults":[{"hash":"3a94ac04858be8aa1b83eb6839208fe9915829ab","messageTitle":"Update Duke.java","messageBody":"","fileTypesAndContributionMap":{"functional-code":{"insertions":2,"deletions":1}}}]},{"date":"2021-03-23","commitResults":[{"hash":"dda07367cc1e0281858fb0d3c95b8dfda403b3dd","messageTitle":"Added Find functionality","messageBody":"","fileTypesAndContributionMap":{"functional-code":{"insertions":76,"deletions":0}}},{"hash":"da1f8867b7688a69276afaa2cc6e376f3142f049","messageTitle":"Added project not found case","messageBody":"","fileTypesAndContributionMap":{"functional-code":{"insertions":5,"deletions":0}}},{"hash":"f89b6da93f40bbec458aa9e1facbf982d9044459","messageTitle":"Add JUnit Tests and Assertions for Find","messageBody":"","fileTypesAndContributionMap":{"test-code":{"insertions":115,"deletions":0}}},{"hash":"84e4b1ec31d01679802b8d9255219ff906f4f032","messageTitle":"Add Assertions","messageBody":"","fileTypesAndContributionMap":{"functional-code":{"insertions":2,"deletions":0}}},{"hash":"208e1900a56f66f7f80563dc1d7e5fae8b8896ef","messageTitle":"Trying to fix build failure for Windows","messageBody":"","fileTypesAndContributionMap":{"functional-code":{"insertions":1,"deletions":2}}}]},{"date":"2021-03-24","commitResults":[{"hash":"1fd1499109f8792401e74f44c42969fb924c3db4","messageTitle":"Try removing problematic tests","messageBody":"","fileTypesAndContributionMap":{"functional-code":{"insertions":0,"deletions":1},"test-code":{"insertions":1,"deletions":78}}},{"hash":"f414f9f190868355430b2ab6e5f2f305bf981763","messageTitle":"Try modifying problematic test cases","messageBody":"","fileTypesAndContributionMap":{"test-code":{"insertions":60,"deletions":1}}},{"hash":"45c9872ac120db4c5678fec43c184a58ae559c8e","messageTitle":"Remove problematic tests","messageBody":"","fileTypesAndContributionMap":{"test-code":{"insertions":0,"deletions":59}}}]},{"date":"2021-03-25","commitResults":[{"hash":"ff62d17c880b17500c2573280874a8db7c4c136d","messageTitle":"Update Developers Guide with find and exit functions","messageBody":"","fileTypesAndContributionMap":{"docs":{"insertions":58,"deletions":0}}}]},{"date":"2021-03-29","commitResults":[{"hash":"f9d3bc4d038101603b2fc65133182ad61bfad4be","messageTitle":"Add Find and Exit to User Guide","messageBody":"","fileTypesAndContributionMap":{"docs":{"insertions":33,"deletions":15}}},{"hash":"01520545c098bb9c87989a54236275bb936339e4","messageTitle":"Create find and exit puml files","messageBody":"","fileTypesAndContributionMap":{"docs":{"insertions":126,"deletions":0}}},{"hash":"619c7f5f8909d40f8a11275c0d41e29a766d0da7","messageTitle":"Add sequence diagrams to develops guide for find and exit","messageBody":"","fileTypesAndContributionMap":{"docs":{"insertions":6,"deletions":0}}}]},{"date":"2021-03-30","commitResults":[{"hash":"6cf021045427dd0799a7f0e98c8be57cd6708fa3","messageTitle":"Add find to help","messageBody":"","fileTypesAndContributionMap":{"functional-code":{"insertions":2,"deletions":0}}},{"hash":"5817b94e7bfbf00dafa36d7496be483c305f7015","messageTitle":"Edit testListAllCommands","messageBody":"","fileTypesAndContributionMap":{"test-code":{"insertions":2,"deletions":0}}}]},{"date":"2021-04-03","commitResults":[{"hash":"2c4bc8332e9aea59e89d1898c6734884b2959455","messageTitle":"Update user guide for find","messageBody":"","fileTypesAndContributionMap":{"docs":{"insertions":14,"deletions":5}}}]},{"date":"2021-04-04","commitResults":[{"hash":"8f8e8b9f6fddcde6a8d93031eaf51d74a59733de","messageTitle":"Abstraction for Find","messageBody":"","fileTypesAndContributionMap":{"functional-code":{"insertions":41,"deletions":49},"test-code":{"insertions":2,"deletions":1}}},{"hash":"4944eb6ef0064afd9db993d7cbd118b2b7902531","messageTitle":"Add ProjectManager","messageBody":"","fileTypesAndContributionMap":{"functional-code":{"insertions":20,"deletions":0}}},{"hash":"7a2948a2cdc91e091b25fc89c708d1e968123f16","messageTitle":"Add finding for url of resource","messageBody":"","fileTypesAndContributionMap":{"functional-code":{"insertions":3,"deletions":2}}},{"hash":"6115475e7774cc5b0c81b92d3aa19fcd7f8cadc5","messageTitle":"Fix Checkstyle","messageBody":"","fileTypesAndContributionMap":{"functional-code":{"insertions":2,"deletions":2}}},{"hash":"88d15be03940de15c7ffaeb04226c7b8e3c230fc","messageTitle":"Simplify and edit find and exit uml diagrams","messageBody":"","fileTypesAndContributionMap":{"docs":{"insertions":55,"deletions":90}}}]},{"date":"2021-04-06","commitResults":[{"hash":"31931dcf359020d774c8eab0e71d5908e7c883d3","messageTitle":"Add to instructions for manual testing","messageBody":"","fileTypesAndContributionMap":{"docs":{"insertions":61,"deletions":3}}},{"hash":"a7bed769efc41520a12a4b1706c1b3d973a08160","messageTitle":"Add JUnit Tests","messageBody":"","fileTypesAndContributionMap":{"functional-code":{"insertions":1,"deletions":0},"test-code":{"insertions":85,"deletions":0}}},{"hash":"2c05c44a36b18ca6d24d1ddf6f21ab75eafc6826","messageTitle":"Fix Checkstyle","messageBody":"","fileTypesAndContributionMap":{"test-code":{"insertions":2,"deletions":2}}},{"hash":"cc2f366c9935d328a6b338523cf03202198ee201","messageTitle":"Fix Checkstyle","messageBody":"","fileTypesAndContributionMap":{"test-code":{"insertions":2,"deletions":2}}}]}],"seangoats":[{"date":"2021-03-09","commitResults":[{"hash":"390c2bb9c195c49e498be7ab08410e5285c4f076","messageTitle":"Update Duke.java","messageBody":"","fileTypesAndContributionMap":{"functional-code":{"insertions":1,"deletions":0}}},{"hash":"8975d90046dbf3f428dd6f568ac8f377f02edb21","messageTitle":"Update Project.java","messageBody":"","fileTypesAndContributionMap":{"functional-code":{"insertions":0,"deletions":4}}},{"hash":"339f95e0f1ef0be7557aa1ce24ed906abfb3780a","messageTitle":"Update Duke.java","messageBody":"","fileTypesAndContributionMap":{"functional-code":{"insertions":0,"deletions":1}}},{"hash":"af0965e4a7ace383b7b5810aa7da9a9c7de8ae26","messageTitle":"Add help command","messageBody":"","fileTypesAndContributionMap":{"functional-code":{"insertions":15,"deletions":0}}}]},{"date":"2021-03-13","commitResults":[{"hash":"cc6225bfdde43eb207022324585f270a76f1da91","messageTitle":"Add JUnit Test for help command A JUnit test method to test the listAllCommands in Duke which corresponds to the help command.","messageBody":"","fileTypesAndContributionMap":{"test-code":{"insertions":20,"deletions":0}}}]},{"date":"2021-03-15","commitResults":[{"hash":"ee56c491ae37124050e30364485d6c436d341835","messageTitle":"Enable assertions in build.gradle","messageBody":"","fileTypesAndContributionMap":{"other":{"insertions":1,"deletions":0}}}]},{"date":"2021-03-26","commitResults":[{"hash":"60d58004cc9a8761f6b92e6b4b914347bcb3d5b6","messageTitle":"Add save and load functionality","messageBody":"Saving and loading can be used by entering the commands \"save\" and \"load\" respectively.\nImplemented this way because saving upon exit of program causes rest of JUnit tests to fail.\nUpdated \"help\" command and it\u0027s corresponding JUnit test.\n","fileTypesAndContributionMap":{"functional-code":{"insertions":145,"deletions":0},"test-code":{"insertions":2,"deletions":0}}}]},{"date":"2021-03-30","commitResults":[{"hash":"0954b7d3bb0bf3437c6966188d9a0a9e2e4cd531","messageTitle":"Update Developer Guide for Save and Load functionality Create new Sequence diagrams and update Developer guide with relevant info","messageBody":"","fileTypesAndContributionMap":{"docs":{"insertions":99,"deletions":0}}},{"hash":"0d704bfe845a6375e9428b03a1bfbb94d1bea838","messageTitle":"Update user guide for save and load","messageBody":"","fileTypesAndContributionMap":{"docs":{"insertions":11,"deletions":0}}}]},{"date":"2021-04-03","commitResults":[{"hash":"150f329de4c1bc01401d347c7f9922a2fb552032","messageTitle":"Fix null description when loading project with no description","messageBody":"","fileTypesAndContributionMap":{"functional-code":{"insertions":2,"deletions":2}}},{"hash":"215e8f004f73f44f5b2ff9f13d39bade6a6a0175","messageTitle":"Fix bug where projects are appended if load is called multiple time","messageBody":"","fileTypesAndContributionMap":{"functional-code":{"insertions":5,"deletions":0}}}]},{"date":"2021-04-04","commitResults":[{"hash":"5ae2bec10925667cbb8addee8eada858e03ea670","messageTitle":"Fix load overwriting bug","messageBody":"Projects added before saving will be appended when load is called.\nOverride equals method in Project and Resource.\nAdd checking for empty projects so file is not overwritten to blank file.\n","fileTypesAndContributionMap":{"functional-code":{"insertions":66,"deletions":1}}},{"hash":"7e945ff1f3fc530db3ec9ca0de1e33d9890509b3","messageTitle":"Fix conflict","messageBody":"","fileTypesAndContributionMap":{"functional-code":{"insertions":2,"deletions":2}}},{"hash":"03406aaed93d93425a2d49d17f32d09e84a2ed94","messageTitle":"Fix bug where project is not deleted","messageBody":"Project will now be deleted if delete entire project\nor all resources are deleted.\n","fileTypesAndContributionMap":{"functional-code":{"insertions":5,"deletions":0}}},{"hash":"736011036ada6a52ecbc80aafd4405d33b452d90","messageTitle":"Add tests for Project and Resource and refactor packages","messageBody":"","fileTypesAndContributionMap":{"test-code":{"insertions":103,"deletions":46}}}]},{"date":"2021-04-05","commitResults":[{"hash":"5a8659fec646103f0ab308e0665f02f2ee701344","messageTitle":"Create the first iteration of the class diagram.","messageBody":"Classes, methods and relations in this first iteration is based on current implementation details.\nUpdate the DeveloperGuide to include the Class Diagram.\n","fileTypesAndContributionMap":{"docs":{"insertions":123,"deletions":1}}},{"hash":"fcadb40c80e6c2b5da510716c44de3c025d5275e","messageTitle":"Turn off icons for UML class diagram","messageBody":"","fileTypesAndContributionMap":{"docs":{"insertions":3,"deletions":0}}}]},{"date":"2021-04-09","commitResults":[{"hash":"ac539caee0f66c0440c2a09cd3679d2b624413d5","messageTitle":"Update Class Diagram, DG and JavaDocs","messageBody":"Update Class diagram to be based on current implementation.\nAdd short intro to DG.\nAdd JavaDocs for Storage.\n","fileTypesAndContributionMap":{"functional-code":{"insertions":11,"deletions":0},"docs":{"insertions":20,"deletions":8}}}]}],"jovanhuang":[{"date":"2021-03-09","commitResults":[{"hash":"32ee1a157c648dcc74e72cc8a1d88cbaaeacfc2d","messageTitle":"Add list function","messageBody":"","fileTypesAndContributionMap":{"functional-code":{"insertions":52,"deletions":0}}},{"hash":"6df4d3dce04fc74462dc05f0a2dbfae1d96b4bbb","messageTitle":"Improve tenses.","messageBody":"","fileTypesAndContributionMap":{"functional-code":{"insertions":2,"deletions":2}}},{"hash":"2864684ce68b7b2a4bfa93b5bceb3afc9a3c6b2a","messageTitle":"Change command from list to list-all and change method name from printAllProjects() to printAllProjectsAndResources().","messageBody":"","fileTypesAndContributionMap":{"functional-code":{"insertions":4,"deletions":3}}},{"hash":"28fbdda5d19e803d8cdc20f7ff6acc556aec2287","messageTitle":"Reformat code using good code standards","messageBody":"","fileTypesAndContributionMap":{"functional-code":{"insertions":3,"deletions":4}}},{"hash":"0135b61db2ed4eceb36d33b2181a424d001373ac","messageTitle":"Refactor codes","messageBody":"","fileTypesAndContributionMap":{"functional-code":{"insertions":58,"deletions":33}}},{"hash":"97acbfc502a48005323aa583a29399bd6de121d0","messageTitle":"Fix code to pass checkstyleMain.","messageBody":"","fileTypesAndContributionMap":{"functional-code":{"insertions":19,"deletions":19}}}]},{"date":"2021-03-10","commitResults":[{"hash":"08dd65c690998bd0cb224e93d2b23828ede20d18","messageTitle":"Fix bugs","messageBody":"Issue #27\n","fileTypesAndContributionMap":{"functional-code":{"insertions":4,"deletions":5}}},{"hash":"8e7751e7f859c38d19f07824d46e6f1359d3675e","messageTitle":"Update JUnit Test for add method.","messageBody":"","fileTypesAndContributionMap":{"test-code":{"insertions":4,"deletions":4}}},{"hash":"829303fb7ca30072c69fea70124e4af3d973f5f5","messageTitle":"Add ProjectTest and ResourceTest for Junit Testing","messageBody":"","fileTypesAndContributionMap":{"test-code":{"insertions":45,"deletions":0}}},{"hash":"f6a133e6dffa7c2c78cd6a8305e8021871d8dd13","messageTitle":"Removed redundant imports.","messageBody":"","fileTypesAndContributionMap":{"test-code":{"insertions":0,"deletions":5}}}]},{"date":"2021-03-16","commitResults":[{"hash":"21a5f4a02a93fac77e374fb2a5025be213b9ff26","messageTitle":"Add assert statement.","messageBody":"","fileTypesAndContributionMap":{"functional-code":{"insertions":2,"deletions":0}}}]},{"date":"2021-03-22","commitResults":[{"hash":"6f61db85ac18fa0fbbb222bea361393f9b88bded","messageTitle":"Allow users to find the resources of a particular project.","messageBody":"","fileTypesAndContributionMap":{"functional-code":{"insertions":44,"deletions":0}}},{"hash":"3dd08c48b5b4bfed456d2ab1908e1cc918b482d8","messageTitle":"Resolve error from checkstyleMain.","messageBody":"","fileTypesAndContributionMap":{"functional-code":{"insertions":1,"deletions":1}}},{"hash":"78de731dc608a7909b7119411fe685db9ee9963d","messageTitle":"Update Developer Guide for list-all \u0026 list PROJECTNAME feature.","messageBody":"","fileTypesAndContributionMap":{"docs":{"insertions":62,"deletions":0}}}]},{"date":"2021-03-24","commitResults":[{"hash":"b447a81dae550fbeaeb1952e500993c5923b9add","messageTitle":"Fix test for Find feature bug","messageBody":"","fileTypesAndContributionMap":{"functional-code":{"insertions":2,"deletions":2},"test-code":{"insertions":59,"deletions":0}}}]},{"date":"2021-03-29","commitResults":[{"hash":"37ec5a3e950011a4827c8364bfec6713978f8d1d","messageTitle":"Add list PROJECTNAME to help command.","messageBody":"","fileTypesAndContributionMap":{"functional-code":{"insertions":6,"deletions":4}}},{"hash":"4b989734092dddbd09c3f023f772b0f1abad0104","messageTitle":"Update testListAllCommands for the list PROJECTNAME\u0027s help","messageBody":"","fileTypesAndContributionMap":{"test-code":{"insertions":6,"deletions":4}}},{"hash":"d192fe9b46d83a12e635fe6dbd3b5f49adb7828e","messageTitle":"Add exceptions for list methods","messageBody":"","fileTypesAndContributionMap":{"functional-code":{"insertions":43,"deletions":0}}},{"hash":"92073186a74878907bbfdab94591ddad0f213a32","messageTitle":"Reduce redundancy and refactor list and list-all methods.","messageBody":"","fileTypesAndContributionMap":{"functional-code":{"insertions":62,"deletions":59}}}]},{"date":"2021-03-30","commitResults":[{"hash":"e8407bc6d0351b8560199280d10293c64e29034c","messageTitle":"Added comments","messageBody":"","fileTypesAndContributionMap":{"functional-code":{"insertions":2,"deletions":2}}},{"hash":"8b23801041e5103244e017d38e1e687d5d077db2","messageTitle":"refactor project class","messageBody":"","fileTypesAndContributionMap":{"functional-code":{"insertions":3,"deletions":4},"other":{"insertions":1,"deletions":1},"test-code":{"insertions":2,"deletions":0}}},{"hash":"7bbbffdba58b7c84916f4055e31becaa0272cb6d","messageTitle":"Extract methods (Refactor)","messageBody":"","fileTypesAndContributionMap":{"functional-code":{"insertions":4,"deletions":0}}},{"hash":"18d06f45673cfa266f6ec0af74d1e9eebdd3dc11","messageTitle":"Add JUnit Test for List-all and list methods.","messageBody":"","fileTypesAndContributionMap":{"functional-code":{"insertions":18,"deletions":9},"test-code":{"insertions":176,"deletions":20}}},{"hash":"42423d68fce1b7dd1bf285d907ec6fcdea6ef4e1","messageTitle":"Resolve checkStyleTest issue.","messageBody":"","fileTypesAndContributionMap":{"test-code":{"insertions":8,"deletions":7}}},{"hash":"e313fafc5697b29788e46ec84e09be30e9f1a70b","messageTitle":"Refactor a bit.","messageBody":"","fileTypesAndContributionMap":{"functional-code":{"insertions":4,"deletions":4}}},{"hash":"ccebe9137756bf50119ddf06ea71ab7298b7bfb9","messageTitle":"add-sequence-diagram","messageBody":"","fileTypesAndContributionMap":{"docs":{"insertions":101,"deletions":0}}},{"hash":"c4bef5b953c69a263bc70285162f454e35ebf200","messageTitle":"Update list-all and list\u0027s feature to developer guide.","messageBody":"","fileTypesAndContributionMap":{"docs":{"insertions":7,"deletions":2}}}]},{"date":"2021-03-31","commitResults":[{"hash":"b294995718fbe99d9a59ca438652f978f5cddc26","messageTitle":"Update User Stories in Developer Guide (add list-all and list PROJECTNAME) stories","messageBody":"","fileTypesAndContributionMap":{"docs":{"insertions":2,"deletions":1}}},{"hash":"16f09f1fd4fc27d2b7523e80580f3c50f4f2c0ea","messageTitle":"Update user guide for list-all and list PROJECTNAME features.","messageBody":"","fileTypesAndContributionMap":{"docs":{"insertions":21,"deletions":0}}}]},{"date":"2021-04-03","commitResults":[{"hash":"61545eb83504cdc9f14d2a49e26fcf2546ef66f9","messageTitle":"Update UserGuide.md","messageBody":"-Added outputs to all features.\n-Beautify it.\n-Fix minor bugs.\n","fileTypesAndContributionMap":{"docs":{"insertions":270,"deletions":66}}},{"hash":"fa49744e3ed175e68afcf7ffd347c06ca024c05f","messageTitle":"Fix minor bug in UserGuide.md","messageBody":"","fileTypesAndContributionMap":{"docs":{"insertions":1,"deletions":1}}},{"hash":"c4de19e4a0b1822339b7f736060b06c71f57d145","messageTitle":"Update ppp.","messageBody":"","fileTypesAndContributionMap":{"docs":{"insertions":13,"deletions":4}}},{"hash":"640967f974ea1ffcd89094b5c2b17d5a9a4b8037","messageTitle":"Fix indentation bug in user guide","messageBody":"","fileTypesAndContributionMap":{"docs":{"insertions":19,"deletions":0}}},{"hash":"ecd73a5ceedd89a01bc11f5d589bf1a25fb6558e","messageTitle":"Update developer guide\u0027s title.","messageBody":"","fileTypesAndContributionMap":{"docs":{"insertions":1,"deletions":1}}},{"hash":"71e1ae7f92b46ea859cb6d3763fa03bf4fcce831","messageTitle":"Remove break blocks and replace them with return arrows and remove participants labels at the bottom.","messageBody":"","fileTypesAndContributionMap":{"docs":{"insertions":9,"deletions":8}}},{"hash":"f56bb7c9fd362dc8e21987aeaeb27a31079bcfd1","messageTitle":"Refactoring","messageBody":"","fileTypesAndContributionMap":{"functional-code":{"insertions":2,"deletions":1}}},{"hash":"363166b4169f7d89fc01909349ae801e55b5cfa6","messageTitle":"Update Developer Guide.","messageBody":"","fileTypesAndContributionMap":{"docs":{"insertions":39,"deletions":16}}},{"hash":"3621c5a8cfb79995455caa06cc171e90a8822972","messageTitle":"Fix developer guide\u0027s format bug.","messageBody":"","fileTypesAndContributionMap":{"docs":{"insertions":18,"deletions":6}}},{"hash":"79743f5ed05b30e5cb9d326d562a6eef7da2042f","messageTitle":"Update PPP","messageBody":"","fileTypesAndContributionMap":{"docs":{"insertions":3,"deletions":3}}}]}]},"authorFileTypeContributionMap":{"NgManSing":{"docs":142,"functional-code":517,"test-code":505},"s-t-e-f":{"docs":195,"functional-code":188,"test-code":53,"other":1},"yyixue":{"docs":238,"functional-code":82,"test-code":191},"seangoats":{"docs":246,"functional-code":217,"test-code":121,"other":1},"jovanhuang":{"docs":446,"functional-code":155,"test-code":226}},"authorContributionVariance":{"NgManSing":63899.152,"s-t-e-f":3752.2778,"yyixue":4926.1084,"seangoats":2481.521,"jovanhuang":11205.41},"authorDisplayNameMap":{"NgManSing":"CS2113-W10-3 NG M..SING","s-t-e-f":"CS2113-W10-3 STEF..TING","yyixue":"CS2113-W10-3 YAN .. XUE","seangoats":"CS2113-W10-3 GOH ..SEAN","jovanhuang":"CS2113-W10-3 JOVA..CHUN"}}
