{"authorDailyContributionsMap":{"NgManSing":[{"date":"2021-03-08","commitResults":[{"hash":"7d700ca47b37c922acf1acef20bbd0e5bb6fe5f0","messageTitle":"[Sam] Added \"add\" functionality into Duke","messageBody":"Fixes #11\n","fileTypesAndContributionMap":{"functional-code":{"insertions":230,"deletions":17},"test-code":{"insertions":0,"deletions":2}}},{"hash":"11b951860f1c8117ff3044abcec91b9ef5951c0e","messageTitle":"[Sam] Updates on Naming","messageBody":"","fileTypesAndContributionMap":{"functional-code":{"insertions":14,"deletions":13}}},{"hash":"fc0e922afebe09c77fdda1659de4aec0da732dcb","messageTitle":"[Sam] Updated test-ui-test","messageBody":"","fileTypesAndContributionMap":{"functional-code":{"insertions":16,"deletions":6}}},{"hash":"fe103963c82932a14145c359a521cfad3f62cfc6","messageTitle":"[Sam] Updated line separators","messageBody":"","fileTypesAndContributionMap":{"functional-code":{"insertions":13,"deletions":15}}}]},{"date":"2021-03-09","commitResults":[{"hash":"b9bfcf418995926dd1ead8fd86b85e6a0e95ffe7","messageTitle":"[Sam] Minor Fix of Keyword Naming","messageBody":"","fileTypesAndContributionMap":{"functional-code":{"insertions":7,"deletions":7}}},{"hash":"a631e99abda830f60c3f6b2fb71344ee84b20d59","messageTitle":"[Sam] Minor updates on Duke","messageBody":"- Changed all print -\u003e println\n-  Added a string to prompt user when resource is failed to be added\n","fileTypesAndContributionMap":{"functional-code":{"insertions":12,"deletions":13}}},{"hash":"460869a4da8a340fef922a19494312246a5a16d0","messageTitle":"[Sam] updated the swith loop","messageBody":"","fileTypesAndContributionMap":{"functional-code":{"insertions":6,"deletions":3}}}]},{"date":"2021-03-10","commitResults":[{"hash":"2cbf9c95f9d635dd9d740b6d680280208eff316c","messageTitle":"[Sam] Updated the code","messageBody":"Updated visibility of the static constants and changing println(...) to print(... + \"\\n\") so as to pass junit tests and added 3 junit tests related to add method\n","fileTypesAndContributionMap":{"functional-code":{"insertions":32,"deletions":36},"test-code":{"insertions":120,"deletions":1}}},{"hash":"3a346abd92073ea8c01bad7bcf621ceeada035c0","messageTitle":"[Sam] fixed style problem in test","messageBody":"","fileTypesAndContributionMap":{"test-code":{"insertions":6,"deletions":3}}},{"hash":"026cefd230b00703a5cbfc161dbdc5ff41917a4f","messageTitle":"[Sam] Updated Duke","messageBody":"added initializeDuke() and updated some junits\n","fileTypesAndContributionMap":{"functional-code":{"insertions":8,"deletions":2},"test-code":{"insertions":8,"deletions":16}}},{"hash":"307ed4a63a0728cb3f3be5c9af2c4046dc93a964","messageTitle":"[Sam] improve junit test readability","messageBody":"Improve variable naming and cancel redundent variable.\n","fileTypesAndContributionMap":{"test-code":{"insertions":18,"deletions":24}}},{"hash":"2d5d6d1f18b8f38c0e45557594827ac0b7776227","messageTitle":"Revert \"[Sam] improve junit test readability\"","messageBody":"This reverts commit 307ed4a63a0728cb3f3be5c9af2c4046dc93a964.\n","fileTypesAndContributionMap":{"test-code":{"insertions":24,"deletions":18}}},{"hash":"f1e82181a2245d5d822f25010138e36c545cbe7b","messageTitle":"[Sam] improve junit tests readability","messageBody":"Improve variable naming and cancel redundent variable.\nFixes #31\n","fileTypesAndContributionMap":{"test-code":{"insertions":18,"deletions":24}}}]},{"date":"2021-03-19","commitResults":[{"hash":"3a07adc1f26eefd63a82ae82d793ff79cc80cdf5","messageTitle":"[Sam] added assert to ensure projectInfo will not be null","messageBody":"","fileTypesAndContributionMap":{"functional-code":{"insertions":1,"deletions":0}}},{"hash":"96316487472c9a1acf796bc372a1f769e0e5d6bb","messageTitle":"Revert \"[Sam] added assert to ensure projectInfo will not be null\"","messageBody":"This reverts commit 3a07adc1f26eefd63a82ae82d793ff79cc80cdf5.\n","fileTypesAndContributionMap":{"functional-code":{"insertions":0,"deletions":1}}},{"hash":"423fce4ec532ebab375bb82e1b9357df3838e845","messageTitle":"[Sam] add assert to ensure that projectInfo will not be null","messageBody":"fixes #46\n","fileTypesAndContributionMap":{"functional-code":{"insertions":1,"deletions":0}}}]},{"date":"2021-03-24","commitResults":[{"hash":"5e403a4bd681266671ca756a35741af14f67e7b8","messageTitle":"[Sam] Refactor Code Refactor the code into different classes Fixes #65","messageBody":"","fileTypesAndContributionMap":{"functional-code":{"insertions":484,"deletions":467},"test-code":{"insertions":35,"deletions":34}}},{"hash":"fb4a51363103a9ccebcea526c63837890bd45e0a","messageTitle":"[Sam] Refactor add method and CommandParser","messageBody":"","fileTypesAndContributionMap":{"functional-code":{"insertions":82,"deletions":55}}},{"hash":"6cc9bf7a515453a2c5004baf41a9edc843b83527","messageTitle":"[Sam] Minor updates for correcting checkstyle stuff","messageBody":"","fileTypesAndContributionMap":{"functional-code":{"insertions":2,"deletions":2}}},{"hash":"da4668d99b048b6c922e2f0a6ea2ab6dd1469285","messageTitle":"[Sam] added date feature to resource class and edited junit tests Fixes #50","messageBody":"","fileTypesAndContributionMap":{"functional-code":{"insertions":65,"deletions":31},"test-code":{"insertions":39,"deletions":13}}}]},{"date":"2021-03-25","commitResults":[{"hash":"c5be68f451d7775dd2a6896ea29867f2fd9b8211","messageTitle":"[Sam] Minor update","messageBody":"","fileTypesAndContributionMap":{"functional-code":{"insertions":7,"deletions":7},"test-code":{"insertions":1,"deletions":1}}},{"hash":"5fbc55eeff9e08093c91f571f8399cfb96557817","messageTitle":"[Sam] update userguide","messageBody":"","fileTypesAndContributionMap":{"docs":{"insertions":33,"deletions":2}}}]},{"date":"2021-03-30","commitResults":[{"hash":"fc7109187aeff85c2e7058b1c458519ef6b96227","messageTitle":"[Sam] Updated UG Fixes #94","messageBody":"","fileTypesAndContributionMap":{"functional-code":{"insertions":27,"deletions":17},"docs":{"insertions":32,"deletions":6}}},{"hash":"10c82a9ce32cf7e3d53499e31ee90c9667efeba9","messageTitle":"[Sam] Minor fix on import class in Duke.java","messageBody":"","fileTypesAndContributionMap":{"functional-code":{"insertions":1,"deletions":0}}},{"hash":"f74a3d8279809c99a2f453f3f4d906c59fa0b997","messageTitle":"[Sam] Updated DG","messageBody":"","fileTypesAndContributionMap":{"docs":{"insertions":97,"deletions":13}}}]},{"date":"2021-04-02","commitResults":[{"hash":"b8f90757c538538a9e36b3f50a68ab73b63274db","messageTitle":"[Sam] Fix bug about add command - prompt user when the user is trying to add a resource with the same URL as the one that is already exsiting in the project\u0027s resource list. - Updated the sequence diagram, DG, UG","messageBody":"","fileTypesAndContributionMap":{"functional-code":{"insertions":23,"deletions":12},"docs":{"insertions":39,"deletions":40},"test-code":{"insertions":9,"deletions":8}}}]}],"s-t-e-f":[{"date":"2021-03-07","commitResults":[{"hash":"1fe266a0bd6738879a33fb632f2b36f73b89b38d","messageTitle":"test","messageBody":"","fileTypesAndContributionMap":{"functional-code":{"insertions":1,"deletions":0}}}]},{"date":"2021-03-09","commitResults":[{"hash":"bf85d9cbd5617754cd0bd07eb7c9b8ff2dd2fd16","messageTitle":"Deletes a resource from the resource list","messageBody":"","fileTypesAndContributionMap":{"functional-code":{"insertions":54,"deletions":0}}}]},{"date":"2021-03-10","commitResults":[{"hash":"93d03fa703ae327031d485e43992db32599464c4","messageTitle":"JUnit test for deleting a valid resource","messageBody":"","fileTypesAndContributionMap":{"test-code":{"insertions":36,"deletions":0}}}]},{"date":"2021-03-16","commitResults":[{"hash":"e4b258ddf56dafe7076c3b75c611f9ffd156962d","messageTitle":"Deletes all resources in specified project if index is not provided.","messageBody":"","fileTypesAndContributionMap":{"functional-code":{"insertions":29,"deletions":10}}},{"hash":"8e5c3a599b62024e60934f1273024a7789552c4a","messageTitle":"Fixes the bug of \u0027delete\u0027 function","messageBody":"","fileTypesAndContributionMap":{"functional-code":{"insertions":6,"deletions":7}}}]},{"date":"2021-03-23","commitResults":[{"hash":"ab1fed0a83e331b654165227f3a16e7e5deea6a7","messageTitle":"Add edit() function and contribute to developer guide.","messageBody":"","fileTypesAndContributionMap":{"functional-code":{"insertions":77,"deletions":15},"docs":{"insertions":27,"deletions":3}}},{"hash":"0fe76965df2c269f9a916e02a5e948a5c02c9575","messageTitle":"Fix checkstyle issue","messageBody":"","fileTypesAndContributionMap":{"functional-code":{"insertions":3,"deletions":3}}},{"hash":"53f5dd84eef96f38d0191e24e555b65e7ad76ae1","messageTitle":"Fix checkstyle issue","messageBody":"","fileTypesAndContributionMap":{"functional-code":{"insertions":1,"deletions":1}}}]},{"date":"2021-03-28","commitResults":[{"hash":"6cb3357a68887e361259f54453a7e41feedc16f0","messageTitle":"Added JUnit tests and help command for edit() function.","messageBody":"","fileTypesAndContributionMap":{"functional-code":{"insertions":10,"deletions":2},"test-code":{"insertions":143,"deletions":0}}},{"hash":"b7cb3fae8c266177564cf690c0a3a86a83a5ad69","messageTitle":"Fix checkstyle issue.","messageBody":"","fileTypesAndContributionMap":{"test-code":{"insertions":1,"deletions":0}}}]},{"date":"2021-03-29","commitResults":[{"hash":"e38b87059a87104faa1648ee74723345ddda5830","messageTitle":"Added sequence diagram for delete feature. Updated developer guide for edit feature.","messageBody":"","fileTypesAndContributionMap":{"docs":{"insertions":72,"deletions":0},"test-code":{"insertions":1,"deletions":1}}},{"hash":"f4e8a2f457dbfda3d677245c209febd3882ee502","messageTitle":"Update User Guide","messageBody":"","fileTypesAndContributionMap":{"functional-code":{"insertions":0,"deletions":4},"docs":{"insertions":28,"deletions":4}}}]},{"date":"2021-04-03","commitResults":[{"hash":"6856e67f5a3ee8d3f7cc7d6df6111013d5c9ca86","messageTitle":"Edited UserGuide and AboutUs","messageBody":"","fileTypesAndContributionMap":{"functional-code":{"insertions":1,"deletions":1},"docs":{"insertions":5,"deletions":4}}},{"hash":"07a178823583e19a5a121df1211d4ec3c831d160","messageTitle":"Fix minor bug","messageBody":"","fileTypesAndContributionMap":{"test-code":{"insertions":1,"deletions":1}}}]}],"yyixue":[{"date":"2021-03-07","commitResults":[{"hash":"a45cf3564325c2617caaae504e89d0cb376c7e2d","messageTitle":"Change permissions of runtest.sh","messageBody":"","fileTypesAndContributionMap":{"other":{"insertions":0,"deletions":0}}},{"hash":"503c06102310f42b551addbc88b44703a653420c","messageTitle":"Create Project and Resource classes","messageBody":"","fileTypesAndContributionMap":{"functional-code":{"insertions":15,"deletions":0}}}]},{"date":"2021-03-09","commitResults":[{"hash":"a07d24ec60d444f06237841f0cbe14ebe5fcd971","messageTitle":"Added \u0027exit\u0027 functionality into Duke","messageBody":"","fileTypesAndContributionMap":{"functional-code":{"insertions":13,"deletions":0}}}]},{"date":"2021-03-10","commitResults":[{"hash":"a481bf3c4c827e6537dc57af2e1b3e8eacb3c4dd","messageTitle":"Update JUnit Test for Delete method","messageBody":"","fileTypesAndContributionMap":{"functional-code":{"insertions":1,"deletions":1},"test-code":{"insertions":38,"deletions":0}}},{"hash":"af8309ededc21255dba7fa18d76d4114068bfcd1","messageTitle":"Update JUnit Test for delete method","messageBody":"","fileTypesAndContributionMap":{"functional-code":{"insertions":1,"deletions":0},"test-code":{"insertions":37,"deletions":0}}},{"hash":"c5e7e3fa8a9c3b7d59edb687b986182bce5aa155","messageTitle":"Remove redundant import","messageBody":"","fileTypesAndContributionMap":{"functional-code":{"insertions":0,"deletions":1}}}]},{"date":"2021-03-15","commitResults":[{"hash":"2ec0435957ecafb70fa793f5a5f8bd2d984f0dff","messageTitle":"Add exit JUnit test","messageBody":"","fileTypesAndContributionMap":{"test-code":{"insertions":30,"deletions":0}}},{"hash":"3a680e97cade4ffcb18e86190894e30caaac975d","messageTitle":"Remove redundant import","messageBody":"","fileTypesAndContributionMap":{"test-code":{"insertions":0,"deletions":1}}}]},{"date":"2021-03-21","commitResults":[{"hash":"d5489086c0235fe3ac2de8911a062106d542088e","messageTitle":"Add new packages and classes","messageBody":"","fileTypesAndContributionMap":{"functional-code":{"insertions":27,"deletions":0},"other":{"insertions":1,"deletions":1},"test-code":{"insertions":1,"deletions":0}}}]},{"date":"2021-03-22","commitResults":[{"hash":"3a94ac04858be8aa1b83eb6839208fe9915829ab","messageTitle":"Update Duke.java","messageBody":"","fileTypesAndContributionMap":{"functional-code":{"insertions":2,"deletions":1}}}]},{"date":"2021-03-23","commitResults":[{"hash":"dda07367cc1e0281858fb0d3c95b8dfda403b3dd","messageTitle":"Added Find functionality","messageBody":"","fileTypesAndContributionMap":{"functional-code":{"insertions":76,"deletions":0}}},{"hash":"da1f8867b7688a69276afaa2cc6e376f3142f049","messageTitle":"Added project not found case","messageBody":"","fileTypesAndContributionMap":{"functional-code":{"insertions":5,"deletions":0}}},{"hash":"f89b6da93f40bbec458aa9e1facbf982d9044459","messageTitle":"Add JUnit Tests and Assertions for Find","messageBody":"","fileTypesAndContributionMap":{"test-code":{"insertions":115,"deletions":0}}},{"hash":"84e4b1ec31d01679802b8d9255219ff906f4f032","messageTitle":"Add Assertions","messageBody":"","fileTypesAndContributionMap":{"functional-code":{"insertions":2,"deletions":0}}},{"hash":"208e1900a56f66f7f80563dc1d7e5fae8b8896ef","messageTitle":"Trying to fix build failure for Windows","messageBody":"","fileTypesAndContributionMap":{"functional-code":{"insertions":1,"deletions":2}}}]},{"date":"2021-03-24","commitResults":[{"hash":"1fd1499109f8792401e74f44c42969fb924c3db4","messageTitle":"Try removing problematic tests","messageBody":"","fileTypesAndContributionMap":{"functional-code":{"insertions":0,"deletions":1},"test-code":{"insertions":1,"deletions":78}}},{"hash":"f414f9f190868355430b2ab6e5f2f305bf981763","messageTitle":"Try modifying problematic test cases","messageBody":"","fileTypesAndContributionMap":{"test-code":{"insertions":60,"deletions":1}}},{"hash":"45c9872ac120db4c5678fec43c184a58ae559c8e","messageTitle":"Remove problematic tests","messageBody":"","fileTypesAndContributionMap":{"test-code":{"insertions":0,"deletions":59}}}]},{"date":"2021-03-25","commitResults":[{"hash":"ff62d17c880b17500c2573280874a8db7c4c136d","messageTitle":"Update Developers Guide with find and exit functions","messageBody":"","fileTypesAndContributionMap":{"docs":{"insertions":58,"deletions":0}}}]},{"date":"2021-03-29","commitResults":[{"hash":"f9d3bc4d038101603b2fc65133182ad61bfad4be","messageTitle":"Add Find and Exit to User Guide","messageBody":"","fileTypesAndContributionMap":{"docs":{"insertions":33,"deletions":15}}},{"hash":"01520545c098bb9c87989a54236275bb936339e4","messageTitle":"Create find and exit puml files","messageBody":"","fileTypesAndContributionMap":{"docs":{"insertions":126,"deletions":0}}},{"hash":"619c7f5f8909d40f8a11275c0d41e29a766d0da7","messageTitle":"Add sequence diagrams to develops guide for find and exit","messageBody":"","fileTypesAndContributionMap":{"docs":{"insertions":6,"deletions":0}}}]},{"date":"2021-03-30","commitResults":[{"hash":"6cf021045427dd0799a7f0e98c8be57cd6708fa3","messageTitle":"Add find to help","messageBody":"","fileTypesAndContributionMap":{"functional-code":{"insertions":2,"deletions":0}}},{"hash":"5817b94e7bfbf00dafa36d7496be483c305f7015","messageTitle":"Edit testListAllCommands","messageBody":"","fileTypesAndContributionMap":{"test-code":{"insertions":2,"deletions":0}}}]},{"date":"2021-04-03","commitResults":[{"hash":"2c4bc8332e9aea59e89d1898c6734884b2959455","messageTitle":"Update user guide for find","messageBody":"","fileTypesAndContributionMap":{"docs":{"insertions":14,"deletions":5}}}]}],"seangoats":[{"date":"2021-03-09","commitResults":[{"hash":"390c2bb9c195c49e498be7ab08410e5285c4f076","messageTitle":"Update Duke.java","messageBody":"","fileTypesAndContributionMap":{"functional-code":{"insertions":1,"deletions":0}}},{"hash":"8975d90046dbf3f428dd6f568ac8f377f02edb21","messageTitle":"Update Project.java","messageBody":"","fileTypesAndContributionMap":{"functional-code":{"insertions":0,"deletions":4}}},{"hash":"339f95e0f1ef0be7557aa1ce24ed906abfb3780a","messageTitle":"Update Duke.java","messageBody":"","fileTypesAndContributionMap":{"functional-code":{"insertions":0,"deletions":1}}},{"hash":"af0965e4a7ace383b7b5810aa7da9a9c7de8ae26","messageTitle":"Add help command","messageBody":"","fileTypesAndContributionMap":{"functional-code":{"insertions":15,"deletions":0}}}]},{"date":"2021-03-13","commitResults":[{"hash":"cc6225bfdde43eb207022324585f270a76f1da91","messageTitle":"Add JUnit Test for help command A JUnit test method to test the listAllCommands in Duke which corresponds to the help command.","messageBody":"","fileTypesAndContributionMap":{"test-code":{"insertions":20,"deletions":0}}}]},{"date":"2021-03-15","commitResults":[{"hash":"ee56c491ae37124050e30364485d6c436d341835","messageTitle":"Enable assertions in build.gradle","messageBody":"","fileTypesAndContributionMap":{"other":{"insertions":1,"deletions":0}}}]},{"date":"2021-03-26","commitResults":[{"hash":"60d58004cc9a8761f6b92e6b4b914347bcb3d5b6","messageTitle":"Add save and load functionality","messageBody":"Saving and loading can be used by entering the commands \"save\" and \"load\" respectively.\nImplemented this way because saving upon exit of program causes rest of JUnit tests to fail.\nUpdated \"help\" command and it\u0027s corresponding JUnit test.\n","fileTypesAndContributionMap":{"functional-code":{"insertions":145,"deletions":0},"test-code":{"insertions":2,"deletions":0}}}]},{"date":"2021-03-30","commitResults":[{"hash":"0954b7d3bb0bf3437c6966188d9a0a9e2e4cd531","messageTitle":"Update Developer Guide for Save and Load functionality Create new Sequence diagrams and update Developer guide with relevant info","messageBody":"","fileTypesAndContributionMap":{"docs":{"insertions":99,"deletions":0}}},{"hash":"0d704bfe845a6375e9428b03a1bfbb94d1bea838","messageTitle":"Update user guide for save and load","messageBody":"","fileTypesAndContributionMap":{"docs":{"insertions":11,"deletions":0}}}]},{"date":"2021-04-03","commitResults":[{"hash":"150f329de4c1bc01401d347c7f9922a2fb552032","messageTitle":"Fix null description when loading project with no description","messageBody":"","fileTypesAndContributionMap":{"functional-code":{"insertions":2,"deletions":2}}}]}],"jovanhuang":[{"date":"2021-03-09","commitResults":[{"hash":"32ee1a157c648dcc74e72cc8a1d88cbaaeacfc2d","messageTitle":"Add list function","messageBody":"","fileTypesAndContributionMap":{"functional-code":{"insertions":52,"deletions":0}}},{"hash":"6df4d3dce04fc74462dc05f0a2dbfae1d96b4bbb","messageTitle":"Improve tenses.","messageBody":"","fileTypesAndContributionMap":{"functional-code":{"insertions":2,"deletions":2}}},{"hash":"2864684ce68b7b2a4bfa93b5bceb3afc9a3c6b2a","messageTitle":"Change command from list to list-all and change method name from printAllProjects() to printAllProjectsAndResources().","messageBody":"","fileTypesAndContributionMap":{"functional-code":{"insertions":4,"deletions":3}}},{"hash":"28fbdda5d19e803d8cdc20f7ff6acc556aec2287","messageTitle":"Reformat code using good code standards","messageBody":"","fileTypesAndContributionMap":{"functional-code":{"insertions":3,"deletions":4}}},{"hash":"0135b61db2ed4eceb36d33b2181a424d001373ac","messageTitle":"Refactor codes","messageBody":"","fileTypesAndContributionMap":{"functional-code":{"insertions":58,"deletions":33}}},{"hash":"97acbfc502a48005323aa583a29399bd6de121d0","messageTitle":"Fix code to pass checkstyleMain.","messageBody":"","fileTypesAndContributionMap":{"functional-code":{"insertions":19,"deletions":19}}}]},{"date":"2021-03-10","commitResults":[{"hash":"08dd65c690998bd0cb224e93d2b23828ede20d18","messageTitle":"Fix bugs","messageBody":"Issue #27\n","fileTypesAndContributionMap":{"functional-code":{"insertions":4,"deletions":5}}},{"hash":"8e7751e7f859c38d19f07824d46e6f1359d3675e","messageTitle":"Update JUnit Test for add method.","messageBody":"","fileTypesAndContributionMap":{"test-code":{"insertions":4,"deletions":4}}},{"hash":"829303fb7ca30072c69fea70124e4af3d973f5f5","messageTitle":"Add ProjectTest and ResourceTest for Junit Testing","messageBody":"","fileTypesAndContributionMap":{"test-code":{"insertions":45,"deletions":0}}},{"hash":"f6a133e6dffa7c2c78cd6a8305e8021871d8dd13","messageTitle":"Removed redundant imports.","messageBody":"","fileTypesAndContributionMap":{"test-code":{"insertions":0,"deletions":5}}}]},{"date":"2021-03-16","commitResults":[{"hash":"21a5f4a02a93fac77e374fb2a5025be213b9ff26","messageTitle":"Add assert statement.","messageBody":"","fileTypesAndContributionMap":{"functional-code":{"insertions":2,"deletions":0}}}]},{"date":"2021-03-22","commitResults":[{"hash":"6f61db85ac18fa0fbbb222bea361393f9b88bded","messageTitle":"Allow users to find the resources of a particular project.","messageBody":"","fileTypesAndContributionMap":{"functional-code":{"insertions":44,"deletions":0}}},{"hash":"3dd08c48b5b4bfed456d2ab1908e1cc918b482d8","messageTitle":"Resolve error from checkstyleMain.","messageBody":"","fileTypesAndContributionMap":{"functional-code":{"insertions":1,"deletions":1}}},{"hash":"78de731dc608a7909b7119411fe685db9ee9963d","messageTitle":"Update Developer Guide for list-all \u0026 list PROJECTNAME feature.","messageBody":"","fileTypesAndContributionMap":{"docs":{"insertions":62,"deletions":0}}}]},{"date":"2021-03-24","commitResults":[{"hash":"b447a81dae550fbeaeb1952e500993c5923b9add","messageTitle":"Fix test for Find feature bug","messageBody":"","fileTypesAndContributionMap":{"functional-code":{"insertions":2,"deletions":2},"test-code":{"insertions":59,"deletions":0}}}]},{"date":"2021-03-29","commitResults":[{"hash":"37ec5a3e950011a4827c8364bfec6713978f8d1d","messageTitle":"Add list PROJECTNAME to help command.","messageBody":"","fileTypesAndContributionMap":{"functional-code":{"insertions":6,"deletions":4}}},{"hash":"4b989734092dddbd09c3f023f772b0f1abad0104","messageTitle":"Update testListAllCommands for the list PROJECTNAME\u0027s help","messageBody":"","fileTypesAndContributionMap":{"test-code":{"insertions":6,"deletions":4}}},{"hash":"d192fe9b46d83a12e635fe6dbd3b5f49adb7828e","messageTitle":"Add exceptions for list methods","messageBody":"","fileTypesAndContributionMap":{"functional-code":{"insertions":43,"deletions":0}}},{"hash":"92073186a74878907bbfdab94591ddad0f213a32","messageTitle":"Reduce redundancy and refactor list and list-all methods.","messageBody":"","fileTypesAndContributionMap":{"functional-code":{"insertions":62,"deletions":59}}}]},{"date":"2021-03-30","commitResults":[{"hash":"e8407bc6d0351b8560199280d10293c64e29034c","messageTitle":"Added comments","messageBody":"","fileTypesAndContributionMap":{"functional-code":{"insertions":2,"deletions":2}}},{"hash":"8b23801041e5103244e017d38e1e687d5d077db2","messageTitle":"refactor project class","messageBody":"","fileTypesAndContributionMap":{"functional-code":{"insertions":3,"deletions":4},"other":{"insertions":1,"deletions":1},"test-code":{"insertions":2,"deletions":0}}},{"hash":"7bbbffdba58b7c84916f4055e31becaa0272cb6d","messageTitle":"Extract methods (Refactor)","messageBody":"","fileTypesAndContributionMap":{"functional-code":{"insertions":4,"deletions":0}}},{"hash":"18d06f45673cfa266f6ec0af74d1e9eebdd3dc11","messageTitle":"Add JUnit Test for List-all and list methods.","messageBody":"","fileTypesAndContributionMap":{"functional-code":{"insertions":18,"deletions":9},"test-code":{"insertions":176,"deletions":20}}},{"hash":"42423d68fce1b7dd1bf285d907ec6fcdea6ef4e1","messageTitle":"Resolve checkStyleTest issue.","messageBody":"","fileTypesAndContributionMap":{"test-code":{"insertions":8,"deletions":7}}},{"hash":"e313fafc5697b29788e46ec84e09be30e9f1a70b","messageTitle":"Refactor a bit.","messageBody":"","fileTypesAndContributionMap":{"functional-code":{"insertions":4,"deletions":4}}},{"hash":"ccebe9137756bf50119ddf06ea71ab7298b7bfb9","messageTitle":"add-sequence-diagram","messageBody":"","fileTypesAndContributionMap":{"docs":{"insertions":101,"deletions":0}}},{"hash":"c4bef5b953c69a263bc70285162f454e35ebf200","messageTitle":"Update list-all and list\u0027s feature to developer guide.","messageBody":"","fileTypesAndContributionMap":{"docs":{"insertions":7,"deletions":2}}}]},{"date":"2021-03-31","commitResults":[{"hash":"b294995718fbe99d9a59ca438652f978f5cddc26","messageTitle":"Update User Stories in Developer Guide (add list-all and list PROJECTNAME) stories","messageBody":"","fileTypesAndContributionMap":{"docs":{"insertions":2,"deletions":1}}},{"hash":"16f09f1fd4fc27d2b7523e80580f3c50f4f2c0ea","messageTitle":"Update user guide for list-all and list PROJECTNAME features.","messageBody":"","fileTypesAndContributionMap":{"docs":{"insertions":21,"deletions":0}}}]},{"date":"2021-04-03","commitResults":[{"hash":"61545eb83504cdc9f14d2a49e26fcf2546ef66f9","messageTitle":"Update UserGuide.md","messageBody":"-Added outputs to all features.\n-Beautify it.\n-Fix minor bugs.\n","fileTypesAndContributionMap":{"docs":{"insertions":270,"deletions":66}}},{"hash":"fa49744e3ed175e68afcf7ffd347c06ca024c05f","messageTitle":"Fix minor bug in UserGuide.md","messageBody":"","fileTypesAndContributionMap":{"docs":{"insertions":1,"deletions":1}}},{"hash":"c4de19e4a0b1822339b7f736060b06c71f57d145","messageTitle":"Update ppp.","messageBody":"","fileTypesAndContributionMap":{"docs":{"insertions":13,"deletions":4}}},{"hash":"640967f974ea1ffcd89094b5c2b17d5a9a4b8037","messageTitle":"Fix indentation bug in user guide","messageBody":"","fileTypesAndContributionMap":{"docs":{"insertions":19,"deletions":0}}},{"hash":"ecd73a5ceedd89a01bc11f5d589bf1a25fb6558e","messageTitle":"Update developer guide\u0027s title.","messageBody":"","fileTypesAndContributionMap":{"docs":{"insertions":1,"deletions":1}}},{"hash":"71e1ae7f92b46ea859cb6d3763fa03bf4fcce831","messageTitle":"Remove break blocks and replace them with return arrows and remove participants labels at the bottom.","messageBody":"","fileTypesAndContributionMap":{"docs":{"insertions":9,"deletions":8}}},{"hash":"f56bb7c9fd362dc8e21987aeaeb27a31079bcfd1","messageTitle":"Refactoring","messageBody":"","fileTypesAndContributionMap":{"functional-code":{"insertions":2,"deletions":1}}},{"hash":"363166b4169f7d89fc01909349ae801e55b5cfa6","messageTitle":"Update Developer Guide.","messageBody":"","fileTypesAndContributionMap":{"docs":{"insertions":39,"deletions":16}}},{"hash":"3621c5a8cfb79995455caa06cc171e90a8822972","messageTitle":"Fix developer guide\u0027s format bug.","messageBody":"","fileTypesAndContributionMap":{"docs":{"insertions":18,"deletions":6}}},{"hash":"79743f5ed05b30e5cb9d326d562a6eef7da2042f","messageTitle":"Update PPP","messageBody":"","fileTypesAndContributionMap":{"docs":{"insertions":3,"deletions":3}}}]}]},"authorFileTypeContributionMap":{"NgManSing":{"docs":131,"functional-code":577,"test-code":175},"s-t-e-f":{"docs":108,"functional-code":19,"test-code":167},"yyixue":{"docs":213,"functional-code":40,"test-code":118},"seangoats":{"docs":109,"functional-code":142,"test-code":18,"other":1},"jovanhuang":{"docs":447,"functional-code":179,"test-code":271}},"authorContributionVariance":{"NgManSing":60406.438,"s-t-e-f":1675.5065,"yyixue":3397.2449,"seangoats":1050.2233,"jovanhuang":13028.156},"authorDisplayNameMap":{"NgManSing":"CS2113-W10-3 NG M..SING","s-t-e-f":"CS2113-W10-3 STEF..TING","yyixue":"CS2113-W10-3 YAN .. XUE","seangoats":"CS2113-W10-3 GOH ..SEAN","jovanhuang":"CS2113-W10-3 JOVA..CHUN"}}
