[{"path":"build.gradle","fileType":"other","lines":[{"lineNumber":1,"author":{"gitId":"-"},"content":"plugins {"},{"lineNumber":2,"author":{"gitId":"-"},"content":"    id \u0027java\u0027"},{"lineNumber":3,"author":{"gitId":"-"},"content":"    id \u0027application\u0027"},{"lineNumber":4,"author":{"gitId":"-"},"content":"    id \u0027checkstyle\u0027"},{"lineNumber":5,"author":{"gitId":"-"},"content":"    id \u0027com.github.johnrengelman.shadow\u0027 version \u00275.1.0\u0027"},{"lineNumber":6,"author":{"gitId":"-"},"content":"}"},{"lineNumber":7,"author":{"gitId":"-"},"content":""},{"lineNumber":8,"author":{"gitId":"-"},"content":"repositories {"},{"lineNumber":9,"author":{"gitId":"-"},"content":"    mavenCentral()"},{"lineNumber":10,"author":{"gitId":"-"},"content":"}"},{"lineNumber":11,"author":{"gitId":"-"},"content":""},{"lineNumber":12,"author":{"gitId":"-"},"content":"dependencies {"},{"lineNumber":13,"author":{"gitId":"zhangyongzhe20"},"content":"    String jUnitVersion \u003d \u00275.4.0\u0027"},{"lineNumber":14,"author":{"gitId":"tehtea"},"content":"    String mockitoVersion \u003d \u00273.8.0\u0027"},{"lineNumber":15,"author":{"gitId":"zhangyongzhe20"},"content":""},{"lineNumber":16,"author":{"gitId":"zhangyongzhe20"},"content":"    testImplementation group: \u0027org.junit.jupiter\u0027, name: \u0027junit-jupiter-api\u0027, version: jUnitVersion"},{"lineNumber":17,"author":{"gitId":"zhangyongzhe20"},"content":"    testRuntimeOnly group: \u0027org.junit.jupiter\u0027, name: \u0027junit-jupiter-engine\u0027, version: jUnitVersion"},{"lineNumber":18,"author":{"gitId":"tehtea"},"content":""},{"lineNumber":19,"author":{"gitId":"tehtea"},"content":"    /**"},{"lineNumber":20,"author":{"gitId":"tehtea"},"content":"     * JUnit jupiter with mockito."},{"lineNumber":21,"author":{"gitId":"tehtea"},"content":"     */"},{"lineNumber":22,"author":{"gitId":"tehtea"},"content":"    testImplementation group: \u0027org.mockito\u0027, name: \u0027mockito-junit-jupiter\u0027, version: mockitoVersion"},{"lineNumber":23,"author":{"gitId":"tehtea"},"content":""},{"lineNumber":24,"author":{"gitId":"tehtea"},"content":"    /**"},{"lineNumber":25,"author":{"gitId":"tehtea"},"content":"     * Mockito for mocking."},{"lineNumber":26,"author":{"gitId":"tehtea"},"content":"     */"},{"lineNumber":27,"author":{"gitId":"tehtea"},"content":"    testImplementation group: \u0027org.mockito\u0027, name: \u0027mockito-core\u0027, version: mockitoVersion"},{"lineNumber":28,"author":{"gitId":"tehtea"},"content":""},{"lineNumber":29,"author":{"gitId":"tehtea"},"content":"    /**"},{"lineNumber":30,"author":{"gitId":"tehtea"},"content":"     * Mockito for inline."},{"lineNumber":31,"author":{"gitId":"tehtea"},"content":"     */"},{"lineNumber":32,"author":{"gitId":"tehtea"},"content":"    testImplementation group: \u0027org.mockito\u0027, name: \u0027mockito-inline\u0027, version: mockitoVersion"},{"lineNumber":33,"author":{"gitId":"tehtea"},"content":""},{"lineNumber":34,"author":{"gitId":"-"},"content":"}"},{"lineNumber":35,"author":{"gitId":"-"},"content":""},{"lineNumber":36,"author":{"gitId":"-"},"content":"test {"},{"lineNumber":37,"author":{"gitId":"-"},"content":"    useJUnitPlatform()"},{"lineNumber":38,"author":{"gitId":"-"},"content":""},{"lineNumber":39,"author":{"gitId":"-"},"content":"    testLogging {"},{"lineNumber":40,"author":{"gitId":"-"},"content":"        events \"passed\", \"skipped\", \"failed\""},{"lineNumber":41,"author":{"gitId":"-"},"content":""},{"lineNumber":42,"author":{"gitId":"-"},"content":"        showExceptions true"},{"lineNumber":43,"author":{"gitId":"-"},"content":"        exceptionFormat \"full\""},{"lineNumber":44,"author":{"gitId":"-"},"content":"        showCauses true"},{"lineNumber":45,"author":{"gitId":"-"},"content":"        showStackTraces true"},{"lineNumber":46,"author":{"gitId":"-"},"content":"        showStandardStreams \u003d false"},{"lineNumber":47,"author":{"gitId":"-"},"content":"    }"},{"lineNumber":48,"author":{"gitId":"-"},"content":"}"},{"lineNumber":49,"author":{"gitId":"-"},"content":""},{"lineNumber":50,"author":{"gitId":"-"},"content":"application {"},{"lineNumber":51,"author":{"gitId":"-"},"content":"    mainClassName \u003d \"seedu.duke.Duke\""},{"lineNumber":52,"author":{"gitId":"-"},"content":"}"},{"lineNumber":53,"author":{"gitId":"-"},"content":""},{"lineNumber":54,"author":{"gitId":"-"},"content":"shadowJar {"},{"lineNumber":55,"author":{"gitId":"-"},"content":"    archiveBaseName \u003d \"duke\""},{"lineNumber":56,"author":{"gitId":"-"},"content":"    archiveClassifier \u003d null"},{"lineNumber":57,"author":{"gitId":"-"},"content":"}"},{"lineNumber":58,"author":{"gitId":"-"},"content":""},{"lineNumber":59,"author":{"gitId":"-"},"content":"checkstyle {"},{"lineNumber":60,"author":{"gitId":"-"},"content":"    toolVersion \u003d \u00278.23\u0027"},{"lineNumber":61,"author":{"gitId":"-"},"content":"}"},{"lineNumber":62,"author":{"gitId":"-"},"content":""},{"lineNumber":63,"author":{"gitId":"-"},"content":"run{"},{"lineNumber":64,"author":{"gitId":"-"},"content":"    standardInput \u003d System.in"},{"lineNumber":65,"author":{"gitId":"-"},"content":"}"}],"authorContributionMap":{"zhangyongzhe20":4,"tehtea":17,"-":44}},{"path":"src/main/java/control/FileIsEmptyException.java","fileType":"functional-code","lines":[{"lineNumber":1,"author":{"gitId":"zhangyongzhe20"},"content":"package control;"},{"lineNumber":2,"author":{"gitId":"zhangyongzhe20"},"content":""},{"lineNumber":3,"author":{"gitId":"zhangyongzhe20"},"content":"public class FileIsEmptyException extends Throwable {"},{"lineNumber":4,"author":{"gitId":"zhangyongzhe20"},"content":"    public FileIsEmptyException(String s) {"},{"lineNumber":5,"author":{"gitId":"zhangyongzhe20"},"content":"        super(s);"},{"lineNumber":6,"author":{"gitId":"zhangyongzhe20"},"content":"    }"},{"lineNumber":7,"author":{"gitId":"zhangyongzhe20"},"content":"}"}],"authorContributionMap":{"zhangyongzhe20":7}},{"path":"src/main/java/control/SearchFacility.java","fileType":"functional-code","lines":[{"lineNumber":1,"author":{"gitId":"tehtea"},"content":"package control;"},{"lineNumber":2,"author":{"gitId":"tehtea"},"content":""},{"lineNumber":3,"author":{"gitId":"tehtea"},"content":"import java.io.FileNotFoundException;"},{"lineNumber":4,"author":{"gitId":"tehtea"},"content":"import java.util.List;"},{"lineNumber":5,"author":{"gitId":"tehtea"},"content":"import java.util.Locale;"},{"lineNumber":6,"author":{"gitId":"tehtea"},"content":""},{"lineNumber":7,"author":{"gitId":"tehtea"},"content":"import entity.Facility;"},{"lineNumber":8,"author":{"gitId":"tehtea"},"content":"import exceptions.FacilityNotFoundException;"},{"lineNumber":9,"author":{"gitId":"tehtea"},"content":""},{"lineNumber":10,"author":{"gitId":"tehtea"},"content":"public class SearchFacility {"},{"lineNumber":11,"author":{"gitId":"tehtea"},"content":"    loadData dataController;"},{"lineNumber":12,"author":{"gitId":"tehtea"},"content":""},{"lineNumber":13,"author":{"gitId":"tehtea"},"content":"    public SearchFacility(loadData dataController) {"},{"lineNumber":14,"author":{"gitId":"tehtea"},"content":"        this.dataController \u003d dataController;"},{"lineNumber":15,"author":{"gitId":"tehtea"},"content":"    }"},{"lineNumber":16,"author":{"gitId":"tehtea"},"content":""},{"lineNumber":17,"author":{"gitId":"tehtea"},"content":"    private Facility findCanteen(int facilityId, List\u003cFacility\u003e canteens) throws FacilityNotFoundException {"},{"lineNumber":18,"author":{"gitId":"tehtea"},"content":"        for (Facility canteen : canteens) {"},{"lineNumber":19,"author":{"gitId":"tehtea"},"content":"            if (canteen.getFacilityID() \u003d\u003d facilityId) {"},{"lineNumber":20,"author":{"gitId":"tehtea"},"content":"                return canteen;"},{"lineNumber":21,"author":{"gitId":"tehtea"},"content":"            }"},{"lineNumber":22,"author":{"gitId":"tehtea"},"content":"        }"},{"lineNumber":23,"author":{"gitId":"tehtea"},"content":"        throw new FacilityNotFoundException(\"Aiyoh where got this canteen one\");"},{"lineNumber":24,"author":{"gitId":"tehtea"},"content":"    }"},{"lineNumber":25,"author":{"gitId":"tehtea"},"content":""},{"lineNumber":26,"author":{"gitId":"tehtea"},"content":"    private Facility findLibrary(int facilityId, List\u003cFacility\u003e libraries) throws FacilityNotFoundException {"},{"lineNumber":27,"author":{"gitId":"tehtea"},"content":"        for (Facility library : libraries) {"},{"lineNumber":28,"author":{"gitId":"tehtea"},"content":"            if (library.getFacilityID() \u003d\u003d facilityId) {"},{"lineNumber":29,"author":{"gitId":"tehtea"},"content":"                return library;"},{"lineNumber":30,"author":{"gitId":"tehtea"},"content":"            }"},{"lineNumber":31,"author":{"gitId":"tehtea"},"content":"        }"},{"lineNumber":32,"author":{"gitId":"tehtea"},"content":"        throw new FacilityNotFoundException(\"Aiyoh where got this library one\");"},{"lineNumber":33,"author":{"gitId":"tehtea"},"content":"    }"},{"lineNumber":34,"author":{"gitId":"tehtea"},"content":""},{"lineNumber":35,"author":{"gitId":"tehtea"},"content":"    private Facility findLectureTheater(int facilityId, List\u003cFacility\u003e lectureTheaters) throws FacilityNotFoundException {"},{"lineNumber":36,"author":{"gitId":"tehtea"},"content":"        for (Facility lectureTheater : lectureTheaters) {"},{"lineNumber":37,"author":{"gitId":"tehtea"},"content":"            if (lectureTheater.getFacilityID() \u003d\u003d facilityId) {"},{"lineNumber":38,"author":{"gitId":"tehtea"},"content":"                return lectureTheater;"},{"lineNumber":39,"author":{"gitId":"tehtea"},"content":"            }"},{"lineNumber":40,"author":{"gitId":"tehtea"},"content":"        }"},{"lineNumber":41,"author":{"gitId":"tehtea"},"content":"        throw new FacilityNotFoundException(\"Aiyoh where got this lecture theater one\");"},{"lineNumber":42,"author":{"gitId":"tehtea"},"content":"    }"},{"lineNumber":43,"author":{"gitId":"tehtea"},"content":""},{"lineNumber":44,"author":{"gitId":"tehtea"},"content":""},{"lineNumber":45,"author":{"gitId":"tehtea"},"content":"    public boolean query(String facilityType, int facilityId) {"},{"lineNumber":46,"author":{"gitId":"tehtea"},"content":""},{"lineNumber":47,"author":{"gitId":"tehtea"},"content":"        Facility facilityFound \u003d null;"},{"lineNumber":48,"author":{"gitId":"tehtea"},"content":"        try {"},{"lineNumber":49,"author":{"gitId":"tehtea"},"content":"            switch (facilityType.toLowerCase(Locale.ROOT)) {"},{"lineNumber":50,"author":{"gitId":"tehtea"},"content":"            case \"canteen\":"},{"lineNumber":51,"author":{"gitId":"tehtea"},"content":"                facilityFound \u003d this.findCanteen(facilityId, loadData.getCanteens());"},{"lineNumber":52,"author":{"gitId":"tehtea"},"content":"                break;"},{"lineNumber":53,"author":{"gitId":"tehtea"},"content":"            case \"library\":"},{"lineNumber":54,"author":{"gitId":"tehtea"},"content":"                facilityFound \u003d this.findLibrary(facilityId, loadData.getLibraries());"},{"lineNumber":55,"author":{"gitId":"tehtea"},"content":"                break;"},{"lineNumber":56,"author":{"gitId":"tehtea"},"content":"            case \"lecturetheater\":"},{"lineNumber":57,"author":{"gitId":"tehtea"},"content":"                facilityFound \u003d this.findLectureTheater(facilityId, loadData.getLectureTheaters());"},{"lineNumber":58,"author":{"gitId":"tehtea"},"content":"                break;"},{"lineNumber":59,"author":{"gitId":"tehtea"},"content":"            default:"},{"lineNumber":60,"author":{"gitId":"tehtea"},"content":"                throw new FacilityNotFoundException(String.format(\"Go die lah where got \\\"%s\\\" this kind of facility one\""},{"lineNumber":61,"author":{"gitId":"tehtea"},"content":"                        , facilityType));"},{"lineNumber":62,"author":{"gitId":"tehtea"},"content":"            }"},{"lineNumber":63,"author":{"gitId":"tehtea"},"content":"            System.out.println(facilityFound.getLocation());"},{"lineNumber":64,"author":{"gitId":"tehtea"},"content":"            return true;"},{"lineNumber":65,"author":{"gitId":"tehtea"},"content":"        } catch (FacilityNotFoundException e) {"},{"lineNumber":66,"author":{"gitId":"tehtea"},"content":"            System.err.println(e.getMessage());"},{"lineNumber":67,"author":{"gitId":"tehtea"},"content":"            return false;"},{"lineNumber":68,"author":{"gitId":"tehtea"},"content":"        }"},{"lineNumber":69,"author":{"gitId":"tehtea"},"content":"    }"},{"lineNumber":70,"author":{"gitId":"tehtea"},"content":"}"}],"authorContributionMap":{"tehtea":70}},{"path":"src/main/java/control/findNearest.java","fileType":"functional-code","lines":[{"lineNumber":1,"author":{"gitId":"geezzzyyy"},"content":"package control;"},{"lineNumber":2,"author":{"gitId":"geezzzyyy"},"content":""},{"lineNumber":3,"author":{"gitId":"geezzzyyy"},"content":"import entity.Facility;"},{"lineNumber":4,"author":{"gitId":"geezzzyyy"},"content":"import entity.Location;"},{"lineNumber":5,"author":{"gitId":"geezzzyyy"},"content":"import seedu.duke.InvalidCommandException;"},{"lineNumber":6,"author":{"gitId":"geezzzyyy"},"content":"import seedu.duke.Map;"},{"lineNumber":7,"author":{"gitId":"geezzzyyy"},"content":""},{"lineNumber":8,"author":{"gitId":"geezzzyyy"},"content":"import java.util.ArrayList;"},{"lineNumber":9,"author":{"gitId":"geezzzyyy"},"content":"import java.util.List;"},{"lineNumber":10,"author":{"gitId":"geezzzyyy"},"content":""},{"lineNumber":11,"author":{"gitId":"geezzzyyy"},"content":"public class findNearest {"},{"lineNumber":12,"author":{"gitId":"geezzzyyy"},"content":"    static loadData dataController;"},{"lineNumber":13,"author":{"gitId":"geezzzyyy"},"content":"    public findNearest(loadData dataController) {"},{"lineNumber":14,"author":{"gitId":"geezzzyyy"},"content":"        this.dataController \u003d dataController;"},{"lineNumber":15,"author":{"gitId":"geezzzyyy"},"content":"    }"},{"lineNumber":16,"author":{"gitId":"geezzzyyy"},"content":""},{"lineNumber":17,"author":{"gitId":"geezzzyyy"},"content":"    public static Facility findFacilityByName(loadData ld, String facilityLocation) throws InvalidCommandException {"},{"lineNumber":18,"author":{"gitId":"geezzzyyy"},"content":"        for (Facility f: ld.getLibraries()) {"},{"lineNumber":19,"author":{"gitId":"geezzzyyy"},"content":"            if (f.getName().equals(facilityLocation)) {"},{"lineNumber":20,"author":{"gitId":"geezzzyyy"},"content":"                return f;"},{"lineNumber":21,"author":{"gitId":"geezzzyyy"},"content":"            }"},{"lineNumber":22,"author":{"gitId":"geezzzyyy"},"content":"        }"},{"lineNumber":23,"author":{"gitId":"geezzzyyy"},"content":"        for (Facility f: ld.getCanteens()) {"},{"lineNumber":24,"author":{"gitId":"geezzzyyy"},"content":"            if (f.getName().equals(facilityLocation)) {"},{"lineNumber":25,"author":{"gitId":"geezzzyyy"},"content":"                return f;"},{"lineNumber":26,"author":{"gitId":"geezzzyyy"},"content":"            }"},{"lineNumber":27,"author":{"gitId":"geezzzyyy"},"content":"        }"},{"lineNumber":28,"author":{"gitId":"geezzzyyy"},"content":"        for (Facility f: ld.getLectureTheaters()) {"},{"lineNumber":29,"author":{"gitId":"geezzzyyy"},"content":"            if (f.getName().equals(facilityLocation)) {"},{"lineNumber":30,"author":{"gitId":"geezzzyyy"},"content":"                return f;"},{"lineNumber":31,"author":{"gitId":"geezzzyyy"},"content":"            }"},{"lineNumber":32,"author":{"gitId":"geezzzyyy"},"content":"        }"},{"lineNumber":33,"author":{"gitId":"geezzzyyy"},"content":"        throw new InvalidCommandException();"},{"lineNumber":34,"author":{"gitId":"geezzzyyy"},"content":"    }"},{"lineNumber":35,"author":{"gitId":"geezzzyyy"},"content":""},{"lineNumber":36,"author":{"gitId":"geezzzyyy"},"content":"    public static void findTopKFacility(Location currentLocation, String facilityType, int topK) throws InvalidCommandException {"},{"lineNumber":37,"author":{"gitId":"geezzzyyy"},"content":"        List\u003cFacility\u003e facilityList \u003d new ArrayList\u003cFacility\u003e();"},{"lineNumber":38,"author":{"gitId":"geezzzyyy"},"content":"        switch (facilityType) {"},{"lineNumber":39,"author":{"gitId":"geezzzyyy"},"content":"        case \"CANTEEN\":"},{"lineNumber":40,"author":{"gitId":"geezzzyyy"},"content":"            facilityList \u003d new ArrayList\u003cFacility\u003e(dataController.getCanteens());"},{"lineNumber":41,"author":{"gitId":"geezzzyyy"},"content":"            break;"},{"lineNumber":42,"author":{"gitId":"geezzzyyy"},"content":"        case \"LIBRARY\":"},{"lineNumber":43,"author":{"gitId":"geezzzyyy"},"content":"            facilityList \u003d new ArrayList\u003cFacility\u003e(dataController.getLibraries());"},{"lineNumber":44,"author":{"gitId":"geezzzyyy"},"content":"            break;"},{"lineNumber":45,"author":{"gitId":"geezzzyyy"},"content":"        case \"LECTURETHEATER\":"},{"lineNumber":46,"author":{"gitId":"geezzzyyy"},"content":"            facilityList \u003d new ArrayList\u003cFacility\u003e(dataController.getLectureTheaters());"},{"lineNumber":47,"author":{"gitId":"geezzzyyy"},"content":"            break;"},{"lineNumber":48,"author":{"gitId":"geezzzyyy"},"content":"        default:"},{"lineNumber":49,"author":{"gitId":"geezzzyyy"},"content":"            throw new InvalidCommandException();"},{"lineNumber":50,"author":{"gitId":"geezzzyyy"},"content":"        }"},{"lineNumber":51,"author":{"gitId":"geezzzyyy"},"content":"        for (int i \u003d 0; i \u003c topK; i++) {"},{"lineNumber":52,"author":{"gitId":"geezzzyyy"},"content":"            int minIndex \u003d 0;"},{"lineNumber":53,"author":{"gitId":"geezzzyyy"},"content":""},{"lineNumber":54,"author":{"gitId":"geezzzyyy"},"content":"            for (int j \u003d 1; j \u003c facilityList.size(); j++) {"},{"lineNumber":55,"author":{"gitId":"geezzzyyy"},"content":"                double newDistance \u003d facilityList.get(j).getLocation().distanceTo(currentLocation);"},{"lineNumber":56,"author":{"gitId":"geezzzyyy"},"content":"                double shortestDistance \u003d facilityList.get(minIndex).getLocation().distanceTo(currentLocation);"},{"lineNumber":57,"author":{"gitId":"geezzzyyy"},"content":"                if (newDistance\u003cshortestDistance) {"},{"lineNumber":58,"author":{"gitId":"geezzzyyy"},"content":"                    minIndex \u003d j;"},{"lineNumber":59,"author":{"gitId":"geezzzyyy"},"content":"                }"},{"lineNumber":60,"author":{"gitId":"geezzzyyy"},"content":"            }"},{"lineNumber":61,"author":{"gitId":"geezzzyyy"},"content":"            Facility facilityFound \u003d facilityList.get(minIndex);"},{"lineNumber":62,"author":{"gitId":"geezzzyyy"},"content":"            System.out.println(facilityFound.getName()+\"@\"+facilityFound.getLocation().getAddress());"},{"lineNumber":63,"author":{"gitId":"geezzzyyy"},"content":"            facilityList.remove(minIndex);"},{"lineNumber":64,"author":{"gitId":"geezzzyyy"},"content":"        }"},{"lineNumber":65,"author":{"gitId":"geezzzyyy"},"content":"    }"},{"lineNumber":66,"author":{"gitId":"geezzzyyy"},"content":"}"}],"authorContributionMap":{"geezzzyyy":66}},{"path":"src/main/java/control/loadData.java","fileType":"functional-code","lines":[{"lineNumber":1,"author":{"gitId":"zhangyongzhe20"},"content":"package control;"},{"lineNumber":2,"author":{"gitId":"zhangyongzhe20"},"content":"import entity.Canteen;"},{"lineNumber":3,"author":{"gitId":"zhangyongzhe20"},"content":"import entity.Facility;"},{"lineNumber":4,"author":{"gitId":"zhangyongzhe20"},"content":"import entity.LectureTheater;"},{"lineNumber":5,"author":{"gitId":"zhangyongzhe20"},"content":"import entity.Library;"},{"lineNumber":6,"author":{"gitId":"zhangyongzhe20"},"content":""},{"lineNumber":7,"author":{"gitId":"zhangyongzhe20"},"content":"import java.io.File;"},{"lineNumber":8,"author":{"gitId":"zhangyongzhe20"},"content":"import java.io.FileNotFoundException;"},{"lineNumber":9,"author":{"gitId":"zhangyongzhe20"},"content":"import java.io.IOException;"},{"lineNumber":10,"author":{"gitId":"zhangyongzhe20"},"content":"import java.util.ArrayList;"},{"lineNumber":11,"author":{"gitId":"zhangyongzhe20"},"content":"import java.util.List;"},{"lineNumber":12,"author":{"gitId":"zhangyongzhe20"},"content":"import java.util.Scanner;"},{"lineNumber":13,"author":{"gitId":"zhangyongzhe20"},"content":""},{"lineNumber":14,"author":{"gitId":"cswbibibi"},"content":"import static java.lang.System.err;"},{"lineNumber":15,"author":{"gitId":"cswbibibi"},"content":""},{"lineNumber":16,"author":{"gitId":"zhangyongzhe20"},"content":"public class loadData {"},{"lineNumber":17,"author":{"gitId":"cswbibibi"},"content":"    static List\u003cFacility\u003e canteens;"},{"lineNumber":18,"author":{"gitId":"cswbibibi"},"content":"    static List\u003cFacility\u003e libraries;"},{"lineNumber":19,"author":{"gitId":"zhangyongzhe20"},"content":""},{"lineNumber":20,"author":{"gitId":"cswbibibi"},"content":"    public static List\u003cFacility\u003e getCanteens() {"},{"lineNumber":21,"author":{"gitId":"zhangyongzhe20"},"content":"        return canteens;"},{"lineNumber":22,"author":{"gitId":"zhangyongzhe20"},"content":"    }"},{"lineNumber":23,"author":{"gitId":"zhangyongzhe20"},"content":""},{"lineNumber":24,"author":{"gitId":"cswbibibi"},"content":"    public static List\u003cFacility\u003e getLibraries() {"},{"lineNumber":25,"author":{"gitId":"zhangyongzhe20"},"content":"        return libraries;"},{"lineNumber":26,"author":{"gitId":"zhangyongzhe20"},"content":"    }"},{"lineNumber":27,"author":{"gitId":"zhangyongzhe20"},"content":""},{"lineNumber":28,"author":{"gitId":"cswbibibi"},"content":"    public static List\u003cFacility\u003e getLectureTheaters() {"},{"lineNumber":29,"author":{"gitId":"zhangyongzhe20"},"content":"        return lectureTheaters;"},{"lineNumber":30,"author":{"gitId":"zhangyongzhe20"},"content":"    }"},{"lineNumber":31,"author":{"gitId":"zhangyongzhe20"},"content":""},{"lineNumber":32,"author":{"gitId":"cswbibibi"},"content":"    static List\u003cFacility\u003e lectureTheaters;"},{"lineNumber":33,"author":{"gitId":"zhangyongzhe20"},"content":"    public static String[] files \u003d {\"canteens.txt\", \"libraries.txt\", \"lectureTheaters.txt\"};"},{"lineNumber":34,"author":{"gitId":"zhangyongzhe20"},"content":""},{"lineNumber":35,"author":{"gitId":"zhangyongzhe20"},"content":"    public loadData() {"},{"lineNumber":36,"author":{"gitId":"zhangyongzhe20"},"content":"        this.canteens \u003d new ArrayList\u003c\u003e();"},{"lineNumber":37,"author":{"gitId":"zhangyongzhe20"},"content":"        this.libraries \u003d new ArrayList\u003c\u003e();"},{"lineNumber":38,"author":{"gitId":"zhangyongzhe20"},"content":"        this.lectureTheaters \u003d new ArrayList\u003c\u003e();"},{"lineNumber":39,"author":{"gitId":"cswbibibi"},"content":"        try {"},{"lineNumber":40,"author":{"gitId":"cswbibibi"},"content":"            this.load();"},{"lineNumber":41,"author":{"gitId":"cswbibibi"},"content":"        } catch (FileNotFoundException e) {"},{"lineNumber":42,"author":{"gitId":"cswbibibi"},"content":"            System.err.println(\"WARNING: did not find a file to initialize data from.\");"},{"lineNumber":43,"author":{"gitId":"cswbibibi"},"content":"        } catch (FileIsEmptyException e) {"},{"lineNumber":44,"author":{"gitId":"cswbibibi"},"content":"            System.err.println(\"WARNING: file to initalize data from is empty.\");"},{"lineNumber":45,"author":{"gitId":"cswbibibi"},"content":"        }"},{"lineNumber":46,"author":{"gitId":"zhangyongzhe20"},"content":"    }"},{"lineNumber":47,"author":{"gitId":"zhangyongzhe20"},"content":""},{"lineNumber":48,"author":{"gitId":"zhangyongzhe20"},"content":"    public void load() throws FileNotFoundException, FileIsEmptyException {"},{"lineNumber":49,"author":{"gitId":"zhangyongzhe20"},"content":"        int numOfFiles \u003d files.length;"},{"lineNumber":50,"author":{"gitId":"zhangyongzhe20"},"content":"        Facility facility \u003d new Canteen();"},{"lineNumber":51,"author":{"gitId":"zhangyongzhe20"},"content":"        for (int i \u003d 0; i \u003c numOfFiles; i++) {"},{"lineNumber":52,"author":{"gitId":"zhangyongzhe20"},"content":"            File file \u003d new File(files[i]);"},{"lineNumber":53,"author":{"gitId":"zhangyongzhe20"},"content":"            if(file.length() \u003d\u003d 0){"},{"lineNumber":54,"author":{"gitId":"zhangyongzhe20"},"content":"                throw new FileIsEmptyException(\"This file is empty, please add some data\");"},{"lineNumber":55,"author":{"gitId":"zhangyongzhe20"},"content":"            }"},{"lineNumber":56,"author":{"gitId":"zhangyongzhe20"},"content":"            try {"},{"lineNumber":57,"author":{"gitId":"zhangyongzhe20"},"content":"                file.createNewFile();"},{"lineNumber":58,"author":{"gitId":"zhangyongzhe20"},"content":"            } catch (IOException e) {"},{"lineNumber":59,"author":{"gitId":"zhangyongzhe20"},"content":"                System.out.println(e.getMessage());"},{"lineNumber":60,"author":{"gitId":"zhangyongzhe20"},"content":"                e.printStackTrace();"},{"lineNumber":61,"author":{"gitId":"zhangyongzhe20"},"content":"            }"},{"lineNumber":62,"author":{"gitId":"zhangyongzhe20"},"content":"            Scanner sc \u003d new Scanner(file);"},{"lineNumber":63,"author":{"gitId":"zhangyongzhe20"},"content":"            String data;"},{"lineNumber":64,"author":{"gitId":"zhangyongzhe20"},"content":"            while (sc.hasNextLine()) {"},{"lineNumber":65,"author":{"gitId":"zhangyongzhe20"},"content":"                data \u003d sc.nextLine();"},{"lineNumber":66,"author":{"gitId":"zhangyongzhe20"},"content":"                if (!data.isEmpty()) {"},{"lineNumber":67,"author":{"gitId":"zhangyongzhe20"},"content":"                    String[] temp \u003d data.split(\",\");"},{"lineNumber":68,"author":{"gitId":"zhangyongzhe20"},"content":"                    switch (i) {"},{"lineNumber":69,"author":{"gitId":"zhangyongzhe20"},"content":"                        case 0:"},{"lineNumber":70,"author":{"gitId":"zhangyongzhe20"},"content":"                            facility \u003d new Canteen();"},{"lineNumber":71,"author":{"gitId":"zhangyongzhe20"},"content":"                            break;"},{"lineNumber":72,"author":{"gitId":"zhangyongzhe20"},"content":"                        case 1:"},{"lineNumber":73,"author":{"gitId":"zhangyongzhe20"},"content":"                            facility \u003d new Library();"},{"lineNumber":74,"author":{"gitId":"zhangyongzhe20"},"content":"                            break;"},{"lineNumber":75,"author":{"gitId":"zhangyongzhe20"},"content":"                        case 2:"},{"lineNumber":76,"author":{"gitId":"zhangyongzhe20"},"content":"                            facility \u003d new LectureTheater();"},{"lineNumber":77,"author":{"gitId":"zhangyongzhe20"},"content":"                            break;"},{"lineNumber":78,"author":{"gitId":"zhangyongzhe20"},"content":"                        default:"},{"lineNumber":79,"author":{"gitId":"cswbibibi"},"content":"                            err.println(\"File can not be loaded\");"},{"lineNumber":80,"author":{"gitId":"zhangyongzhe20"},"content":"                            System.exit(0);"},{"lineNumber":81,"author":{"gitId":"zhangyongzhe20"},"content":"                    }"},{"lineNumber":82,"author":{"gitId":"zhangyongzhe20"},"content":"                    facility.setFacilityID(temp[0]);"},{"lineNumber":83,"author":{"gitId":"zhangyongzhe20"},"content":"                    facility.setName(temp[1]);"},{"lineNumber":84,"author":{"gitId":"cswbibibi"},"content":"                    facility.strToFacilityType(temp[2]);"},{"lineNumber":85,"author":{"gitId":"geezzzyyy"},"content":"                    facility.setLocation(temp[3], temp[4], temp[5]);"},{"lineNumber":86,"author":{"gitId":"zhangyongzhe20"},"content":"                    switch (i) {"},{"lineNumber":87,"author":{"gitId":"zhangyongzhe20"},"content":"                        case 0:"},{"lineNumber":88,"author":{"gitId":"zhangyongzhe20"},"content":"                            canteens.add(facility);"},{"lineNumber":89,"author":{"gitId":"zhangyongzhe20"},"content":"                            break;"},{"lineNumber":90,"author":{"gitId":"zhangyongzhe20"},"content":"                        case 1:"},{"lineNumber":91,"author":{"gitId":"zhangyongzhe20"},"content":"                            libraries.add(facility);"},{"lineNumber":92,"author":{"gitId":"zhangyongzhe20"},"content":"                            break;"},{"lineNumber":93,"author":{"gitId":"zhangyongzhe20"},"content":"                        case 2:"},{"lineNumber":94,"author":{"gitId":"zhangyongzhe20"},"content":"                            lectureTheaters.add(facility);"},{"lineNumber":95,"author":{"gitId":"zhangyongzhe20"},"content":"                            break;"},{"lineNumber":96,"author":{"gitId":"zhangyongzhe20"},"content":"                        default:"},{"lineNumber":97,"author":{"gitId":"cswbibibi"},"content":"                            err.println(\"Data can not be collected\");"},{"lineNumber":98,"author":{"gitId":"zhangyongzhe20"},"content":"                            System.exit(0);"},{"lineNumber":99,"author":{"gitId":"zhangyongzhe20"},"content":"                    }"},{"lineNumber":100,"author":{"gitId":"zhangyongzhe20"},"content":"                }"},{"lineNumber":101,"author":{"gitId":"zhangyongzhe20"},"content":"            }"},{"lineNumber":102,"author":{"gitId":"zhangyongzhe20"},"content":"            sc.close();"},{"lineNumber":103,"author":{"gitId":"zhangyongzhe20"},"content":"        }"},{"lineNumber":104,"author":{"gitId":"zhangyongzhe20"},"content":"    }"},{"lineNumber":105,"author":{"gitId":"zhangyongzhe20"},"content":"}"}],"authorContributionMap":{"geezzzyyy":1,"cswbibibi":18,"zhangyongzhe20":86}},{"path":"src/main/java/entity/Canteen.java","fileType":"functional-code","lines":[{"lineNumber":1,"author":{"gitId":"zhangyongzhe20"},"content":"package entity;"},{"lineNumber":2,"author":{"gitId":"zhangyongzhe20"},"content":""},{"lineNumber":3,"author":{"gitId":"zhangyongzhe20"},"content":"public class Canteen extends Facility{"},{"lineNumber":4,"author":{"gitId":"cswbibibi"},"content":"    public Canteen(int facilityID, String name, Location location, Location address){"},{"lineNumber":5,"author":{"gitId":"cswbibibi"},"content":"        super(facilityID, name, location, address, FacilityType.CANTEEN);"},{"lineNumber":6,"author":{"gitId":"zhangyongzhe20"},"content":"    }"},{"lineNumber":7,"author":{"gitId":"zhangyongzhe20"},"content":""},{"lineNumber":8,"author":{"gitId":"zhangyongzhe20"},"content":"    public Canteen() {"},{"lineNumber":9,"author":{"gitId":"zhangyongzhe20"},"content":"        super();"},{"lineNumber":10,"author":{"gitId":"zhangyongzhe20"},"content":"    }"},{"lineNumber":11,"author":{"gitId":"tehtea"},"content":""},{"lineNumber":12,"author":{"gitId":"tehtea"},"content":"    public Canteen(int facilityID, String name, Location location){"},{"lineNumber":13,"author":{"gitId":"tehtea"},"content":"        super(facilityID, name, location, location, FacilityType.CANTEEN);"},{"lineNumber":14,"author":{"gitId":"tehtea"},"content":"    }"},{"lineNumber":15,"author":{"gitId":"zhangyongzhe20"},"content":"}"}],"authorContributionMap":{"cswbibibi":2,"zhangyongzhe20":9,"tehtea":4}},{"path":"src/main/java/entity/Facility.java","fileType":"functional-code","lines":[{"lineNumber":1,"author":{"gitId":"zhangyongzhe20"},"content":"package entity;"},{"lineNumber":2,"author":{"gitId":"zhangyongzhe20"},"content":""},{"lineNumber":3,"author":{"gitId":"zhangyongzhe20"},"content":"public abstract class Facility {"},{"lineNumber":4,"author":{"gitId":"zhangyongzhe20"},"content":"    private int facilityID;"},{"lineNumber":5,"author":{"gitId":"zhangyongzhe20"},"content":"    private String name;"},{"lineNumber":6,"author":{"gitId":"cswbibibi"},"content":"    private FacilityType type;"},{"lineNumber":7,"author":{"gitId":"zhangyongzhe20"},"content":"    private Location location;"},{"lineNumber":8,"author":{"gitId":"cswbibibi"},"content":"    private Location address;"},{"lineNumber":9,"author":{"gitId":"zhangyongzhe20"},"content":""},{"lineNumber":10,"author":{"gitId":"cswbibibi"},"content":"    public Facility(int facilityID, String name, Location location, Location address, FacilityType type) {"},{"lineNumber":11,"author":{"gitId":"zhangyongzhe20"},"content":"        this.facilityID \u003d facilityID;"},{"lineNumber":12,"author":{"gitId":"zhangyongzhe20"},"content":"        this.name \u003d name;"},{"lineNumber":13,"author":{"gitId":"zhangyongzhe20"},"content":"        this.location \u003d location;"},{"lineNumber":14,"author":{"gitId":"cswbibibi"},"content":"        this.type \u003d type;"},{"lineNumber":15,"author":{"gitId":"cswbibibi"},"content":"        this.address \u003d address;"},{"lineNumber":16,"author":{"gitId":"zhangyongzhe20"},"content":"    }"},{"lineNumber":17,"author":{"gitId":"zhangyongzhe20"},"content":""},{"lineNumber":18,"author":{"gitId":"zhangyongzhe20"},"content":"    public Facility() {"},{"lineNumber":19,"author":{"gitId":"zhangyongzhe20"},"content":""},{"lineNumber":20,"author":{"gitId":"zhangyongzhe20"},"content":"    }"},{"lineNumber":21,"author":{"gitId":"zhangyongzhe20"},"content":""},{"lineNumber":22,"author":{"gitId":"zhangyongzhe20"},"content":"    public int getFacilityID() {"},{"lineNumber":23,"author":{"gitId":"zhangyongzhe20"},"content":"        return facilityID;"},{"lineNumber":24,"author":{"gitId":"zhangyongzhe20"},"content":"    }"},{"lineNumber":25,"author":{"gitId":"zhangyongzhe20"},"content":""},{"lineNumber":26,"author":{"gitId":"zhangyongzhe20"},"content":"    public void setFacilityID(String facilityID) {"},{"lineNumber":27,"author":{"gitId":"zhangyongzhe20"},"content":"        this.facilityID \u003d Integer.parseInt(facilityID);"},{"lineNumber":28,"author":{"gitId":"zhangyongzhe20"},"content":"    }"},{"lineNumber":29,"author":{"gitId":"zhangyongzhe20"},"content":""},{"lineNumber":30,"author":{"gitId":"zhangyongzhe20"},"content":"    public String getName() {"},{"lineNumber":31,"author":{"gitId":"zhangyongzhe20"},"content":"        return name;"},{"lineNumber":32,"author":{"gitId":"zhangyongzhe20"},"content":"    }"},{"lineNumber":33,"author":{"gitId":"zhangyongzhe20"},"content":""},{"lineNumber":34,"author":{"gitId":"zhangyongzhe20"},"content":"    public void setName(String name) {"},{"lineNumber":35,"author":{"gitId":"zhangyongzhe20"},"content":"        this.name \u003d name;"},{"lineNumber":36,"author":{"gitId":"zhangyongzhe20"},"content":"    }"},{"lineNumber":37,"author":{"gitId":"zhangyongzhe20"},"content":""},{"lineNumber":38,"author":{"gitId":"cswbibibi"},"content":"    public FacilityType getType() {"},{"lineNumber":39,"author":{"gitId":"cswbibibi"},"content":"        return type;"},{"lineNumber":40,"author":{"gitId":"cswbibibi"},"content":"    }"},{"lineNumber":41,"author":{"gitId":"cswbibibi"},"content":""},{"lineNumber":42,"author":{"gitId":"cswbibibi"},"content":"    public Location getLocation() {return location; }"},{"lineNumber":43,"author":{"gitId":"cswbibibi"},"content":"    public String getAddress() {return getLocation().getAddress(); }"},{"lineNumber":44,"author":{"gitId":"zhangyongzhe20"},"content":""},{"lineNumber":45,"author":{"gitId":"geezzzyyy"},"content":"    public void setLocation(String x, String y, String address) {"},{"lineNumber":46,"author":{"gitId":"geezzzyyy"},"content":"        this.location \u003d new Location(Double.parseDouble(x),Double.parseDouble(y), address);"},{"lineNumber":47,"author":{"gitId":"zhangyongzhe20"},"content":"    }"},{"lineNumber":48,"author":{"gitId":"zhangyongzhe20"},"content":""},{"lineNumber":49,"author":{"gitId":"zhangyongzhe20"},"content":"    public enum facilityType {"},{"lineNumber":50,"author":{"gitId":"zhangyongzhe20"},"content":"        LECTURETHEATER, CANTEEN, LIBRARY"},{"lineNumber":51,"author":{"gitId":"zhangyongzhe20"},"content":"    }"},{"lineNumber":52,"author":{"gitId":"cswbibibi"},"content":"    public void strToFacilityType(String type) {"},{"lineNumber":53,"author":{"gitId":"cswbibibi"},"content":"        if (type.equalsIgnoreCase(\"LECTURETHEATER\")) {"},{"lineNumber":54,"author":{"gitId":"cswbibibi"},"content":"            this.type \u003d FacilityType.LECTURETHEATER;"},{"lineNumber":55,"author":{"gitId":"cswbibibi"},"content":"        } else if (type.equalsIgnoreCase(\"CANTEEN\")) {"},{"lineNumber":56,"author":{"gitId":"cswbibibi"},"content":"            this.type \u003d FacilityType.CANTEEN;"},{"lineNumber":57,"author":{"gitId":"cswbibibi"},"content":"        } else if (type.equalsIgnoreCase(\"LIBRARY\")) {"},{"lineNumber":58,"author":{"gitId":"cswbibibi"},"content":"            this.type \u003d FacilityType.LIBRARY;"},{"lineNumber":59,"author":{"gitId":"cswbibibi"},"content":"        }"},{"lineNumber":60,"author":{"gitId":"cswbibibi"},"content":"    }"},{"lineNumber":61,"author":{"gitId":"zhangyongzhe20"},"content":""},{"lineNumber":62,"author":{"gitId":"zhangyongzhe20"},"content":"    // return string representation of this facility"},{"lineNumber":63,"author":{"gitId":"zhangyongzhe20"},"content":"    public String toString() {"},{"lineNumber":64,"author":{"gitId":"zhangyongzhe20"},"content":"        return this.facilityID + \" (\" +  this.name + \" )\"  +"},{"lineNumber":65,"author":{"gitId":"zhangyongzhe20"},"content":"                \" locates at \" + this.location.toString();"},{"lineNumber":66,"author":{"gitId":"zhangyongzhe20"},"content":"    }"},{"lineNumber":67,"author":{"gitId":"zhangyongzhe20"},"content":"}"}],"authorContributionMap":{"geezzzyyy":2,"cswbibibi":20,"zhangyongzhe20":45}},{"path":"src/main/java/entity/FacilityType.java","fileType":"functional-code","lines":[{"lineNumber":1,"author":{"gitId":"tehtea"},"content":"package entity;"},{"lineNumber":2,"author":{"gitId":"tehtea"},"content":""},{"lineNumber":3,"author":{"gitId":"tehtea"},"content":"public enum FacilityType {"},{"lineNumber":4,"author":{"gitId":"tehtea"},"content":"    LECTURETHEATER, CANTEEN, LIBRARY"},{"lineNumber":5,"author":{"gitId":"tehtea"},"content":"}"}],"authorContributionMap":{"tehtea":5}},{"path":"src/main/java/entity/LectureTheater.java","fileType":"functional-code","lines":[{"lineNumber":1,"author":{"gitId":"zhangyongzhe20"},"content":"package entity;"},{"lineNumber":2,"author":{"gitId":"zhangyongzhe20"},"content":""},{"lineNumber":3,"author":{"gitId":"zhangyongzhe20"},"content":"public class LectureTheater extends Facility{"},{"lineNumber":4,"author":{"gitId":"cswbibibi"},"content":"    public LectureTheater(int facilityID, String name, Location location, Location address){"},{"lineNumber":5,"author":{"gitId":"cswbibibi"},"content":"        super(facilityID, name, location, address, FacilityType.LECTURETHEATER);"},{"lineNumber":6,"author":{"gitId":"zhangyongzhe20"},"content":"    }"},{"lineNumber":7,"author":{"gitId":"zhangyongzhe20"},"content":""},{"lineNumber":8,"author":{"gitId":"zhangyongzhe20"},"content":"    public LectureTheater() {"},{"lineNumber":9,"author":{"gitId":"zhangyongzhe20"},"content":""},{"lineNumber":10,"author":{"gitId":"zhangyongzhe20"},"content":"    }"},{"lineNumber":11,"author":{"gitId":"tehtea"},"content":""},{"lineNumber":12,"author":{"gitId":"tehtea"},"content":"    public LectureTheater(int facilityID, String name, Location location) {"},{"lineNumber":13,"author":{"gitId":"tehtea"},"content":"        super(facilityID, name, location, location, FacilityType.LECTURETHEATER);"},{"lineNumber":14,"author":{"gitId":"tehtea"},"content":"    }"},{"lineNumber":15,"author":{"gitId":"zhangyongzhe20"},"content":"}"}],"authorContributionMap":{"cswbibibi":2,"zhangyongzhe20":9,"tehtea":4}},{"path":"src/main/java/entity/Library.java","fileType":"functional-code","lines":[{"lineNumber":1,"author":{"gitId":"zhangyongzhe20"},"content":"package entity;"},{"lineNumber":2,"author":{"gitId":"zhangyongzhe20"},"content":""},{"lineNumber":3,"author":{"gitId":"zhangyongzhe20"},"content":"public class Library extends Facility{"},{"lineNumber":4,"author":{"gitId":"cswbibibi"},"content":"    public Library(int facilityID, String name, Location location, Location address){"},{"lineNumber":5,"author":{"gitId":"cswbibibi"},"content":"        super(facilityID, name, location, address, FacilityType.LIBRARY);"},{"lineNumber":6,"author":{"gitId":"zhangyongzhe20"},"content":"    }"},{"lineNumber":7,"author":{"gitId":"zhangyongzhe20"},"content":""},{"lineNumber":8,"author":{"gitId":"zhangyongzhe20"},"content":"    public Library() {"},{"lineNumber":9,"author":{"gitId":"zhangyongzhe20"},"content":""},{"lineNumber":10,"author":{"gitId":"zhangyongzhe20"},"content":"    }"},{"lineNumber":11,"author":{"gitId":"tehtea"},"content":""},{"lineNumber":12,"author":{"gitId":"tehtea"},"content":"    public Library(int facilityID, String name, Location location) {"},{"lineNumber":13,"author":{"gitId":"tehtea"},"content":"        super(facilityID, name, location, location, FacilityType.LIBRARY);"},{"lineNumber":14,"author":{"gitId":"tehtea"},"content":"    }"},{"lineNumber":15,"author":{"gitId":"zhangyongzhe20"},"content":"}"}],"authorContributionMap":{"cswbibibi":2,"zhangyongzhe20":9,"tehtea":4}},{"path":"src/main/java/entity/Location.java","fileType":"functional-code","lines":[{"lineNumber":1,"author":{"gitId":"zhangyongzhe20"},"content":"package entity;"},{"lineNumber":2,"author":{"gitId":"zhangyongzhe20"},"content":""},{"lineNumber":3,"author":{"gitId":"zhangyongzhe20"},"content":"public class Location {"},{"lineNumber":4,"author":{"gitId":"zhangyongzhe20"},"content":"    private double longitude;"},{"lineNumber":5,"author":{"gitId":"zhangyongzhe20"},"content":"    private double latitude;"},{"lineNumber":6,"author":{"gitId":"geezzzyyy"},"content":"    private String address;"},{"lineNumber":7,"author":{"gitId":"zhangyongzhe20"},"content":""},{"lineNumber":8,"author":{"gitId":"zhangyongzhe20"},"content":"    // create and initialize a point with given"},{"lineNumber":9,"author":{"gitId":"zhangyongzhe20"},"content":"    // (latitude, longitude) specified in degrees"},{"lineNumber":10,"author":{"gitId":"geezzzyyy"},"content":"    public Location(double latitude, double longitude, String address) {"},{"lineNumber":11,"author":{"gitId":"zhangyongzhe20"},"content":"        this.latitude  \u003d latitude;"},{"lineNumber":12,"author":{"gitId":"zhangyongzhe20"},"content":"        this.longitude \u003d longitude;"},{"lineNumber":13,"author":{"gitId":"geezzzyyy"},"content":"        this.address \u003d address;"},{"lineNumber":14,"author":{"gitId":"zhangyongzhe20"},"content":"    }"},{"lineNumber":15,"author":{"gitId":"zhangyongzhe20"},"content":""},{"lineNumber":16,"author":{"gitId":"zhangyongzhe20"},"content":"    // return distance between this location and that location"},{"lineNumber":17,"author":{"gitId":"zhangyongzhe20"},"content":"    // measured in statute miles"},{"lineNumber":18,"author":{"gitId":"zhangyongzhe20"},"content":"    public double distanceTo(Location that) {"},{"lineNumber":19,"author":{"gitId":"zhangyongzhe20"},"content":"        double STATUTE_MILES_PER_NAUTICAL_MILE \u003d 1.15077945;"},{"lineNumber":20,"author":{"gitId":"zhangyongzhe20"},"content":"        double lat1 \u003d Math.toRadians(this.latitude);"},{"lineNumber":21,"author":{"gitId":"zhangyongzhe20"},"content":"        double lon1 \u003d Math.toRadians(this.longitude);"},{"lineNumber":22,"author":{"gitId":"zhangyongzhe20"},"content":"        double lat2 \u003d Math.toRadians(that.latitude);"},{"lineNumber":23,"author":{"gitId":"zhangyongzhe20"},"content":"        double lon2 \u003d Math.toRadians(that.longitude);"},{"lineNumber":24,"author":{"gitId":"zhangyongzhe20"},"content":""},{"lineNumber":25,"author":{"gitId":"zhangyongzhe20"},"content":"        // great circle distance in radians, using law of cosines formula"},{"lineNumber":26,"author":{"gitId":"zhangyongzhe20"},"content":"        double angle \u003d Math.acos(Math.sin(lat1) * Math.sin(lat2)"},{"lineNumber":27,"author":{"gitId":"zhangyongzhe20"},"content":"                + Math.cos(lat1) * Math.cos(lat2) * Math.cos(lon1 - lon2));"},{"lineNumber":28,"author":{"gitId":"zhangyongzhe20"},"content":""},{"lineNumber":29,"author":{"gitId":"zhangyongzhe20"},"content":"        // each degree on a great circle of Earth is 60 nautical miles"},{"lineNumber":30,"author":{"gitId":"zhangyongzhe20"},"content":"        double nauticalMiles \u003d 60 * Math.toDegrees(angle);"},{"lineNumber":31,"author":{"gitId":"zhangyongzhe20"},"content":"        double statuteMiles \u003d STATUTE_MILES_PER_NAUTICAL_MILE * nauticalMiles;"},{"lineNumber":32,"author":{"gitId":"zhangyongzhe20"},"content":"        return statuteMiles;"},{"lineNumber":33,"author":{"gitId":"zhangyongzhe20"},"content":"    }"},{"lineNumber":34,"author":{"gitId":"zhangyongzhe20"},"content":""},{"lineNumber":35,"author":{"gitId":"zhangyongzhe20"},"content":"    // return string representation of this point"},{"lineNumber":36,"author":{"gitId":"zhangyongzhe20"},"content":"    public String toString() {"},{"lineNumber":37,"author":{"gitId":"cswbibibi"},"content":"        return \" (\" + latitude + \", \" + longitude +  \", \" + address + \")\";"},{"lineNumber":38,"author":{"gitId":"zhangyongzhe20"},"content":"    }"},{"lineNumber":39,"author":{"gitId":"cswbibibi"},"content":""},{"lineNumber":40,"author":{"gitId":"cswbibibi"},"content":"    public String getAddress() {"},{"lineNumber":41,"author":{"gitId":"cswbibibi"},"content":"        return this.address; }"},{"lineNumber":42,"author":{"gitId":"zhangyongzhe20"},"content":"}"}],"authorContributionMap":{"geezzzyyy":3,"cswbibibi":4,"zhangyongzhe20":35}},{"path":"src/main/java/exceptions/FacilityNotFoundException.java","fileType":"functional-code","lines":[{"lineNumber":1,"author":{"gitId":"tehtea"},"content":"package exceptions;"},{"lineNumber":2,"author":{"gitId":"tehtea"},"content":""},{"lineNumber":3,"author":{"gitId":"tehtea"},"content":"public class FacilityNotFoundException extends Exception {"},{"lineNumber":4,"author":{"gitId":"tehtea"},"content":"    public FacilityNotFoundException(String message) {"},{"lineNumber":5,"author":{"gitId":"tehtea"},"content":"        super(message);"},{"lineNumber":6,"author":{"gitId":"tehtea"},"content":"    }"},{"lineNumber":7,"author":{"gitId":"tehtea"},"content":"}"}],"authorContributionMap":{"tehtea":7}},{"path":"src/main/java/seedu/duke/Command.java","fileType":"functional-code","lines":[{"lineNumber":1,"author":{"gitId":"chenling1022"},"content":"package seedu.duke;"},{"lineNumber":2,"author":{"gitId":"chenling1022"},"content":""},{"lineNumber":3,"author":{"gitId":"chenling1022"},"content":"public enum Command {"},{"lineNumber":4,"author":{"gitId":"chenling1022"},"content":"    SEARCH_IN,LIST_ALL_LOCATIONS,SEARCH,FIND_FACILITY,INVALID"},{"lineNumber":5,"author":{"gitId":"chenling1022"},"content":"}"},{"lineNumber":6,"author":{"gitId":"chenling1022"},"content":""},{"lineNumber":7,"author":{"gitId":"chenling1022"},"content":""}],"authorContributionMap":{"chenling1022":7}},{"path":"src/main/java/seedu/duke/EmptyInputException.java","fileType":"functional-code","lines":[{"lineNumber":1,"author":{"gitId":"chenling1022"},"content":"package seedu.duke;"},{"lineNumber":2,"author":{"gitId":"chenling1022"},"content":""},{"lineNumber":3,"author":{"gitId":"chenling1022"},"content":"public class EmptyInputException extends Exception {"},{"lineNumber":4,"author":{"gitId":"chenling1022"},"content":"}"}],"authorContributionMap":{"chenling1022":4}},{"path":"src/main/java/seedu/duke/Feature.java","fileType":"functional-code","lines":[{"lineNumber":1,"author":{"gitId":"cswbibibi"},"content":"package seedu.duke;"},{"lineNumber":2,"author":{"gitId":"cswbibibi"},"content":""},{"lineNumber":3,"author":{"gitId":"cswbibibi"},"content":"import entity.*;"},{"lineNumber":4,"author":{"gitId":"cswbibibi"},"content":"import control.*;"},{"lineNumber":5,"author":{"gitId":"cswbibibi"},"content":""},{"lineNumber":6,"author":{"gitId":"cswbibibi"},"content":"import java.io.FileNotFoundException;"},{"lineNumber":7,"author":{"gitId":"cswbibibi"},"content":"import java.util.ArrayList;"},{"lineNumber":8,"author":{"gitId":"cswbibibi"},"content":"import java.util.List;"},{"lineNumber":9,"author":{"gitId":"cswbibibi"},"content":""},{"lineNumber":10,"author":{"gitId":"cswbibibi"},"content":"public class Feature {"},{"lineNumber":11,"author":{"gitId":"cswbibibi"},"content":"    public static void listAllLocations(String location) {"},{"lineNumber":12,"author":{"gitId":"cswbibibi"},"content":"        switch (location) {"},{"lineNumber":13,"author":{"gitId":"cswbibibi"},"content":"        case \"Canteen\":"},{"lineNumber":14,"author":{"gitId":"cswbibibi"},"content":"        case \"canteen\":"},{"lineNumber":15,"author":{"gitId":"cswbibibi"},"content":"            loadData ld \u003d new loadData();"},{"lineNumber":16,"author":{"gitId":"cswbibibi"},"content":"            List\u003cFacility\u003e canteens \u003d ld.getCanteens();"},{"lineNumber":17,"author":{"gitId":"cswbibibi"},"content":"            for (int i\u003d0; i\u003ccanteens.size(); i++) {"},{"lineNumber":18,"author":{"gitId":"cswbibibi"},"content":"                System.out.println(canteens.get(i).getName() + \"@\" + canteens.get(i).getAddress());"},{"lineNumber":19,"author":{"gitId":"cswbibibi"},"content":"            }"},{"lineNumber":20,"author":{"gitId":"cswbibibi"},"content":"            break;"},{"lineNumber":21,"author":{"gitId":"cswbibibi"},"content":"        case \"Lecture Theater\":"},{"lineNumber":22,"author":{"gitId":"cswbibibi"},"content":"        case \"lecture theater\":"},{"lineNumber":23,"author":{"gitId":"cswbibibi"},"content":"            List\u003cFacility\u003e lectureTheaters \u003d loadData.getLectureTheaters();"},{"lineNumber":24,"author":{"gitId":"cswbibibi"},"content":"            for (int i\u003d0; i\u003clectureTheaters.size(); i++) {"},{"lineNumber":25,"author":{"gitId":"cswbibibi"},"content":"                System.out.println(lectureTheaters.get(i).getName() + \"@\" + lectureTheaters.get(i).getAddress());"},{"lineNumber":26,"author":{"gitId":"cswbibibi"},"content":"            }"},{"lineNumber":27,"author":{"gitId":"cswbibibi"},"content":"            break;"},{"lineNumber":28,"author":{"gitId":"cswbibibi"},"content":"        case \"Library\":"},{"lineNumber":29,"author":{"gitId":"cswbibibi"},"content":"        case \"library\":"},{"lineNumber":30,"author":{"gitId":"cswbibibi"},"content":"            List\u003cFacility\u003e libraries \u003d loadData.getLibraries();"},{"lineNumber":31,"author":{"gitId":"cswbibibi"},"content":"            for (int i\u003d0; i\u003clibraries.size(); i++) {"},{"lineNumber":32,"author":{"gitId":"cswbibibi"},"content":"                System.out.println(libraries.get(i).getName() + \"@\" + libraries.get(i).getAddress());"},{"lineNumber":33,"author":{"gitId":"cswbibibi"},"content":"            }"},{"lineNumber":34,"author":{"gitId":"cswbibibi"},"content":"            break;"},{"lineNumber":35,"author":{"gitId":"cswbibibi"},"content":"        default:"},{"lineNumber":36,"author":{"gitId":"cswbibibi"},"content":"            break;"},{"lineNumber":37,"author":{"gitId":"cswbibibi"},"content":"        }"},{"lineNumber":38,"author":{"gitId":"cswbibibi"},"content":"    }"},{"lineNumber":39,"author":{"gitId":"cswbibibi"},"content":"}"},{"lineNumber":40,"author":{"gitId":"cswbibibi"},"content":""},{"lineNumber":41,"author":{"gitId":"cswbibibi"},"content":""}],"authorContributionMap":{"cswbibibi":41}},{"path":"src/main/java/seedu/duke/InvalidCommandException.java","fileType":"functional-code","lines":[{"lineNumber":1,"author":{"gitId":"chenling1022"},"content":"package seedu.duke;"},{"lineNumber":2,"author":{"gitId":"chenling1022"},"content":""},{"lineNumber":3,"author":{"gitId":"chenling1022"},"content":"public class InvalidCommandException extends Exception {"},{"lineNumber":4,"author":{"gitId":"chenling1022"},"content":"}"}],"authorContributionMap":{"chenling1022":4}},{"path":"src/main/java/seedu/duke/Map.java","fileType":"functional-code","lines":[{"lineNumber":1,"author":{"gitId":"chenling1022"},"content":"package seedu.duke;"},{"lineNumber":2,"author":{"gitId":"chenling1022"},"content":""},{"lineNumber":3,"author":{"gitId":"geezzzyyy"},"content":"import control.*;"},{"lineNumber":4,"author":{"gitId":"geezzzyyy"},"content":"import entity.Location;"},{"lineNumber":5,"author":{"gitId":"geezzzyyy"},"content":""},{"lineNumber":6,"author":{"gitId":"chenling1022"},"content":"import java.util.Scanner;"},{"lineNumber":7,"author":{"gitId":"chenling1022"},"content":""},{"lineNumber":8,"author":{"gitId":"tehtea"},"content":"import control.loadData;"},{"lineNumber":9,"author":{"gitId":"tehtea"},"content":""},{"lineNumber":10,"author":{"gitId":"chenling1022"},"content":"public class Map {"},{"lineNumber":11,"author":{"gitId":"tehtea"},"content":"    private static loadData dataController \u003d new loadData();"},{"lineNumber":12,"author":{"gitId":"chenling1022"},"content":"    private static Parser parser \u003d new Parser();"},{"lineNumber":13,"author":{"gitId":"chenling1022"},"content":"    private static UI ui \u003d new UI();"},{"lineNumber":14,"author":{"gitId":"tehtea"},"content":"    private static SearchFacility searchFacility \u003d new SearchFacility(dataController);"},{"lineNumber":15,"author":{"gitId":"chenling1022"},"content":""},{"lineNumber":16,"author":{"gitId":"geezzzyyy"},"content":"    public static loadData getDataController() {"},{"lineNumber":17,"author":{"gitId":"geezzzyyy"},"content":"        return dataController;"},{"lineNumber":18,"author":{"gitId":"geezzzyyy"},"content":"    }"},{"lineNumber":19,"author":{"gitId":"geezzzyyy"},"content":""},{"lineNumber":20,"author":{"gitId":"chenling1022"},"content":"    public static void show_welcome_msg() {"},{"lineNumber":21,"author":{"gitId":"chenling1022"},"content":"        System.out.println(\"Welcome to NTU Map \\n\");"},{"lineNumber":22,"author":{"gitId":"chenling1022"},"content":"        System.out.println(\"What would you like to do?\");"},{"lineNumber":23,"author":{"gitId":"chenling1022"},"content":"    }"},{"lineNumber":24,"author":{"gitId":"chenling1022"},"content":""},{"lineNumber":25,"author":{"gitId":"chenling1022"},"content":"    public static void show_exit_msg() {"},{"lineNumber":26,"author":{"gitId":"chenling1022"},"content":"        System.out.println(\"Bye. Hope to see you again soon!\\n\");"},{"lineNumber":27,"author":{"gitId":"chenling1022"},"content":"    }"},{"lineNumber":28,"author":{"gitId":"chenling1022"},"content":""},{"lineNumber":29,"author":{"gitId":"chenling1022"},"content":"    public static void executeCommand(String input, Command c) throws InvalidCommandException, EmptyInputException {"},{"lineNumber":30,"author":{"gitId":"chenling1022"},"content":"        switch (c) {"},{"lineNumber":31,"author":{"gitId":"chenling1022"},"content":"        case LIST_ALL_LOCATIONS:"},{"lineNumber":32,"author":{"gitId":"cswbibibi"},"content":"            String location \u003d parser.getLocationsList(input);"},{"lineNumber":33,"author":{"gitId":"cswbibibi"},"content":"            Feature.listAllLocations(location);"},{"lineNumber":34,"author":{"gitId":"chenling1022"},"content":"            break;"},{"lineNumber":35,"author":{"gitId":"chenling1022"},"content":"        case SEARCH:"},{"lineNumber":36,"author":{"gitId":"tehtea"},"content":"            String facility \u003d parser.getFacilitySearch(input);"},{"lineNumber":37,"author":{"gitId":"tehtea"},"content":"            int id \u003d parser.getIdSearch(input);"},{"lineNumber":38,"author":{"gitId":"tehtea"},"content":"            searchFacility.query(facility, id);"},{"lineNumber":39,"author":{"gitId":"chenling1022"},"content":"            break;"},{"lineNumber":40,"author":{"gitId":"chenling1022"},"content":"        case SEARCH_IN:"},{"lineNumber":41,"author":{"gitId":"chenling1022"},"content":"            parser.getBuilding(input);"},{"lineNumber":42,"author":{"gitId":"chenling1022"},"content":"            break;"},{"lineNumber":43,"author":{"gitId":"chenling1022"},"content":"        case FIND_FACILITY:"},{"lineNumber":44,"author":{"gitId":"geezzzyyy"},"content":"            String facilityLocation \u003d parser.getFindFacilityLocation(input);"},{"lineNumber":45,"author":{"gitId":"geezzzyyy"},"content":"            Location currentLocation \u003d findNearest.findFacilityByName(dataController, facilityLocation).getLocation();"},{"lineNumber":46,"author":{"gitId":"geezzzyyy"},"content":"            String facilityType \u003d parser.getFindFacilityType(input);"},{"lineNumber":47,"author":{"gitId":"geezzzyyy"},"content":"            int topK \u003d parser.getTopK(input);"},{"lineNumber":48,"author":{"gitId":"geezzzyyy"},"content":"            new findNearest(dataController).findTopKFacility(currentLocation, facilityType, topK);"},{"lineNumber":49,"author":{"gitId":"chenling1022"},"content":"            break;"},{"lineNumber":50,"author":{"gitId":"chenling1022"},"content":"        case INVALID:"},{"lineNumber":51,"author":{"gitId":"chenling1022"},"content":"            throw new InvalidCommandException();"},{"lineNumber":52,"author":{"gitId":"chenling1022"},"content":"        default:"},{"lineNumber":53,"author":{"gitId":"chenling1022"},"content":"            break;"},{"lineNumber":54,"author":{"gitId":"chenling1022"},"content":"        }"},{"lineNumber":55,"author":{"gitId":"chenling1022"},"content":""},{"lineNumber":56,"author":{"gitId":"chenling1022"},"content":"    }"},{"lineNumber":57,"author":{"gitId":"chenling1022"},"content":""},{"lineNumber":58,"author":{"gitId":"chenling1022"},"content":"    public static void main(String[] args) {"},{"lineNumber":59,"author":{"gitId":"chenling1022"},"content":"        show_welcome_msg();"},{"lineNumber":60,"author":{"gitId":"chenling1022"},"content":"        Command command;"},{"lineNumber":61,"author":{"gitId":"chenling1022"},"content":"        Scanner in \u003d new Scanner(System.in);"},{"lineNumber":62,"author":{"gitId":"chenling1022"},"content":"        String userInput \u003d ui.getString(in);"},{"lineNumber":63,"author":{"gitId":"chenling1022"},"content":""},{"lineNumber":64,"author":{"gitId":"chenling1022"},"content":"        while (!parser.isBye(userInput)) {"},{"lineNumber":65,"author":{"gitId":"chenling1022"},"content":"            if (parser.isList(userInput)) {"},{"lineNumber":66,"author":{"gitId":"chenling1022"},"content":"                command \u003d Command.LIST_ALL_LOCATIONS;"},{"lineNumber":67,"author":{"gitId":"chenling1022"},"content":"            } else if (parser.isFind(userInput)) {"},{"lineNumber":68,"author":{"gitId":"chenling1022"},"content":"                command \u003d Command.FIND_FACILITY;"},{"lineNumber":69,"author":{"gitId":"chenling1022"},"content":"            } else if (parser.isList(userInput)) {"},{"lineNumber":70,"author":{"gitId":"chenling1022"},"content":"                command \u003d Command.LIST_ALL_LOCATIONS;"},{"lineNumber":71,"author":{"gitId":"chenling1022"},"content":"            } else if (parser.isSearch(userInput)) {"},{"lineNumber":72,"author":{"gitId":"chenling1022"},"content":"                command \u003d Command.SEARCH;"},{"lineNumber":73,"author":{"gitId":"chenling1022"},"content":"            } else if (parser.isSearchIn(userInput)) {"},{"lineNumber":74,"author":{"gitId":"chenling1022"},"content":"                command \u003d Command.SEARCH_IN;"},{"lineNumber":75,"author":{"gitId":"chenling1022"},"content":"            } else {"},{"lineNumber":76,"author":{"gitId":"chenling1022"},"content":"                command \u003d Command.INVALID;"},{"lineNumber":77,"author":{"gitId":"chenling1022"},"content":"            }"},{"lineNumber":78,"author":{"gitId":"chenling1022"},"content":""},{"lineNumber":79,"author":{"gitId":"chenling1022"},"content":"            try {"},{"lineNumber":80,"author":{"gitId":"chenling1022"},"content":"                executeCommand(userInput, command);"},{"lineNumber":81,"author":{"gitId":"chenling1022"},"content":"            } catch (InvalidCommandException e) {"},{"lineNumber":82,"author":{"gitId":"chenling1022"},"content":"                System.out.println(\"OOPS!!! I\u0027m sorry, but I don\u0027t know what that means :-(\");"},{"lineNumber":83,"author":{"gitId":"chenling1022"},"content":"            } catch (EmptyInputException e) {"},{"lineNumber":84,"author":{"gitId":"chenling1022"},"content":"                System.out.println(\"OOPS!!! The description of a new task cannot be empty.\");"},{"lineNumber":85,"author":{"gitId":"chenling1022"},"content":"            } catch (StringIndexOutOfBoundsException e) {"},{"lineNumber":86,"author":{"gitId":"chenling1022"},"content":"                System.out.println(\"OOPS!!! You need to add time for new Event or Deadline with \u0027/at\u0027 or \u0027/by\u0027!!\");"},{"lineNumber":87,"author":{"gitId":"chenling1022"},"content":"            }"},{"lineNumber":88,"author":{"gitId":"chenling1022"},"content":"            userInput \u003d ui.getString(in);"},{"lineNumber":89,"author":{"gitId":"chenling1022"},"content":""},{"lineNumber":90,"author":{"gitId":"chenling1022"},"content":"        }"},{"lineNumber":91,"author":{"gitId":"chenling1022"},"content":""},{"lineNumber":92,"author":{"gitId":"chenling1022"},"content":"    }"},{"lineNumber":93,"author":{"gitId":"chenling1022"},"content":""},{"lineNumber":94,"author":{"gitId":"chenling1022"},"content":"}"}],"authorContributionMap":{"chenling1022":73,"geezzzyyy":12,"cswbibibi":2,"tehtea":7}},{"path":"src/main/java/seedu/duke/Parser.java","fileType":"functional-code","lines":[{"lineNumber":1,"author":{"gitId":"chenling1022"},"content":"package seedu.duke;"},{"lineNumber":2,"author":{"gitId":"chenling1022"},"content":""},{"lineNumber":3,"author":{"gitId":"chenling1022"},"content":"public class Parser {"},{"lineNumber":4,"author":{"gitId":"chenling1022"},"content":""},{"lineNumber":5,"author":{"gitId":"chenling1022"},"content":"    public static String getFacilitySearch(String userInput) {"},{"lineNumber":6,"author":{"gitId":"chenling1022"},"content":"        int index \u003d userInput.indexOf(\u0027/\u0027);"},{"lineNumber":7,"author":{"gitId":"tehtea"},"content":"        String facility \u003d userInput.substring(7,index);"},{"lineNumber":8,"author":{"gitId":"chenling1022"},"content":"        return facility;"},{"lineNumber":9,"author":{"gitId":"chenling1022"},"content":"    }"},{"lineNumber":10,"author":{"gitId":"chenling1022"},"content":""},{"lineNumber":11,"author":{"gitId":"chenling1022"},"content":"    public static int getIdSearch(String userInput) {"},{"lineNumber":12,"author":{"gitId":"chenling1022"},"content":"        int index \u003d userInput.indexOf(\u0027/\u0027);"},{"lineNumber":13,"author":{"gitId":"tehtea"},"content":"        int id \u003d Integer.parseInt(userInput.substring(index + 1));"},{"lineNumber":14,"author":{"gitId":"chenling1022"},"content":"        return id;"},{"lineNumber":15,"author":{"gitId":"chenling1022"},"content":"    }"},{"lineNumber":16,"author":{"gitId":"chenling1022"},"content":""},{"lineNumber":17,"author":{"gitId":"chenling1022"},"content":"    public static String getFindFacilityLocation(String userInput) {"},{"lineNumber":18,"author":{"gitId":"chenling1022"},"content":"        int index1 \u003d userInput.indexOf(\u0027\u003c\u0027);"},{"lineNumber":19,"author":{"gitId":"chenling1022"},"content":"        int index2 \u003d userInput.indexOf(\u0027\u003e\u0027);"},{"lineNumber":20,"author":{"gitId":"chenling1022"},"content":"        String location \u003d userInput.substring(index1 + 1,index2);"},{"lineNumber":21,"author":{"gitId":"chenling1022"},"content":"        return location;"},{"lineNumber":22,"author":{"gitId":"chenling1022"},"content":"    }"},{"lineNumber":23,"author":{"gitId":"chenling1022"},"content":""},{"lineNumber":24,"author":{"gitId":"chenling1022"},"content":"    public static String getFindFacilityType(String userInput) {"},{"lineNumber":25,"author":{"gitId":"chenling1022"},"content":"        int index1 \u003d userInput.indexOf(\u0027\u003e\u0027);"},{"lineNumber":26,"author":{"gitId":"chenling1022"},"content":"        String substring \u003d userInput.substring(index1 + 1);"},{"lineNumber":27,"author":{"gitId":"chenling1022"},"content":"        int index2 \u003d substring.indexOf(\u0027\u003c\u0027);"},{"lineNumber":28,"author":{"gitId":"chenling1022"},"content":"        int index3 \u003d substring.indexOf(\u0027\u003e\u0027);"},{"lineNumber":29,"author":{"gitId":"chenling1022"},"content":"        String facilityType \u003d substring.substring(index2 + 1,index3);"},{"lineNumber":30,"author":{"gitId":"chenling1022"},"content":"        return facilityType;"},{"lineNumber":31,"author":{"gitId":"chenling1022"},"content":"    }"},{"lineNumber":32,"author":{"gitId":"chenling1022"},"content":""},{"lineNumber":33,"author":{"gitId":"chenling1022"},"content":"    public static int getTopK(String userInput) {"},{"lineNumber":34,"author":{"gitId":"chenling1022"},"content":"        int index1 \u003d userInput.indexOf(\u0027\u003e\u0027);"},{"lineNumber":35,"author":{"gitId":"chenling1022"},"content":"        String substring1 \u003d userInput.substring(index1 + 1);"},{"lineNumber":36,"author":{"gitId":"chenling1022"},"content":"        int index2 \u003d substring1.indexOf(\u0027\u003e\u0027);"},{"lineNumber":37,"author":{"gitId":"chenling1022"},"content":"        String substring2 \u003d substring1.substring(index2 + 1);"},{"lineNumber":38,"author":{"gitId":"chenling1022"},"content":"        int index3 \u003d substring2.indexOf(\u0027\u003c\u0027);"},{"lineNumber":39,"author":{"gitId":"chenling1022"},"content":"        int index4 \u003d substring2.indexOf(\u0027\u003e\u0027);"},{"lineNumber":40,"author":{"gitId":"chenling1022"},"content":"        String stringTopK \u003d substring2.substring(index3 + 1,index4);"},{"lineNumber":41,"author":{"gitId":"chenling1022"},"content":"        int topK \u003d Integer.parseInt(stringTopK);"},{"lineNumber":42,"author":{"gitId":"chenling1022"},"content":"        return topK;"},{"lineNumber":43,"author":{"gitId":"chenling1022"},"content":"    }"},{"lineNumber":44,"author":{"gitId":"chenling1022"},"content":""},{"lineNumber":45,"author":{"gitId":"chenling1022"},"content":"    public static String getLocationsList(String userInput) {"},{"lineNumber":46,"author":{"gitId":"chenling1022"},"content":"        int index1 \u003d userInput.indexOf(\u0027\u003c\u0027);"},{"lineNumber":47,"author":{"gitId":"chenling1022"},"content":"        int index2 \u003d userInput.indexOf(\u0027\u003e\u0027);"},{"lineNumber":48,"author":{"gitId":"chenling1022"},"content":"        String location \u003d userInput.substring(index1 + 1,index2);"},{"lineNumber":49,"author":{"gitId":"chenling1022"},"content":"        return location;"},{"lineNumber":50,"author":{"gitId":"chenling1022"},"content":"    }"},{"lineNumber":51,"author":{"gitId":"chenling1022"},"content":""},{"lineNumber":52,"author":{"gitId":"chenling1022"},"content":"    public static String getBuilding(String userInput) {"},{"lineNumber":53,"author":{"gitId":"chenling1022"},"content":"        String buildingName \u003d userInput.substring(10);"},{"lineNumber":54,"author":{"gitId":"chenling1022"},"content":"        return buildingName;"},{"lineNumber":55,"author":{"gitId":"chenling1022"},"content":"    }"},{"lineNumber":56,"author":{"gitId":"chenling1022"},"content":""},{"lineNumber":57,"author":{"gitId":"chenling1022"},"content":"    public static boolean isList(String userInput) {"},{"lineNumber":58,"author":{"gitId":"chenling1022"},"content":"        if (userInput.length() \u003e 16) {"},{"lineNumber":59,"author":{"gitId":"chenling1022"},"content":"            if (userInput.substring(0, 16).equals(\"listAllLocations\")) {"},{"lineNumber":60,"author":{"gitId":"chenling1022"},"content":"                return true;"},{"lineNumber":61,"author":{"gitId":"chenling1022"},"content":"            }"},{"lineNumber":62,"author":{"gitId":"chenling1022"},"content":"        }"},{"lineNumber":63,"author":{"gitId":"chenling1022"},"content":"        return false;"},{"lineNumber":64,"author":{"gitId":"chenling1022"},"content":"    }"},{"lineNumber":65,"author":{"gitId":"chenling1022"},"content":""},{"lineNumber":66,"author":{"gitId":"chenling1022"},"content":"    public static boolean isSearch(String userInput) {"},{"lineNumber":67,"author":{"gitId":"chenling1022"},"content":"        if (userInput.length() \u003e 6) {"},{"lineNumber":68,"author":{"gitId":"chenling1022"},"content":"            if (userInput.substring(0, 6).equals(\"search\")) {"},{"lineNumber":69,"author":{"gitId":"chenling1022"},"content":"                return true;"},{"lineNumber":70,"author":{"gitId":"chenling1022"},"content":"            }"},{"lineNumber":71,"author":{"gitId":"chenling1022"},"content":"        }"},{"lineNumber":72,"author":{"gitId":"chenling1022"},"content":"        return false;"},{"lineNumber":73,"author":{"gitId":"chenling1022"},"content":"    }"},{"lineNumber":74,"author":{"gitId":"chenling1022"},"content":""},{"lineNumber":75,"author":{"gitId":"chenling1022"},"content":"    public static boolean isSearchIn(String userInput) {"},{"lineNumber":76,"author":{"gitId":"chenling1022"},"content":"        if (userInput.length() \u003e 9) {"},{"lineNumber":77,"author":{"gitId":"chenling1022"},"content":"            if (userInput.substring(0, 6).equals(\"search in\")) {"},{"lineNumber":78,"author":{"gitId":"chenling1022"},"content":"                return true;"},{"lineNumber":79,"author":{"gitId":"chenling1022"},"content":"            }"},{"lineNumber":80,"author":{"gitId":"chenling1022"},"content":"        }"},{"lineNumber":81,"author":{"gitId":"chenling1022"},"content":"        return false;"},{"lineNumber":82,"author":{"gitId":"chenling1022"},"content":"    }"},{"lineNumber":83,"author":{"gitId":"chenling1022"},"content":""},{"lineNumber":84,"author":{"gitId":"chenling1022"},"content":"    public static boolean isFind(String userInput) {"},{"lineNumber":85,"author":{"gitId":"chenling1022"},"content":"        if (userInput.length() \u003e 12) {"},{"lineNumber":86,"author":{"gitId":"chenling1022"},"content":"            if (userInput.substring(0, 12).equals(\"findFacility\")) {"},{"lineNumber":87,"author":{"gitId":"chenling1022"},"content":"                return true;"},{"lineNumber":88,"author":{"gitId":"chenling1022"},"content":"            }"},{"lineNumber":89,"author":{"gitId":"chenling1022"},"content":"        }"},{"lineNumber":90,"author":{"gitId":"chenling1022"},"content":"        return false;"},{"lineNumber":91,"author":{"gitId":"chenling1022"},"content":"    }"},{"lineNumber":92,"author":{"gitId":"chenling1022"},"content":""},{"lineNumber":93,"author":{"gitId":"chenling1022"},"content":"    public static boolean isBye(String userInput) {"},{"lineNumber":94,"author":{"gitId":"chenling1022"},"content":"        if (userInput.equals(\"bye\")) {"},{"lineNumber":95,"author":{"gitId":"chenling1022"},"content":"            return true;"},{"lineNumber":96,"author":{"gitId":"chenling1022"},"content":"        } else {"},{"lineNumber":97,"author":{"gitId":"chenling1022"},"content":"            return false;"},{"lineNumber":98,"author":{"gitId":"chenling1022"},"content":"        }"},{"lineNumber":99,"author":{"gitId":"chenling1022"},"content":"    }"},{"lineNumber":100,"author":{"gitId":"chenling1022"},"content":""},{"lineNumber":101,"author":{"gitId":"chenling1022"},"content":""},{"lineNumber":102,"author":{"gitId":"chenling1022"},"content":"}"}],"authorContributionMap":{"chenling1022":100,"tehtea":2}},{"path":"src/main/java/seedu/duke/UI.java","fileType":"functional-code","lines":[{"lineNumber":1,"author":{"gitId":"chenling1022"},"content":"package seedu.duke;"},{"lineNumber":2,"author":{"gitId":"chenling1022"},"content":""},{"lineNumber":3,"author":{"gitId":"chenling1022"},"content":"import java.util.Scanner;"},{"lineNumber":4,"author":{"gitId":"chenling1022"},"content":""},{"lineNumber":5,"author":{"gitId":"chenling1022"},"content":"public class UI {"},{"lineNumber":6,"author":{"gitId":"chenling1022"},"content":""},{"lineNumber":7,"author":{"gitId":"chenling1022"},"content":"    public static Scanner in \u003d new Scanner(System.in);"},{"lineNumber":8,"author":{"gitId":"chenling1022"},"content":""},{"lineNumber":9,"author":{"gitId":"chenling1022"},"content":"    public UI() {"},{"lineNumber":10,"author":{"gitId":"chenling1022"},"content":"    }"},{"lineNumber":11,"author":{"gitId":"chenling1022"},"content":""},{"lineNumber":12,"author":{"gitId":"chenling1022"},"content":"    protected static String getString(Scanner in) {"},{"lineNumber":13,"author":{"gitId":"chenling1022"},"content":"        String userInput;"},{"lineNumber":14,"author":{"gitId":"chenling1022"},"content":"        userInput \u003d in.nextLine();"},{"lineNumber":15,"author":{"gitId":"chenling1022"},"content":"        return userInput;"},{"lineNumber":16,"author":{"gitId":"chenling1022"},"content":"    }"},{"lineNumber":17,"author":{"gitId":"chenling1022"},"content":""},{"lineNumber":18,"author":{"gitId":"chenling1022"},"content":""},{"lineNumber":19,"author":{"gitId":"chenling1022"},"content":"}"}],"authorContributionMap":{"chenling1022":19}},{"path":"src/test/java/control/SearchFacilityTest.java","fileType":"test-code","lines":[{"lineNumber":1,"author":{"gitId":"tehtea"},"content":"package control;"},{"lineNumber":2,"author":{"gitId":"tehtea"},"content":""},{"lineNumber":3,"author":{"gitId":"tehtea"},"content":"import static org.junit.jupiter.api.Assertions.*;"},{"lineNumber":4,"author":{"gitId":"tehtea"},"content":"import static org.mockito.Mockito.mockStatic;"},{"lineNumber":5,"author":{"gitId":"tehtea"},"content":"import static org.mockito.Mockito.when;"},{"lineNumber":6,"author":{"gitId":"tehtea"},"content":""},{"lineNumber":7,"author":{"gitId":"tehtea"},"content":"import java.util.ArrayList;"},{"lineNumber":8,"author":{"gitId":"tehtea"},"content":"import java.util.List;"},{"lineNumber":9,"author":{"gitId":"tehtea"},"content":""},{"lineNumber":10,"author":{"gitId":"tehtea"},"content":"import org.junit.jupiter.api.BeforeAll;"},{"lineNumber":11,"author":{"gitId":"tehtea"},"content":"import org.junit.jupiter.api.BeforeEach;"},{"lineNumber":12,"author":{"gitId":"tehtea"},"content":"import org.junit.jupiter.api.Test;"},{"lineNumber":13,"author":{"gitId":"tehtea"},"content":"import org.mockito.MockedStatic;"},{"lineNumber":14,"author":{"gitId":"tehtea"},"content":""},{"lineNumber":15,"author":{"gitId":"tehtea"},"content":"import entity.Canteen;"},{"lineNumber":16,"author":{"gitId":"tehtea"},"content":"import entity.Facility;"},{"lineNumber":17,"author":{"gitId":"tehtea"},"content":"import entity.LectureTheater;"},{"lineNumber":18,"author":{"gitId":"tehtea"},"content":"import entity.Library;"},{"lineNumber":19,"author":{"gitId":"tehtea"},"content":"import entity.Location;"},{"lineNumber":20,"author":{"gitId":"tehtea"},"content":""},{"lineNumber":21,"author":{"gitId":"tehtea"},"content":"class SearchFacilityTest {"},{"lineNumber":22,"author":{"gitId":"tehtea"},"content":"    static loadData fakeDataController;"},{"lineNumber":23,"author":{"gitId":"tehtea"},"content":"    SearchFacility moduleUnderTest;"},{"lineNumber":24,"author":{"gitId":"tehtea"},"content":""},{"lineNumber":25,"author":{"gitId":"tehtea"},"content":"    @BeforeAll"},{"lineNumber":26,"author":{"gitId":"tehtea"},"content":"    public static void initializeDb() {"},{"lineNumber":27,"author":{"gitId":"tehtea"},"content":"        try (MockedStatic\u003cloadData\u003e theMock \u003d mockStatic(loadData.class)) {"},{"lineNumber":28,"author":{"gitId":"tehtea"},"content":"            List\u003cFacility\u003e fakeLibraries \u003d new ArrayList\u003c\u003e();"},{"lineNumber":29,"author":{"gitId":"tehtea"},"content":"            fakeLibraries.add(new Library(69, \"library69\", new Location(6.9, 6.9, \"N4-01-01\")));"},{"lineNumber":30,"author":{"gitId":"tehtea"},"content":"            theMock.when( loadData::getLibraries ).thenReturn( fakeLibraries );"},{"lineNumber":31,"author":{"gitId":"tehtea"},"content":""},{"lineNumber":32,"author":{"gitId":"tehtea"},"content":"            List\u003cFacility\u003e fakeCanteens \u003d new ArrayList\u003c\u003e();"},{"lineNumber":33,"author":{"gitId":"tehtea"},"content":"            fakeCanteens.add(new Canteen(66, \"canteen66\", new Location(6.9, 6.9, \"N4-01-01\")));"},{"lineNumber":34,"author":{"gitId":"tehtea"},"content":"            theMock.when( loadData::getCanteens ).thenReturn( fakeCanteens );"},{"lineNumber":35,"author":{"gitId":"tehtea"},"content":""},{"lineNumber":36,"author":{"gitId":"tehtea"},"content":"            List\u003cFacility\u003e fakeLectureTheaters \u003d new ArrayList\u003c\u003e();"},{"lineNumber":37,"author":{"gitId":"tehtea"},"content":"            fakeLectureTheaters.add(new LectureTheater(88, \"canteen88\", new Location(6.9, 6.9, \"N4-01-01\")));"},{"lineNumber":38,"author":{"gitId":"tehtea"},"content":"            theMock.when( loadData::getLectureTheaters ).thenReturn( fakeLectureTheaters );"},{"lineNumber":39,"author":{"gitId":"tehtea"},"content":"        }"},{"lineNumber":40,"author":{"gitId":"tehtea"},"content":"    }"},{"lineNumber":41,"author":{"gitId":"tehtea"},"content":""},{"lineNumber":42,"author":{"gitId":"tehtea"},"content":"    @BeforeEach"},{"lineNumber":43,"author":{"gitId":"tehtea"},"content":"    public void initializeModuleUnderTest() {"},{"lineNumber":44,"author":{"gitId":"tehtea"},"content":"        moduleUnderTest  \u003d new SearchFacility(fakeDataController);"},{"lineNumber":45,"author":{"gitId":"tehtea"},"content":"    }"},{"lineNumber":46,"author":{"gitId":"tehtea"},"content":""},{"lineNumber":47,"author":{"gitId":"tehtea"},"content":"    @Test"},{"lineNumber":48,"author":{"gitId":"tehtea"},"content":"    public void query_library_69_returns_true() {"},{"lineNumber":49,"author":{"gitId":"tehtea"},"content":"        try (MockedStatic\u003cloadData\u003e theMock \u003d mockStatic(loadData.class)) {"},{"lineNumber":50,"author":{"gitId":"tehtea"},"content":"            List\u003cFacility\u003e fakeLibraries \u003d new ArrayList\u003c\u003e();"},{"lineNumber":51,"author":{"gitId":"tehtea"},"content":"            fakeLibraries.add(new Library(69, \"library69\", new Location(6.9, 6.9, \"N4-01-01\")));"},{"lineNumber":52,"author":{"gitId":"tehtea"},"content":"            theMock.when( loadData::getLibraries ).thenReturn( fakeLibraries );"},{"lineNumber":53,"author":{"gitId":"tehtea"},"content":""},{"lineNumber":54,"author":{"gitId":"tehtea"},"content":"            boolean foundLibrary \u003d moduleUnderTest.query(\"library\", 69);"},{"lineNumber":55,"author":{"gitId":"tehtea"},"content":"            assert (foundLibrary);"},{"lineNumber":56,"author":{"gitId":"tehtea"},"content":"        }"},{"lineNumber":57,"author":{"gitId":"tehtea"},"content":"    }"},{"lineNumber":58,"author":{"gitId":"tehtea"},"content":""},{"lineNumber":59,"author":{"gitId":"tehtea"},"content":"    @Test"},{"lineNumber":60,"author":{"gitId":"tehtea"},"content":"    public void query_canteens_66_returns_true() {"},{"lineNumber":61,"author":{"gitId":"tehtea"},"content":"        try (MockedStatic\u003cloadData\u003e theMock \u003d mockStatic(loadData.class)) {"},{"lineNumber":62,"author":{"gitId":"tehtea"},"content":"            List\u003cFacility\u003e fakeCanteens \u003d new ArrayList\u003c\u003e();"},{"lineNumber":63,"author":{"gitId":"tehtea"},"content":"            fakeCanteens.add(new Canteen(66, \"canteen66\", new Location(6.9, 6.9, \"N4-01-01\")));"},{"lineNumber":64,"author":{"gitId":"tehtea"},"content":"            theMock.when( loadData::getCanteens ).thenReturn( fakeCanteens );"},{"lineNumber":65,"author":{"gitId":"tehtea"},"content":""},{"lineNumber":66,"author":{"gitId":"tehtea"},"content":"            boolean foundLibrary \u003d moduleUnderTest.query(\"canteen\", 66);"},{"lineNumber":67,"author":{"gitId":"tehtea"},"content":"            assert (foundLibrary);"},{"lineNumber":68,"author":{"gitId":"tehtea"},"content":"        }"},{"lineNumber":69,"author":{"gitId":"tehtea"},"content":"    }"},{"lineNumber":70,"author":{"gitId":"tehtea"},"content":""},{"lineNumber":71,"author":{"gitId":"tehtea"},"content":"    @Test"},{"lineNumber":72,"author":{"gitId":"tehtea"},"content":"    public void query_lt_88_returns_true() {"},{"lineNumber":73,"author":{"gitId":"tehtea"},"content":"        try (MockedStatic\u003cloadData\u003e theMock \u003d mockStatic(loadData.class)) {"},{"lineNumber":74,"author":{"gitId":"tehtea"},"content":"            List\u003cFacility\u003e fakeLectureTheaters \u003d new ArrayList\u003c\u003e();"},{"lineNumber":75,"author":{"gitId":"tehtea"},"content":"            fakeLectureTheaters.add(new LectureTheater(88, \"lecturetheater88\", new Location(6.9, 6.9, \"N4-01-01\")));"},{"lineNumber":76,"author":{"gitId":"tehtea"},"content":"            theMock.when( loadData::getLectureTheaters ).thenReturn( fakeLectureTheaters );"},{"lineNumber":77,"author":{"gitId":"tehtea"},"content":""},{"lineNumber":78,"author":{"gitId":"tehtea"},"content":"            boolean foundLibrary \u003d moduleUnderTest.query(\"lecturetheater\", 88);"},{"lineNumber":79,"author":{"gitId":"tehtea"},"content":"            assert (foundLibrary);"},{"lineNumber":80,"author":{"gitId":"tehtea"},"content":"        }"},{"lineNumber":81,"author":{"gitId":"tehtea"},"content":"    }"},{"lineNumber":82,"author":{"gitId":"tehtea"},"content":""},{"lineNumber":83,"author":{"gitId":"tehtea"},"content":"    @Test"},{"lineNumber":84,"author":{"gitId":"tehtea"},"content":"    public void query_nonexistent_lt_returns_false() {"},{"lineNumber":85,"author":{"gitId":"tehtea"},"content":"        try (MockedStatic\u003cloadData\u003e theMock \u003d mockStatic(loadData.class)) {"},{"lineNumber":86,"author":{"gitId":"tehtea"},"content":"            List\u003cFacility\u003e fakeLectureTheaters \u003d new ArrayList\u003c\u003e();"},{"lineNumber":87,"author":{"gitId":"tehtea"},"content":"            fakeLectureTheaters.add(new LectureTheater(88, \"lecture88\", new Location(6.9, 6.9, \"N4-01-01\")));"},{"lineNumber":88,"author":{"gitId":"tehtea"},"content":"            theMock.when( loadData::getLectureTheaters ).thenReturn( fakeLectureTheaters );"},{"lineNumber":89,"author":{"gitId":"tehtea"},"content":""},{"lineNumber":90,"author":{"gitId":"tehtea"},"content":"            boolean foundLibrary \u003d moduleUnderTest.query(\"lecturetheater\", 8888);"},{"lineNumber":91,"author":{"gitId":"tehtea"},"content":"            assert (!foundLibrary);"},{"lineNumber":92,"author":{"gitId":"tehtea"},"content":"        }"},{"lineNumber":93,"author":{"gitId":"tehtea"},"content":"    }"},{"lineNumber":94,"author":{"gitId":"tehtea"},"content":""},{"lineNumber":95,"author":{"gitId":"tehtea"},"content":"    @Test"},{"lineNumber":96,"author":{"gitId":"tehtea"},"content":"    public void query_nonexistent_canteen_returns_false() {"},{"lineNumber":97,"author":{"gitId":"tehtea"},"content":"        try (MockedStatic\u003cloadData\u003e theMock \u003d mockStatic(loadData.class)) {"},{"lineNumber":98,"author":{"gitId":"tehtea"},"content":"            List\u003cFacility\u003e fakeLibraries \u003d new ArrayList\u003c\u003e();"},{"lineNumber":99,"author":{"gitId":"tehtea"},"content":"            fakeLibraries.add(new Library(69, \"library69\", new Location(6.9, 6.9, \"N4-01-01\")));"},{"lineNumber":100,"author":{"gitId":"tehtea"},"content":"            theMock.when( loadData::getLibraries ).thenReturn( fakeLibraries );"},{"lineNumber":101,"author":{"gitId":"tehtea"},"content":""},{"lineNumber":102,"author":{"gitId":"tehtea"},"content":"            boolean foundLibrary \u003d moduleUnderTest.query(\"library\", 6969);"},{"lineNumber":103,"author":{"gitId":"tehtea"},"content":"            assert (!foundLibrary);"},{"lineNumber":104,"author":{"gitId":"tehtea"},"content":"        }"},{"lineNumber":105,"author":{"gitId":"tehtea"},"content":"    }"},{"lineNumber":106,"author":{"gitId":"tehtea"},"content":""},{"lineNumber":107,"author":{"gitId":"tehtea"},"content":"    @Test"},{"lineNumber":108,"author":{"gitId":"tehtea"},"content":"    public void query_nonexistent_library_returns_false() {"},{"lineNumber":109,"author":{"gitId":"tehtea"},"content":"        try (MockedStatic\u003cloadData\u003e theMock \u003d mockStatic(loadData.class)) {"},{"lineNumber":110,"author":{"gitId":"tehtea"},"content":"            List\u003cFacility\u003e fakeLectureTheaters \u003d new ArrayList\u003c\u003e();"},{"lineNumber":111,"author":{"gitId":"tehtea"},"content":"            fakeLectureTheaters.add(new LectureTheater(88, \"lecture88\", new Location(6.9, 6.9, \"N4-01-01\")));"},{"lineNumber":112,"author":{"gitId":"tehtea"},"content":"            theMock.when( loadData::getLectureTheaters ).thenReturn( fakeLectureTheaters );"},{"lineNumber":113,"author":{"gitId":"tehtea"},"content":""},{"lineNumber":114,"author":{"gitId":"tehtea"},"content":"            boolean foundLibrary \u003d moduleUnderTest.query(\"lecturetheater\", 29126);"},{"lineNumber":115,"author":{"gitId":"tehtea"},"content":"            assert (!foundLibrary);"},{"lineNumber":116,"author":{"gitId":"tehtea"},"content":"        }"},{"lineNumber":117,"author":{"gitId":"tehtea"},"content":"    }"},{"lineNumber":118,"author":{"gitId":"tehtea"},"content":""},{"lineNumber":119,"author":{"gitId":"tehtea"},"content":"}"}],"authorContributionMap":{"tehtea":119}},{"path":"src/test/java/seedu/duke/MapTest.java","fileType":"test-code","lines":[{"lineNumber":1,"author":{"gitId":"geezzzyyy"},"content":"package seedu.duke;"},{"lineNumber":2,"author":{"gitId":"geezzzyyy"},"content":""},{"lineNumber":3,"author":{"gitId":"geezzzyyy"},"content":"import control.findNearest;"},{"lineNumber":4,"author":{"gitId":"geezzzyyy"},"content":"import control.loadData;"},{"lineNumber":5,"author":{"gitId":"geezzzyyy"},"content":"import org.junit.jupiter.api.Test;"},{"lineNumber":6,"author":{"gitId":"geezzzyyy"},"content":""},{"lineNumber":7,"author":{"gitId":"geezzzyyy"},"content":"import static org.junit.jupiter.api.Assertions.*;"},{"lineNumber":8,"author":{"gitId":"geezzzyyy"},"content":""},{"lineNumber":9,"author":{"gitId":"geezzzyyy"},"content":"class MapTest {"},{"lineNumber":10,"author":{"gitId":"geezzzyyy"},"content":""},{"lineNumber":11,"author":{"gitId":"geezzzyyy"},"content":""},{"lineNumber":12,"author":{"gitId":"geezzzyyy"},"content":"    @Test"},{"lineNumber":13,"author":{"gitId":"geezzzyyy"},"content":"    void findFacilityByName_validLibrary() throws InvalidCommandException {"},{"lineNumber":14,"author":{"gitId":"geezzzyyy"},"content":"        Map map \u003d new Map();"},{"lineNumber":15,"author":{"gitId":"geezzzyyy"},"content":"        loadData ld \u003d map.getDataController();"},{"lineNumber":16,"author":{"gitId":"geezzzyyy"},"content":"        String outputFacility \u003d findNearest.findFacilityByName(ld, \"library1\").getName();"},{"lineNumber":17,"author":{"gitId":"geezzzyyy"},"content":"        String expectedFacilityFound \u003d \"library1\";"},{"lineNumber":18,"author":{"gitId":"geezzzyyy"},"content":"        assertEquals(expectedFacilityFound, outputFacility);"},{"lineNumber":19,"author":{"gitId":"geezzzyyy"},"content":""},{"lineNumber":20,"author":{"gitId":"geezzzyyy"},"content":"    }"},{"lineNumber":21,"author":{"gitId":"geezzzyyy"},"content":""},{"lineNumber":22,"author":{"gitId":"geezzzyyy"},"content":"    @Test"},{"lineNumber":23,"author":{"gitId":"geezzzyyy"},"content":"    void findFacilityByName_validCanteen() throws InvalidCommandException {"},{"lineNumber":24,"author":{"gitId":"geezzzyyy"},"content":"        Map map \u003d new Map();"},{"lineNumber":25,"author":{"gitId":"geezzzyyy"},"content":"        loadData ld \u003d map.getDataController();"},{"lineNumber":26,"author":{"gitId":"geezzzyyy"},"content":"        String outputFacility \u003d findNearest.findFacilityByName(ld, \"canteen1\").getName();"},{"lineNumber":27,"author":{"gitId":"geezzzyyy"},"content":"        String expectedFacilityFound \u003d \"canteen1\";"},{"lineNumber":28,"author":{"gitId":"geezzzyyy"},"content":"        assertEquals(expectedFacilityFound, outputFacility);"},{"lineNumber":29,"author":{"gitId":"geezzzyyy"},"content":""},{"lineNumber":30,"author":{"gitId":"geezzzyyy"},"content":"    }"},{"lineNumber":31,"author":{"gitId":"geezzzyyy"},"content":""},{"lineNumber":32,"author":{"gitId":"geezzzyyy"},"content":"    @Test"},{"lineNumber":33,"author":{"gitId":"geezzzyyy"},"content":"    void findFacilityByName_validLT() throws InvalidCommandException {"},{"lineNumber":34,"author":{"gitId":"geezzzyyy"},"content":"        Map map \u003d new Map();"},{"lineNumber":35,"author":{"gitId":"geezzzyyy"},"content":"        loadData ld \u003d map.getDataController();"},{"lineNumber":36,"author":{"gitId":"geezzzyyy"},"content":"        String outputFacility \u003d findNearest.findFacilityByName(ld, \"lectureTheater1\").getName();"},{"lineNumber":37,"author":{"gitId":"geezzzyyy"},"content":"        String expectedFacilityFound \u003d \"lectureTheater1\";"},{"lineNumber":38,"author":{"gitId":"geezzzyyy"},"content":"        assertEquals(expectedFacilityFound, outputFacility);"},{"lineNumber":39,"author":{"gitId":"geezzzyyy"},"content":""},{"lineNumber":40,"author":{"gitId":"geezzzyyy"},"content":"    }"},{"lineNumber":41,"author":{"gitId":"geezzzyyy"},"content":"    @Test"},{"lineNumber":42,"author":{"gitId":"geezzzyyy"},"content":"    void findFacilityByName_invalidLT() throws InvalidCommandException {"},{"lineNumber":43,"author":{"gitId":"geezzzyyy"},"content":"        Map map \u003d new Map();"},{"lineNumber":44,"author":{"gitId":"geezzzyyy"},"content":"        loadData ld \u003d map.getDataController();"},{"lineNumber":45,"author":{"gitId":"geezzzyyy"},"content":"        assertThrows(InvalidCommandException.class, () -\u003e {"},{"lineNumber":46,"author":{"gitId":"geezzzyyy"},"content":"            findNearest.findFacilityByName(ld, \"lectureTheater3\");"},{"lineNumber":47,"author":{"gitId":"geezzzyyy"},"content":"        });"},{"lineNumber":48,"author":{"gitId":"geezzzyyy"},"content":""},{"lineNumber":49,"author":{"gitId":"geezzzyyy"},"content":"    }"},{"lineNumber":50,"author":{"gitId":"geezzzyyy"},"content":""},{"lineNumber":51,"author":{"gitId":"geezzzyyy"},"content":"}"}],"authorContributionMap":{"geezzzyyy":51}},{"path":"src/test/java/seedu/duke/ParserTest.java","fileType":"test-code","lines":[{"lineNumber":1,"author":{"gitId":"geezzzyyy"},"content":"package seedu.duke;"},{"lineNumber":2,"author":{"gitId":"geezzzyyy"},"content":""},{"lineNumber":3,"author":{"gitId":"geezzzyyy"},"content":"import org.junit.jupiter.api.Test;"},{"lineNumber":4,"author":{"gitId":"geezzzyyy"},"content":""},{"lineNumber":5,"author":{"gitId":"geezzzyyy"},"content":"import static org.junit.jupiter.api.Assertions.*;"},{"lineNumber":6,"author":{"gitId":"geezzzyyy"},"content":""},{"lineNumber":7,"author":{"gitId":"geezzzyyy"},"content":"class ParserTest {"},{"lineNumber":8,"author":{"gitId":"geezzzyyy"},"content":""},{"lineNumber":9,"author":{"gitId":"geezzzyyy"},"content":"    @Test"},{"lineNumber":10,"author":{"gitId":"geezzzyyy"},"content":"    void getFindFacilityLocation() {"},{"lineNumber":11,"author":{"gitId":"geezzzyyy"},"content":"        Parser parser \u003d new Parser();"},{"lineNumber":12,"author":{"gitId":"geezzzyyy"},"content":"        String userInput \u003d \"findFacility \u003clibrary1\u003e \u003cCANTEEN\u003e \u003c2\u003e\";"},{"lineNumber":13,"author":{"gitId":"geezzzyyy"},"content":"        String expectedOutput \u003d \"library1\";"},{"lineNumber":14,"author":{"gitId":"geezzzyyy"},"content":"        assertEquals(expectedOutput, parser.getFindFacilityLocation(userInput));"},{"lineNumber":15,"author":{"gitId":"geezzzyyy"},"content":"    }"},{"lineNumber":16,"author":{"gitId":"geezzzyyy"},"content":""},{"lineNumber":17,"author":{"gitId":"geezzzyyy"},"content":"    @Test"},{"lineNumber":18,"author":{"gitId":"geezzzyyy"},"content":"    void getFindFacilityType() {"},{"lineNumber":19,"author":{"gitId":"geezzzyyy"},"content":"        Parser parser \u003d new Parser();"},{"lineNumber":20,"author":{"gitId":"geezzzyyy"},"content":"        String userInput \u003d \"findFacility \u003clibrary1\u003e \u003cCANTEEN\u003e \u003c2\u003e\";"},{"lineNumber":21,"author":{"gitId":"geezzzyyy"},"content":"        String expectedOutput \u003d \"CANTEEN\";"},{"lineNumber":22,"author":{"gitId":"geezzzyyy"},"content":"        assertEquals(expectedOutput, parser.getFindFacilityType(userInput));"},{"lineNumber":23,"author":{"gitId":"geezzzyyy"},"content":"    }"},{"lineNumber":24,"author":{"gitId":"geezzzyyy"},"content":""},{"lineNumber":25,"author":{"gitId":"geezzzyyy"},"content":"    @Test"},{"lineNumber":26,"author":{"gitId":"geezzzyyy"},"content":"    void getTopK() {"},{"lineNumber":27,"author":{"gitId":"geezzzyyy"},"content":"        Parser parser \u003d new Parser();"},{"lineNumber":28,"author":{"gitId":"geezzzyyy"},"content":"        String userInput \u003d \"findFacility \u003clibrary1\u003e \u003cCANTEEN\u003e \u003c2\u003e\";"},{"lineNumber":29,"author":{"gitId":"geezzzyyy"},"content":"        assertEquals(2, parser.getTopK(userInput));"},{"lineNumber":30,"author":{"gitId":"geezzzyyy"},"content":"    }"},{"lineNumber":31,"author":{"gitId":"geezzzyyy"},"content":""},{"lineNumber":32,"author":{"gitId":"geezzzyyy"},"content":"    @Test"},{"lineNumber":33,"author":{"gitId":"geezzzyyy"},"content":"    void isFind() {"},{"lineNumber":34,"author":{"gitId":"geezzzyyy"},"content":"        Parser parser \u003d new Parser();"},{"lineNumber":35,"author":{"gitId":"geezzzyyy"},"content":"        String userInput \u003d \"findFacility \u003clibrary1\u003e \u003cCANTEEN\u003e \u003c2\u003e\";"},{"lineNumber":36,"author":{"gitId":"geezzzyyy"},"content":"        assertEquals(true, parser.isFind(userInput));"},{"lineNumber":37,"author":{"gitId":"geezzzyyy"},"content":"    }"},{"lineNumber":38,"author":{"gitId":"geezzzyyy"},"content":"}"}],"authorContributionMap":{"geezzzyyy":38}},{"path":"src/test/java/seedu/duke/loadDataTest.java","fileType":"test-code","lines":[{"lineNumber":1,"author":{"gitId":"zhangyongzhe20"},"content":"package seedu.duke;"},{"lineNumber":2,"author":{"gitId":"zhangyongzhe20"},"content":"import control.FileIsEmptyException;"},{"lineNumber":3,"author":{"gitId":"zhangyongzhe20"},"content":"import control.loadData;"},{"lineNumber":4,"author":{"gitId":"zhangyongzhe20"},"content":""},{"lineNumber":5,"author":{"gitId":"zhangyongzhe20"},"content":"import entity.Canteen;"},{"lineNumber":6,"author":{"gitId":"zhangyongzhe20"},"content":"import entity.Facility;"},{"lineNumber":7,"author":{"gitId":"zhangyongzhe20"},"content":"import org.junit.jupiter.api.Test;"},{"lineNumber":8,"author":{"gitId":"zhangyongzhe20"},"content":"import org.junit.jupiter.api.function.Executable;"},{"lineNumber":9,"author":{"gitId":"zhangyongzhe20"},"content":"import org.junit.jupiter.api.io.TempDir;"},{"lineNumber":10,"author":{"gitId":"zhangyongzhe20"},"content":"import java.nio.file.Path;"},{"lineNumber":11,"author":{"gitId":"zhangyongzhe20"},"content":"import java.util.ArrayList;"},{"lineNumber":12,"author":{"gitId":"zhangyongzhe20"},"content":"import java.util.List;"},{"lineNumber":13,"author":{"gitId":"zhangyongzhe20"},"content":""},{"lineNumber":14,"author":{"gitId":"zhangyongzhe20"},"content":"import static org.junit.jupiter.api.Assertions.assertEquals;"},{"lineNumber":15,"author":{"gitId":"zhangyongzhe20"},"content":"import static org.junit.jupiter.api.Assertions.assertThrows;"},{"lineNumber":16,"author":{"gitId":"zhangyongzhe20"},"content":"public class loadDataTest {"},{"lineNumber":17,"author":{"gitId":"zhangyongzhe20"},"content":"    @TempDir"},{"lineNumber":18,"author":{"gitId":"zhangyongzhe20"},"content":"    public static Path testFolder;"},{"lineNumber":19,"author":{"gitId":"zhangyongzhe20"},"content":"    private static final String TEST_DATA_FOLDER \u003d \"test/storageFileTest\";"},{"lineNumber":20,"author":{"gitId":"zhangyongzhe20"},"content":"    private static final String NON_EXISTANT_FILE_NAME \u003d \"ThisFileDoesNotExist.txt\";"},{"lineNumber":21,"author":{"gitId":"zhangyongzhe20"},"content":""},{"lineNumber":22,"author":{"gitId":"zhangyongzhe20"},"content":"    @Test"},{"lineNumber":23,"author":{"gitId":"zhangyongzhe20"},"content":"    public void constructor_fileIsEmpty_exceptionThrown() throws Exception, FileIsEmptyException {"},{"lineNumber":24,"author":{"gitId":"zhangyongzhe20"},"content":"        loadData ld \u003d new loadData();"},{"lineNumber":25,"author":{"gitId":"zhangyongzhe20"},"content":"        //assertThrows(FileIsEmptyException.class, () -\u003e ld.load());"},{"lineNumber":26,"author":{"gitId":"zhangyongzhe20"},"content":"    }"},{"lineNumber":27,"author":{"gitId":"zhangyongzhe20"},"content":""},{"lineNumber":28,"author":{"gitId":"zhangyongzhe20"},"content":"    @Test"},{"lineNumber":29,"author":{"gitId":"zhangyongzhe20"},"content":"    public void load_validFormat() throws Exception, FileIsEmptyException {"},{"lineNumber":30,"author":{"gitId":"zhangyongzhe20"},"content":"        loadData ld \u003d new loadData();"},{"lineNumber":31,"author":{"gitId":"zhangyongzhe20"},"content":"        ld.load();"},{"lineNumber":32,"author":{"gitId":"zhangyongzhe20"},"content":"        List\u003cFacility\u003e actualAb \u003d ld.getCanteens();"},{"lineNumber":33,"author":{"gitId":"zhangyongzhe20"},"content":"        List\u003cFacility\u003e expectedAb \u003d getTestCanteen();"},{"lineNumber":34,"author":{"gitId":"zhangyongzhe20"},"content":"        assertEquals(actualAb.get(0).toString(), expectedAb.get(0).toString());"},{"lineNumber":35,"author":{"gitId":"zhangyongzhe20"},"content":"    }"},{"lineNumber":36,"author":{"gitId":"zhangyongzhe20"},"content":""},{"lineNumber":37,"author":{"gitId":"zhangyongzhe20"},"content":""},{"lineNumber":38,"author":{"gitId":"zhangyongzhe20"},"content":""},{"lineNumber":39,"author":{"gitId":"zhangyongzhe20"},"content":"    private List\u003cFacility\u003e getTestCanteen() throws Exception {"},{"lineNumber":40,"author":{"gitId":"zhangyongzhe20"},"content":"        Canteen canteen \u003d new Canteen();"},{"lineNumber":41,"author":{"gitId":"zhangyongzhe20"},"content":"        List\u003cFacility\u003e canteens \u003d new ArrayList\u003c\u003e();"},{"lineNumber":42,"author":{"gitId":"zhangyongzhe20"},"content":"        canteen.setFacilityID(\"1\");"},{"lineNumber":43,"author":{"gitId":"zhangyongzhe20"},"content":"        canteen.setName(\"canteen1\");"},{"lineNumber":44,"author":{"gitId":"zhangyongzhe20"},"content":"        canteen.strToFacilityType(\"CANTEEN\");"},{"lineNumber":45,"author":{"gitId":"geezzzyyy"},"content":"        canteen.setLocation(\"5.5\", \"6.6\", \"N4-01-01\");"},{"lineNumber":46,"author":{"gitId":"zhangyongzhe20"},"content":"        canteens.add(canteen);"},{"lineNumber":47,"author":{"gitId":"zhangyongzhe20"},"content":"        return canteens;"},{"lineNumber":48,"author":{"gitId":"zhangyongzhe20"},"content":"    }"},{"lineNumber":49,"author":{"gitId":"zhangyongzhe20"},"content":"}"}],"authorContributionMap":{"geezzzyyy":1,"zhangyongzhe20":48}}]
