{"authorDailyContributionsMap":{"chenling1022":[{"date":"2021-03-10","commitResults":[{"hash":"1699c0493cc0ed4109e730b75d48e83fcbd74ab5","messageTitle":"Boundary classes and error handling for input processing","messageBody":"","fileTypesAndContributionMap":{"functional-code":{"insertions":214,"deletions":21}}}]},{"date":"2021-03-11","commitResults":[{"hash":"c14d8c04f4760947972c3543c9c62aaa2a837d4d","messageTitle":"Modified coding style","messageBody":"","fileTypesAndContributionMap":{"functional-code":{"insertions":72,"deletions":78}}},{"hash":"c85b8734edbea5d1cc6953ba43570f1dd2b24366","messageTitle":"no message","messageBody":"","fileTypesAndContributionMap":{"functional-code":{"insertions":10,"deletions":0}}},{"hash":"41ef670e2bb66ea002bf1b3bd45278269168e921","messageTitle":"no message","messageBody":"","fileTypesAndContributionMap":{"functional-code":{"insertions":4,"deletions":3}}}]},{"date":"2021-03-12","commitResults":[{"hash":"1fff0d839d40a92b5c7056591f74fbfab62750c8","messageTitle":"no message","messageBody":"","fileTypesAndContributionMap":{"functional-code":{"insertions":1,"deletions":1}}}]},{"date":"2021-03-17","commitResults":[{"hash":"5d5e2eff2469fac02fc5dba6c8628c02a265ee8d","messageTitle":"resolved conflit","messageBody":"","fileTypesAndContributionMap":{"functional-code":{"insertions":0,"deletions":2}}}]},{"date":"2021-03-26","commitResults":[{"hash":"4f4706515cd8a9c83a4fb0320b16df1ba6ea33f1","messageTitle":"update developer guide","messageBody":"","fileTypesAndContributionMap":{"docs":{"insertions":8,"deletions":1}}},{"hash":"07fd3eaac2fcce21317d297228427b305e5146da","messageTitle":"no message","messageBody":"","fileTypesAndContributionMap":{"functional-code":{"insertions":5,"deletions":3}}}]},{"date":"2021-03-31","commitResults":[{"hash":"dd7baabfbec06a1f52292133a0b3dbc22f130bfa","messageTitle":"no message","messageBody":"","fileTypesAndContributionMap":{"functional-code":{"insertions":4,"deletions":0},"test-code":{"insertions":3,"deletions":0}}},{"hash":"aaae5eb05e42f92277e0a6786385b9efed3fd9b8","messageTitle":"no message","messageBody":"","fileTypesAndContributionMap":{"functional-code":{"insertions":1,"deletions":3},"test-code":{"insertions":1,"deletions":3}}},{"hash":"36de01c1ac7c396d5ece89d4a7ffaddde98b3a28","messageTitle":"Update DeveloperGuide.md","messageBody":"","fileTypesAndContributionMap":{"docs":{"insertions":8,"deletions":9}}},{"hash":"fefd1fb0fd2ca30675a4a3168ef2dc203b79015d","messageTitle":"Update DeveloperGuide.md","messageBody":"","fileTypesAndContributionMap":{"docs":{"insertions":1,"deletions":1}}},{"hash":"4ae7733ce49c5a49e0ba135cfc439913e807a277","messageTitle":"Update DeveloperGuide.md","messageBody":"","fileTypesAndContributionMap":{"docs":{"insertions":1,"deletions":1}}},{"hash":"28d8689bb7079b6c362b2ebd2fc14828a8a5aa96","messageTitle":"Update DeveloperGuide.md","messageBody":"","fileTypesAndContributionMap":{"docs":{"insertions":1,"deletions":1}}},{"hash":"9473aef5e591fe653e8f3b56e9e0c6de91f30d0a","messageTitle":"Update DeveloperGuide.md","messageBody":"","fileTypesAndContributionMap":{"docs":{"insertions":1,"deletions":1}}},{"hash":"18462907e15f9906df614c984943fd2b12640326","messageTitle":"Update DeveloperGuide.md","messageBody":"","fileTypesAndContributionMap":{"docs":{"insertions":10,"deletions":2}}},{"hash":"2f3f8a47b0ff03d404a7c2bdb441de40a2fc788a","messageTitle":"Update UserGuide.md","messageBody":"","fileTypesAndContributionMap":{"docs":{"insertions":6,"deletions":12}}},{"hash":"e8a826fa20fe1d65c39ddac33b7d1a60efa6d56b","messageTitle":"Update UserGuide.md","messageBody":"","fileTypesAndContributionMap":{"docs":{"insertions":26,"deletions":6}}},{"hash":"48a39b9a985da2cbf86e27f67fabe6eb8affdb9e","messageTitle":"Update UserGuide.md","messageBody":"","fileTypesAndContributionMap":{"docs":{"insertions":4,"deletions":9}}},{"hash":"acc973ae5972162545b7b5bab220fc187d68cb20","messageTitle":"Update UserGuide.md","messageBody":"","fileTypesAndContributionMap":{"docs":{"insertions":4,"deletions":2}}},{"hash":"5f805a5109e8dc931fe9ae9545f42059d7239c8f","messageTitle":"Update README.md","messageBody":"","fileTypesAndContributionMap":{"docs":{"insertions":2,"deletions":2}}}]}],"geezzzyyy":[{"date":"2021-03-16","commitResults":[{"hash":"4a9450379ab2fb053aca05fe91a6a5b2ab0b93a1","messageTitle":"add address to Location","messageBody":"","fileTypesAndContributionMap":{"functional-code":{"insertions":6,"deletions":4},"test-code":{"insertions":1,"deletions":1}}},{"hash":"3fa7577f264af45bb1ce5d603a52b0d941a43427","messageTitle":"add find nearest feature","messageBody":"","fileTypesAndContributionMap":{"functional-code":{"insertions":80,"deletions":6}}},{"hash":"a06c4b8aa866a079e2435a2c28d4a34994c8bf4e","messageTitle":"adjust to new data loading","messageBody":"","fileTypesAndContributionMap":{"functional-code":{"insertions":35,"deletions":41}}},{"hash":"80bebadf163164740ae0bc2e30df943d70ccd2c3","messageTitle":"fix bugs","messageBody":"","fileTypesAndContributionMap":{"functional-code":{"insertions":0,"deletions":2}}}]},{"date":"2021-03-17","commitResults":[{"hash":"432edfddaeedc63e1c486b8aca40c9b1554a2cd3","messageTitle":"fix bug for findFacilityByName \u0026 add tests","messageBody":"","fileTypesAndContributionMap":{"functional-code":{"insertions":9,"deletions":8},"test-code":{"insertions":88,"deletions":0}}},{"hash":"1dcfbba32b8b40fbd83d158f3ed95af3eb41a5df","messageTitle":"improve OOP feature","messageBody":"","fileTypesAndContributionMap":{"functional-code":{"insertions":69,"deletions":59},"test-code":{"insertions":5,"deletions":4}}}]},{"date":"2021-03-30","commitResults":[{"hash":"fb9604457b01a730a9c54db90ed094fed3b4b9d9","messageTitle":"add test cases","messageBody":"","fileTypesAndContributionMap":{"test-code":{"insertions":4,"deletions":0}}},{"hash":"aecf92d09ce61352337aecaaec47ec53aa6401bd","messageTitle":"add test cases for findNearest","messageBody":"","fileTypesAndContributionMap":{"functional-code":{"insertions":29,"deletions":16},"test-code":{"insertions":126,"deletions":1}}},{"hash":"fa973db1776967deac0e0027ded63e1f7558229f","messageTitle":"update mapTest with findNearest command","messageBody":"","fileTypesAndContributionMap":{"test-code":{"insertions":52,"deletions":19}}}]},{"date":"2021-03-31","commitResults":[{"hash":"4dc153c739e645b877e77bdcbf14eab5f12e9c9e","messageTitle":"add sequence diagram","messageBody":"","fileTypesAndContributionMap":{"functional-code":{"insertions":7,"deletions":6},"docs":{"insertions":1,"deletions":1},"test-code":{"insertions":8,"deletions":8}}},{"hash":"55342911a8c56bc90e26c7c7b6d86ef5ae7c83ea","messageTitle":"redisplay image","messageBody":"","fileTypesAndContributionMap":{"docs":{"insertions":1,"deletions":1}}},{"hash":"0d1fa8b32ad698ffffdd320063598d61469be8e1","messageTitle":"add image title","messageBody":"","fileTypesAndContributionMap":{"docs":{"insertions":1,"deletions":0}}}]}],"cswbibibi":[{"date":"2021-03-16","commitResults":[{"hash":"6bb086e5cf9f0329b502aed61e13f8df8cf27203","messageTitle":"Feature listAllLocations","messageBody":"","fileTypesAndContributionMap":{"functional-code":{"insertions":75,"deletions":24}}},{"hash":"d89a0e7348c1f65d22e838b57b734f2202711aeb","messageTitle":"Delete all facilityType","messageBody":"","fileTypesAndContributionMap":{"functional-code":{"insertions":7,"deletions":24}}}]},{"date":"2021-03-17","commitResults":[{"hash":"c4fa90a63a5f3aa87f458d08be85389c0a58e131","messageTitle":"Recover the deleted facilityType","messageBody":"","fileTypesAndContributionMap":{"functional-code":{"insertions":105,"deletions":15}}},{"hash":"32f54e3f6faee6a58075323cf6bcf711374521c6","messageTitle":"resolve conflicts","messageBody":"","fileTypesAndContributionMap":{"functional-code":{"insertions":0,"deletions":11}}}]},{"date":"2021-03-21","commitResults":[{"hash":"61b5b911e0318b247969c1bd86571c91ab55c1df","messageTitle":"enable Assertion in the gradle file","messageBody":"","fileTypesAndContributionMap":{"other":{"insertions":4,"deletions":0}}},{"hash":"afc4d97bcf72bcf82441ebd12262c7ad78aedc22","messageTitle":"V2.0 User input enhancement","messageBody":"","fileTypesAndContributionMap":{"functional-code":{"insertions":3,"deletions":5}}}]},{"date":"2021-03-26","commitResults":[{"hash":"ccef1b78b6e4163fde590fc1e048c56e11a4100a","messageTitle":"Add a test class","messageBody":"","fileTypesAndContributionMap":{"functional-code":{"insertions":6,"deletions":1},"test-code":{"insertions":65,"deletions":0}}},{"hash":"717ba70e5871e070b9ae112c084e465d19717669","messageTitle":"v2.0","messageBody":"","fileTypesAndContributionMap":{"test-code":{"insertions":1,"deletions":0}}}]},{"date":"2021-03-30","commitResults":[{"hash":"f98874ca8d70ca8de79ac8ff70c19f97ca04d0b0","messageTitle":"Update UserGuide.md","messageBody":"","fileTypesAndContributionMap":{"docs":{"insertions":22,"deletions":13}}},{"hash":"0349abb42eb35521938ae478d0a8cfc023903fd5","messageTitle":"Update DeveloperGuide.md","messageBody":"","fileTypesAndContributionMap":{"docs":{"insertions":2,"deletions":1}}},{"hash":"d4912d70c864a62c5ee53ae37ec45f97bd5096ec","messageTitle":"Update DeveloperGuide.md","messageBody":"","fileTypesAndContributionMap":{"docs":{"insertions":1,"deletions":1}}},{"hash":"fb9194c9c82692b163f4ffff0da30316f7f95208","messageTitle":"Update DeveloperGuide.md","messageBody":"","fileTypesAndContributionMap":{"docs":{"insertions":1,"deletions":1}}},{"hash":"356bc121844fba9997316695097bcf7352451866","messageTitle":"Update DeveloperGuide.md","messageBody":"","fileTypesAndContributionMap":{"docs":{"insertions":1,"deletions":1}}},{"hash":"7a1f607566bc138df82cac3d185b720d3e4576d7","messageTitle":"Update DeveloperGuide.md","messageBody":"","fileTypesAndContributionMap":{"docs":{"insertions":2,"deletions":0}}},{"hash":"a0f4dcc8b2a6643874dc4726419c2e5642d3ca66","messageTitle":"Update DeveloperGuide.md","messageBody":"","fileTypesAndContributionMap":{"docs":{"insertions":1,"deletions":1}}},{"hash":"598b2c4256d559a4b5fb6edb4f78b70ef91247df","messageTitle":"Update DeveloperGuide.md","messageBody":"","fileTypesAndContributionMap":{"docs":{"insertions":2,"deletions":2}}},{"hash":"924b7a59ef3667579add02fef9bf1d2affe11dee","messageTitle":"Debug for failling test cases","messageBody":"","fileTypesAndContributionMap":{"functional-code":{"insertions":10,"deletions":4},"test-code":{"insertions":14,"deletions":18}}}]},{"date":"2021-03-31","commitResults":[{"hash":"d54f2463d6c552dc0343225b48172acbb4b1331c","messageTitle":"Update UserGuide.md","messageBody":"","fileTypesAndContributionMap":{"docs":{"insertions":3,"deletions":2}}}]},{"date":"2021-04-06","commitResults":[{"hash":"6176d7ca8e0af232722f3271509061a9aca43691","messageTitle":"Update DeveloperGuide.md","messageBody":"","fileTypesAndContributionMap":{"docs":{"insertions":1,"deletions":1}}},{"hash":"bacb5f6c53d8c6a9fc3e3d2d33fbdea3ecf9215d","messageTitle":"Update UserGuide.md","messageBody":"","fileTypesAndContributionMap":{"docs":{"insertions":6,"deletions":6}}},{"hash":"0d3276c44fa935115404aa2cd29c4b3601f07c50","messageTitle":"update code to make listAllLocation more case insentive","messageBody":"","fileTypesAndContributionMap":{"functional-code":{"insertions":27,"deletions":33}}}]}],"tehtea":[{"date":"2021-03-16","commitResults":[{"hash":"6ba876fcec825b639d3adefa0b0d16965bc796b7","messageTitle":"Revert \"Update Duke.java\"","messageBody":"This reverts commit 207fae82b12b7809759350bbd24d1534712ab02f.\n","fileTypesAndContributionMap":{"functional-code":{"insertions":1,"deletions":1}}},{"hash":"d2164846c2d56feb5a1945b91bc3d79f3f13def0","messageTitle":"Patch data loading manager so that data loading is called by constructor","messageBody":"","fileTypesAndContributionMap":{"functional-code":{"insertions":32,"deletions":18}}},{"hash":"e19f5f7c0792434be7654d7cccb95ce14c5772f2","messageTitle":"WIP on search facility; add mockito into project","messageBody":"","fileTypesAndContributionMap":{"functional-code":{"insertions":73,"deletions":0},"other":{"insertions":11,"deletions":0},"test-code":{"insertions":24,"deletions":0}}}]},{"date":"2021-03-17","commitResults":[{"hash":"73a26553e8fc1a5800aa866ac55cbba4514ce851","messageTitle":"Finish implementing facility search, add test case","messageBody":"","fileTypesAndContributionMap":{"functional-code":{"insertions":13,"deletions":9},"test-code":{"insertions":83,"deletions":24}}},{"hash":"467489966bc39f793e426939aebb08d7fecfb34d","messageTitle":"Fix compilation issues with search facility tests","messageBody":"","fileTypesAndContributionMap":{"functional-code":{"insertions":15,"deletions":3},"other":{"insertions":6,"deletions":0},"test-code":{"insertions":63,"deletions":27}}},{"hash":"d3929c574d1ff2134e80f364e839fc1d8d988074","messageTitle":"Delete Duke.java","messageBody":"","fileTypesAndContributionMap":{"functional-code":{"insertions":0,"deletions":23}}}]},{"date":"2021-03-29","commitResults":[{"hash":"4705ca86a48b89b5314f0525ecf64000c8f51ccc","messageTitle":"Slight refactor: update Map interaction loop and move exceptions to correct places","messageBody":"","fileTypesAndContributionMap":{"functional-code":{"insertions":37,"deletions":18},"other":{"insertions":1,"deletions":1}}},{"hash":"c95d64c7b6d2b1381d3520d68ca3ae44bdeccb1a","messageTitle":"Revert \"Slight refactor: update Map interaction loop and move exceptions to c…\"","messageBody":"","fileTypesAndContributionMap":{"functional-code":{"insertions":18,"deletions":37},"other":{"insertions":1,"deletions":1}}}]},{"date":"2021-03-30","commitResults":[{"hash":"7038295b293f574ae58fc58d5c53a82b53229c1f","messageTitle":"remove assertion","messageBody":"","fileTypesAndContributionMap":{"functional-code":{"insertions":0,"deletions":1}}},{"hash":"04023712541f51a88be0855fb9222e83f1fa884c","messageTitle":"Move Class Diagram out of zip file","messageBody":"","fileTypesAndContributionMap":{"docs":{"insertions":1,"deletions":1}}},{"hash":"5e3710c02a7558248b818e29dc9ba28977020bb5","messageTitle":"Add search all facilities in building functionality","messageBody":"","fileTypesAndContributionMap":{"functional-code":{"insertions":97,"deletions":27},"test-code":{"insertions":62,"deletions":12}}},{"hash":"589f83782f684910ca36e2d3bcc5708121f8ffdf","messageTitle":"Resolve merge conflicts","messageBody":"","fileTypesAndContributionMap":{"functional-code":{"insertions":3,"deletions":2},"test-code":{"insertions":18,"deletions":16}}}]}],"zhangyongzhe20":[{"date":"2021-03-09","commitResults":[{"hash":"207fae82b12b7809759350bbd24d1534712ab02f","messageTitle":"Update Duke.java","messageBody":"","fileTypesAndContributionMap":{"functional-code":{"insertions":1,"deletions":1}}}]},{"date":"2021-03-12","commitResults":[{"hash":"2574b6ed9c6c3d8c17977bcd10761a65c3fa1fa6","messageTitle":"Entity classes","messageBody":"","fileTypesAndContributionMap":{"functional-code":{"insertions":140,"deletions":0}}},{"hash":"6407c44039d86bed4ca63683b8143dad8c244aae","messageTitle":"Create loadData.java","messageBody":"","fileTypesAndContributionMap":{"functional-code":{"insertions":80,"deletions":0}}},{"hash":"a2459ffae50c2266661d513f2e050d835f3e404a","messageTitle":"Update build.gradle","messageBody":"","fileTypesAndContributionMap":{"other":{"insertions":4,"deletions":2}}},{"hash":"8d9d7774eb8891e7fc6300a5093e68f40adbfbe7","messageTitle":"Unit Test of data storage","messageBody":"","fileTypesAndContributionMap":{"functional-code":{"insertions":7,"deletions":0},"test-code":{"insertions":49,"deletions":0}}},{"hash":"765ff0bc7fe68b8564fb22d66befd0b6915e6650","messageTitle":"load data","messageBody":"","fileTypesAndContributionMap":{"functional-code":{"insertions":22,"deletions":8}}}]},{"date":"2021-03-25","commitResults":[{"hash":"57e2ba945e8cc5309a3815114d68a718be5ccd25","messageTitle":"Ensure the code RepoSense-compatible","messageBody":"","fileTypesAndContributionMap":{"functional-code":{"insertions":7,"deletions":1},"other":{"insertions":2,"deletions":1},"test-code":{"insertions":8,"deletions":7}}},{"hash":"722bb9c7e54b5443a08f06b1ba5817f9c2b936cb","messageTitle":"Update DeveloperGuide.md","messageBody":"","fileTypesAndContributionMap":{"docs":{"insertions":37,"deletions":6}}}]},{"date":"2021-03-30","commitResults":[{"hash":"90d8d021ebc3895d46779c74d26766e304de877a","messageTitle":"UPDATE TEST","messageBody":"","fileTypesAndContributionMap":{"test-code":{"insertions":3,"deletions":3}}}]},{"date":"2021-04-01","commitResults":[{"hash":"3901b034da46c0565444fffaf0d7fc2eeabeeb2e","messageTitle":"Sequence Diagram of loading data","messageBody":"","fileTypesAndContributionMap":{"functional-code":{"insertions":19,"deletions":25},"other":{"insertions":2,"deletions":2},"docs":{"insertions":38,"deletions":5},"test-code":{"insertions":24,"deletions":24}}},{"hash":"5c6c6de1fb1545268c14a0624daefcf9fbfd903b","messageTitle":"Update DeveloperGuide.md","messageBody":"","fileTypesAndContributionMap":{"docs":{"insertions":3,"deletions":3}}},{"hash":"580a148a7fe4b78fae949da8798b65f11aadf359","messageTitle":"Update DeveloperGuide.md","messageBody":"","fileTypesAndContributionMap":{"docs":{"insertions":1,"deletions":1}}}]},{"date":"2021-04-03","commitResults":[{"hash":"76daa70c197c692f493a239eb3b2f200a9f2e958","messageTitle":"[load data] update for reported bugs","messageBody":"","fileTypesAndContributionMap":{"docs":{"insertions":7,"deletions":0}}}]},{"date":"2021-04-06","commitResults":[{"hash":"9317c3ff61cdd1c733f1ec502f964c2d343ef830","messageTitle":"[fix] load data without external txt","messageBody":"","fileTypesAndContributionMap":{"functional-code":{"insertions":70,"deletions":53},"other":{"insertions":2,"deletions":2}}},{"hash":"9f49da3790bb085852bfe369df5d33f1dc1911cd","messageTitle":"Update DeveloperGuide.md","messageBody":"","fileTypesAndContributionMap":{"docs":{"insertions":5,"deletions":1}}}]},{"date":"2021-04-08","commitResults":[{"hash":"ded1d80fc9f1081ee8f91fdcc996ca38bfa9379d","messageTitle":"Modified the icon in PlantUML","messageBody":"","fileTypesAndContributionMap":{"docs":{"insertions":6,"deletions":2}}},{"hash":"d5c333dc01c3ad10203bc01a0ebb03a34510f8db","messageTitle":"[Feature] Logging","messageBody":"","fileTypesAndContributionMap":{"functional-code":{"insertions":41,"deletions":4},"docs":{"insertions":4,"deletions":0}}},{"hash":"17c459523b0465827024bbc86a1a50eaa234f30f","messageTitle":"Update UserGuide.md","messageBody":"","fileTypesAndContributionMap":{"docs":{"insertions":7,"deletions":1}}}]}]},"authorFileTypeContributionMap":{"chenling1022":{"docs":40,"functional-code":183,"test-code":4},"geezzzyyy":{"docs":0,"functional-code":80,"test-code":235},"cswbibibi":{"docs":25,"functional-code":47,"test-code":61,"other":4},"tehtea":{"docs":0,"functional-code":161,"test-code":164,"other":17},"zhangyongzhe20":{"docs":91,"functional-code":364,"test-code":71,"other":6}},"authorContributionVariance":{"chenling1022":2584.4556,"geezzzyyy":3935.571,"cswbibibi":1337.8253,"tehtea":4273.4053,"zhangyongzhe20":3715.1118},"authorDisplayNameMap":{"chenling1022":"CS2113-T10-2 CUI ..LING","geezzzyyy":"CS2113-T10-2 GE Z..OYAN","cswbibibi":"CS2113-T10-2 CAO ..UWEN","tehtea":"CS2113-T10-2 CHEW.. WEI","zhangyongzhe20":"CS2113-T10-2 ZHAN..GZHE"}}
