{"authorDailyContributionsMap":{"KimIdeas8":[{"date":"2021-03-14","commitResults":[{"hash":"ae723b3fc6b8230f87c2789bf4e85c63e1b7b492","messageTitle":"- Added Class for Parsing Commands related to adding, deleting and listing notes - Added NotesManager Class to execute add,delete and list notes using Parsing Commands Class - Added JUnits Tests for NotesManager Class - Minor edits on main loop (in commandManager \u0026 inputManager): to accomodate to extra filtering for extra parameters in add,delete and list notes command","messageBody":"","fileTypesAndContributionMap":{"functional-code":{"insertions":339,"deletions":4},"test-code":{"insertions":93,"deletions":1}}},{"hash":"0e41686d15c741d5e36580995c5955a23d2f7934","messageTitle":"fixed the package name format","messageBody":"","fileTypesAndContributionMap":{"other":{"insertions":0,"deletions":0}}},{"hash":"4a0dd77da4d5f24ad0a616d02ed153b289e41e0c","messageTitle":"fixed package naming - checkstyle","messageBody":"","fileTypesAndContributionMap":{"functional-code":{"insertions":8,"deletions":8},"test-code":{"insertions":1,"deletions":1}}},{"hash":"4ffc98c5485320fdf49df90ea6a009e8960899b0","messageTitle":"fixed import seedu.duke.notecommandexceptions.* - checkstyle","messageBody":"","fileTypesAndContributionMap":{"functional-code":{"insertions":6,"deletions":1}}},{"hash":"84af3a5fcaeba0ed76f78f8b60539252dd218830","messageTitle":"fixed checkstyle issues","messageBody":"","fileTypesAndContributionMap":{"functional-code":{"insertions":24,"deletions":15}}},{"hash":"903e3634a54711a2c17e73bec4b8e704a77b06e2","messageTitle":"fixed checkstyle","messageBody":"","fileTypesAndContributionMap":{"functional-code":{"insertions":1,"deletions":1}}},{"hash":"622421d2da09c14928d5ddf5ae3ecd4514a1b259","messageTitle":"fixed checkstyle","messageBody":"","fileTypesAndContributionMap":{"test-code":{"insertions":17,"deletions":7}}},{"hash":"1e24ccc13a91ec1e2b3b98b8167bc5721bf27c6c","messageTitle":"fixed checkstyle","messageBody":"","fileTypesAndContributionMap":{"test-code":{"insertions":4,"deletions":3}}},{"hash":"d9ce81fab194359a8f9a31d8f880ccc794d4bc06","messageTitle":"checkstyle","messageBody":"","fileTypesAndContributionMap":{"functional-code":{"insertions":12,"deletions":0},"test-code":{"insertions":1,"deletions":1}}},{"hash":"6d440a300eb2f45e3c25b92604049c53d8df6c10","messageTitle":"checkstyle","messageBody":"","fileTypesAndContributionMap":{"test-code":{"insertions":2,"deletions":2}}},{"hash":"923e6f58494187868a1df2fb32f6d67dd9fd3697","messageTitle":"build gradle","messageBody":"","fileTypesAndContributionMap":{"other":{"insertions":4,"deletions":0}}}]},{"date":"2021-03-18","commitResults":[{"hash":"5e92e2795085a572b630952c7b45386ab189bfc1","messageTitle":"add newline for build.gradle","messageBody":"","fileTypesAndContributionMap":{"other":{"insertions":1,"deletions":1}}},{"hash":"75a9de1f709b490c3f7b9ce9fab2e6a68008132e","messageTitle":"update build.gradle file - fix assertions","messageBody":"","fileTypesAndContributionMap":{"other":{"insertions":2,"deletions":1}}},{"hash":"a78174da019b7c50b286c7c0bdb48c3cdde24db9","messageTitle":"build.gradle file - fix assertions","messageBody":"","fileTypesAndContributionMap":{"other":{"insertions":1,"deletions":5}}}]},{"date":"2021-03-23","commitResults":[{"hash":"46f7c6a56ff49fd57ee05fe9ea64eb1b66f65103","messageTitle":"Update DG - v2.0 Save Feature :))","messageBody":"","fileTypesAndContributionMap":{"docs":{"insertions":48,"deletions":1}}}]},{"date":"2021-03-24","commitResults":[{"hash":"d367a3cf79a9785c8a90a5f2abed29112c3890ac","messageTitle":"add storage class for \u0027save\u0027 feature","messageBody":"","fileTypesAndContributionMap":{"functional-code":{"insertions":2,"deletions":0}}},{"hash":"82f93a7c4eb985c6e2c0905b40445a1b708937e9","messageTitle":"storage class","messageBody":"","fileTypesAndContributionMap":{"functional-code":{"insertions":4,"deletions":1}}}]},{"date":"2021-03-25","commitResults":[{"hash":"f3998fb03bc9ee775223bc431a480c383b59b59d","messageTitle":"1. Add \u0027NotesException\u0027 and make other notes exception extend that class 2. Incorporate \u0027NotesManager\u0027 class into \u0027Block\u0027 class [put add,delete and listnotes()] 3. Put parse+action() into each command class","messageBody":"","fileTypesAndContributionMap":{"functional-code":{"insertions":205,"deletions":59}}},{"hash":"50f22882afffab4b823d0a396b63a8563212c5a9","messageTitle":"Extract out NotesManager Class into Block Class","messageBody":"","fileTypesAndContributionMap":{"functional-code":{"insertions":50,"deletions":226}}},{"hash":"4d6402f9bb71d217afc297ec6e26fd2844b48928","messageTitle":"Fixed Checkstyle - notesmanager","messageBody":"","fileTypesAndContributionMap":{"functional-code":{"insertions":40,"deletions":33}}},{"hash":"157f21a4949a620799a66d05c09dde36abdc6c41","messageTitle":"Fixed Checkstyle - notesmanager","messageBody":"","fileTypesAndContributionMap":{"functional-code":{"insertions":1,"deletions":0}}},{"hash":"f98b9a6720d79e464a9b83be54e356e5d01e1049","messageTitle":"edited Junit tests","messageBody":"","fileTypesAndContributionMap":{"other":{"insertions":48,"deletions":14}}},{"hash":"678396c9583bdae8521ec12c38339b61bcf26293","messageTitle":"Storage Class (Parent) + NotesStorageClass + FavLocationsClass (children)","messageBody":"","fileTypesAndContributionMap":{"functional-code":{"insertions":281,"deletions":56},"test-code":{"insertions":3,"deletions":3}}},{"hash":"3ad2ad0a0287a2a45709812dc1d538efa3ffbe0e","messageTitle":"Fixed Checkstyle","messageBody":"","fileTypesAndContributionMap":{"functional-code":{"insertions":1,"deletions":0}}}]},{"date":"2021-03-27","commitResults":[{"hash":"08c2d0f96c52bdecdfb523dba62a76249aa2ff69","messageTitle":"changes to DG","messageBody":"","fileTypesAndContributionMap":{"docs":{"insertions":84,"deletions":27}}},{"hash":"98862cd1654b904407cc15838b4ab3527627641a","messageTitle":"changes to DG","messageBody":"","fileTypesAndContributionMap":{"docs":{"insertions":12,"deletions":12}}},{"hash":"dc8230f8c2244fbfc5c680f47692894f6af3576e","messageTitle":"changes to DG","messageBody":"","fileTypesAndContributionMap":{"docs":{"insertions":10,"deletions":8}}},{"hash":"d517cf5e7132e3c6476113558ef32eaf933ddc3f","messageTitle":"save changes to DG","messageBody":"","fileTypesAndContributionMap":{"docs":{"insertions":20,"deletions":20}}},{"hash":"3441b6fa4aa9be6e7e38b2e0c064edc42960efbf","messageTitle":"save changes to DG","messageBody":"","fileTypesAndContributionMap":{"docs":{"insertions":4,"deletions":4}}},{"hash":"367f60df43082717f05c854f6fe7964d096a0f79","messageTitle":"save changes to DG","messageBody":"","fileTypesAndContributionMap":{"docs":{"insertions":1,"deletions":1}}},{"hash":"3c2e5b8bc38142bc28f42468cf17d6ac5ea2e922","messageTitle":"added assertions for NotesCommandParser Class","messageBody":"","fileTypesAndContributionMap":{"functional-code":{"insertions":10,"deletions":7}}}]},{"date":"2021-03-31","commitResults":[{"hash":"f0306ef2c184bce91d4566b439581666b05f953f","messageTitle":"changes to UG - notes section","messageBody":"","fileTypesAndContributionMap":{"functional-code":{"insertions":2,"deletions":2},"docs":{"insertions":49,"deletions":50}}},{"hash":"86ce92915d2ef5f14d50921cc711634ca25167aa","messageTitle":"changes to parsertest","messageBody":"","fileTypesAndContributionMap":{"test-code":{"insertions":1,"deletions":1}}},{"hash":"27f2edcaf50d9a9fa0740f51e8047a497e3fb8e3","messageTitle":"changes to UG","messageBody":"","fileTypesAndContributionMap":{"docs":{"insertions":1,"deletions":1}}},{"hash":"2290f2d6141cc53a3d55acb37eba148dfa04d01e","messageTitle":"UG changes","messageBody":"","fileTypesAndContributionMap":{"docs":{"insertions":2,"deletions":2}}},{"hash":"bb3b17838ac9fd4407fe8d2d42d388d2dba1b57b","messageTitle":"Changes to DG - Storage Feature under \u0027Implementation\u0027","messageBody":"","fileTypesAndContributionMap":{"docs":{"insertions":91,"deletions":1}}},{"hash":"39770108c475d8e1caaef43a8822686d397f9fa5","messageTitle":"commit UG changes","messageBody":"","fileTypesAndContributionMap":{"functional-code":{"insertions":4,"deletions":4},"other":{"insertions":2,"deletions":2},"docs":{"insertions":6,"deletions":6},"test-code":{"insertions":2,"deletions":2}}},{"hash":"4ff1b2b12a6d1aad6df3bc0c2f850cba29f08023","messageTitle":"no message","messageBody":"","fileTypesAndContributionMap":{"test-code":{"insertions":1,"deletions":1}}}]},{"date":"2021-04-01","commitResults":[{"hash":"7e5afd041ae4e31194a495011ddc65de9b6ae18a","messageTitle":"UG","messageBody":"","fileTypesAndContributionMap":{"functional-code":{"insertions":2,"deletions":0},"docs":{"insertions":2,"deletions":2}}},{"hash":"d9cc762d668b3febc299120da593431f1db4edae","messageTitle":"ug","messageBody":"","fileTypesAndContributionMap":{"functional-code":{"insertions":1,"deletions":1}}},{"hash":"6f5270ad38a32f8010296024e453f81f8979b93c","messageTitle":"no message","messageBody":"","fileTypesAndContributionMap":{"docs":{"insertions":2,"deletions":2}}},{"hash":"5df9e119f073dfd4829c335a50541a6a13274bc4","messageTitle":"no message","messageBody":"","fileTypesAndContributionMap":{"functional-code":{"insertions":1,"deletions":0},"test-code":{"insertions":77,"deletions":0}}},{"hash":"16d624513291c38555792e5bf80cc5a544a88446","messageTitle":"no message","messageBody":"","fileTypesAndContributionMap":{"test-code":{"insertions":3,"deletions":2}}},{"hash":"967d1fcf99dcc6a7a1d238f1e1b6a4d8abe4bbe0","messageTitle":"no message","messageBody":"","fileTypesAndContributionMap":{"test-code":{"insertions":1,"deletions":1}}}]},{"date":"2021-04-02","commitResults":[{"hash":"837475be89566a6120b1fd8760fbd422f975ef02","messageTitle":"Added Junits","messageBody":"","fileTypesAndContributionMap":{"functional-code":{"insertions":1,"deletions":1},"test-code":{"insertions":53,"deletions":42}}},{"hash":"5d4661966d49c9c04cd3b203aa8adcacb37a506c","messageTitle":"Added JUnit Tests for \u0027NotesTest\u0027","messageBody":"","fileTypesAndContributionMap":{"functional-code":{"insertions":10,"deletions":10},"test-code":{"insertions":59,"deletions":15}}},{"hash":"764527b277a1804f71b868421db2aaac8f8fbb7f","messageTitle":"JUnit Tests: \u0027Note Tests\u0027","messageBody":"","fileTypesAndContributionMap":{"functional-code":{"insertions":4,"deletions":0},"test-code":{"insertions":60,"deletions":64}}},{"hash":"c7d7bd5a5118e532041bcc822ea32c235783b4cf","messageTitle":"Added Assertions to \u0027AddNoteCommand\u0027","messageBody":"","fileTypesAndContributionMap":{"functional-code":{"insertions":2,"deletions":0}}}]},{"date":"2021-04-06","commitResults":[{"hash":"2ec56f297c83387b3660b1aa4252cdf25a25ea5f","messageTitle":"edit addnotes bug","messageBody":"","fileTypesAndContributionMap":{"functional-code":{"insertions":1,"deletions":1}}},{"hash":"6cf0aa3154c39b5c1a7025886a09c9106cbe0f30","messageTitle":"changes to UG\u0027s notes, daily routes and alias","messageBody":"","fileTypesAndContributionMap":{"docs":{"insertions":86,"deletions":43}}},{"hash":"fbe39d999aa079c9db25909401be69c3668f69ce","messageTitle":"no message","messageBody":"","fileTypesAndContributionMap":{"docs":{"insertions":4,"deletions":4}}}]},{"date":"2021-04-07","commitResults":[{"hash":"d4fb351e7c10d9cc3238b4b1cb4209ca036b5ec2","messageTitle":"update uml diags","messageBody":"","fileTypesAndContributionMap":{"docs":{"insertions":789,"deletions":168}}}]},{"date":"2021-04-08","commitResults":[{"hash":"3d2d7aa4c0dbc9a2d3096797fe5c8b7b1dd305a9","messageTitle":"changes to UG","messageBody":"","fileTypesAndContributionMap":{"docs":{"insertions":39,"deletions":19}}},{"hash":"462a440bc3c163ed600223000e77f9ad5255b599","messageTitle":"changes to ug :))","messageBody":"","fileTypesAndContributionMap":{"docs":{"insertions":1,"deletions":1}}},{"hash":"44f74b264594e9ee049beb1b2bb3f9e4e966d080","messageTitle":"edits to UG","messageBody":"","fileTypesAndContributionMap":{"docs":{"insertions":14,"deletions":11}}},{"hash":"c536eb29c765e51c2c413665aa33da92ecee3e8d","messageTitle":"changes to dg","messageBody":"","fileTypesAndContributionMap":{"docs":{"insertions":3,"deletions":3}}},{"hash":"7e826651ef2bf94fe9180762690b9412f2af511e","messageTitle":"no message","messageBody":"","fileTypesAndContributionMap":{"docs":{"insertions":1,"deletions":1}}},{"hash":"f81040f498a6c41a6cba6d98a0fb388ca8e70395","messageTitle":"changes to PPP","messageBody":"","fileTypesAndContributionMap":{"docs":{"insertions":41,"deletions":25}}}]}],"SimBowen":[{"date":"2021-03-09","commitResults":[{"hash":"b6f6c3badf3a46b7163a057fffbc389ccf632d8d","messageTitle":"Added routing algorithm Added simple tesxt command parsing in main class","messageBody":"","fileTypesAndContributionMap":{"functional-code":{"insertions":181,"deletions":2}}},{"hash":"e94758ba8826feb8dc258be06752a04d5d19d1cc","messageTitle":"Removed extra names in AboutUs.md","messageBody":"","fileTypesAndContributionMap":{"docs":{"insertions":0,"deletions":5}}},{"hash":"5aa28bc5a1d0e557f68d6795f5ec6b00106994e9","messageTitle":"changed addedge to string","messageBody":"","fileTypesAndContributionMap":{"functional-code":{"insertions":14,"deletions":25}}},{"hash":"eb8cf5021f3dd10351a6f30c749d3a49c6544a50","messageTitle":"edited addedge","messageBody":"","fileTypesAndContributionMap":{"functional-code":{"insertions":3,"deletions":3}}},{"hash":"e8fbaf20e66a1db55c0d48119451ca546bb8d7c9","messageTitle":"routing command now disregards letter case","messageBody":"","fileTypesAndContributionMap":{"functional-code":{"insertions":78,"deletions":19}}}]},{"date":"2021-03-11","commitResults":[{"hash":"e5558329ca9eafb24e9debc804ca791456ac1542","messageTitle":"Edited Input manager to utilise updated router code instead of old Routing class.","messageBody":"","fileTypesAndContributionMap":{"functional-code":{"insertions":17,"deletions":222}}},{"hash":"d7d3842f4f074b37e754e4772e7efb89eaa4b3f3","messageTitle":"added JUnit tests for Router","messageBody":"","fileTypesAndContributionMap":{"functional-code":{"insertions":13,"deletions":8},"test-code":{"insertions":31,"deletions":1}}}]},{"date":"2021-03-16","commitResults":[{"hash":"f6f52728c1869ce934411b22988a8055aca77ace","messageTitle":"Slight cleanup of code","messageBody":"","fileTypesAndContributionMap":{"functional-code":{"insertions":104,"deletions":83},"test-code":{"insertions":1,"deletions":1}}},{"hash":"0169a567576b5b7110c917c8ede699c5b3d11cba","messageTitle":"Fixed bug where repeat routing would fail due to uncleard visited flags","messageBody":"","fileTypesAndContributionMap":{"functional-code":{"insertions":5,"deletions":15}}},{"hash":"fd9604c2b6436d69baaab0babd55ed04325d61bc","messageTitle":"fixed checkstyle errors","messageBody":"","fileTypesAndContributionMap":{"functional-code":{"insertions":5,"deletions":4}}},{"hash":"0bb0bdc1d13f1b06778d3710cd548ad8a3d077da","messageTitle":"removed unwanted print statements","messageBody":"","fileTypesAndContributionMap":{"functional-code":{"insertions":0,"deletions":2}}},{"hash":"94fabf69a0943920455304c4345f7eeed6866026","messageTitle":"Added JUnit test to check if repeated calls clear visited flags","messageBody":"","fileTypesAndContributionMap":{"test-code":{"insertions":11,"deletions":0}}},{"hash":"645a5ad8ea11a8bc078f5a63f392f392691c5db6","messageTitle":"Fixed the new jUnit test to check for flag reset Changed most jUnit tests to check the execute function instead","messageBody":"","fileTypesAndContributionMap":{"test-code":{"insertions":5,"deletions":4}}}]},{"date":"2021-03-19","commitResults":[{"hash":"9fc2175ae21c55ae3bf8719df6542549718681b4","messageTitle":"Added assertions for Router class","messageBody":"","fileTypesAndContributionMap":{"functional-code":{"insertions":4,"deletions":0}}},{"hash":"241f2563e0b1bc5196b0dc3314ce1160b96da2cc","messageTitle":"Fixed casing for Router assertions","messageBody":"","fileTypesAndContributionMap":{"functional-code":{"insertions":4,"deletions":4}}}]},{"date":"2021-03-23","commitResults":[{"hash":"8cbda02dc417482b17ddd9658c836f15833108e8","messageTitle":"Basic functionality for storing daily routing implemented","messageBody":"","fileTypesAndContributionMap":{"functional-code":{"insertions":200,"deletions":21}}},{"hash":"87a065d687e3b258c60c0aae9582615a8172b61f","messageTitle":"Removed newline from output","messageBody":"","fileTypesAndContributionMap":{"functional-code":{"insertions":4,"deletions":2}}},{"hash":"739509c99979866365f35a94eeb8ddc014cf8a84","messageTitle":"DG draft edited for Daily Route function","messageBody":"","fileTypesAndContributionMap":{"docs":{"insertions":28,"deletions":0}}},{"hash":"1114c811e14fd6d64c3dc10bc21db0b82f25bbfe","messageTitle":"Edited exception catching for adding daily route in UiManager Edited InvalidBlockException to be used for Daily Route Fixed InvalidDayException not terminating command for ShowDailyRouteCommand","messageBody":"","fileTypesAndContributionMap":{"functional-code":{"insertions":19,"deletions":21}}},{"hash":"ee27eb83c53760ad0bad95df5968bc9294cc4c1b","messageTitle":"Fixed Checkstyle Unused file deleted","messageBody":"","fileTypesAndContributionMap":{"functional-code":{"insertions":94,"deletions":76}}}]},{"date":"2021-03-24","commitResults":[{"hash":"1802ce77042861080aec7bcd11cc761dfe692b39","messageTitle":"Edited to extract certain methods in UI manager. No longer uses abstract map, replaced with DaySchedulePair class","messageBody":"","fileTypesAndContributionMap":{"functional-code":{"insertions":50,"deletions":27}}},{"hash":"b9281850402b00cc56e811715651ef11ecbe7f14","messageTitle":"removed redundant initialiser in ShowDailyRouteCommand class","messageBody":"","fileTypesAndContributionMap":{"functional-code":{"insertions":1,"deletions":1}}},{"hash":"f0c265d407c1f5ecff3af7b1f4572fd9b3d60ff4","messageTitle":"Edited DG to reflect changes in implementation for DailyRoute","messageBody":"","fileTypesAndContributionMap":{"docs":{"insertions":4,"deletions":3}}}]},{"date":"2021-03-26","commitResults":[{"hash":"7267465eba4ae1d657d228ef14bc26edb6f7a47a","messageTitle":"changed DailyRoute to restrict day selection to indices.","messageBody":"","fileTypesAndContributionMap":{"functional-code":{"insertions":115,"deletions":53}}},{"hash":"86e9470563f20ed268e0d5cde33bc2c681316870","messageTitle":"added storage for dailyRoute","messageBody":"","fileTypesAndContributionMap":{"functional-code":{"insertions":2,"deletions":0}}},{"hash":"9dad1937df8d63c95313f4154a7d609f0b5d9573","messageTitle":"fix checkstyle","messageBody":"","fileTypesAndContributionMap":{"functional-code":{"insertions":102,"deletions":18}}}]},{"date":"2021-03-28","commitResults":[{"hash":"8472f81153235dba637e0071b05cecb62e1e2a1f","messageTitle":"changed main class file name and added computing map","messageBody":"","fileTypesAndContributionMap":{"functional-code":{"insertions":47,"deletions":41},"other":{"insertions":12,"deletions":12},"docs":{"insertions":9,"deletions":0},"test-code":{"insertions":6,"deletions":6}}}]},{"date":"2021-03-30","commitResults":[{"hash":"8c00a376466cf145a79063f6fbb8ebe1504128bf","messageTitle":"Added current draft of UG to md file","messageBody":"","fileTypesAndContributionMap":{"docs":{"insertions":299,"deletions":30}}},{"hash":"36fce467ba578344fff9c268128d05f4ec01f922","messageTitle":"edited draft DG for Router and DailyRoute","messageBody":"","fileTypesAndContributionMap":{"docs":{"insertions":245,"deletions":8}}},{"hash":"8029a8b42263783018bc3f9d091325da3b6a5680","messageTitle":"updated non-funcitonal requirements","messageBody":"","fileTypesAndContributionMap":{"docs":{"insertions":6,"deletions":1}}},{"hash":"7fcc8a859e01b62531453259fcc3a7018b02e0ce","messageTitle":"fixed self method call in sequence diagram of show daily route","messageBody":"","fileTypesAndContributionMap":{"docs":{"insertions":4,"deletions":3}}},{"hash":"461f6c8038dc27c144f6c92bb2671b0c2c1dfc4e","messageTitle":"fixed formatting for shortest route steps","messageBody":"","fileTypesAndContributionMap":{"docs":{"insertions":2,"deletions":2}}},{"hash":"630e8161689f5761ae7e7781b235d8638a15959a","messageTitle":"fixed content page","messageBody":"","fileTypesAndContributionMap":{"docs":{"insertions":68,"deletions":80}}},{"hash":"48b116f338686ab0eb2c417043cf54768d015481","messageTitle":"fixed link in command summary","messageBody":"","fileTypesAndContributionMap":{"docs":{"insertions":1,"deletions":1}}},{"hash":"49cacd1694cbc63c61ac5f072d0c514e0d7e392c","messageTitle":"fixed viewing help header","messageBody":"","fileTypesAndContributionMap":{"docs":{"insertions":1,"deletions":1}}},{"hash":"421f79040170fcd3b0138dea3251303e8742105b","messageTitle":"removed unused tip from template","messageBody":"","fileTypesAndContributionMap":{"docs":{"insertions":0,"deletions":5}}},{"hash":"0329106857df4d19ef2b254c935eefb1786ee879","messageTitle":"removed colon from 4.2.1 header","messageBody":"","fileTypesAndContributionMap":{"docs":{"insertions":1,"deletions":1}}}]},{"date":"2021-03-31","commitResults":[{"hash":"39daa03f8b980e1a56d5dd31f4026e04a47602e2","messageTitle":"edited uml diagrams to conform to standard","messageBody":"","fileTypesAndContributionMap":{"docs":{"insertions":168,"deletions":163}}},{"hash":"ba1a00217a36ed5a2bbe975b976fea618596ee1d","messageTitle":"added data folder to gitignore edited add daily route to be able to delete routes edited show daily route message when no daily route is present","messageBody":"","fileTypesAndContributionMap":{"functional-code":{"insertions":14,"deletions":2}}},{"hash":"6cf6b99ac154b983435663cb9f4d8a389799e82a","messageTitle":"fixed checkstyle and uml diagrams","messageBody":"","fileTypesAndContributionMap":{"functional-code":{"insertions":3,"deletions":7},"docs":{"insertions":15,"deletions":7}}},{"hash":"fec481a0b188edde9d0442b5ebc920f71e825d10","messageTitle":"added junit tests for dailyroute","messageBody":"","fileTypesAndContributionMap":{"test-code":{"insertions":62,"deletions":0}}},{"hash":"678bae85a8a4e6ce9e3e9226b322c5a412e4dec8","messageTitle":"removed unused header from sequence diagrams fixed wrong inheritance arrow in router diagram","messageBody":"","fileTypesAndContributionMap":{"docs":{"insertions":3,"deletions":4}}},{"hash":"741d6c48c1c3b593c009f423316a90b5655347eb","messageTitle":"Update UserGuide.md","messageBody":"","fileTypesAndContributionMap":{"docs":{"insertions":2,"deletions":2}}},{"hash":"3ac5315d6cdec11f7a58290419a272091fe8536f","messageTitle":"updated uml","messageBody":"","fileTypesAndContributionMap":{"docs":{"insertions":17,"deletions":12}}},{"hash":"f5bb7659726940735cca6ab31940a82181a8dde7","messageTitle":"fixed show daily route newline","messageBody":"","fileTypesAndContributionMap":{"functional-code":{"insertions":11,"deletions":9}}},{"hash":"a17fa23b4babebcd85be1ec2a255948ed5c6aff7","messageTitle":"fixed is valid alias","messageBody":"","fileTypesAndContributionMap":{"functional-code":{"insertions":1,"deletions":1}}},{"hash":"ad5413607efb8425d7d634bf5f14a77b3cd37beb","messageTitle":"tidied up execute code in showdailyroute command","messageBody":"","fileTypesAndContributionMap":{"functional-code":{"insertions":1,"deletions":2}}},{"hash":"8cce4ca0fb308d9583b0432b9f76f13cf9a3ad97","messageTitle":"edited help command fixed uml diagram","messageBody":"","fileTypesAndContributionMap":{"functional-code":{"insertions":3,"deletions":3},"docs":{"insertions":13,"deletions":14}}},{"hash":"ddb99b688fd3a6c989d280182aee8e909f143ecc","messageTitle":"reverted accidental commit","messageBody":"","fileTypesAndContributionMap":{"functional-code":{"insertions":7,"deletions":4}}},{"hash":"d41ee42ecaf1decf24de4a5a6598c3792b56b1da","messageTitle":"made reposense compatible","messageBody":"","fileTypesAndContributionMap":{"functional-code":{"insertions":25,"deletions":0}}},{"hash":"c4a4e939cb3156e0fed46664aca74b58dde05769","messageTitle":"fixed checkstyle","messageBody":"","fileTypesAndContributionMap":{"functional-code":{"insertions":25,"deletions":0}}}]},{"date":"2021-04-03","commitResults":[{"hash":"999064d5f3337a39059930953f6e3bc035d6562c","messageTitle":"added clear daily route command","messageBody":"","fileTypesAndContributionMap":{"functional-code":{"insertions":44,"deletions":4}}},{"hash":"ace9f1f4dae89b60eedc67c33418d4b091660b1e","messageTitle":"fixed checkstyle","messageBody":"","fileTypesAndContributionMap":{"functional-code":{"insertions":4,"deletions":0}}},{"hash":"c6c54b7691889fed1f78cc3b042af1f5507ee24c","messageTitle":"updated DG and UG for clear day","messageBody":"","fileTypesAndContributionMap":{"docs":{"insertions":57,"deletions":10}}},{"hash":"67df3160a67c5fd9cb29ffa9c316374c11cafd7f","messageTitle":"fixed command format for favourite route and links. Fixed content page for favourite route","messageBody":"","fileTypesAndContributionMap":{"docs":{"insertions":15,"deletions":6}}},{"hash":"c0e39e2f26ec82c4921611002a932de6d6cd3428","messageTitle":"fixed favourite routes content page","messageBody":"","fileTypesAndContributionMap":{"docs":{"insertions":1,"deletions":0}}},{"hash":"e8196219221f4e2f6a0a287a9b616dcc4178557d","messageTitle":"fixed dg for PED","messageBody":"","fileTypesAndContributionMap":{"docs":{"insertions":38,"deletions":30}}},{"hash":"e02cdcdcba04e487f4a03aa0c4698c131c0313bf","messageTitle":"fixed command summary for favourite route","messageBody":"","fileTypesAndContributionMap":{"docs":{"insertions":2,"deletions":2}}},{"hash":"b0b0692fd2d49c1efd0a0370d7325c33aab51863","messageTitle":"fixed formatting for favourites section","messageBody":"","fileTypesAndContributionMap":{"docs":{"insertions":4,"deletions":4}}},{"hash":"002a9bed71f8749bd66c72119b30f27575619b43","messageTitle":"Update UserGuide.md","messageBody":"","fileTypesAndContributionMap":{"docs":{"insertions":21,"deletions":0}}},{"hash":"d0b62f462fdc8bb40a17f8d4706e458faf09361c","messageTitle":"Merge branch \u0027master\u0027 of https://github.com/AY2021S2-CS2113T-T09-2/tp into clear-daily-route-UGDG","messageBody":"# Conflicts:\n#\tdocs/UserGuide.md\n","fileTypesAndContributionMap":{"docs":{"insertions":36,"deletions":57}}},{"hash":"bc289fc9ebf9b6fd054800fff98719bcd52b0c45","messageTitle":"fixed spacing for ug content page","messageBody":"","fileTypesAndContributionMap":{"docs":{"insertions":1,"deletions":1}}},{"hash":"0781de682302c42e7b4e20233904197eeb8f8932","messageTitle":"fixed naming from template","messageBody":"","fileTypesAndContributionMap":{"docs":{"insertions":1,"deletions":1}}},{"hash":"d367f2fd67e13642d2a3681e165b9fca0f3e1742","messageTitle":"Revert \"Clear daily route UGDG draft\"","messageBody":"","fileTypesAndContributionMap":{"docs":{"insertions":10,"deletions":59}}},{"hash":"aafd0341c9e7eab55fc1ca3de9f43971d6f1fb8f","messageTitle":"added cleardaily DG and UG entries","messageBody":"","fileTypesAndContributionMap":{"docs":{"insertions":59,"deletions":10}}}]},{"date":"2021-04-04","commitResults":[{"hash":"ed07c53a841420c64304749b578d6468202c3efb","messageTitle":"Fixes #154 and #167","messageBody":"","fileTypesAndContributionMap":{"functional-code":{"insertions":35,"deletions":16}}},{"hash":"b880b6f824f8f0ed20609e77b4ede611bc9b75e0","messageTitle":"fixed test","messageBody":"","fileTypesAndContributionMap":{"test-code":{"insertions":2,"deletions":2}}}]},{"date":"2021-04-05","commitResults":[{"hash":"cd21edd33cf70d2168c5c4d34f9e143a3d6fb9ae","messageTitle":"Fixed Daily route bugs","messageBody":"","fileTypesAndContributionMap":{"functional-code":{"insertions":30,"deletions":15},"docs":{"insertions":25,"deletions":35}}},{"hash":"1b4ddfb2299744ecdfdf4b40287a996825d1a8a0","messageTitle":"fixed checkstyle","messageBody":"","fileTypesAndContributionMap":{"functional-code":{"insertions":2,"deletions":2}}},{"hash":"6a3f1266440b2564f4a5add47d318102665fc29e","messageTitle":"fixed daily route print format when only one location","messageBody":"","fileTypesAndContributionMap":{"functional-code":{"insertions":8,"deletions":5}}},{"hash":"e8ead793e42714cef022f109ea68beff9ec384a4","messageTitle":"Edited DG ro reflect updated daily route commands. Edited daily route commands to follow delete command keyword Edited Ui prompt to follow standard casing","messageBody":"","fileTypesAndContributionMap":{"functional-code":{"insertions":15,"deletions":13},"other":{"insertions":3,"deletions":2},"docs":{"insertions":17,"deletions":17}}},{"hash":"bd9517f6795bfdcbad40ef49e310103f7e8814c3","messageTitle":"edited ug for daily route","messageBody":"","fileTypesAndContributionMap":{"docs":{"insertions":94,"deletions":13}}},{"hash":"f53a57b779c8680858f529427a77d14bd484ba1f","messageTitle":"Added more detail into section 3","messageBody":"","fileTypesAndContributionMap":{"docs":{"insertions":19,"deletions":8}}},{"hash":"54cd76e8a98ff44f52a065877804a3347132a2cd","messageTitle":"fixed ordering of sections in section 3.2","messageBody":"","fileTypesAndContributionMap":{"docs":{"insertions":16,"deletions":16}}},{"hash":"d56ca8f55ad424ffb4f4338708d991e1fde0602f","messageTitle":"fixed checkstyle","messageBody":"","fileTypesAndContributionMap":{"functional-code":{"insertions":1,"deletions":0}}}]},{"date":"2021-04-06","commitResults":[{"hash":"06afe0638a33aaeec607d34c2f23727f2adbdcab","messageTitle":"Added PPP","messageBody":"","fileTypesAndContributionMap":{"docs":{"insertions":35,"deletions":6}}},{"hash":"7dfd5e9bfb3ec92c416a1eb33bb58f97ce87048a","messageTitle":"added mroe PPP","messageBody":"","fileTypesAndContributionMap":{"docs":{"insertions":61,"deletions":6}}},{"hash":"b617cc5543f73740dced69e627770c9296d17b3a","messageTitle":"updated message for add daily route","messageBody":"","fileTypesAndContributionMap":{"functional-code":{"insertions":1,"deletions":1},"docs":{"insertions":3,"deletions":3}}},{"hash":"784657c0fdfe6ee0084bb0638fd2bbf53737d9f8","messageTitle":"updated add daily route UG","messageBody":"","fileTypesAndContributionMap":{"docs":{"insertions":1,"deletions":1}}},{"hash":"e81eb3f36be2058c9af0d1c71fb46a1bdac4e4bb","messageTitle":"fixed casing","messageBody":"","fileTypesAndContributionMap":{"docs":{"insertions":1,"deletions":1}}}]},{"date":"2021-04-07","commitResults":[{"hash":"7026d41d8508cf9e6c0a5145f7ed8b488111588a","messageTitle":"Fixed userguide formatting for quick start","messageBody":"","fileTypesAndContributionMap":{"docs":{"insertions":3,"deletions":3}}},{"hash":"715da4fbb49487ccb049960b30126c282b726ac3","messageTitle":"fixed table formatting","messageBody":"","fileTypesAndContributionMap":{"docs":{"insertions":3,"deletions":3}}},{"hash":"84918537d654293e1fbc1b412812f4539ba8bda0","messageTitle":"removed stray |","messageBody":"","fileTypesAndContributionMap":{"docs":{"insertions":1,"deletions":1}}}]},{"date":"2021-04-09","commitResults":[{"hash":"26d0ea415d5d33f84f912bdd15bc60ebb08b56a2","messageTitle":"Changed photo in quickstart","messageBody":"","fileTypesAndContributionMap":{"docs":{"insertions":8,"deletions":5}}},{"hash":"9970f51025d1b9e27623a0197cad3138b6138441","messageTitle":"Fixed formatting for UG Added warning Fixed consistency of spacing and warnings","messageBody":"","fileTypesAndContributionMap":{"docs":{"insertions":65,"deletions":34}}},{"hash":"f84c6f1633c697a50f7e980c8cb69ec181ff8dd1","messageTitle":"slight update to ppp","messageBody":"","fileTypesAndContributionMap":{"docs":{"insertions":2,"deletions":1}}},{"hash":"53cd292693aff720c88570b8d636b1ba455f96a5","messageTitle":"Updated quick command reference to reflect what is written in sections","messageBody":"","fileTypesAndContributionMap":{"docs":{"insertions":5,"deletions":4}}},{"hash":"b1cac224275ca4adfb78ede93778a211533d0b34","messageTitle":"Updated DG section to reflect current implementation","messageBody":"","fileTypesAndContributionMap":{"docs":{"insertions":8,"deletions":6}}},{"hash":"5faa090f7e77e030f03454f8ed16bff7f056796d","messageTitle":"Changed steps to use indentaiton and numbered bullets","messageBody":"","fileTypesAndContributionMap":{"docs":{"insertions":35,"deletions":35}}},{"hash":"f28e218291bd07fcecd228477f855268ca18d618","messageTitle":"Edited DG User stories section with reference to feedback","messageBody":"","fileTypesAndContributionMap":{"docs":{"insertions":14,"deletions":12}}}]}],"Rye98":[{"date":"2021-03-09","commitResults":[{"hash":"0b91cbfd6c097fc568fa0ea10f8f581df2b77cc1","messageTitle":"Added Record class","messageBody":"Fixes #19\nFixes #20\n","fileTypesAndContributionMap":{"functional-code":{"insertions":30,"deletions":0}}},{"hash":"8ba585c3dbd2e303da34e5d5777a662b87c15c28","messageTitle":"Removed edits","messageBody":"","fileTypesAndContributionMap":{"functional-code":{"insertions":0,"deletions":29}}},{"hash":"0b72db0f374be3f7b8ed53e35de28692fb3cde4c","messageTitle":"Added Record class","messageBody":"","fileTypesAndContributionMap":{"functional-code":{"insertions":12,"deletions":0}}},{"hash":"1c3fdde037613e9f51a144b495f1e5099f05bd8c","messageTitle":"Added displayRecord Method","messageBody":"Fixes #19\nFixes #20\n","fileTypesAndContributionMap":{"functional-code":{"insertions":15,"deletions":0}}},{"hash":"6c894578594da377bc4278f2b5bded165655e155","messageTitle":"Added addRecord Method","messageBody":"Fixes #20\n","fileTypesAndContributionMap":{"functional-code":{"insertions":4,"deletions":0}}},{"hash":"2eb2b31b2beac4e65d5d254f03d2b88ba096a7a6","messageTitle":"Added emptyRecords Method","messageBody":"Fixes #22\n","fileTypesAndContributionMap":{"functional-code":{"insertions":4,"deletions":0}}}]},{"date":"2021-03-11","commitResults":[{"hash":"66ae7d172999d2240968014da3690e058d448a80","messageTitle":"Update Router\u0027s execute method","messageBody":"A record of each valid user input will be saved into history.\n","fileTypesAndContributionMap":{"functional-code":{"insertions":4,"deletions":3}}}]},{"date":"2021-03-12","commitResults":[{"hash":"385f62c4697d84739a26134cc01f7a4955699d18","messageTitle":"Update emptyRecords method","messageBody":"","fileTypesAndContributionMap":{"functional-code":{"insertions":5,"deletions":9}}},{"hash":"1dc89410e05b93d93c85797a8a910a2a7b417bdf","messageTitle":"Revert \"Update Router\u0027s execute method\"","messageBody":"This reverts commit 66ae7d172999d2240968014da3690e058d448a80.\n","fileTypesAndContributionMap":{"functional-code":{"insertions":3,"deletions":4}}},{"hash":"0cc8b209c184b301cba4d424702b027494ec61f3","messageTitle":"Update Router\u0027s execute() method","messageBody":"","fileTypesAndContributionMap":{"functional-code":{"insertions":4,"deletions":2}}},{"hash":"73c87b707691d25e242639d38eb606cee32ff212","messageTitle":"Added JUnit test for Records","messageBody":"","fileTypesAndContributionMap":{"test-code":{"insertions":26,"deletions":0}}}]},{"date":"2021-03-14","commitResults":[{"hash":"d2e41c8a32ecfba37e6962ed1a79134f9d5753c6","messageTitle":"no message","messageBody":"","fileTypesAndContributionMap":{"test-code":{"insertions":1,"deletions":1}}},{"hash":"ddc5897b50d7ad7775eedf7c7d6264bc45c4598f","messageTitle":"Added repeatExecution method","messageBody":"","fileTypesAndContributionMap":{"functional-code":{"insertions":38,"deletions":1}}},{"hash":"334c82dd3ee6e3d68dd2dd5e874098ab55a3c410","messageTitle":"Added repeatExecution method","messageBody":"","fileTypesAndContributionMap":{"functional-code":{"insertions":0,"deletions":1}}}]},{"date":"2021-03-22","commitResults":[{"hash":"0ef444da85190e7edd459ecdfbce27f5fe60945e","messageTitle":"Added assertion to getHistory() method","messageBody":"","fileTypesAndContributionMap":{"functional-code":{"insertions":1,"deletions":0}}},{"hash":"90211108f4c765e81b5b9c0a0ad5acccd4584651","messageTitle":"Changed assertion to getHistoryAsString() method","messageBody":"","fileTypesAndContributionMap":{"functional-code":{"insertions":1,"deletions":1}}}]},{"date":"2021-03-23","commitResults":[{"hash":"46837cd4406b1e8028df362890bbf07cca48e09b","messageTitle":"Updated DG","messageBody":"updated target user profile, value proposition, user stories\n","fileTypesAndContributionMap":{"docs":{"insertions":13,"deletions":5}}},{"hash":"a5594ca4e88786bd98030101502789af85663b28","messageTitle":"Updated getHistoryAsString() method","messageBody":"fixed bug of app crashing when history is empty\n","fileTypesAndContributionMap":{"functional-code":{"insertions":3,"deletions":0}}}]},{"date":"2021-03-24","commitResults":[{"hash":"794b370e2263f2c6ce485b9642deeb6b8aa69193","messageTitle":"Created FavouriteLocation Class","messageBody":"","fileTypesAndContributionMap":{"functional-code":{"insertions":16,"deletions":0}}},{"hash":"c0ccbc31753144d74b2a9c9cd8ebe75f6acb945d","messageTitle":"Added add and removeFavouriteLocation method","messageBody":"","fileTypesAndContributionMap":{"functional-code":{"insertions":19,"deletions":0}}},{"hash":"c7346e7bf4feec0b842e57f405532e52b818f7e5","messageTitle":"Created ShowFavouriteLocationsCommand class","messageBody":"","fileTypesAndContributionMap":{"functional-code":{"insertions":11,"deletions":0}}},{"hash":"4b4b3884b824254c2c6f6c2d75fe754075d91323","messageTitle":"Updated ShowFavouriteLocationsCommand class","messageBody":"updated ui to support showFavouriteLocations()\n","fileTypesAndContributionMap":{"functional-code":{"insertions":22,"deletions":0}}},{"hash":"c840bcd954dd5a863280089ba3daebf7732a706a","messageTitle":"Updated ShowFavouriteLocationsCommand class","messageBody":"","fileTypesAndContributionMap":{"functional-code":{"insertions":8,"deletions":1}}},{"hash":"836c7de85049c256435b22dfa9df8e2439f986a1","messageTitle":"Updated Command classes","messageBody":"included new parameter \"favouriteLocation\" to execute methods.\n","fileTypesAndContributionMap":{"functional-code":{"insertions":25,"deletions":57}}},{"hash":"f6c67b278a5e8ae462aef53ddacc7c1ae8abc3ba","messageTitle":"Edited syntax for checkstyle test","messageBody":"","fileTypesAndContributionMap":{"functional-code":{"insertions":68,"deletions":13}}},{"hash":"a95e2b9b2002724aacee19fafe02e554f63a6dd6","messageTitle":"fixed bug in run()","messageBody":"","fileTypesAndContributionMap":{"functional-code":{"insertions":0,"deletions":3}}},{"hash":"357bc8440515557923cb2be0bbab28bb2452297e","messageTitle":"Added tests for addFavouriteLocations","messageBody":"","fileTypesAndContributionMap":{"functional-code":{"insertions":6,"deletions":4},"test-code":{"insertions":24,"deletions":0}}},{"hash":"2071800b40e8f3b781bb078d99952f7cf68a9a46","messageTitle":"Edited syntax for teststyle","messageBody":"","fileTypesAndContributionMap":{"test-code":{"insertions":1,"deletions":1}}},{"hash":"c32d4976355a113155ef5ac92a0a555b3c8aac8d","messageTitle":"Edited syntax for teststyle","messageBody":"","fileTypesAndContributionMap":{"functional-code":{"insertions":2,"deletions":2}}}]},{"date":"2021-03-28","commitResults":[{"hash":"c9e0824b1ff7174703ff38d7837cb021a7011614","messageTitle":"Added addFavouriteLocation, DeleteFavouriteLocation","messageBody":"","fileTypesAndContributionMap":{"functional-code":{"insertions":76,"deletions":8}}},{"hash":"f0e1ef428f70f8a0694b03dc83ac7bdbef4418a6","messageTitle":"Fixed syntax to for checkstyle","messageBody":"","fileTypesAndContributionMap":{"functional-code":{"insertions":14,"deletions":5}}},{"hash":"8fa8a4cc774daad6978a38b6c7c16b65396d84c3","messageTitle":"Added catch block for number format","messageBody":"","fileTypesAndContributionMap":{"functional-code":{"insertions":7,"deletions":3}}},{"hash":"2a28cff044a30570101f19591cca720a146e8e63","messageTitle":"Fixed bug in deleteFavouriteLocation","messageBody":"","fileTypesAndContributionMap":{"functional-code":{"insertions":1,"deletions":1}}}]},{"date":"2021-03-30","commitResults":[{"hash":"96e56312ef32b4830c060b18cd8cf77efb912004","messageTitle":"no message","messageBody":"","fileTypesAndContributionMap":{"functional-code":{"insertions":1,"deletions":0}}},{"hash":"d6849bce6023661aee2ae0670c895235f81f3f8d","messageTitle":"Updated information on History for DG","messageBody":"","fileTypesAndContributionMap":{"docs":{"insertions":29,"deletions":4}}},{"hash":"9072032d5a11760e8b0c989b85c2157cfb37e7ea","messageTitle":"no message","messageBody":"","fileTypesAndContributionMap":{"functional-code":{"insertions":2,"deletions":1}}},{"hash":"45325352404532509429a20e77ed756c2cc57191","messageTitle":"Removed unwanted class, editted syntax","messageBody":"","fileTypesAndContributionMap":{"functional-code":{"insertions":1,"deletions":41}}}]},{"date":"2021-03-31","commitResults":[{"hash":"09247eeb7e8f13c87cf3407dc4cefd127ab4f27b","messageTitle":"Added information of favourite routes to DG","messageBody":"","fileTypesAndContributionMap":{"docs":{"insertions":47,"deletions":0}}},{"hash":"5c332c0b1226418e9ed754f9b9ad0bc1b792673f","messageTitle":"Added description of favouriteRoutes","messageBody":"","fileTypesAndContributionMap":{"docs":{"insertions":19,"deletions":2}}}]},{"date":"2021-04-04","commitResults":[{"hash":"be0c4d81ce088fff2d7a68139c23bd666ab18fee","messageTitle":"Added commands for \"favourite route\" in `help` message","messageBody":"","fileTypesAndContributionMap":{"functional-code":{"insertions":7,"deletions":1}}}]},{"date":"2021-04-07","commitResults":[{"hash":"df653acf89bb33ff91d9e479f20b063392bb3d9f","messageTitle":"Updated UG for favourite routes","messageBody":"","fileTypesAndContributionMap":{"docs":{"insertions":50,"deletions":0}}}]},{"date":"2021-04-08","commitResults":[{"hash":"b575542ae29cf43da94ca7956b982dbe74eb7aea","messageTitle":"Updated PPP for Shuhao","messageBody":"","fileTypesAndContributionMap":{"docs":{"insertions":70,"deletions":0}}}]}],"wjchoi0712":[{"date":"2021-03-11","commitResults":[{"hash":"ecfc6bc695085e0718eae7a5583680fd88c9f90b","messageTitle":"Added router","messageBody":"","fileTypesAndContributionMap":{"functional-code":{"insertions":219,"deletions":225}}},{"hash":"b7334eebe0adaa0cbc945eac1fa569dec7dc7f0c","messageTitle":"Fixed block class","messageBody":"","fileTypesAndContributionMap":{"functional-code":{"insertions":0,"deletions":22}}},{"hash":"8803cdbb2755719117109513ddbf40981233740d","messageTitle":"Edited scanning process","messageBody":"","fileTypesAndContributionMap":{"functional-code":{"insertions":6,"deletions":9}}}]},{"date":"2021-03-15","commitResults":[{"hash":"119195b4da08cb6aee79f03157d99d226f675426","messageTitle":"Fixed routing algo","messageBody":"","fileTypesAndContributionMap":{"functional-code":{"insertions":45,"deletions":59}}},{"hash":"04ec652d651d838d57b8f478b275ab13927b17ae","messageTitle":"Fixed the code into more OOP","messageBody":"","fileTypesAndContributionMap":{"functional-code":{"insertions":333,"deletions":180},"other":{"insertions":25,"deletions":22},"test-code":{"insertions":1,"deletions":72}}},{"hash":"66dcd11db3c4dc3903d57e1c573bc990fbbc911f","messageTitle":"Resolved checkstyle","messageBody":"","fileTypesAndContributionMap":{"functional-code":{"insertions":15,"deletions":7}}}]},{"date":"2021-03-16","commitResults":[{"hash":"de7405ea0b1c95ee5e7c03a1fd0bbafb213e1287","messageTitle":"Fixed Command and Ui","messageBody":"","fileTypesAndContributionMap":{"functional-code":{"insertions":120,"deletions":66},"test-code":{"insertions":32,"deletions":15}}},{"hash":"7cd5794cfd1fb200e1b3ba604ea8bdb4705859f2","messageTitle":"Fixed checkstyle error","messageBody":"","fileTypesAndContributionMap":{"functional-code":{"insertions":2,"deletions":2}}},{"hash":"328774484efbe0ff81401b44039d739bc317b38b","messageTitle":"Fixed checkstyle for test class","messageBody":"","fileTypesAndContributionMap":{"test-code":{"insertions":2,"deletions":1}}}]},{"date":"2021-03-24","commitResults":[{"hash":"9a1c16c0e0d970573655202b7c68f98964cbc11b","messageTitle":"Added eatery function","messageBody":"","fileTypesAndContributionMap":{"functional-code":{"insertions":165,"deletions":87}}},{"hash":"5429f7b6361ebfae1d87e14a76193b674180d265","messageTitle":"Fixed eatery function","messageBody":"","fileTypesAndContributionMap":{"functional-code":{"insertions":74,"deletions":77},"other":{"insertions":24,"deletions":28},"test-code":{"insertions":8,"deletions":16}}},{"hash":"c8c160f34a44c526bf5ee1c64e16dce8c35ee1ae","messageTitle":"Fixed checkstyle","messageBody":"","fileTypesAndContributionMap":{"functional-code":{"insertions":20,"deletions":9},"test-code":{"insertions":0,"deletions":1}}},{"hash":"fa7f60c07996a12207b112d12710a03d79a56380","messageTitle":"Updated DG","messageBody":"","fileTypesAndContributionMap":{"docs":{"insertions":8,"deletions":0}}},{"hash":"7dcac1f00ef2d0be5c98d94249d61d864d5c119f","messageTitle":"Fixed checkstyle","messageBody":"","fileTypesAndContributionMap":{"functional-code":{"insertions":1,"deletions":0},"test-code":{"insertions":4,"deletions":29}}},{"hash":"4d865c41bb849beb1ce914994ad45915d1ac497d","messageTitle":"Added DG for routing algo","messageBody":"","fileTypesAndContributionMap":{"docs":{"insertions":7,"deletions":3}}}]},{"date":"2021-03-30","commitResults":[{"hash":"dec5f73be6a0d3b4d36f5afd1677a732b2332a08","messageTitle":"Temporary","messageBody":"","fileTypesAndContributionMap":{"functional-code":{"insertions":869,"deletions":940},"other":{"insertions":65,"deletions":65},"test-code":{"insertions":62,"deletions":55}}},{"hash":"c17c59e564a2f093b7cf9af5cbfced5f58b16a37","messageTitle":"Refined coding","messageBody":"","fileTypesAndContributionMap":{"functional-code":{"insertions":266,"deletions":488},"other":{"insertions":82,"deletions":48},"test-code":{"insertions":2,"deletions":220}}},{"hash":"3ed8e6a254efed8d0f185a44a5f54c37dc329f3f","messageTitle":"fixed checkstyle","messageBody":"","fileTypesAndContributionMap":{"functional-code":{"insertions":1,"deletions":1},"test-code":{"insertions":5,"deletions":5}}},{"hash":"c6469b179e080f4e954cfa365cf6bf9fca3af142","messageTitle":"Fixed history bug","messageBody":"","fileTypesAndContributionMap":{"functional-code":{"insertions":30,"deletions":28}}},{"hash":"4638ac68febd7e94f8a9fb150f4c98eb075df50e","messageTitle":"fixed checkstyle","messageBody":"","fileTypesAndContributionMap":{"test-code":{"insertions":4,"deletions":6}}}]},{"date":"2021-03-31","commitResults":[{"hash":"f94980217cd6520133c8245f4e5a08b126ab8b51","messageTitle":"Irrelevant code","messageBody":"","fileTypesAndContributionMap":{"test-code":{"insertions":0,"deletions":2}}},{"hash":"0e141496fa11d1229adddb6d268078bc5db29915","messageTitle":"Updated DG","messageBody":"","fileTypesAndContributionMap":{"functional-code":{"insertions":3,"deletions":8},"other":{"insertions":4,"deletions":2},"docs":{"insertions":323,"deletions":13},"test-code":{"insertions":2,"deletions":2}}},{"hash":"edf93ee8ab66b6855fee4cefd66c0e3b6c13dac8","messageTitle":"Fixed routing problem","messageBody":"","fileTypesAndContributionMap":{"functional-code":{"insertions":25,"deletions":34},"docs":{"insertions":1,"deletions":0}}},{"hash":"809a7cf7c7a7b905991aa6aa6e54da0a2c7fff42","messageTitle":"Fixed note","messageBody":"","fileTypesAndContributionMap":{"functional-code":{"insertions":2,"deletions":2}}},{"hash":"d0783d7267ad1369e148dfe1efed7f282b43d852","messageTitle":"Fixed routertest","messageBody":"","fileTypesAndContributionMap":{"functional-code":{"insertions":0,"deletions":2},"test-code":{"insertions":1,"deletions":1}}},{"hash":"0f6143828c85bf9d60ba67538963310964bfe770","messageTitle":"Fixed alias","messageBody":"","fileTypesAndContributionMap":{"functional-code":{"insertions":3,"deletions":9}}},{"hash":"99601c08f1e6f03465d6310f2b41c891528c8f21","messageTitle":"Fixed bugs","messageBody":"","fileTypesAndContributionMap":{"functional-code":{"insertions":9,"deletions":5}}},{"hash":"7d969cd8a934a63e80904ce9cdd679f0e96b446f","messageTitle":"Fixed bug","messageBody":"","fileTypesAndContributionMap":{"functional-code":{"insertions":1,"deletions":1}}},{"hash":"504338d5f6e796b7c943942ec7f059417d6f8aba","messageTitle":"Fixed bug","messageBody":"","fileTypesAndContributionMap":{"functional-code":{"insertions":3,"deletions":13}}},{"hash":"576fec445d282304f9119f3643d2e7c36900c1fc","messageTitle":"Fixed bug","messageBody":"","fileTypesAndContributionMap":{"functional-code":{"insertions":1,"deletions":10}}},{"hash":"dedd4ec7ac233a0ea2a659ab80ea0f3e2b3e7e55","messageTitle":"Fixed bug","messageBody":"","fileTypesAndContributionMap":{"functional-code":{"insertions":0,"deletions":2}}}]},{"date":"2021-04-01","commitResults":[{"hash":"e8e22fd7f3509e17175175db4e58a7b5ce4f3968","messageTitle":"Fixed irrelevant import","messageBody":"","fileTypesAndContributionMap":{"functional-code":{"insertions":0,"deletions":1}}},{"hash":"590b930bf6a8ed60b1a992d006fd2f31cb20d1d6","messageTitle":"Fixed Storage","messageBody":"","fileTypesAndContributionMap":{"functional-code":{"insertions":477,"deletions":467},"other":{"insertions":2,"deletions":2},"docs":{"insertions":31,"deletions":22},"test-code":{"insertions":2,"deletions":12}}}]},{"date":"2021-04-02","commitResults":[{"hash":"8c7b65e35cb0a77b215e19cb9bd86027dcccdd25","messageTitle":"Fixed error","messageBody":"","fileTypesAndContributionMap":{"functional-code":{"insertions":1,"deletions":1}}},{"hash":"80a78a21df15d27d62199e234df5c5d9b42e7574","messageTitle":"Fixed checkstyle","messageBody":"","fileTypesAndContributionMap":{"test-code":{"insertions":2,"deletions":2}}}]},{"date":"2021-04-03","commitResults":[{"hash":"aa9363fcbbbeba9e5fc7da24c68fdbb63be7636e","messageTitle":"Fixed daily route command","messageBody":"","fileTypesAndContributionMap":{"functional-code":{"insertions":23,"deletions":24}}}]},{"date":"2021-04-04","commitResults":[{"hash":"714bb7b7402bd25aa129bb08bbf243a75cc17d41","messageTitle":"Fixed issues regarding edited txt files","messageBody":"","fileTypesAndContributionMap":{"functional-code":{"insertions":116,"deletions":51}}},{"hash":"fe1c71edcfafffdae4ba49aa09127c5bde173256","messageTitle":"Fixed checkstyle","messageBody":"","fileTypesAndContributionMap":{"functional-code":{"insertions":6,"deletions":5}}},{"hash":"b5b9538a7c3df2a25de7896449e89128c6fca5d2","messageTitle":"Fixed same block error","messageBody":"","fileTypesAndContributionMap":{"functional-code":{"insertions":23,"deletions":6}}},{"hash":"359390eb42ae17f90a4dfae212a17c8c69ba497a","messageTitle":"fixed checkstyle","messageBody":"","fileTypesAndContributionMap":{"functional-code":{"insertions":3,"deletions":3}}},{"hash":"80e014f11cb6abe4584e01016a6d3735b1dc1849","messageTitle":"Fixed checktest","messageBody":"","fileTypesAndContributionMap":{"test-code":{"insertions":6,"deletions":3}}},{"hash":"d46c2b37e66dfe4866d5ba0d6b7f55879fc99875","messageTitle":"Fixed empty note error","messageBody":"","fileTypesAndContributionMap":{"functional-code":{"insertions":17,"deletions":3}}},{"hash":"d264bfc7e356d04e1d49222542ed25d9dee34e4a","messageTitle":"Fixed empty note","messageBody":"","fileTypesAndContributionMap":{"functional-code":{"insertions":1,"deletions":1}}}]},{"date":"2021-04-05","commitResults":[{"hash":"45dd0ba55bcb32b92f398aa10a03808fc8d1d5dc","messageTitle":"Fixed minor bugs and printing format for daily route","messageBody":"","fileTypesAndContributionMap":{"functional-code":{"insertions":74,"deletions":53},"test-code":{"insertions":9,"deletions":8}}}]},{"date":"2021-04-06","commitResults":[{"hash":"b6649bfc713f474d770385889a2bcc8aee58ec31","messageTitle":"Updated UG for routing/ fixed bug in eatery list","messageBody":"","fileTypesAndContributionMap":{"functional-code":{"insertions":5,"deletions":2},"docs":{"insertions":171,"deletions":84}}}]}],"Rizavur":[{"date":"2021-03-10","commitResults":[{"hash":"43264196eaf15d1408ce42fcc151a675671a0ae7","messageTitle":"Fix GitHub failed actions CI","messageBody":"","fileTypesAndContributionMap":{"other":{"insertions":0,"deletions":0}}},{"hash":"ea8ab31f2c139cb67d9f2d242039de858fb6ae3e","messageTitle":"Add UIManager class and rename classes","messageBody":"","fileTypesAndContributionMap":{"functional-code":{"insertions":5,"deletions":0},"other":{"insertions":4,"deletions":7}}},{"hash":"335612b2a7e5397e036182ee7282aaf56338323f","messageTitle":"Change Duke logo to NUSMaze logo","messageBody":"","fileTypesAndContributionMap":{"functional-code":{"insertions":21,"deletions":6}}},{"hash":"5cef9dfbed3aa3c101aa32bed6cd2d04b5c43fc6","messageTitle":"Add greet and bye messages","messageBody":"","fileTypesAndContributionMap":{"functional-code":{"insertions":14,"deletions":0}}},{"hash":"5044fb20181d2d2fa739e3051881ce4f0ce89989","messageTitle":"Add command and input classes","messageBody":"","fileTypesAndContributionMap":{"functional-code":{"insertions":15,"deletions":0}}},{"hash":"66bf1b101849ed9a5e1bc4b4efe43b39d89a1795","messageTitle":"Add enum for commands","messageBody":"","fileTypesAndContributionMap":{"functional-code":{"insertions":8,"deletions":1}}},{"hash":"bd913bdbf6871ce44e62358610f1c7c54a1987e5","messageTitle":"Rename some command enums","messageBody":"","fileTypesAndContributionMap":{"functional-code":{"insertions":4,"deletions":4}}},{"hash":"b3360332a0f20afe030ee11ada2dabad5520047a","messageTitle":"Add ability to convert user input to command","messageBody":"","fileTypesAndContributionMap":{"functional-code":{"insertions":37,"deletions":0}}},{"hash":"4b0f8882048e48f4091e3508b2a687d55e7a42bc","messageTitle":"Add invalid message","messageBody":"","fileTypesAndContributionMap":{"functional-code":{"insertions":4,"deletions":1}}},{"hash":"9c94b3e7cc73bd2139c9f4d206459bc86df19f30","messageTitle":"Add ability for input manager to obtain and execute commands","messageBody":"","fileTypesAndContributionMap":{"functional-code":{"insertions":37,"deletions":1}}},{"hash":"309d6ba03aa58cc919c2bac79d1b97141929378e","messageTitle":"Integrate routing and history commands","messageBody":"","fileTypesAndContributionMap":{"functional-code":{"insertions":25,"deletions":18}}},{"hash":"6e1647d980d88a1c0eae29543b623fd373f18900","messageTitle":"Add missing scanner import","messageBody":"","fileTypesAndContributionMap":{"functional-code":{"insertions":1,"deletions":0}}},{"hash":"f0b8712ace2ded12d61886528d809cfdfe77be97","messageTitle":"Rename command enum types","messageBody":"","fileTypesAndContributionMap":{"functional-code":{"insertions":23,"deletions":23}}},{"hash":"8a2e79f56684f091762c3ebea7c651c34dbc66b8","messageTitle":"Add JUnit test for CommandManager class","messageBody":"","fileTypesAndContributionMap":{"test-code":{"insertions":60,"deletions":0}}},{"hash":"6dfbc953f2ef3020e9fa15b0bd152800bf77899f","messageTitle":"Add tests for whitespaces in input","messageBody":"","fileTypesAndContributionMap":{"test-code":{"insertions":13,"deletions":1}}}]},{"date":"2021-03-11","commitResults":[{"hash":"7354619daf57a4e48529ff83eb9c0d5d670cec4e","messageTitle":"Fix checkstyle issues","messageBody":"","fileTypesAndContributionMap":{"functional-code":{"insertions":4,"deletions":14},"other":{"insertions":15,"deletions":21}}},{"hash":"d37fbc94aee78f1ccf7628b6a61758194f0acc81","messageTitle":"Update IO redirection test","messageBody":"","fileTypesAndContributionMap":{"other":{"insertions":1,"deletions":1}}},{"hash":"1bbc103f294d6999d5667ca256173c12ec0271b8","messageTitle":"Fix checkstyle in router","messageBody":"","fileTypesAndContributionMap":{"functional-code":{"insertions":2,"deletions":2}}},{"hash":"a32160cfd32dc9dff41f08238b3984ed6b6dbf12","messageTitle":"Fix checkstyle in router test","messageBody":"","fileTypesAndContributionMap":{"test-code":{"insertions":4,"deletions":3}}}]},{"date":"2021-03-14","commitResults":[{"hash":"fce827c5010891242a76e765b13d4260588b7fda","messageTitle":"Add help message","messageBody":"","fileTypesAndContributionMap":{"functional-code":{"insertions":18,"deletions":1}}}]},{"date":"2021-03-15","commitResults":[{"hash":"155773417b218185c790696c869d2887bc2bcbe0","messageTitle":"Fix checkstyle","messageBody":"","fileTypesAndContributionMap":{"functional-code":{"insertions":16,"deletions":6}}}]},{"date":"2021-03-17","commitResults":[{"hash":"9d0f4e15e995f55a9820dd57d4b69b8a15f3906c","messageTitle":"Add test for UiManager","messageBody":"","fileTypesAndContributionMap":{"functional-code":{"insertions":14,"deletions":15},"test-code":{"insertions":85,"deletions":0}}},{"hash":"836fd00e548df80d86bd5ed7a91f4bee0171f2d2","messageTitle":"Fix checkstyle errors","messageBody":"","fileTypesAndContributionMap":{"functional-code":{"insertions":10,"deletions":10},"test-code":{"insertions":26,"deletions":26}}},{"hash":"b9babab69690d58feedbd42cb6b9d08923bed884","messageTitle":"Add parser test","messageBody":"","fileTypesAndContributionMap":{"functional-code":{"insertions":0,"deletions":3},"test-code":{"insertions":71,"deletions":0}}},{"hash":"be549087669df7e68269278130139f745b76a702","messageTitle":"Fix parser test checkstyle errors","messageBody":"","fileTypesAndContributionMap":{"test-code":{"insertions":13,"deletions":5}}},{"hash":"78509834dd6062bc27f46b947ecaf9d94fd40fa3","messageTitle":"Fix extra divider issue for help msg","messageBody":"","fileTypesAndContributionMap":{"functional-code":{"insertions":5,"deletions":6}}},{"hash":"fe6c9ca9f57f43d63a131fe7f4be595907aa0ddb","messageTitle":"Remove extra line from help msg test","messageBody":"","fileTypesAndContributionMap":{"test-code":{"insertions":1,"deletions":1}}},{"hash":"91f6c695e737ad48588b3b76b0e6b4dded664b9f","messageTitle":"Change import path for invalid command exception","messageBody":"","fileTypesAndContributionMap":{"test-code":{"insertions":1,"deletions":0}}},{"hash":"716614cc9776a43e0a853229c6de115f2e6f269f","messageTitle":"Fix missing logo","messageBody":"","fileTypesAndContributionMap":{"functional-code":{"insertions":1,"deletions":0}}},{"hash":"d89a5fa31963a8dfc396cfb3ccb50af7c7b4ab7e","messageTitle":"Fix failing windows CI check","messageBody":"","fileTypesAndContributionMap":{"test-code":{"insertions":2,"deletions":2}}},{"hash":"c9d64b2322a694864397cd4078ae8472ccde4fd2","messageTitle":"FIx missing divider for invalid command","messageBody":"","fileTypesAndContributionMap":{"functional-code":{"insertions":5,"deletions":4}}}]},{"date":"2021-03-18","commitResults":[{"hash":"314df57acc2c497d1326c9f264ebedf835ca62fa","messageTitle":"Add assertions in Parser","messageBody":"","fileTypesAndContributionMap":{"functional-code":{"insertions":2,"deletions":0}}},{"hash":"71b34d43d5dc72385261d7fa5f2834213f72e978","messageTitle":"Add assertions in UiManager","messageBody":"","fileTypesAndContributionMap":{"functional-code":{"insertions":23,"deletions":17}}},{"hash":"4422754765b7bd019ea07480cbf1eacef66bf64c","messageTitle":"Revert print new line to previous way","messageBody":"","fileTypesAndContributionMap":{"functional-code":{"insertions":16,"deletions":16}}}]},{"date":"2021-03-24","commitResults":[{"hash":"787db57aaed2bdafcfc15e74848d25ee2e8fdf6e","messageTitle":"Add ability to add, view and delete aliases for blocks","messageBody":"","fileTypesAndContributionMap":{"functional-code":{"insertions":228,"deletions":27},"test-code":{"insertions":4,"deletions":4}}},{"hash":"def5b37279114320c9d0bbf297e5ced9e2b1f5c6","messageTitle":"Fix checkstyle test error","messageBody":"","fileTypesAndContributionMap":{"functional-code":{"insertions":5,"deletions":1},"test-code":{"insertions":4,"deletions":4}}},{"hash":"3dd4bbe0c41a1755c372699588c2c4c0a5b9198a","messageTitle":"Fix router test to include aliases","messageBody":"","fileTypesAndContributionMap":{"functional-code":{"insertions":1,"deletions":5},"test-code":{"insertions":8,"deletions":4}}},{"hash":"3c8358eafe7538fb504aded3f4616e9ee75a34b8","messageTitle":"Update DG for alias feature","messageBody":"","fileTypesAndContributionMap":{"docs":{"insertions":22,"deletions":0}}},{"hash":"848cfcbcd26c9bb0de65f6fb6595c2e805c3a55d","messageTitle":"Undo exception message change","messageBody":"","fileTypesAndContributionMap":{"functional-code":{"insertions":1,"deletions":1}}}]},{"date":"2021-03-26","commitResults":[{"hash":"51f2c3fbb7e942655b4beffe9cbc73f4e2f7765f","messageTitle":"Add ability to store history","messageBody":"","fileTypesAndContributionMap":{"functional-code":{"insertions":72,"deletions":19}}},{"hash":"b0162bad28ce712a53b628788017188d20309453","messageTitle":"Add ability to store alias","messageBody":"","fileTypesAndContributionMap":{"functional-code":{"insertions":74,"deletions":0}}},{"hash":"fa67f712cc7f5f3fa499e5b69f33b95394b9813c","messageTitle":"Fix checkstyle","messageBody":"","fileTypesAndContributionMap":{"functional-code":{"insertions":2,"deletions":2}}}]},{"date":"2021-03-27","commitResults":[{"hash":"0b0db8697c538d6498166b6bb20e6b4bae15876e","messageTitle":"Refactor UI utilities","messageBody":"","fileTypesAndContributionMap":{"functional-code":{"insertions":77,"deletions":18},"other":{"insertions":39,"deletions":59},"test-code":{"insertions":2,"deletions":0}}},{"hash":"14847da0072c695d16d888799f9ed826ac3a70a2","messageTitle":"Refactored Ui into abstract class","messageBody":"Pending some minor bugfixes\n","fileTypesAndContributionMap":{"functional-code":{"insertions":402,"deletions":286}}}]},{"date":"2021-03-28","commitResults":[{"hash":"d46fff883583a0ab06fcffa21ec61780a80ff122","messageTitle":"Fix missing divider and alias bug","messageBody":"","fileTypesAndContributionMap":{"functional-code":{"insertions":43,"deletions":46}}},{"hash":"59df5fe951b77fb20fb67cccade6c9603cfc62c5","messageTitle":"Update help message","messageBody":"","fileTypesAndContributionMap":{"functional-code":{"insertions":39,"deletions":26},"test-code":{"insertions":27,"deletions":11}}}]},{"date":"2021-03-30","commitResults":[{"hash":"d257efa7baa09f9c01cbfcc238702a4e1c12e073","messageTitle":"Add table of contents for DG","messageBody":"","fileTypesAndContributionMap":{"docs":{"insertions":59,"deletions":21}}},{"hash":"9448dc09aaf850859831989bbcd4a257988ca5b3","messageTitle":"Edit UG table of contents numbering","messageBody":"","fileTypesAndContributionMap":{"docs":{"insertions":34,"deletions":36}}},{"hash":"ee6a13bf48d19e95b9eb552116d60219b55afad4","messageTitle":"Add introduction in DG","messageBody":"","fileTypesAndContributionMap":{"docs":{"insertions":17,"deletions":1}}}]},{"date":"2021-03-31","commitResults":[{"hash":"8d5bef203e7aedff24e9f182f141ae4be5fb6b48","messageTitle":"Update DG - UI component","messageBody":"","fileTypesAndContributionMap":{"docs":{"insertions":94,"deletions":12}}},{"hash":"f69f3a7374acd4396bde9554e1f5fc1a7e269fd7","messageTitle":"Update Alias Feature in DG","messageBody":"","fileTypesAndContributionMap":{"docs":{"insertions":197,"deletions":27}}},{"hash":"6211d959b591ee6e180e02056613aba0df0ef3f4","messageTitle":"Add an instruction for manual testing","messageBody":"","fileTypesAndContributionMap":{"docs":{"insertions":10,"deletions":2}}},{"hash":"2f8bd221c8c81aa84fac6c28bc54b223ae8b7483","messageTitle":"Add DG instruction for manual testing (routing)","messageBody":"","fileTypesAndContributionMap":{"docs":{"insertions":13,"deletions":1}}},{"hash":"53431446ccf6c80651a08d499629138dc5db9f37","messageTitle":"Add DG test case for eatery function","messageBody":"","fileTypesAndContributionMap":{"docs":{"insertions":6,"deletions":1}}},{"hash":"7f466053784d61febd54382ac698aa231ec029c0","messageTitle":"Fixed some bugs","messageBody":"","fileTypesAndContributionMap":{"functional-code":{"insertions":5,"deletions":5}}},{"hash":"00a42570517722a58145d407d0efe4839fa15c26","messageTitle":"Edit help message","messageBody":"","fileTypesAndContributionMap":{"functional-code":{"insertions":3,"deletions":3}}}]},{"date":"2021-04-03","commitResults":[{"hash":"847b209b2d35253d09c6034348e16edfeafedc0a","messageTitle":"Change encoder and decoder to interface","messageBody":"","fileTypesAndContributionMap":{"functional-code":{"insertions":19,"deletions":19},"docs":{"insertions":54,"deletions":0}}}]},{"date":"2021-04-04","commitResults":[{"hash":"98c4bcfec94def0f76eadda39d550242de6f30ce","messageTitle":"Edit error message to show possible reasons","messageBody":"","fileTypesAndContributionMap":{"functional-code":{"insertions":4,"deletions":1}}}]},{"date":"2021-04-05","commitResults":[{"hash":"d17e97f64b537e7ec21cee1a2d0e9f796de8334e","messageTitle":"Add ability to show possible venues","messageBody":"","fileTypesAndContributionMap":{"functional-code":{"insertions":87,"deletions":22}}}]},{"date":"2021-04-07","commitResults":[{"hash":"2185029cd4c4568b317882eb3ae22849470325c6","messageTitle":"Update UG show venue \u0026 fix summary","messageBody":"","fileTypesAndContributionMap":{"docs":{"insertions":92,"deletions":72}}},{"hash":"9798e419d7e4fad0fab80213c3567da61446ebdf","messageTitle":"Riza PPP","messageBody":"","fileTypesAndContributionMap":{"docs":{"insertions":88,"deletions":0}}},{"hash":"eb1e1cbd654f1da00ebecc1f6371ba0e876cef1d","messageTitle":"Add examples for alias UG","messageBody":"","fileTypesAndContributionMap":{"docs":{"insertions":39,"deletions":2}}},{"hash":"172210dd970e1b6f974645ef4d6860b5e554a4bf","messageTitle":"Edit config for docs","messageBody":"","fileTypesAndContributionMap":{"docs":{"insertions":1,"deletions":1}}}]}]},"authorFileTypeContributionMap":{"KimIdeas8":{"docs":619,"functional-code":316,"test-code":118,"other":2},"SimBowen":{"docs":736,"functional-code":485,"test-code":72,"other":2},"Rye98":{"docs":197,"functional-code":309,"test-code":12},"wjchoi0712":{"docs":467,"functional-code":821,"test-code":80},"Rizavur":{"docs":561,"functional-code":502,"test-code":115}},"authorContributionVariance":{"KimIdeas8":59252.875,"SimBowen":38520.918,"Rye98":2872.2117,"wjchoi0712":320870.28,"Rizavur":30952.389},"authorDisplayNameMap":{"KimIdeas8":"CS2113T-T09-2 TAY ..RLEY","SimBowen":"CS2113T-T09-2 SIM ..OWEN","Rye98":"CS2113T-T09-2 ZHON..UHAO","wjchoi0712":"CS2113T-T09-2 CHOI..NJAE","Rizavur":"CS2113T-T09-2 RIZA..HMAN"}}
