{"authorDailyContributionsMap":{"KimIdeas8":[{"date":"2021-03-14","commitResults":[{"hash":"ae723b3fc6b8230f87c2789bf4e85c63e1b7b492","messageTitle":"- Added Class for Parsing Commands related to adding, deleting and listing notes - Added NotesManager Class to execute add,delete and list notes using Parsing Commands Class - Added JUnits Tests for NotesManager Class - Minor edits on main loop (in commandManager \u0026 inputManager): to accomodate to extra filtering for extra parameters in add,delete and list notes command","messageBody":"","fileTypesAndContributionMap":{"functional-code":{"insertions":339,"deletions":4},"test-code":{"insertions":93,"deletions":1}}},{"hash":"0e41686d15c741d5e36580995c5955a23d2f7934","messageTitle":"fixed the package name format","messageBody":"","fileTypesAndContributionMap":{"other":{"insertions":0,"deletions":0}}},{"hash":"4a0dd77da4d5f24ad0a616d02ed153b289e41e0c","messageTitle":"fixed package naming - checkstyle","messageBody":"","fileTypesAndContributionMap":{"functional-code":{"insertions":8,"deletions":8},"test-code":{"insertions":1,"deletions":1}}},{"hash":"4ffc98c5485320fdf49df90ea6a009e8960899b0","messageTitle":"fixed import seedu.duke.notecommandexceptions.* - checkstyle","messageBody":"","fileTypesAndContributionMap":{"functional-code":{"insertions":6,"deletions":1}}},{"hash":"84af3a5fcaeba0ed76f78f8b60539252dd218830","messageTitle":"fixed checkstyle issues","messageBody":"","fileTypesAndContributionMap":{"functional-code":{"insertions":24,"deletions":15}}},{"hash":"903e3634a54711a2c17e73bec4b8e704a77b06e2","messageTitle":"fixed checkstyle","messageBody":"","fileTypesAndContributionMap":{"functional-code":{"insertions":1,"deletions":1}}},{"hash":"622421d2da09c14928d5ddf5ae3ecd4514a1b259","messageTitle":"fixed checkstyle","messageBody":"","fileTypesAndContributionMap":{"test-code":{"insertions":17,"deletions":7}}},{"hash":"1e24ccc13a91ec1e2b3b98b8167bc5721bf27c6c","messageTitle":"fixed checkstyle","messageBody":"","fileTypesAndContributionMap":{"test-code":{"insertions":4,"deletions":3}}},{"hash":"d9ce81fab194359a8f9a31d8f880ccc794d4bc06","messageTitle":"checkstyle","messageBody":"","fileTypesAndContributionMap":{"functional-code":{"insertions":12,"deletions":0},"test-code":{"insertions":1,"deletions":1}}},{"hash":"6d440a300eb2f45e3c25b92604049c53d8df6c10","messageTitle":"checkstyle","messageBody":"","fileTypesAndContributionMap":{"test-code":{"insertions":2,"deletions":2}}},{"hash":"923e6f58494187868a1df2fb32f6d67dd9fd3697","messageTitle":"build gradle","messageBody":"","fileTypesAndContributionMap":{"other":{"insertions":4,"deletions":0}}}]}],"SimBowen":[{"date":"2021-03-09","commitResults":[{"hash":"b6f6c3badf3a46b7163a057fffbc389ccf632d8d","messageTitle":"Added routing algorithm Added simple tesxt command parsing in main class","messageBody":"","fileTypesAndContributionMap":{"functional-code":{"insertions":181,"deletions":2}}},{"hash":"e94758ba8826feb8dc258be06752a04d5d19d1cc","messageTitle":"Removed extra names in AboutUs.md","messageBody":"","fileTypesAndContributionMap":{"docs":{"insertions":0,"deletions":5}}},{"hash":"5aa28bc5a1d0e557f68d6795f5ec6b00106994e9","messageTitle":"changed addedge to string","messageBody":"","fileTypesAndContributionMap":{"functional-code":{"insertions":14,"deletions":25}}},{"hash":"eb8cf5021f3dd10351a6f30c749d3a49c6544a50","messageTitle":"edited addedge","messageBody":"","fileTypesAndContributionMap":{"functional-code":{"insertions":3,"deletions":3}}},{"hash":"e8fbaf20e66a1db55c0d48119451ca546bb8d7c9","messageTitle":"routing command now disregards letter case","messageBody":"","fileTypesAndContributionMap":{"functional-code":{"insertions":78,"deletions":19}}}]},{"date":"2021-03-11","commitResults":[{"hash":"e5558329ca9eafb24e9debc804ca791456ac1542","messageTitle":"Edited Input manager to utilise updated router code instead of old Routing class.","messageBody":"","fileTypesAndContributionMap":{"functional-code":{"insertions":17,"deletions":222}}},{"hash":"d7d3842f4f074b37e754e4772e7efb89eaa4b3f3","messageTitle":"added JUnit tests for Router","messageBody":"","fileTypesAndContributionMap":{"functional-code":{"insertions":13,"deletions":8},"test-code":{"insertions":31,"deletions":1}}}]},{"date":"2021-03-16","commitResults":[{"hash":"f6f52728c1869ce934411b22988a8055aca77ace","messageTitle":"Slight cleanup of code","messageBody":"","fileTypesAndContributionMap":{"functional-code":{"insertions":104,"deletions":83},"test-code":{"insertions":1,"deletions":1}}},{"hash":"0169a567576b5b7110c917c8ede699c5b3d11cba","messageTitle":"Fixed bug where repeat routing would fail due to uncleard visited flags","messageBody":"","fileTypesAndContributionMap":{"functional-code":{"insertions":5,"deletions":15}}},{"hash":"fd9604c2b6436d69baaab0babd55ed04325d61bc","messageTitle":"fixed checkstyle errors","messageBody":"","fileTypesAndContributionMap":{"functional-code":{"insertions":5,"deletions":4}}},{"hash":"0bb0bdc1d13f1b06778d3710cd548ad8a3d077da","messageTitle":"removed unwanted print statements","messageBody":"","fileTypesAndContributionMap":{"functional-code":{"insertions":0,"deletions":2}}},{"hash":"94fabf69a0943920455304c4345f7eeed6866026","messageTitle":"Added JUnit test to check if repeated calls clear visited flags","messageBody":"","fileTypesAndContributionMap":{"test-code":{"insertions":11,"deletions":0}}},{"hash":"645a5ad8ea11a8bc078f5a63f392f392691c5db6","messageTitle":"Fixed the new jUnit test to check for flag reset Changed most jUnit tests to check the execute function instead","messageBody":"","fileTypesAndContributionMap":{"test-code":{"insertions":5,"deletions":4}}}]}],"Rye98":[{"date":"2021-03-09","commitResults":[{"hash":"0b91cbfd6c097fc568fa0ea10f8f581df2b77cc1","messageTitle":"Added Record class","messageBody":"Fixes #19\nFixes #20\n","fileTypesAndContributionMap":{"functional-code":{"insertions":30,"deletions":0}}},{"hash":"8ba585c3dbd2e303da34e5d5777a662b87c15c28","messageTitle":"Removed edits","messageBody":"","fileTypesAndContributionMap":{"functional-code":{"insertions":0,"deletions":29}}},{"hash":"0b72db0f374be3f7b8ed53e35de28692fb3cde4c","messageTitle":"Added Record class","messageBody":"","fileTypesAndContributionMap":{"functional-code":{"insertions":12,"deletions":0}}},{"hash":"1c3fdde037613e9f51a144b495f1e5099f05bd8c","messageTitle":"Added displayRecord Method","messageBody":"Fixes #19\nFixes #20\n","fileTypesAndContributionMap":{"functional-code":{"insertions":15,"deletions":0}}},{"hash":"6c894578594da377bc4278f2b5bded165655e155","messageTitle":"Added addRecord Method","messageBody":"Fixes #20\n","fileTypesAndContributionMap":{"functional-code":{"insertions":4,"deletions":0}}},{"hash":"2eb2b31b2beac4e65d5d254f03d2b88ba096a7a6","messageTitle":"Added emptyRecords Method","messageBody":"Fixes #22\n","fileTypesAndContributionMap":{"functional-code":{"insertions":4,"deletions":0}}}]},{"date":"2021-03-11","commitResults":[{"hash":"66ae7d172999d2240968014da3690e058d448a80","messageTitle":"Update Router\u0027s execute method","messageBody":"A record of each valid user input will be saved into history.\n","fileTypesAndContributionMap":{"functional-code":{"insertions":4,"deletions":3}}}]},{"date":"2021-03-12","commitResults":[{"hash":"385f62c4697d84739a26134cc01f7a4955699d18","messageTitle":"Update emptyRecords method","messageBody":"","fileTypesAndContributionMap":{"functional-code":{"insertions":5,"deletions":9}}},{"hash":"1dc89410e05b93d93c85797a8a910a2a7b417bdf","messageTitle":"Revert \"Update Router\u0027s execute method\"","messageBody":"This reverts commit 66ae7d172999d2240968014da3690e058d448a80.\n","fileTypesAndContributionMap":{"functional-code":{"insertions":3,"deletions":4}}},{"hash":"0cc8b209c184b301cba4d424702b027494ec61f3","messageTitle":"Update Router\u0027s execute() method","messageBody":"","fileTypesAndContributionMap":{"functional-code":{"insertions":4,"deletions":2}}},{"hash":"73c87b707691d25e242639d38eb606cee32ff212","messageTitle":"Added JUnit test for Records","messageBody":"","fileTypesAndContributionMap":{"test-code":{"insertions":26,"deletions":0}}}]},{"date":"2021-03-14","commitResults":[{"hash":"d2e41c8a32ecfba37e6962ed1a79134f9d5753c6","messageTitle":"no message","messageBody":"","fileTypesAndContributionMap":{"test-code":{"insertions":1,"deletions":1}}},{"hash":"ddc5897b50d7ad7775eedf7c7d6264bc45c4598f","messageTitle":"Added repeatExecution method","messageBody":"","fileTypesAndContributionMap":{"functional-code":{"insertions":38,"deletions":1}}},{"hash":"334c82dd3ee6e3d68dd2dd5e874098ab55a3c410","messageTitle":"Added repeatExecution method","messageBody":"","fileTypesAndContributionMap":{"functional-code":{"insertions":0,"deletions":1}}}]}],"wjchoi0712":[{"date":"2021-03-11","commitResults":[{"hash":"ecfc6bc695085e0718eae7a5583680fd88c9f90b","messageTitle":"Added router","messageBody":"","fileTypesAndContributionMap":{"functional-code":{"insertions":219,"deletions":225}}},{"hash":"b7334eebe0adaa0cbc945eac1fa569dec7dc7f0c","messageTitle":"Fixed block class","messageBody":"","fileTypesAndContributionMap":{"functional-code":{"insertions":0,"deletions":22}}},{"hash":"8803cdbb2755719117109513ddbf40981233740d","messageTitle":"Edited scanning process","messageBody":"","fileTypesAndContributionMap":{"functional-code":{"insertions":6,"deletions":9}}}]},{"date":"2021-03-15","commitResults":[{"hash":"119195b4da08cb6aee79f03157d99d226f675426","messageTitle":"Fixed routing algo","messageBody":"","fileTypesAndContributionMap":{"functional-code":{"insertions":45,"deletions":59}}},{"hash":"04ec652d651d838d57b8f478b275ab13927b17ae","messageTitle":"Fixed the code into more OOP","messageBody":"","fileTypesAndContributionMap":{"functional-code":{"insertions":333,"deletions":180},"other":{"insertions":25,"deletions":22},"test-code":{"insertions":1,"deletions":72}}},{"hash":"66dcd11db3c4dc3903d57e1c573bc990fbbc911f","messageTitle":"Resolved checkstyle","messageBody":"","fileTypesAndContributionMap":{"functional-code":{"insertions":15,"deletions":7}}}]},{"date":"2021-03-16","commitResults":[{"hash":"de7405ea0b1c95ee5e7c03a1fd0bbafb213e1287","messageTitle":"Fixed Command and Ui","messageBody":"","fileTypesAndContributionMap":{"functional-code":{"insertions":120,"deletions":66},"test-code":{"insertions":32,"deletions":15}}},{"hash":"7cd5794cfd1fb200e1b3ba604ea8bdb4705859f2","messageTitle":"Fixed checkstyle error","messageBody":"","fileTypesAndContributionMap":{"functional-code":{"insertions":2,"deletions":2}}},{"hash":"328774484efbe0ff81401b44039d739bc317b38b","messageTitle":"Fixed checkstyle for test class","messageBody":"","fileTypesAndContributionMap":{"test-code":{"insertions":2,"deletions":1}}}]}],"Rizavur":[{"date":"2021-03-10","commitResults":[{"hash":"43264196eaf15d1408ce42fcc151a675671a0ae7","messageTitle":"Fix GitHub failed actions CI","messageBody":"","fileTypesAndContributionMap":{"other":{"insertions":0,"deletions":0}}},{"hash":"ea8ab31f2c139cb67d9f2d242039de858fb6ae3e","messageTitle":"Add UIManager class and rename classes","messageBody":"","fileTypesAndContributionMap":{"functional-code":{"insertions":5,"deletions":0},"other":{"insertions":4,"deletions":7}}},{"hash":"335612b2a7e5397e036182ee7282aaf56338323f","messageTitle":"Change Duke logo to NUSMaze logo","messageBody":"","fileTypesAndContributionMap":{"functional-code":{"insertions":21,"deletions":6}}},{"hash":"5cef9dfbed3aa3c101aa32bed6cd2d04b5c43fc6","messageTitle":"Add greet and bye messages","messageBody":"","fileTypesAndContributionMap":{"functional-code":{"insertions":14,"deletions":0}}},{"hash":"5044fb20181d2d2fa739e3051881ce4f0ce89989","messageTitle":"Add command and input classes","messageBody":"","fileTypesAndContributionMap":{"functional-code":{"insertions":15,"deletions":0}}},{"hash":"66bf1b101849ed9a5e1bc4b4efe43b39d89a1795","messageTitle":"Add enum for commands","messageBody":"","fileTypesAndContributionMap":{"functional-code":{"insertions":8,"deletions":1}}},{"hash":"bd913bdbf6871ce44e62358610f1c7c54a1987e5","messageTitle":"Rename some command enums","messageBody":"","fileTypesAndContributionMap":{"functional-code":{"insertions":4,"deletions":4}}},{"hash":"b3360332a0f20afe030ee11ada2dabad5520047a","messageTitle":"Add ability to convert user input to command","messageBody":"","fileTypesAndContributionMap":{"functional-code":{"insertions":37,"deletions":0}}},{"hash":"4b0f8882048e48f4091e3508b2a687d55e7a42bc","messageTitle":"Add invalid message","messageBody":"","fileTypesAndContributionMap":{"functional-code":{"insertions":4,"deletions":1}}},{"hash":"9c94b3e7cc73bd2139c9f4d206459bc86df19f30","messageTitle":"Add ability for input manager to obtain and execute commands","messageBody":"","fileTypesAndContributionMap":{"functional-code":{"insertions":37,"deletions":1}}},{"hash":"309d6ba03aa58cc919c2bac79d1b97141929378e","messageTitle":"Integrate routing and history commands","messageBody":"","fileTypesAndContributionMap":{"functional-code":{"insertions":25,"deletions":18}}},{"hash":"6e1647d980d88a1c0eae29543b623fd373f18900","messageTitle":"Add missing scanner import","messageBody":"","fileTypesAndContributionMap":{"functional-code":{"insertions":1,"deletions":0}}},{"hash":"f0b8712ace2ded12d61886528d809cfdfe77be97","messageTitle":"Rename command enum types","messageBody":"","fileTypesAndContributionMap":{"functional-code":{"insertions":23,"deletions":23}}},{"hash":"8a2e79f56684f091762c3ebea7c651c34dbc66b8","messageTitle":"Add JUnit test for CommandManager class","messageBody":"","fileTypesAndContributionMap":{"test-code":{"insertions":60,"deletions":0}}},{"hash":"6dfbc953f2ef3020e9fa15b0bd152800bf77899f","messageTitle":"Add tests for whitespaces in input","messageBody":"","fileTypesAndContributionMap":{"test-code":{"insertions":13,"deletions":1}}}]},{"date":"2021-03-11","commitResults":[{"hash":"7354619daf57a4e48529ff83eb9c0d5d670cec4e","messageTitle":"Fix checkstyle issues","messageBody":"","fileTypesAndContributionMap":{"functional-code":{"insertions":4,"deletions":14},"other":{"insertions":15,"deletions":21}}},{"hash":"d37fbc94aee78f1ccf7628b6a61758194f0acc81","messageTitle":"Update IO redirection test","messageBody":"","fileTypesAndContributionMap":{"other":{"insertions":1,"deletions":1}}},{"hash":"1bbc103f294d6999d5667ca256173c12ec0271b8","messageTitle":"Fix checkstyle in router","messageBody":"","fileTypesAndContributionMap":{"functional-code":{"insertions":2,"deletions":2}}},{"hash":"a32160cfd32dc9dff41f08238b3984ed6b6dbf12","messageTitle":"Fix checkstyle in router test","messageBody":"","fileTypesAndContributionMap":{"test-code":{"insertions":4,"deletions":3}}}]},{"date":"2021-03-14","commitResults":[{"hash":"fce827c5010891242a76e765b13d4260588b7fda","messageTitle":"Add help message","messageBody":"","fileTypesAndContributionMap":{"functional-code":{"insertions":18,"deletions":1}}}]},{"date":"2021-03-15","commitResults":[{"hash":"155773417b218185c790696c869d2887bc2bcbe0","messageTitle":"Fix checkstyle","messageBody":"","fileTypesAndContributionMap":{"functional-code":{"insertions":16,"deletions":6}}}]},{"date":"2021-03-17","commitResults":[{"hash":"9d0f4e15e995f55a9820dd57d4b69b8a15f3906c","messageTitle":"Add test for UiManager","messageBody":"","fileTypesAndContributionMap":{"functional-code":{"insertions":14,"deletions":15},"test-code":{"insertions":85,"deletions":0}}},{"hash":"836fd00e548df80d86bd5ed7a91f4bee0171f2d2","messageTitle":"Fix checkstyle errors","messageBody":"","fileTypesAndContributionMap":{"functional-code":{"insertions":10,"deletions":10},"test-code":{"insertions":26,"deletions":26}}},{"hash":"b9babab69690d58feedbd42cb6b9d08923bed884","messageTitle":"Add parser test","messageBody":"","fileTypesAndContributionMap":{"functional-code":{"insertions":0,"deletions":3},"test-code":{"insertions":71,"deletions":0}}},{"hash":"be549087669df7e68269278130139f745b76a702","messageTitle":"Fix parser test checkstyle errors","messageBody":"","fileTypesAndContributionMap":{"test-code":{"insertions":13,"deletions":5}}},{"hash":"78509834dd6062bc27f46b947ecaf9d94fd40fa3","messageTitle":"Fix extra divider issue for help msg","messageBody":"","fileTypesAndContributionMap":{"functional-code":{"insertions":5,"deletions":6}}},{"hash":"fe6c9ca9f57f43d63a131fe7f4be595907aa0ddb","messageTitle":"Remove extra line from help msg test","messageBody":"","fileTypesAndContributionMap":{"test-code":{"insertions":1,"deletions":1}}},{"hash":"91f6c695e737ad48588b3b76b0e6b4dded664b9f","messageTitle":"Change import path for invalid command exception","messageBody":"","fileTypesAndContributionMap":{"test-code":{"insertions":1,"deletions":0}}},{"hash":"716614cc9776a43e0a853229c6de115f2e6f269f","messageTitle":"Fix missing logo","messageBody":"","fileTypesAndContributionMap":{"functional-code":{"insertions":1,"deletions":0}}},{"hash":"d89a5fa31963a8dfc396cfb3ccb50af7c7b4ab7e","messageTitle":"Fix failing windows CI check","messageBody":"","fileTypesAndContributionMap":{"test-code":{"insertions":2,"deletions":2}}},{"hash":"c9d64b2322a694864397cd4078ae8472ccde4fd2","messageTitle":"FIx missing divider for invalid command","messageBody":"","fileTypesAndContributionMap":{"functional-code":{"insertions":5,"deletions":4}}}]}]},"authorFileTypeContributionMap":{"KimIdeas8":{"docs":1,"functional-code":348,"test-code":104,"other":4},"SimBowen":{"docs":0,"functional-code":87,"test-code":34},"Rye98":{"docs":0,"functional-code":23,"test-code":12},"wjchoi0712":{"docs":0,"functional-code":536,"test-code":39},"Rizavur":{"docs":0,"functional-code":35,"test-code":167}},"authorContributionVariance":{"KimIdeas8":21950.488,"SimBowen":14969.75,"Rye98":807.91724,"wjchoi0712":53580.75,"Rizavur":12841.171},"authorDisplayNameMap":{"KimIdeas8":"CS2113T-T09-2 TAY ..RLEY","SimBowen":"CS2113T-T09-2 SIM ..OWEN","Rye98":"CS2113T-T09-2 ZHON..UHAO","wjchoi0712":"CS2113T-T09-2 CHOI..NJAE","Rizavur":"CS2113T-T09-2 RIZA..HMAN"}}
