[{"path":"build.gradle","fileType":"other","lines":[{"lineNumber":1,"author":{"gitId":"-"},"content":"plugins {"},{"lineNumber":2,"author":{"gitId":"-"},"content":"    id \u0027java\u0027"},{"lineNumber":3,"author":{"gitId":"-"},"content":"    id \u0027application\u0027"},{"lineNumber":4,"author":{"gitId":"-"},"content":"    id \u0027checkstyle\u0027"},{"lineNumber":5,"author":{"gitId":"-"},"content":"    id \u0027com.github.johnrengelman.shadow\u0027 version \u00275.1.0\u0027"},{"lineNumber":6,"author":{"gitId":"-"},"content":"}"},{"lineNumber":7,"author":{"gitId":"-"},"content":""},{"lineNumber":8,"author":{"gitId":"-"},"content":"repositories {"},{"lineNumber":9,"author":{"gitId":"-"},"content":"    mavenCentral()"},{"lineNumber":10,"author":{"gitId":"-"},"content":"}"},{"lineNumber":11,"author":{"gitId":"-"},"content":""},{"lineNumber":12,"author":{"gitId":"-"},"content":"dependencies {"},{"lineNumber":13,"author":{"gitId":"-"},"content":"    testImplementation group: \u0027org.junit.jupiter\u0027, name: \u0027junit-jupiter-api\u0027, version: \u00275.5.0\u0027"},{"lineNumber":14,"author":{"gitId":"-"},"content":"    testRuntimeOnly group: \u0027org.junit.jupiter\u0027, name: \u0027junit-jupiter-engine\u0027, version: \u00275.5.0\u0027"},{"lineNumber":15,"author":{"gitId":"kewenlok"},"content":"    compile group: \u0027com.google.code.gson\u0027, name: \u0027gson\u0027, version: \u00272.8.6\u0027"},{"lineNumber":16,"author":{"gitId":"-"},"content":"}"},{"lineNumber":17,"author":{"gitId":"-"},"content":""},{"lineNumber":18,"author":{"gitId":"-"},"content":"test {"},{"lineNumber":19,"author":{"gitId":"-"},"content":"    useJUnitPlatform()"},{"lineNumber":20,"author":{"gitId":"-"},"content":""},{"lineNumber":21,"author":{"gitId":"-"},"content":"    testLogging {"},{"lineNumber":22,"author":{"gitId":"-"},"content":"        events \"passed\", \"skipped\", \"failed\""},{"lineNumber":23,"author":{"gitId":"-"},"content":""},{"lineNumber":24,"author":{"gitId":"-"},"content":"        showExceptions true"},{"lineNumber":25,"author":{"gitId":"-"},"content":"        exceptionFormat \"full\""},{"lineNumber":26,"author":{"gitId":"-"},"content":"        showCauses true"},{"lineNumber":27,"author":{"gitId":"-"},"content":"        showStackTraces true"},{"lineNumber":28,"author":{"gitId":"-"},"content":"        showStandardStreams \u003d false"},{"lineNumber":29,"author":{"gitId":"-"},"content":"    }"},{"lineNumber":30,"author":{"gitId":"-"},"content":"}"},{"lineNumber":31,"author":{"gitId":"-"},"content":""},{"lineNumber":32,"author":{"gitId":"-"},"content":"application {"},{"lineNumber":33,"author":{"gitId":"kewenlok"},"content":"    mainClassName \u003d \"seedu.igraduate.IGraduate\""},{"lineNumber":34,"author":{"gitId":"-"},"content":"}"},{"lineNumber":35,"author":{"gitId":"-"},"content":""},{"lineNumber":36,"author":{"gitId":"-"},"content":"shadowJar {"},{"lineNumber":37,"author":{"gitId":"kewenlok"},"content":"    archiveBaseName \u003d \"igraduate\""},{"lineNumber":38,"author":{"gitId":"-"},"content":"    archiveClassifier \u003d null"},{"lineNumber":39,"author":{"gitId":"-"},"content":"}"},{"lineNumber":40,"author":{"gitId":"-"},"content":""},{"lineNumber":41,"author":{"gitId":"-"},"content":"checkstyle {"},{"lineNumber":42,"author":{"gitId":"-"},"content":"    toolVersion \u003d \u00278.23\u0027"},{"lineNumber":43,"author":{"gitId":"-"},"content":"}"},{"lineNumber":44,"author":{"gitId":"-"},"content":""},{"lineNumber":45,"author":{"gitId":"-"},"content":"run{"},{"lineNumber":46,"author":{"gitId":"-"},"content":"    standardInput \u003d System.in"},{"lineNumber":47,"author":{"gitId":"-"},"content":"}"}],"authorContributionMap":{"kewenlok":3,"-":44}},{"path":"src/main/java/seedu/igraduate/IGraduate.java","fileType":"functional-code","lines":[{"lineNumber":1,"author":{"gitId":"kewenlok"},"content":"package seedu.igraduate;"},{"lineNumber":2,"author":{"gitId":"-"},"content":""},{"lineNumber":3,"author":{"gitId":"kewenlok"},"content":"import java.io.File;"},{"lineNumber":4,"author":{"gitId":"kewenlok"},"content":"import java.nio.file.Paths;"},{"lineNumber":5,"author":{"gitId":"-"},"content":""},{"lineNumber":6,"author":{"gitId":"kewenlok"},"content":"import seedu.igraduate.command.Command;"},{"lineNumber":7,"author":{"gitId":"xseh"},"content":"import seedu.igraduate.exception.InvalidCommandException;"},{"lineNumber":8,"author":{"gitId":"xseh"},"content":""},{"lineNumber":9,"author":{"gitId":"kewenlok"},"content":"/**"},{"lineNumber":10,"author":{"gitId":"kewenlok"},"content":" * IGraduate program."},{"lineNumber":11,"author":{"gitId":"kewenlok"},"content":" */"},{"lineNumber":12,"author":{"gitId":"kewenlok"},"content":"public class IGraduate {"},{"lineNumber":13,"author":{"gitId":"xseh"},"content":"    private Storage storage;"},{"lineNumber":14,"author":{"gitId":"xseh"},"content":"    private ModuleList modules;"},{"lineNumber":15,"author":{"gitId":"kewenlok"},"content":"    private Ui ui;"},{"lineNumber":16,"author":{"gitId":"xseh"},"content":""},{"lineNumber":17,"author":{"gitId":"-"},"content":"    /**"},{"lineNumber":18,"author":{"gitId":"kewenlok"},"content":"     * Instantiates Storage, ModuleList and Ui components of the program."},{"lineNumber":19,"author":{"gitId":"kewenlok"},"content":"     *"},{"lineNumber":20,"author":{"gitId":"kewenlok"},"content":"     * @param filePath The file path at which module data file is located, if exists."},{"lineNumber":21,"author":{"gitId":"-"},"content":"     */"},{"lineNumber":22,"author":{"gitId":"xseh"},"content":""},{"lineNumber":23,"author":{"gitId":"kewenlok"},"content":"    public IGraduate(File filePath) {"},{"lineNumber":24,"author":{"gitId":"kewenlok"},"content":"        ui \u003d new Ui();"},{"lineNumber":25,"author":{"gitId":"kewenlok"},"content":"        storage \u003d new Storage(filePath);"},{"lineNumber":26,"author":{"gitId":"xseh"},"content":"        try {"},{"lineNumber":27,"author":{"gitId":"kewenlok"},"content":"            modules \u003d new ModuleList(storage.loadModulesFromFile());"},{"lineNumber":28,"author":{"gitId":"kewenlok"},"content":"        } catch (Exception e) {"},{"lineNumber":29,"author":{"gitId":"kewenlok"},"content":"            ui.printErrorMessage(1); // Todo: Change to exception"},{"lineNumber":30,"author":{"gitId":"kewenlok"},"content":"            modules \u003d new ModuleList();"},{"lineNumber":31,"author":{"gitId":"kewenlok"},"content":"        }"},{"lineNumber":32,"author":{"gitId":"kewenlok"},"content":"    }"},{"lineNumber":33,"author":{"gitId":"-"},"content":""},{"lineNumber":34,"author":{"gitId":"kewenlok"},"content":"    /**"},{"lineNumber":35,"author":{"gitId":"kewenlok"},"content":"     * Runs IGraduate program."},{"lineNumber":36,"author":{"gitId":"kewenlok"},"content":"     */"},{"lineNumber":37,"author":{"gitId":"kewenlok"},"content":"    public void run() {"},{"lineNumber":38,"author":{"gitId":"kewenlok"},"content":"        ui.printWelcomeMessage();"},{"lineNumber":39,"author":{"gitId":"kewenlok"},"content":"        boolean isExit \u003d false;"},{"lineNumber":40,"author":{"gitId":"kewenlok"},"content":"        while (!isExit) {"},{"lineNumber":41,"author":{"gitId":"kewenlok"},"content":"            try {"},{"lineNumber":42,"author":{"gitId":"kewenlok"},"content":"                String fullCommand \u003d ui.getCommand();"},{"lineNumber":43,"author":{"gitId":"kewenlok"},"content":"                ui.printBorderLine();"},{"lineNumber":44,"author":{"gitId":"kewenlok"},"content":"                Command c \u003d Parser.parseCommand(fullCommand);"},{"lineNumber":45,"author":{"gitId":"kewenlok"},"content":"                c.execute(modules, ui, storage);"},{"lineNumber":46,"author":{"gitId":"xseh"},"content":"                isExit \u003d c.isExit();"},{"lineNumber":47,"author":{"gitId":"xseh"},"content":"            } catch (InvalidCommandException exception) {"},{"lineNumber":48,"author":{"gitId":"xseh"},"content":"                System.out.println(\"Invalid input!\");"},{"lineNumber":49,"author":{"gitId":"xseh"},"content":"            } catch (NumberFormatException exception) {"},{"lineNumber":50,"author":{"gitId":"xseh"},"content":"                System.out.println(\"Invalid number!\");"},{"lineNumber":51,"author":{"gitId":"kewenlok"},"content":"            } finally {"},{"lineNumber":52,"author":{"gitId":"kewenlok"},"content":"                ui.printBorderLine();"},{"lineNumber":53,"author":{"gitId":"xseh"},"content":"            }"},{"lineNumber":54,"author":{"gitId":"xseh"},"content":"        }"},{"lineNumber":55,"author":{"gitId":"-"},"content":"    }"},{"lineNumber":56,"author":{"gitId":"kewenlok"},"content":""},{"lineNumber":57,"author":{"gitId":"kewenlok"},"content":"    public static void main(String[] args) {"},{"lineNumber":58,"author":{"gitId":"kewenlok"},"content":"        File filePath \u003d Paths.get(\"data/modules.json\").toFile();"},{"lineNumber":59,"author":{"gitId":"kewenlok"},"content":"        new IGraduate(filePath).run();"},{"lineNumber":60,"author":{"gitId":"-"},"content":"    }"},{"lineNumber":61,"author":{"gitId":"-"},"content":"}"}],"authorContributionMap":{"kewenlok":39,"xseh":14,"-":8}},{"path":"src/main/java/seedu/igraduate/ModuleList.java","fileType":"functional-code","lines":[{"lineNumber":1,"author":{"gitId":"kewenlok"},"content":"package seedu.igraduate;"},{"lineNumber":2,"author":{"gitId":"kewenlok"},"content":""},{"lineNumber":3,"author":{"gitId":"kewenlok"},"content":"import seedu.igraduate.module.Module;"},{"lineNumber":4,"author":{"gitId":"kewenlok"},"content":""},{"lineNumber":5,"author":{"gitId":"kewenlok"},"content":"import java.util.ArrayList;"},{"lineNumber":6,"author":{"gitId":"kewenlok"},"content":""},{"lineNumber":7,"author":{"gitId":"kewenlok"},"content":"/**"},{"lineNumber":8,"author":{"gitId":"kewenlok"},"content":" * Handles underlying operations on modules ArrayList."},{"lineNumber":9,"author":{"gitId":"kewenlok"},"content":" */"},{"lineNumber":10,"author":{"gitId":"kewenlok"},"content":"public class ModuleList {"},{"lineNumber":11,"author":{"gitId":"kewenlok"},"content":"    /**"},{"lineNumber":12,"author":{"gitId":"kewenlok"},"content":"     * ArrayList that stores all the modules data."},{"lineNumber":13,"author":{"gitId":"kewenlok"},"content":"     */"},{"lineNumber":14,"author":{"gitId":"kewenlok"},"content":"    private ArrayList\u003cModule\u003e modules;"},{"lineNumber":15,"author":{"gitId":"kewenlok"},"content":""},{"lineNumber":16,"author":{"gitId":"kewenlok"},"content":"    /**"},{"lineNumber":17,"author":{"gitId":"kewenlok"},"content":"     * Constructs new ArrayList if no data is provided."},{"lineNumber":18,"author":{"gitId":"kewenlok"},"content":"     */"},{"lineNumber":19,"author":{"gitId":"kewenlok"},"content":"    public ModuleList() {"},{"lineNumber":20,"author":{"gitId":"kewenlok"},"content":"        this(new ArrayList\u003c\u003e());"},{"lineNumber":21,"author":{"gitId":"kewenlok"},"content":"    }"},{"lineNumber":22,"author":{"gitId":"kewenlok"},"content":""},{"lineNumber":23,"author":{"gitId":"kewenlok"},"content":"    /**"},{"lineNumber":24,"author":{"gitId":"kewenlok"},"content":"     * Assigns the existing ArrayList with modules data as the module storage."},{"lineNumber":25,"author":{"gitId":"kewenlok"},"content":"     *"},{"lineNumber":26,"author":{"gitId":"kewenlok"},"content":"     * @param modules ArrayList consists of existing modules data."},{"lineNumber":27,"author":{"gitId":"kewenlok"},"content":"     */"},{"lineNumber":28,"author":{"gitId":"kewenlok"},"content":"    public ModuleList(ArrayList\u003cModule\u003e modules) {"},{"lineNumber":29,"author":{"gitId":"kewenlok"},"content":"        this.modules \u003d modules;"},{"lineNumber":30,"author":{"gitId":"kewenlok"},"content":"    }"},{"lineNumber":31,"author":{"gitId":"kewenlok"},"content":""},{"lineNumber":32,"author":{"gitId":"kewenlok"},"content":"    /**"},{"lineNumber":33,"author":{"gitId":"kewenlok"},"content":"     * Adds new module to the module storage."},{"lineNumber":34,"author":{"gitId":"kewenlok"},"content":"     *"},{"lineNumber":35,"author":{"gitId":"kewenlok"},"content":"     * @param module Module to be added into the module list."},{"lineNumber":36,"author":{"gitId":"kewenlok"},"content":"     */"},{"lineNumber":37,"author":{"gitId":"kewenlok"},"content":"    public void add(Module module) {"},{"lineNumber":38,"author":{"gitId":"kewenlok"},"content":"        modules.add(module);"},{"lineNumber":39,"author":{"gitId":"kewenlok"},"content":"    }"},{"lineNumber":40,"author":{"gitId":"kewenlok"},"content":""},{"lineNumber":41,"author":{"gitId":"kewenlok"},"content":"    /**"},{"lineNumber":42,"author":{"gitId":"kewenlok"},"content":"     * Removes specified module from the module storage."},{"lineNumber":43,"author":{"gitId":"kewenlok"},"content":"     *"},{"lineNumber":44,"author":{"gitId":"kewenlok"},"content":"     * @param module Module to be removed from the module list."},{"lineNumber":45,"author":{"gitId":"kewenlok"},"content":"     */"},{"lineNumber":46,"author":{"gitId":"kewenlok"},"content":"    public void delete(Module module) {"},{"lineNumber":47,"author":{"gitId":"kewenlok"},"content":"        modules.remove(module);"},{"lineNumber":48,"author":{"gitId":"kewenlok"},"content":"    }"},{"lineNumber":49,"author":{"gitId":"kewenlok"},"content":""},{"lineNumber":50,"author":{"gitId":"kewenlok"},"content":"    /**"},{"lineNumber":51,"author":{"gitId":"kewenlok"},"content":"     * Retrieves and returns the underlying ArrayList for storing modules."},{"lineNumber":52,"author":{"gitId":"kewenlok"},"content":"     *"},{"lineNumber":53,"author":{"gitId":"kewenlok"},"content":"     * @return The task list used for storing all modules."},{"lineNumber":54,"author":{"gitId":"kewenlok"},"content":"     */"},{"lineNumber":55,"author":{"gitId":"kewenlok"},"content":"    public ArrayList\u003cModule\u003e getModules() {"},{"lineNumber":56,"author":{"gitId":"kewenlok"},"content":"        return modules;"},{"lineNumber":57,"author":{"gitId":"kewenlok"},"content":"    }"},{"lineNumber":58,"author":{"gitId":"kewenlok"},"content":""},{"lineNumber":59,"author":{"gitId":"kewenlok"},"content":"    /**"},{"lineNumber":60,"author":{"gitId":"kewenlok"},"content":"     * Obtains and returns the current module list size."},{"lineNumber":61,"author":{"gitId":"kewenlok"},"content":"     *"},{"lineNumber":62,"author":{"gitId":"kewenlok"},"content":"     * @return The number of modules in the ArrayList."},{"lineNumber":63,"author":{"gitId":"kewenlok"},"content":"     */"},{"lineNumber":64,"author":{"gitId":"kewenlok"},"content":"    public int size() {"},{"lineNumber":65,"author":{"gitId":"kewenlok"},"content":"        return modules.size();"},{"lineNumber":66,"author":{"gitId":"kewenlok"},"content":"    }"},{"lineNumber":67,"author":{"gitId":"kewenlok"},"content":""},{"lineNumber":68,"author":{"gitId":"kewenlok"},"content":"    /**"},{"lineNumber":69,"author":{"gitId":"kewenlok"},"content":"     * Retrieves specified module from module list."},{"lineNumber":70,"author":{"gitId":"kewenlok"},"content":"     *"},{"lineNumber":71,"author":{"gitId":"kewenlok"},"content":"     * @param index Index of module in the module list."},{"lineNumber":72,"author":{"gitId":"kewenlok"},"content":"     * @return The retrieved module based on specified index."},{"lineNumber":73,"author":{"gitId":"kewenlok"},"content":"     */"},{"lineNumber":74,"author":{"gitId":"kewenlok"},"content":"    public Module get(int index) {"},{"lineNumber":75,"author":{"gitId":"kewenlok"},"content":"        return modules.get(index);"},{"lineNumber":76,"author":{"gitId":"kewenlok"},"content":"    }"},{"lineNumber":77,"author":{"gitId":"kewenlok"},"content":"}"}],"authorContributionMap":{"kewenlok":77}},{"path":"src/main/java/seedu/igraduate/Parser.java","fileType":"functional-code","lines":[{"lineNumber":1,"author":{"gitId":"kewenlok"},"content":"package seedu.igraduate;"},{"lineNumber":2,"author":{"gitId":"kewenlok"},"content":""},{"lineNumber":3,"author":{"gitId":"kewenlok"},"content":"import seedu.igraduate.command.Command;"},{"lineNumber":4,"author":{"gitId":"kewenlok"},"content":"import seedu.igraduate.command.AddCommand;"},{"lineNumber":5,"author":{"gitId":"kewenlok"},"content":"import seedu.igraduate.command.DeleteCommand;"},{"lineNumber":6,"author":{"gitId":"xseh"},"content":"import seedu.igraduate.command.ExitCommand;"},{"lineNumber":7,"author":{"gitId":"kewenlok"},"content":"import seedu.igraduate.command.ListCommand;"},{"lineNumber":8,"author":{"gitId":"kewenlok"},"content":"import seedu.igraduate.command.ProgressCommand;"},{"lineNumber":9,"author":{"gitId":"fupernova"},"content":""},{"lineNumber":10,"author":{"gitId":"xseh"},"content":"import seedu.igraduate.exception.InvalidCommandException;"},{"lineNumber":11,"author":{"gitId":"xseh"},"content":""},{"lineNumber":12,"author":{"gitId":"kewenlok"},"content":"public class Parser {"},{"lineNumber":13,"author":{"gitId":"xseh"},"content":"    private static final String COMMAND_ADD \u003d \"add\";"},{"lineNumber":14,"author":{"gitId":"xseh"},"content":"    private static final String COMMAND_DELETE \u003d \"delete\";"},{"lineNumber":15,"author":{"gitId":"xseh"},"content":"    private static final String COMMAND_LIST \u003d \"list\";"},{"lineNumber":16,"author":{"gitId":"xseh"},"content":"    private static final String COMMAND_PROGRESS \u003d \"progress\";"},{"lineNumber":17,"author":{"gitId":"xseh"},"content":"    private static final String COMMAND_EXIT \u003d \"exit\";"},{"lineNumber":18,"author":{"gitId":"xseh"},"content":"    private static final int COMMAND_ADD_LENGTH \u003d 6;"},{"lineNumber":19,"author":{"gitId":"xseh"},"content":"    private static final int COMMAND_DELETE_LENGTH \u003d 2;"},{"lineNumber":20,"author":{"gitId":"xseh"},"content":"    private static final int COMMAND_LIST_LENGTH \u003d 2;"},{"lineNumber":21,"author":{"gitId":"xseh"},"content":"    private static final int COMMAND_PROGRESS_LENGTH \u003d 1;"},{"lineNumber":22,"author":{"gitId":"xseh"},"content":"    private static final int COMMAND_EXIT_LENGTH \u003d 1;"},{"lineNumber":23,"author":{"gitId":"xseh"},"content":"    "},{"lineNumber":24,"author":{"gitId":"fupernova"},"content":"    /**"},{"lineNumber":25,"author":{"gitId":"xseh"},"content":"     * Parses user input and identifies the command to be executed."},{"lineNumber":26,"author":{"gitId":"fupernova"},"content":"     *"},{"lineNumber":27,"author":{"gitId":"fupernova"},"content":"     * @param line user input."},{"lineNumber":28,"author":{"gitId":"fupernova"},"content":"     */"},{"lineNumber":29,"author":{"gitId":"xseh"},"content":"    public static Command parseCommand(String line) "},{"lineNumber":30,"author":{"gitId":"xseh"},"content":"            throws InvalidCommandException { "},{"lineNumber":31,"author":{"gitId":"xseh"},"content":"        if (line.trim().length() \u003d\u003d 0) { "},{"lineNumber":32,"author":{"gitId":"xseh"},"content":"            throw new InvalidCommandException();"},{"lineNumber":33,"author":{"gitId":"xseh"},"content":"        }"},{"lineNumber":34,"author":{"gitId":"xseh"},"content":"        String[] commands \u003d line.split(\"\\\\s+\");"},{"lineNumber":35,"author":{"gitId":"xseh"},"content":"        String command \u003d commands[0].toLowerCase();"},{"lineNumber":36,"author":{"gitId":"xseh"},"content":""},{"lineNumber":37,"author":{"gitId":"fupernova"},"content":"        switch (command) { "},{"lineNumber":38,"author":{"gitId":"fupernova"},"content":"        case COMMAND_ADD:"},{"lineNumber":39,"author":{"gitId":"xseh"},"content":"            return executeAddCommand(commands);"},{"lineNumber":40,"author":{"gitId":"fupernova"},"content":"        case COMMAND_DELETE:"},{"lineNumber":41,"author":{"gitId":"xseh"},"content":"            return executeDeleteCommand(commands);"},{"lineNumber":42,"author":{"gitId":"fupernova"},"content":"        case COMMAND_LIST:"},{"lineNumber":43,"author":{"gitId":"xseh"},"content":"            return executeListCommand(commands);"},{"lineNumber":44,"author":{"gitId":"fupernova"},"content":"        case COMMAND_PROGRESS:"},{"lineNumber":45,"author":{"gitId":"xseh"},"content":"            return executeProgressCommand(commands);"},{"lineNumber":46,"author":{"gitId":"xseh"},"content":"        case COMMAND_EXIT:"},{"lineNumber":47,"author":{"gitId":"xseh"},"content":"            // Fallthrough"},{"lineNumber":48,"author":{"gitId":"xseh"},"content":"            return executeExitCommand(commands);"},{"lineNumber":49,"author":{"gitId":"fupernova"},"content":"        default:"},{"lineNumber":50,"author":{"gitId":"xseh"},"content":"            throw new InvalidCommandException();"},{"lineNumber":51,"author":{"gitId":"fupernova"},"content":"        }"},{"lineNumber":52,"author":{"gitId":"fupernova"},"content":"    }"},{"lineNumber":53,"author":{"gitId":"fupernova"},"content":""},{"lineNumber":54,"author":{"gitId":"xseh"},"content":"    public static Command executeAddCommand(String[] commands) "},{"lineNumber":55,"author":{"gitId":"xseh"},"content":"            throws InvalidCommandException { "},{"lineNumber":56,"author":{"gitId":"xseh"},"content":"        if (commands.length !\u003d COMMAND_ADD_LENGTH) { "},{"lineNumber":57,"author":{"gitId":"xseh"},"content":"            throw new InvalidCommandException();"},{"lineNumber":58,"author":{"gitId":"xseh"},"content":"        }"},{"lineNumber":59,"author":{"gitId":"xseh"},"content":""},{"lineNumber":60,"author":{"gitId":"xseh"},"content":"        String code \u003d extractCodePerimeter(commands); "},{"lineNumber":61,"author":{"gitId":"xseh"},"content":"        String type \u003d extractTypePerimeter(commands);"},{"lineNumber":62,"author":{"gitId":"xseh"},"content":"        int credit \u003d extractCreditPerimeter(commands);"},{"lineNumber":63,"author":{"gitId":"xseh"},"content":"        return new AddCommand();"},{"lineNumber":64,"author":{"gitId":"xseh"},"content":"    }"},{"lineNumber":65,"author":{"gitId":"xseh"},"content":""},{"lineNumber":66,"author":{"gitId":"xseh"},"content":"    public static Command executeDeleteCommand(String[] commands)"},{"lineNumber":67,"author":{"gitId":"xseh"},"content":"            throws InvalidCommandException { "},{"lineNumber":68,"author":{"gitId":"xseh"},"content":"        if (commands.length !\u003d COMMAND_DELETE_LENGTH) { "},{"lineNumber":69,"author":{"gitId":"xseh"},"content":"            throw new InvalidCommandException();"},{"lineNumber":70,"author":{"gitId":"xseh"},"content":"        }"},{"lineNumber":71,"author":{"gitId":"xseh"},"content":"        String code \u003d extractCodePerimeter(commands);"},{"lineNumber":72,"author":{"gitId":"xseh"},"content":"        return new DeleteCommand();"},{"lineNumber":73,"author":{"gitId":"xseh"},"content":"    }"},{"lineNumber":74,"author":{"gitId":"xseh"},"content":""},{"lineNumber":75,"author":{"gitId":"xseh"},"content":"    public static Command executeListCommand(String[] commands) "},{"lineNumber":76,"author":{"gitId":"xseh"},"content":"            throws InvalidCommandException { "},{"lineNumber":77,"author":{"gitId":"xseh"},"content":"        if (commands.length !\u003d COMMAND_LIST_LENGTH) { "},{"lineNumber":78,"author":{"gitId":"xseh"},"content":"            throw new InvalidCommandException();"},{"lineNumber":79,"author":{"gitId":"fupernova"},"content":"        }"},{"lineNumber":80,"author":{"gitId":"xseh"},"content":"        String scope \u003d extractScopePerimeter(commands);"},{"lineNumber":81,"author":{"gitId":"xseh"},"content":"        return new ListCommand(); "},{"lineNumber":82,"author":{"gitId":"xseh"},"content":"    }"},{"lineNumber":83,"author":{"gitId":"xseh"},"content":""},{"lineNumber":84,"author":{"gitId":"xseh"},"content":"    public static Command executeProgressCommand(String[] commands) "},{"lineNumber":85,"author":{"gitId":"xseh"},"content":"            throws InvalidCommandException { "},{"lineNumber":86,"author":{"gitId":"xseh"},"content":"        if (commands.length !\u003d COMMAND_PROGRESS_LENGTH) { "},{"lineNumber":87,"author":{"gitId":"xseh"},"content":"            throw new InvalidCommandException();"},{"lineNumber":88,"author":{"gitId":"xseh"},"content":"        }"},{"lineNumber":89,"author":{"gitId":"xseh"},"content":"        return new ProgressCommand();"},{"lineNumber":90,"author":{"gitId":"xseh"},"content":"    }"},{"lineNumber":91,"author":{"gitId":"xseh"},"content":""},{"lineNumber":92,"author":{"gitId":"xseh"},"content":"    public static Command executeExitCommand(String[] commands) "},{"lineNumber":93,"author":{"gitId":"xseh"},"content":"            throws InvalidCommandException { "},{"lineNumber":94,"author":{"gitId":"xseh"},"content":"        if (commands.length !\u003d COMMAND_EXIT_LENGTH) { "},{"lineNumber":95,"author":{"gitId":"xseh"},"content":"            throw new InvalidCommandException();"},{"lineNumber":96,"author":{"gitId":"xseh"},"content":"        }"},{"lineNumber":97,"author":{"gitId":"xseh"},"content":"        return new ExitCommand();"},{"lineNumber":98,"author":{"gitId":"xseh"},"content":"    }"},{"lineNumber":99,"author":{"gitId":"xseh"},"content":""},{"lineNumber":100,"author":{"gitId":"xseh"},"content":""},{"lineNumber":101,"author":{"gitId":"xseh"},"content":"    public static String extractCodePerimeter(String[] commands) "},{"lineNumber":102,"author":{"gitId":"xseh"},"content":"            throws InvalidCommandException { "},{"lineNumber":103,"author":{"gitId":"xseh"},"content":"        return commands[1].toUpperCase().trim();"},{"lineNumber":104,"author":{"gitId":"xseh"},"content":"    }"},{"lineNumber":105,"author":{"gitId":"xseh"},"content":""},{"lineNumber":106,"author":{"gitId":"xseh"},"content":"    public static String extractTypePerimeter(String[] commands) "},{"lineNumber":107,"author":{"gitId":"xseh"},"content":"            throws InvalidCommandException { "},{"lineNumber":108,"author":{"gitId":"xseh"},"content":"        for (int i \u003d 0; i \u003c commands.length; i++) { "},{"lineNumber":109,"author":{"gitId":"xseh"},"content":"            if (commands[i].equals(\"-t\")) { "},{"lineNumber":110,"author":{"gitId":"xseh"},"content":"                String type \u003d commands[i + 1].toLowerCase().trim();"},{"lineNumber":111,"author":{"gitId":"xseh"},"content":"                switch (type) {"},{"lineNumber":112,"author":{"gitId":"xseh"},"content":"                case \"core\":"},{"lineNumber":113,"author":{"gitId":"xseh"},"content":"                case \"ue\":"},{"lineNumber":114,"author":{"gitId":"xseh"},"content":"                case \"math\":"},{"lineNumber":115,"author":{"gitId":"xseh"},"content":"                case \"ge\":"},{"lineNumber":116,"author":{"gitId":"xseh"},"content":"                    return type;"},{"lineNumber":117,"author":{"gitId":"xseh"},"content":"                default: "},{"lineNumber":118,"author":{"gitId":"xseh"},"content":"                    throw new InvalidCommandException();"},{"lineNumber":119,"author":{"gitId":"xseh"},"content":"                }"},{"lineNumber":120,"author":{"gitId":"xseh"},"content":"            }"},{"lineNumber":121,"author":{"gitId":"xseh"},"content":"        }"},{"lineNumber":122,"author":{"gitId":"xseh"},"content":"        throw new InvalidCommandException();"},{"lineNumber":123,"author":{"gitId":"xseh"},"content":"    }"},{"lineNumber":124,"author":{"gitId":"xseh"},"content":""},{"lineNumber":125,"author":{"gitId":"xseh"},"content":"    public static int extractCreditPerimeter(String[] commands) "},{"lineNumber":126,"author":{"gitId":"xseh"},"content":"            throws NumberFormatException, InvalidCommandException {"},{"lineNumber":127,"author":{"gitId":"xseh"},"content":"        for (int i \u003d 0; i \u003c commands.length; i++) {"},{"lineNumber":128,"author":{"gitId":"xseh"},"content":"            if (commands[i].equals(\"-c\")) {"},{"lineNumber":129,"author":{"gitId":"xseh"},"content":"                return Integer.parseInt(commands[i + 1]);"},{"lineNumber":130,"author":{"gitId":"fupernova"},"content":"            }"},{"lineNumber":131,"author":{"gitId":"fupernova"},"content":"        }"},{"lineNumber":132,"author":{"gitId":"xseh"},"content":"        throw new InvalidCommandException();"},{"lineNumber":133,"author":{"gitId":"fupernova"},"content":"    }"},{"lineNumber":134,"author":{"gitId":"xseh"},"content":""},{"lineNumber":135,"author":{"gitId":"xseh"},"content":"    public static String extractScopePerimeter(String[] commands) "},{"lineNumber":136,"author":{"gitId":"xseh"},"content":"        throws InvalidCommandException {"},{"lineNumber":137,"author":{"gitId":"xseh"},"content":"        String scope \u003d commands[1].trim().toLowerCase();"},{"lineNumber":138,"author":{"gitId":"xseh"},"content":"        switch (scope) {"},{"lineNumber":139,"author":{"gitId":"xseh"},"content":"        case \"all\":"},{"lineNumber":140,"author":{"gitId":"xseh"},"content":"        case \"left\":"},{"lineNumber":141,"author":{"gitId":"xseh"},"content":"        case \"taken\":"},{"lineNumber":142,"author":{"gitId":"xseh"},"content":"            return scope;"},{"lineNumber":143,"author":{"gitId":"xseh"},"content":"        default:"},{"lineNumber":144,"author":{"gitId":"xseh"},"content":"            throw new InvalidCommandException();"},{"lineNumber":145,"author":{"gitId":"fupernova"},"content":"        }"},{"lineNumber":146,"author":{"gitId":"fupernova"},"content":"    } "},{"lineNumber":147,"author":{"gitId":"kewenlok"},"content":"}"}],"authorContributionMap":{"fupernova":20,"kewenlok":9,"xseh":118}},{"path":"src/main/java/seedu/igraduate/Storage.java","fileType":"functional-code","lines":[{"lineNumber":1,"author":{"gitId":"kewenlok"},"content":"package seedu.igraduate;"},{"lineNumber":2,"author":{"gitId":"kewenlok"},"content":""},{"lineNumber":3,"author":{"gitId":"kewenlok"},"content":"import seedu.igraduate.module.Module;"},{"lineNumber":4,"author":{"gitId":"kewenlok"},"content":""},{"lineNumber":5,"author":{"gitId":"kewenlok"},"content":"import java.util.ArrayList;"},{"lineNumber":6,"author":{"gitId":"kewenlok"},"content":""},{"lineNumber":7,"author":{"gitId":"kewenlok"},"content":"import java.io.File;"},{"lineNumber":8,"author":{"gitId":"kewenlok"},"content":""},{"lineNumber":9,"author":{"gitId":"kewenlok"},"content":"public class Storage {"},{"lineNumber":10,"author":{"gitId":"kewenlok"},"content":"    /**"},{"lineNumber":11,"author":{"gitId":"kewenlok"},"content":"     * File object used for loading and storing IGraduate program module data."},{"lineNumber":12,"author":{"gitId":"kewenlok"},"content":"     */"},{"lineNumber":13,"author":{"gitId":"kewenlok"},"content":"    private File dataFile;"},{"lineNumber":14,"author":{"gitId":"kewenlok"},"content":""},{"lineNumber":15,"author":{"gitId":"kewenlok"},"content":"    /**"},{"lineNumber":16,"author":{"gitId":"kewenlok"},"content":"     * Constructs the initial value of dataFile."},{"lineNumber":17,"author":{"gitId":"kewenlok"},"content":"     *"},{"lineNumber":18,"author":{"gitId":"kewenlok"},"content":"     * @param dataFile File object for loading and storing of data."},{"lineNumber":19,"author":{"gitId":"kewenlok"},"content":"     */"},{"lineNumber":20,"author":{"gitId":"kewenlok"},"content":"    public Storage(File dataFile) {"},{"lineNumber":21,"author":{"gitId":"kewenlok"},"content":"        this.dataFile \u003d dataFile;"},{"lineNumber":22,"author":{"gitId":"kewenlok"},"content":"    }"},{"lineNumber":23,"author":{"gitId":"kewenlok"},"content":""},{"lineNumber":24,"author":{"gitId":"kewenlok"},"content":"    /**"},{"lineNumber":25,"author":{"gitId":"kewenlok"},"content":"     * Loads the module data from data file on disk."},{"lineNumber":26,"author":{"gitId":"kewenlok"},"content":"     * Returns empty ArrayList if file does not exist or fail to load data."},{"lineNumber":27,"author":{"gitId":"kewenlok"},"content":"     *"},{"lineNumber":28,"author":{"gitId":"kewenlok"},"content":"     * @return An ArrayList with tasks data loaded from dataFile."},{"lineNumber":29,"author":{"gitId":"kewenlok"},"content":"     */"},{"lineNumber":30,"author":{"gitId":"kewenlok"},"content":"    public ArrayList\u003cModule\u003e loadModulesFromFile() {"},{"lineNumber":31,"author":{"gitId":"kewenlok"},"content":""},{"lineNumber":32,"author":{"gitId":"kewenlok"},"content":"        ArrayList\u003cModule\u003e modules \u003d new ArrayList\u003c\u003e();"},{"lineNumber":33,"author":{"gitId":"kewenlok"},"content":""},{"lineNumber":34,"author":{"gitId":"kewenlok"},"content":"        // Todo: Load data from files"},{"lineNumber":35,"author":{"gitId":"kewenlok"},"content":""},{"lineNumber":36,"author":{"gitId":"kewenlok"},"content":"        return modules;"},{"lineNumber":37,"author":{"gitId":"kewenlok"},"content":"    }"},{"lineNumber":38,"author":{"gitId":"kewenlok"},"content":"}"}],"authorContributionMap":{"kewenlok":38}},{"path":"src/main/java/seedu/igraduate/Ui.java","fileType":"functional-code","lines":[{"lineNumber":1,"author":{"gitId":"kewenlok"},"content":"package seedu.igraduate;"},{"lineNumber":2,"author":{"gitId":"kewenlok"},"content":""},{"lineNumber":3,"author":{"gitId":"xseh"},"content":"import seedu.igraduate.exception.InvalidCommandException;"},{"lineNumber":4,"author":{"gitId":"fupernova"},"content":"import seedu.igraduate.module.Module;"},{"lineNumber":5,"author":{"gitId":"fupernova"},"content":""},{"lineNumber":6,"author":{"gitId":"fupernova"},"content":"import java.util.ArrayList;"},{"lineNumber":7,"author":{"gitId":"fupernova"},"content":"import java.util.Scanner;"},{"lineNumber":8,"author":{"gitId":"fupernova"},"content":""},{"lineNumber":9,"author":{"gitId":"kewenlok"},"content":"public class Ui {"},{"lineNumber":10,"author":{"gitId":"fupernova"},"content":"    private static final int ERR_CODE \u003d 0;"},{"lineNumber":11,"author":{"gitId":"fupernova"},"content":""},{"lineNumber":12,"author":{"gitId":"kewenlok"},"content":"    private static final String LOGO \u003d \" _  ____               _             _       \\n\""},{"lineNumber":13,"author":{"gitId":"kewenlok"},"content":"            + \"(_)/ ___|_ __ __ _  __| |_   _  __ _| |_ ___ \\n\""},{"lineNumber":14,"author":{"gitId":"kewenlok"},"content":"            + \"| | |  _| \u0027__/ _` |/ _` | | | |/ _` | __/ _ \\\\\\n\""},{"lineNumber":15,"author":{"gitId":"kewenlok"},"content":"            + \"| | |_| | | | (_| | (_| | |_| | (_| | ||  __/\\n\""},{"lineNumber":16,"author":{"gitId":"kewenlok"},"content":"            + \"|_|\\\\____|_|  \\\\__,_|\\\\__,_|\\\\__,_|\\\\__,_|\\\\__\\\\___|\";"},{"lineNumber":17,"author":{"gitId":"fupernova"},"content":"    private static final String GREETING_MESSAGE \u003d \"iGraduate starting up...\\n Welcome to iGraduate, \""},{"lineNumber":18,"author":{"gitId":"fupernova"},"content":"            + \"your one stop study planning service!\\n What would you like to do today?\";"},{"lineNumber":19,"author":{"gitId":"fupernova"},"content":"    private static final String GOODBYE_MESSAGE \u003d \"See you soon! Happy studying!\";"},{"lineNumber":20,"author":{"gitId":"fupernova"},"content":"    private static final String BORDER_LINE \u003d \"___________________________________________________________\";"},{"lineNumber":21,"author":{"gitId":"fupernova"},"content":"    private static final String TEMPLATE_ERROR_MESSAGE \u003d \"Add more errors as we encounter them.\";"},{"lineNumber":22,"author":{"gitId":"xseh"},"content":"    private static final Scanner SCANNER \u003d new Scanner(System.in);"},{"lineNumber":23,"author":{"gitId":"fupernova"},"content":""},{"lineNumber":24,"author":{"gitId":"xseh"},"content":"    public String getCommand() throws InvalidCommandException {"},{"lineNumber":25,"author":{"gitId":"xseh"},"content":"        return SCANNER.nextLine();"},{"lineNumber":26,"author":{"gitId":"fupernova"},"content":"    }"},{"lineNumber":27,"author":{"gitId":"fupernova"},"content":""},{"lineNumber":28,"author":{"gitId":"fupernova"},"content":"    public void printWelcomeMessage() {"},{"lineNumber":29,"author":{"gitId":"kewenlok"},"content":"        System.out.println(LOGO);"},{"lineNumber":30,"author":{"gitId":"fupernova"},"content":"        System.out.println(GREETING_MESSAGE);"},{"lineNumber":31,"author":{"gitId":"fupernova"},"content":"        printBorderLine();"},{"lineNumber":32,"author":{"gitId":"kewenlok"},"content":"    }"},{"lineNumber":33,"author":{"gitId":"kewenlok"},"content":""},{"lineNumber":34,"author":{"gitId":"fupernova"},"content":"    public void printExitMessage() {"},{"lineNumber":35,"author":{"gitId":"fupernova"},"content":"        System.out.println(GOODBYE_MESSAGE);"},{"lineNumber":36,"author":{"gitId":"kewenlok"},"content":"    }"},{"lineNumber":37,"author":{"gitId":"kewenlok"},"content":""},{"lineNumber":38,"author":{"gitId":"fupernova"},"content":"    public void printBorderLine() {"},{"lineNumber":39,"author":{"gitId":"fupernova"},"content":"        System.out.println(BORDER_LINE);"},{"lineNumber":40,"author":{"gitId":"fupernova"},"content":"    }"},{"lineNumber":41,"author":{"gitId":"fupernova"},"content":""},{"lineNumber":42,"author":{"gitId":"fupernova"},"content":"    public void printEntireList(ArrayList\u003cModule\u003e modules) {"},{"lineNumber":43,"author":{"gitId":"fupernova"},"content":"        for (int i \u003d 0; i \u003c modules.size(); i++) {"},{"lineNumber":44,"author":{"gitId":"fupernova"},"content":"            printModuleDetails(modules.get(i));"},{"lineNumber":45,"author":{"gitId":"fupernova"},"content":"        }"},{"lineNumber":46,"author":{"gitId":"fupernova"},"content":"    }"},{"lineNumber":47,"author":{"gitId":"fupernova"},"content":""},{"lineNumber":48,"author":{"gitId":"fupernova"},"content":"    public void printModuleDetails(Module module) {"},{"lineNumber":49,"author":{"gitId":"fupernova"},"content":""},{"lineNumber":50,"author":{"gitId":"fupernova"},"content":"    }"},{"lineNumber":51,"author":{"gitId":"fupernova"},"content":""},{"lineNumber":52,"author":{"gitId":"kewenlok"},"content":"    public void printErrorMessage(int error) {"},{"lineNumber":53,"author":{"gitId":"fupernova"},"content":"        switch (error) {"},{"lineNumber":54,"author":{"gitId":"fupernova"},"content":"        // No fallthrough required"},{"lineNumber":55,"author":{"gitId":"fupernova"},"content":"        case ERR_CODE:"},{"lineNumber":56,"author":{"gitId":"fupernova"},"content":"            System.out.println(TEMPLATE_ERROR_MESSAGE);"},{"lineNumber":57,"author":{"gitId":"fupernova"},"content":"            break;"},{"lineNumber":58,"author":{"gitId":"fupernova"},"content":"        default:"},{"lineNumber":59,"author":{"gitId":"fupernova"},"content":"            System.out.println(\"Some error\");"},{"lineNumber":60,"author":{"gitId":"fupernova"},"content":"            break;"},{"lineNumber":61,"author":{"gitId":"fupernova"},"content":"        }"},{"lineNumber":62,"author":{"gitId":"kewenlok"},"content":"    }"},{"lineNumber":63,"author":{"gitId":"kewenlok"},"content":"}"}],"authorContributionMap":{"fupernova":43,"kewenlok":16,"xseh":4}},{"path":"src/main/java/seedu/igraduate/command/AddCommand.java","fileType":"functional-code","lines":[{"lineNumber":1,"author":{"gitId":"kewenlok"},"content":"package seedu.igraduate.command;"},{"lineNumber":2,"author":{"gitId":"kewenlok"},"content":""},{"lineNumber":3,"author":{"gitId":"kewenlok"},"content":"import seedu.igraduate.Storage;"},{"lineNumber":4,"author":{"gitId":"kewenlok"},"content":"import seedu.igraduate.ModuleList;"},{"lineNumber":5,"author":{"gitId":"kewenlok"},"content":"import seedu.igraduate.Ui;"},{"lineNumber":6,"author":{"gitId":"kewenlok"},"content":""},{"lineNumber":7,"author":{"gitId":"kewenlok"},"content":"/**"},{"lineNumber":8,"author":{"gitId":"kewenlok"},"content":" * Handles add command."},{"lineNumber":9,"author":{"gitId":"kewenlok"},"content":" */"},{"lineNumber":10,"author":{"gitId":"kewenlok"},"content":"public class AddCommand extends Command {"},{"lineNumber":11,"author":{"gitId":"kewenlok"},"content":"    /**"},{"lineNumber":12,"author":{"gitId":"kewenlok"},"content":"     * Todo: Add comments here."},{"lineNumber":13,"author":{"gitId":"kewenlok"},"content":"     *"},{"lineNumber":14,"author":{"gitId":"kewenlok"},"content":"     * @param moduleList Module list consisting of all modules."},{"lineNumber":15,"author":{"gitId":"kewenlok"},"content":"     * @param ui User interface for printing result."},{"lineNumber":16,"author":{"gitId":"kewenlok"},"content":"     * @param storage Storage for storing module list data."},{"lineNumber":17,"author":{"gitId":"kewenlok"},"content":"     */"},{"lineNumber":18,"author":{"gitId":"kewenlok"},"content":"    @Override"},{"lineNumber":19,"author":{"gitId":"kewenlok"},"content":"    public void execute(ModuleList moduleList, Ui ui, Storage storage) {"},{"lineNumber":20,"author":{"gitId":"kewenlok"},"content":"        // Todo: Command action"},{"lineNumber":21,"author":{"gitId":"kewenlok"},"content":"    }"},{"lineNumber":22,"author":{"gitId":"kewenlok"},"content":""},{"lineNumber":23,"author":{"gitId":"kewenlok"},"content":"    /**"},{"lineNumber":24,"author":{"gitId":"kewenlok"},"content":"     * {@inheritDoc}"},{"lineNumber":25,"author":{"gitId":"kewenlok"},"content":"     *"},{"lineNumber":26,"author":{"gitId":"kewenlok"},"content":"     * @return false"},{"lineNumber":27,"author":{"gitId":"kewenlok"},"content":"     */"},{"lineNumber":28,"author":{"gitId":"kewenlok"},"content":"    @Override"},{"lineNumber":29,"author":{"gitId":"kewenlok"},"content":"    public boolean isExit() {"},{"lineNumber":30,"author":{"gitId":"kewenlok"},"content":"        return false;"},{"lineNumber":31,"author":{"gitId":"kewenlok"},"content":"    }"},{"lineNumber":32,"author":{"gitId":"kewenlok"},"content":"}"}],"authorContributionMap":{"kewenlok":32}},{"path":"src/main/java/seedu/igraduate/command/Command.java","fileType":"functional-code","lines":[{"lineNumber":1,"author":{"gitId":"kewenlok"},"content":"package seedu.igraduate.command;"},{"lineNumber":2,"author":{"gitId":"kewenlok"},"content":""},{"lineNumber":3,"author":{"gitId":"kewenlok"},"content":"import seedu.igraduate.Storage;"},{"lineNumber":4,"author":{"gitId":"kewenlok"},"content":"import seedu.igraduate.ModuleList;"},{"lineNumber":5,"author":{"gitId":"kewenlok"},"content":"import seedu.igraduate.Ui;"},{"lineNumber":6,"author":{"gitId":"kewenlok"},"content":""},{"lineNumber":7,"author":{"gitId":"kewenlok"},"content":"/**"},{"lineNumber":8,"author":{"gitId":"kewenlok"},"content":" * Parent class for more specific command child class."},{"lineNumber":9,"author":{"gitId":"kewenlok"},"content":" * Contains basic information applicable to all command-related classes."},{"lineNumber":10,"author":{"gitId":"kewenlok"},"content":" */"},{"lineNumber":11,"author":{"gitId":"kewenlok"},"content":"public abstract class Command {"},{"lineNumber":12,"author":{"gitId":"kewenlok"},"content":"    /**"},{"lineNumber":13,"author":{"gitId":"kewenlok"},"content":"     * Executes command based on the corresponding command type."},{"lineNumber":14,"author":{"gitId":"kewenlok"},"content":"     *"},{"lineNumber":15,"author":{"gitId":"kewenlok"},"content":"     * @param moduleList Module list consisting of all modules."},{"lineNumber":16,"author":{"gitId":"kewenlok"},"content":"     * @param ui User interface for printing result."},{"lineNumber":17,"author":{"gitId":"kewenlok"},"content":"     * @param storage Storage for storing module list data."},{"lineNumber":18,"author":{"gitId":"kewenlok"},"content":"     */"},{"lineNumber":19,"author":{"gitId":"kewenlok"},"content":"    public abstract void execute(ModuleList moduleList, Ui ui, Storage storage);"},{"lineNumber":20,"author":{"gitId":"kewenlok"},"content":""},{"lineNumber":21,"author":{"gitId":"kewenlok"},"content":"    /**"},{"lineNumber":22,"author":{"gitId":"kewenlok"},"content":"     * Returns a flag indicating whether the program should terminate after execution of current command."},{"lineNumber":23,"author":{"gitId":"kewenlok"},"content":"     *"},{"lineNumber":24,"author":{"gitId":"kewenlok"},"content":"     * @return True if the program should be terminated after executing current command, False otherwise."},{"lineNumber":25,"author":{"gitId":"kewenlok"},"content":"     */"},{"lineNumber":26,"author":{"gitId":"kewenlok"},"content":"    public abstract boolean isExit();"},{"lineNumber":27,"author":{"gitId":"kewenlok"},"content":"}"}],"authorContributionMap":{"kewenlok":27}},{"path":"src/main/java/seedu/igraduate/command/DeleteCommand.java","fileType":"functional-code","lines":[{"lineNumber":1,"author":{"gitId":"kewenlok"},"content":"package seedu.igraduate.command;"},{"lineNumber":2,"author":{"gitId":"kewenlok"},"content":""},{"lineNumber":3,"author":{"gitId":"kewenlok"},"content":"import seedu.igraduate.Storage;"},{"lineNumber":4,"author":{"gitId":"kewenlok"},"content":"import seedu.igraduate.ModuleList;"},{"lineNumber":5,"author":{"gitId":"kewenlok"},"content":"import seedu.igraduate.Ui;"},{"lineNumber":6,"author":{"gitId":"kewenlok"},"content":""},{"lineNumber":7,"author":{"gitId":"kewenlok"},"content":"/**"},{"lineNumber":8,"author":{"gitId":"kewenlok"},"content":" * Handles delete command."},{"lineNumber":9,"author":{"gitId":"kewenlok"},"content":" */"},{"lineNumber":10,"author":{"gitId":"kewenlok"},"content":"public class DeleteCommand extends Command {"},{"lineNumber":11,"author":{"gitId":"kewenlok"},"content":"    /**"},{"lineNumber":12,"author":{"gitId":"kewenlok"},"content":"     * Todo: Add comments here."},{"lineNumber":13,"author":{"gitId":"kewenlok"},"content":"     *"},{"lineNumber":14,"author":{"gitId":"kewenlok"},"content":"     * @param moduleList Module list consisting of all modules."},{"lineNumber":15,"author":{"gitId":"kewenlok"},"content":"     * @param ui User interface for printing result."},{"lineNumber":16,"author":{"gitId":"kewenlok"},"content":"     * @param storage Storage for storing module list data."},{"lineNumber":17,"author":{"gitId":"kewenlok"},"content":"     */"},{"lineNumber":18,"author":{"gitId":"kewenlok"},"content":"    @Override"},{"lineNumber":19,"author":{"gitId":"kewenlok"},"content":"    public void execute(ModuleList moduleList, Ui ui, Storage storage) {"},{"lineNumber":20,"author":{"gitId":"kewenlok"},"content":"        // Todo: Command action"},{"lineNumber":21,"author":{"gitId":"kewenlok"},"content":"    }"},{"lineNumber":22,"author":{"gitId":"kewenlok"},"content":""},{"lineNumber":23,"author":{"gitId":"kewenlok"},"content":"    /**"},{"lineNumber":24,"author":{"gitId":"kewenlok"},"content":"     * {@inheritDoc}"},{"lineNumber":25,"author":{"gitId":"kewenlok"},"content":"     *"},{"lineNumber":26,"author":{"gitId":"kewenlok"},"content":"     * @return false"},{"lineNumber":27,"author":{"gitId":"kewenlok"},"content":"     */"},{"lineNumber":28,"author":{"gitId":"kewenlok"},"content":"    @Override"},{"lineNumber":29,"author":{"gitId":"kewenlok"},"content":"    public boolean isExit() {"},{"lineNumber":30,"author":{"gitId":"kewenlok"},"content":"        return false;"},{"lineNumber":31,"author":{"gitId":"kewenlok"},"content":"    }"},{"lineNumber":32,"author":{"gitId":"kewenlok"},"content":"}"}],"authorContributionMap":{"kewenlok":32}},{"path":"src/main/java/seedu/igraduate/command/DoneCommand.java","fileType":"functional-code","lines":[{"lineNumber":1,"author":{"gitId":"kewenlok"},"content":"package seedu.igraduate.command;"},{"lineNumber":2,"author":{"gitId":"kewenlok"},"content":""},{"lineNumber":3,"author":{"gitId":"kewenlok"},"content":"import seedu.igraduate.Storage;"},{"lineNumber":4,"author":{"gitId":"kewenlok"},"content":"import seedu.igraduate.ModuleList;"},{"lineNumber":5,"author":{"gitId":"kewenlok"},"content":"import seedu.igraduate.Ui;"},{"lineNumber":6,"author":{"gitId":"kewenlok"},"content":""},{"lineNumber":7,"author":{"gitId":"kewenlok"},"content":"/**"},{"lineNumber":8,"author":{"gitId":"kewenlok"},"content":" * Handles done command."},{"lineNumber":9,"author":{"gitId":"kewenlok"},"content":" */"},{"lineNumber":10,"author":{"gitId":"kewenlok"},"content":"public class DoneCommand extends Command {"},{"lineNumber":11,"author":{"gitId":"kewenlok"},"content":"    /**"},{"lineNumber":12,"author":{"gitId":"kewenlok"},"content":"     * Todo: Add comments here."},{"lineNumber":13,"author":{"gitId":"kewenlok"},"content":"     *"},{"lineNumber":14,"author":{"gitId":"kewenlok"},"content":"     * @param moduleList Module list consisting of all modules."},{"lineNumber":15,"author":{"gitId":"kewenlok"},"content":"     * @param ui User interface for printing result."},{"lineNumber":16,"author":{"gitId":"kewenlok"},"content":"     * @param storage Storage for storing module list data."},{"lineNumber":17,"author":{"gitId":"kewenlok"},"content":"     */"},{"lineNumber":18,"author":{"gitId":"kewenlok"},"content":"    @Override"},{"lineNumber":19,"author":{"gitId":"kewenlok"},"content":"    public void execute(ModuleList moduleList, Ui ui, Storage storage) {"},{"lineNumber":20,"author":{"gitId":"kewenlok"},"content":"        // Todo: Command action"},{"lineNumber":21,"author":{"gitId":"kewenlok"},"content":"    }"},{"lineNumber":22,"author":{"gitId":"kewenlok"},"content":""},{"lineNumber":23,"author":{"gitId":"kewenlok"},"content":"    /**"},{"lineNumber":24,"author":{"gitId":"kewenlok"},"content":"     * {@inheritDoc}"},{"lineNumber":25,"author":{"gitId":"kewenlok"},"content":"     *"},{"lineNumber":26,"author":{"gitId":"kewenlok"},"content":"     * @return false"},{"lineNumber":27,"author":{"gitId":"kewenlok"},"content":"     */"},{"lineNumber":28,"author":{"gitId":"kewenlok"},"content":"    @Override"},{"lineNumber":29,"author":{"gitId":"kewenlok"},"content":"    public boolean isExit() {"},{"lineNumber":30,"author":{"gitId":"kewenlok"},"content":"        return false;"},{"lineNumber":31,"author":{"gitId":"kewenlok"},"content":"    }"},{"lineNumber":32,"author":{"gitId":"kewenlok"},"content":"}"}],"authorContributionMap":{"kewenlok":32}},{"path":"src/main/java/seedu/igraduate/command/ExitCommand.java","fileType":"functional-code","lines":[{"lineNumber":1,"author":{"gitId":"fupernova"},"content":"package seedu.igraduate.command;"},{"lineNumber":2,"author":{"gitId":"fupernova"},"content":""},{"lineNumber":3,"author":{"gitId":"kewenlok"},"content":"import seedu.igraduate.Storage;"},{"lineNumber":4,"author":{"gitId":"kewenlok"},"content":"import seedu.igraduate.ModuleList;"},{"lineNumber":5,"author":{"gitId":"kewenlok"},"content":"import seedu.igraduate.Ui;"},{"lineNumber":6,"author":{"gitId":"kewenlok"},"content":""},{"lineNumber":7,"author":{"gitId":"kewenlok"},"content":"/**"},{"lineNumber":8,"author":{"gitId":"kewenlok"},"content":" * Handles exit command."},{"lineNumber":9,"author":{"gitId":"kewenlok"},"content":" */"},{"lineNumber":10,"author":{"gitId":"fupernova"},"content":"public class ExitCommand extends Command {"},{"lineNumber":11,"author":{"gitId":"kewenlok"},"content":"    /**"},{"lineNumber":12,"author":{"gitId":"kewenlok"},"content":"     * Todo: Add comments here."},{"lineNumber":13,"author":{"gitId":"kewenlok"},"content":"     *"},{"lineNumber":14,"author":{"gitId":"kewenlok"},"content":"     * @param moduleList Module list consisting of all modules."},{"lineNumber":15,"author":{"gitId":"kewenlok"},"content":"     * @param ui User interface for printing result."},{"lineNumber":16,"author":{"gitId":"kewenlok"},"content":"     * @param storage Storage for storing module list data."},{"lineNumber":17,"author":{"gitId":"kewenlok"},"content":"     */"},{"lineNumber":18,"author":{"gitId":"kewenlok"},"content":"    @Override"},{"lineNumber":19,"author":{"gitId":"kewenlok"},"content":"    public void execute(ModuleList moduleList, Ui ui, Storage storage) {"},{"lineNumber":20,"author":{"gitId":"kewenlok"},"content":"        // Todo: Print exit message"},{"lineNumber":21,"author":{"gitId":"kewenlok"},"content":"    }"},{"lineNumber":22,"author":{"gitId":"kewenlok"},"content":""},{"lineNumber":23,"author":{"gitId":"kewenlok"},"content":"    /**"},{"lineNumber":24,"author":{"gitId":"kewenlok"},"content":"     * {@inheritDoc}"},{"lineNumber":25,"author":{"gitId":"kewenlok"},"content":"     *"},{"lineNumber":26,"author":{"gitId":"kewenlok"},"content":"     * @return true"},{"lineNumber":27,"author":{"gitId":"kewenlok"},"content":"     */"},{"lineNumber":28,"author":{"gitId":"kewenlok"},"content":"    @Override"},{"lineNumber":29,"author":{"gitId":"kewenlok"},"content":"    public boolean isExit() {"},{"lineNumber":30,"author":{"gitId":"kewenlok"},"content":"        return true;"},{"lineNumber":31,"author":{"gitId":"kewenlok"},"content":"    }"},{"lineNumber":32,"author":{"gitId":"fupernova"},"content":"}"}],"authorContributionMap":{"fupernova":4,"kewenlok":28}},{"path":"src/main/java/seedu/igraduate/command/ListCommand.java","fileType":"functional-code","lines":[{"lineNumber":1,"author":{"gitId":"kewenlok"},"content":"package seedu.igraduate.command;"},{"lineNumber":2,"author":{"gitId":"kewenlok"},"content":""},{"lineNumber":3,"author":{"gitId":"kewenlok"},"content":"import seedu.igraduate.Storage;"},{"lineNumber":4,"author":{"gitId":"kewenlok"},"content":"import seedu.igraduate.ModuleList;"},{"lineNumber":5,"author":{"gitId":"kewenlok"},"content":"import seedu.igraduate.Ui;"},{"lineNumber":6,"author":{"gitId":"kewenlok"},"content":""},{"lineNumber":7,"author":{"gitId":"kewenlok"},"content":"/**"},{"lineNumber":8,"author":{"gitId":"kewenlok"},"content":" * Handles list command."},{"lineNumber":9,"author":{"gitId":"kewenlok"},"content":" */"},{"lineNumber":10,"author":{"gitId":"kewenlok"},"content":"public class ListCommand extends Command {"},{"lineNumber":11,"author":{"gitId":"kewenlok"},"content":"    /**"},{"lineNumber":12,"author":{"gitId":"kewenlok"},"content":"     * Todo: Add comments here."},{"lineNumber":13,"author":{"gitId":"kewenlok"},"content":"     *"},{"lineNumber":14,"author":{"gitId":"kewenlok"},"content":"     * @param moduleList Module list consisting of all modules."},{"lineNumber":15,"author":{"gitId":"kewenlok"},"content":"     * @param ui User interface for printing result."},{"lineNumber":16,"author":{"gitId":"kewenlok"},"content":"     * @param storage Storage for storing module list data."},{"lineNumber":17,"author":{"gitId":"kewenlok"},"content":"     */"},{"lineNumber":18,"author":{"gitId":"kewenlok"},"content":"    @Override"},{"lineNumber":19,"author":{"gitId":"kewenlok"},"content":"    public void execute(ModuleList moduleList, Ui ui, Storage storage) {"},{"lineNumber":20,"author":{"gitId":"kewenlok"},"content":"        // Todo: Command action"},{"lineNumber":21,"author":{"gitId":"kewenlok"},"content":"    }"},{"lineNumber":22,"author":{"gitId":"kewenlok"},"content":""},{"lineNumber":23,"author":{"gitId":"kewenlok"},"content":"    /**"},{"lineNumber":24,"author":{"gitId":"kewenlok"},"content":"     * {@inheritDoc}"},{"lineNumber":25,"author":{"gitId":"kewenlok"},"content":"     *"},{"lineNumber":26,"author":{"gitId":"kewenlok"},"content":"     * @return false"},{"lineNumber":27,"author":{"gitId":"kewenlok"},"content":"     */"},{"lineNumber":28,"author":{"gitId":"kewenlok"},"content":"    @Override"},{"lineNumber":29,"author":{"gitId":"kewenlok"},"content":"    public boolean isExit() {"},{"lineNumber":30,"author":{"gitId":"kewenlok"},"content":"        return false;"},{"lineNumber":31,"author":{"gitId":"kewenlok"},"content":"    }"},{"lineNumber":32,"author":{"gitId":"kewenlok"},"content":"}"}],"authorContributionMap":{"kewenlok":32}},{"path":"src/main/java/seedu/igraduate/command/ProgressCommand.java","fileType":"functional-code","lines":[{"lineNumber":1,"author":{"gitId":"fupernova"},"content":"package seedu.igraduate.command;"},{"lineNumber":2,"author":{"gitId":"fupernova"},"content":""},{"lineNumber":3,"author":{"gitId":"kewenlok"},"content":"import seedu.igraduate.Storage;"},{"lineNumber":4,"author":{"gitId":"kewenlok"},"content":"import seedu.igraduate.ModuleList;"},{"lineNumber":5,"author":{"gitId":"kewenlok"},"content":"import seedu.igraduate.Ui;"},{"lineNumber":6,"author":{"gitId":"kewenlok"},"content":""},{"lineNumber":7,"author":{"gitId":"kewenlok"},"content":"/**"},{"lineNumber":8,"author":{"gitId":"kewenlok"},"content":" * Handles progress command."},{"lineNumber":9,"author":{"gitId":"kewenlok"},"content":" */"},{"lineNumber":10,"author":{"gitId":"kewenlok"},"content":""},{"lineNumber":11,"author":{"gitId":"fupernova"},"content":"public class ProgressCommand extends Command {"},{"lineNumber":12,"author":{"gitId":"kewenlok"},"content":"    /**"},{"lineNumber":13,"author":{"gitId":"kewenlok"},"content":"     * Todo: Add comments here."},{"lineNumber":14,"author":{"gitId":"kewenlok"},"content":"     *"},{"lineNumber":15,"author":{"gitId":"kewenlok"},"content":"     * @param moduleList Module list consisting of all modules."},{"lineNumber":16,"author":{"gitId":"kewenlok"},"content":"     * @param ui User interface for printing result."},{"lineNumber":17,"author":{"gitId":"kewenlok"},"content":"     * @param storage Storage for storing module list data."},{"lineNumber":18,"author":{"gitId":"kewenlok"},"content":"     */"},{"lineNumber":19,"author":{"gitId":"kewenlok"},"content":"    @Override"},{"lineNumber":20,"author":{"gitId":"kewenlok"},"content":"    public void execute(ModuleList moduleList, Ui ui, Storage storage) {"},{"lineNumber":21,"author":{"gitId":"kewenlok"},"content":"        // Todo: Command action"},{"lineNumber":22,"author":{"gitId":"kewenlok"},"content":"    }"},{"lineNumber":23,"author":{"gitId":"kewenlok"},"content":""},{"lineNumber":24,"author":{"gitId":"kewenlok"},"content":"    /**"},{"lineNumber":25,"author":{"gitId":"kewenlok"},"content":"     * {@inheritDoc}"},{"lineNumber":26,"author":{"gitId":"kewenlok"},"content":"     *"},{"lineNumber":27,"author":{"gitId":"kewenlok"},"content":"     * @return false"},{"lineNumber":28,"author":{"gitId":"kewenlok"},"content":"     */"},{"lineNumber":29,"author":{"gitId":"kewenlok"},"content":"    @Override"},{"lineNumber":30,"author":{"gitId":"kewenlok"},"content":"    public boolean isExit() {"},{"lineNumber":31,"author":{"gitId":"kewenlok"},"content":"        return false;"},{"lineNumber":32,"author":{"gitId":"kewenlok"},"content":"    }"},{"lineNumber":33,"author":{"gitId":"fupernova"},"content":"}"}],"authorContributionMap":{"fupernova":4,"kewenlok":29}},{"path":"src/main/java/seedu/igraduate/exception/ImportTaskException.java","fileType":"functional-code","lines":[{"lineNumber":1,"author":{"gitId":"xseh"},"content":"package seedu.igraduate.exception;"},{"lineNumber":2,"author":{"gitId":"xseh"},"content":""},{"lineNumber":3,"author":{"gitId":"xseh"},"content":"/**"},{"lineNumber":4,"author":{"gitId":"xseh"},"content":" * The exception is thrown if task cannot be imported properly. "},{"lineNumber":5,"author":{"gitId":"xseh"},"content":" */"},{"lineNumber":6,"author":{"gitId":"xseh"},"content":"public class ImportTaskException extends Exception {"},{"lineNumber":7,"author":{"gitId":"xseh"},"content":"}"},{"lineNumber":8,"author":{"gitId":"xseh"},"content":""}],"authorContributionMap":{"xseh":8}},{"path":"src/main/java/seedu/igraduate/exception/InvalidCommandException.java","fileType":"functional-code","lines":[{"lineNumber":1,"author":{"gitId":"xseh"},"content":"package seedu.igraduate.exception;"},{"lineNumber":2,"author":{"gitId":"xseh"},"content":""},{"lineNumber":3,"author":{"gitId":"xseh"},"content":"public class InvalidCommandException extends Exception {"},{"lineNumber":4,"author":{"gitId":"xseh"},"content":"    "},{"lineNumber":5,"author":{"gitId":"xseh"},"content":"}"}],"authorContributionMap":{"xseh":5}},{"path":"src/main/java/seedu/igraduate/module/CoreModule.java","fileType":"functional-code","lines":[{"lineNumber":1,"author":{"gitId":"kewenlok"},"content":"package seedu.igraduate.module;"},{"lineNumber":2,"author":{"gitId":"kewenlok"},"content":""},{"lineNumber":3,"author":{"gitId":"kewenlok"},"content":"import java.util.ArrayList;"},{"lineNumber":4,"author":{"gitId":"kewenlok"},"content":""},{"lineNumber":5,"author":{"gitId":"kewenlok"},"content":"public class CoreModule extends Module {"},{"lineNumber":6,"author":{"gitId":"kewenlok"},"content":"    public CoreModule(String code, String name, double credit, String status, String grade,"},{"lineNumber":7,"author":{"gitId":"kewenlok"},"content":"                      ArrayList\u003cString\u003e preRequisites) {"},{"lineNumber":8,"author":{"gitId":"kewenlok"},"content":"        super(code, name, credit, status, grade, preRequisites);"},{"lineNumber":9,"author":{"gitId":"kewenlok"},"content":"    }"},{"lineNumber":10,"author":{"gitId":"kewenlok"},"content":""},{"lineNumber":11,"author":{"gitId":"kewenlok"},"content":"    @Override"},{"lineNumber":12,"author":{"gitId":"kewenlok"},"content":"    public String toString() {"},{"lineNumber":13,"author":{"gitId":"kewenlok"},"content":"        return \"[C]\" + super.toString();"},{"lineNumber":14,"author":{"gitId":"kewenlok"},"content":"    }"},{"lineNumber":15,"author":{"gitId":"kewenlok"},"content":"}"}],"authorContributionMap":{"kewenlok":15}},{"path":"src/main/java/seedu/igraduate/module/ElectiveModule.java","fileType":"functional-code","lines":[{"lineNumber":1,"author":{"gitId":"kewenlok"},"content":"package seedu.igraduate.module;"},{"lineNumber":2,"author":{"gitId":"kewenlok"},"content":""},{"lineNumber":3,"author":{"gitId":"kewenlok"},"content":"import java.util.ArrayList;"},{"lineNumber":4,"author":{"gitId":"kewenlok"},"content":""},{"lineNumber":5,"author":{"gitId":"kewenlok"},"content":"public class ElectiveModule extends Module {"},{"lineNumber":6,"author":{"gitId":"kewenlok"},"content":"    public ElectiveModule(String code, String name, double credit, String status, String grade,"},{"lineNumber":7,"author":{"gitId":"kewenlok"},"content":"                          ArrayList\u003cString\u003e preRequisites) {"},{"lineNumber":8,"author":{"gitId":"kewenlok"},"content":"        super(code, name, credit, status, grade, preRequisites);"},{"lineNumber":9,"author":{"gitId":"kewenlok"},"content":"    }"},{"lineNumber":10,"author":{"gitId":"kewenlok"},"content":""},{"lineNumber":11,"author":{"gitId":"kewenlok"},"content":"    @Override"},{"lineNumber":12,"author":{"gitId":"kewenlok"},"content":"    public String toString() {"},{"lineNumber":13,"author":{"gitId":"kewenlok"},"content":"        return \"[E]\" + super.toString();"},{"lineNumber":14,"author":{"gitId":"kewenlok"},"content":"    }"},{"lineNumber":15,"author":{"gitId":"kewenlok"},"content":"}"}],"authorContributionMap":{"kewenlok":15}},{"path":"src/main/java/seedu/igraduate/module/GeModule.java","fileType":"functional-code","lines":[{"lineNumber":1,"author":{"gitId":"kewenlok"},"content":"package seedu.igraduate.module;"},{"lineNumber":2,"author":{"gitId":"kewenlok"},"content":""},{"lineNumber":3,"author":{"gitId":"kewenlok"},"content":"import java.util.ArrayList;"},{"lineNumber":4,"author":{"gitId":"kewenlok"},"content":""},{"lineNumber":5,"author":{"gitId":"kewenlok"},"content":"public class GeModule extends Module {"},{"lineNumber":6,"author":{"gitId":"kewenlok"},"content":"    public GeModule(String code, String name, double credit, String status, String grade,"},{"lineNumber":7,"author":{"gitId":"kewenlok"},"content":"                    ArrayList\u003cString\u003e preRequisites) {"},{"lineNumber":8,"author":{"gitId":"kewenlok"},"content":"        super(code, name, credit, status, grade, preRequisites);"},{"lineNumber":9,"author":{"gitId":"kewenlok"},"content":"    }"},{"lineNumber":10,"author":{"gitId":"kewenlok"},"content":""},{"lineNumber":11,"author":{"gitId":"kewenlok"},"content":"    @Override"},{"lineNumber":12,"author":{"gitId":"kewenlok"},"content":"    public String toString() {"},{"lineNumber":13,"author":{"gitId":"kewenlok"},"content":"        return \"[G]\" + super.toString();"},{"lineNumber":14,"author":{"gitId":"kewenlok"},"content":"    }"},{"lineNumber":15,"author":{"gitId":"kewenlok"},"content":"}"}],"authorContributionMap":{"kewenlok":15}},{"path":"src/main/java/seedu/igraduate/module/MathModule.java","fileType":"functional-code","lines":[{"lineNumber":1,"author":{"gitId":"kewenlok"},"content":"package seedu.igraduate.module;"},{"lineNumber":2,"author":{"gitId":"kewenlok"},"content":""},{"lineNumber":3,"author":{"gitId":"kewenlok"},"content":"import java.util.ArrayList;"},{"lineNumber":4,"author":{"gitId":"kewenlok"},"content":""},{"lineNumber":5,"author":{"gitId":"kewenlok"},"content":"public class MathModule extends Module {"},{"lineNumber":6,"author":{"gitId":"kewenlok"},"content":"    public MathModule(String code, String name, double credit, String status, String grade,"},{"lineNumber":7,"author":{"gitId":"kewenlok"},"content":"                      ArrayList\u003cString\u003e preRequisites) {"},{"lineNumber":8,"author":{"gitId":"kewenlok"},"content":"        super(code, name, credit, status, grade, preRequisites);"},{"lineNumber":9,"author":{"gitId":"kewenlok"},"content":"    }"},{"lineNumber":10,"author":{"gitId":"kewenlok"},"content":""},{"lineNumber":11,"author":{"gitId":"kewenlok"},"content":"    @Override"},{"lineNumber":12,"author":{"gitId":"kewenlok"},"content":"    public String toString() {"},{"lineNumber":13,"author":{"gitId":"kewenlok"},"content":"        return \"[M]\" + super.toString();"},{"lineNumber":14,"author":{"gitId":"kewenlok"},"content":"    }"},{"lineNumber":15,"author":{"gitId":"kewenlok"},"content":"}"}],"authorContributionMap":{"kewenlok":15}},{"path":"src/main/java/seedu/igraduate/module/Module.java","fileType":"functional-code","lines":[{"lineNumber":1,"author":{"gitId":"kewenlok"},"content":"package seedu.igraduate.module;"},{"lineNumber":2,"author":{"gitId":"kewenlok"},"content":""},{"lineNumber":3,"author":{"gitId":"kewenlok"},"content":"import java.util.ArrayList;"},{"lineNumber":4,"author":{"gitId":"kewenlok"},"content":""},{"lineNumber":5,"author":{"gitId":"kewenlok"},"content":"public class Module {"},{"lineNumber":6,"author":{"gitId":"kewenlok"},"content":"    private String code;"},{"lineNumber":7,"author":{"gitId":"kewenlok"},"content":"    private String name;"},{"lineNumber":8,"author":{"gitId":"kewenlok"},"content":"    private double credit;"},{"lineNumber":9,"author":{"gitId":"kewenlok"},"content":"    private String status;"},{"lineNumber":10,"author":{"gitId":"kewenlok"},"content":"    private String grade;"},{"lineNumber":11,"author":{"gitId":"kewenlok"},"content":"    private ArrayList\u003cString\u003e preRequisites;"},{"lineNumber":12,"author":{"gitId":"kewenlok"},"content":""},{"lineNumber":13,"author":{"gitId":"kewenlok"},"content":"    public Module(String code, String name, double credit, String status, String grade,"},{"lineNumber":14,"author":{"gitId":"kewenlok"},"content":"                  ArrayList\u003cString\u003e preRequisites) {"},{"lineNumber":15,"author":{"gitId":"kewenlok"},"content":"        setCode(code);"},{"lineNumber":16,"author":{"gitId":"kewenlok"},"content":"        setName(name);"},{"lineNumber":17,"author":{"gitId":"kewenlok"},"content":"        setCredit(credit);"},{"lineNumber":18,"author":{"gitId":"kewenlok"},"content":"        setStatus(status);"},{"lineNumber":19,"author":{"gitId":"kewenlok"},"content":"        setGrade(grade);"},{"lineNumber":20,"author":{"gitId":"kewenlok"},"content":"        setPreRequisites(preRequisites);"},{"lineNumber":21,"author":{"gitId":"kewenlok"},"content":"    }"},{"lineNumber":22,"author":{"gitId":"kewenlok"},"content":""},{"lineNumber":23,"author":{"gitId":"kewenlok"},"content":"    public void setCode(String code) {"},{"lineNumber":24,"author":{"gitId":"kewenlok"},"content":"        this.code \u003d code;"},{"lineNumber":25,"author":{"gitId":"kewenlok"},"content":"    }"},{"lineNumber":26,"author":{"gitId":"kewenlok"},"content":""},{"lineNumber":27,"author":{"gitId":"kewenlok"},"content":"    public void setName(String name) {"},{"lineNumber":28,"author":{"gitId":"kewenlok"},"content":"        this.name \u003d name;"},{"lineNumber":29,"author":{"gitId":"kewenlok"},"content":"    }"},{"lineNumber":30,"author":{"gitId":"kewenlok"},"content":""},{"lineNumber":31,"author":{"gitId":"kewenlok"},"content":"    public void setCredit(double credit) {"},{"lineNumber":32,"author":{"gitId":"kewenlok"},"content":"        this.credit \u003d credit;"},{"lineNumber":33,"author":{"gitId":"kewenlok"},"content":"    }"},{"lineNumber":34,"author":{"gitId":"kewenlok"},"content":""},{"lineNumber":35,"author":{"gitId":"kewenlok"},"content":"    public void setStatus(String status) {"},{"lineNumber":36,"author":{"gitId":"kewenlok"},"content":"        this.status \u003d status;"},{"lineNumber":37,"author":{"gitId":"kewenlok"},"content":"    }"},{"lineNumber":38,"author":{"gitId":"kewenlok"},"content":""},{"lineNumber":39,"author":{"gitId":"kewenlok"},"content":"    public void setGrade(String grade) {"},{"lineNumber":40,"author":{"gitId":"kewenlok"},"content":"        this.grade \u003d grade;"},{"lineNumber":41,"author":{"gitId":"kewenlok"},"content":"    }"},{"lineNumber":42,"author":{"gitId":"kewenlok"},"content":""},{"lineNumber":43,"author":{"gitId":"kewenlok"},"content":"    public void setPreRequisites(ArrayList\u003cString\u003e preRequisites) {"},{"lineNumber":44,"author":{"gitId":"kewenlok"},"content":"        this.preRequisites \u003d preRequisites;"},{"lineNumber":45,"author":{"gitId":"kewenlok"},"content":"    }"},{"lineNumber":46,"author":{"gitId":"kewenlok"},"content":""},{"lineNumber":47,"author":{"gitId":"kewenlok"},"content":"    public String getCode() {"},{"lineNumber":48,"author":{"gitId":"kewenlok"},"content":"        return code;"},{"lineNumber":49,"author":{"gitId":"kewenlok"},"content":"    }"},{"lineNumber":50,"author":{"gitId":"kewenlok"},"content":""},{"lineNumber":51,"author":{"gitId":"kewenlok"},"content":"    public String getName() {"},{"lineNumber":52,"author":{"gitId":"kewenlok"},"content":"        return name;"},{"lineNumber":53,"author":{"gitId":"kewenlok"},"content":"    }"},{"lineNumber":54,"author":{"gitId":"kewenlok"},"content":""},{"lineNumber":55,"author":{"gitId":"kewenlok"},"content":"    public double getCredit() {"},{"lineNumber":56,"author":{"gitId":"kewenlok"},"content":"        return credit;"},{"lineNumber":57,"author":{"gitId":"kewenlok"},"content":"    }"},{"lineNumber":58,"author":{"gitId":"kewenlok"},"content":""},{"lineNumber":59,"author":{"gitId":"kewenlok"},"content":"    public String getStatus() {"},{"lineNumber":60,"author":{"gitId":"kewenlok"},"content":"        return status;"},{"lineNumber":61,"author":{"gitId":"kewenlok"},"content":"    }"},{"lineNumber":62,"author":{"gitId":"kewenlok"},"content":""},{"lineNumber":63,"author":{"gitId":"kewenlok"},"content":"    public String getStatusIcon() {"},{"lineNumber":64,"author":{"gitId":"kewenlok"},"content":"        String status \u003d getStatus();"},{"lineNumber":65,"author":{"gitId":"kewenlok"},"content":"        if (status.equals(\"taken\")) {"},{"lineNumber":66,"author":{"gitId":"kewenlok"},"content":"            return \"✓\";"},{"lineNumber":67,"author":{"gitId":"kewenlok"},"content":"        } else if (status.equals(\"not taken\")) {"},{"lineNumber":68,"author":{"gitId":"kewenlok"},"content":"            return \"✘\";"},{"lineNumber":69,"author":{"gitId":"kewenlok"},"content":"        } else {"},{"lineNumber":70,"author":{"gitId":"kewenlok"},"content":"            return \"-\";"},{"lineNumber":71,"author":{"gitId":"kewenlok"},"content":"        }"},{"lineNumber":72,"author":{"gitId":"kewenlok"},"content":"    }"},{"lineNumber":73,"author":{"gitId":"kewenlok"},"content":""},{"lineNumber":74,"author":{"gitId":"kewenlok"},"content":"    @Override"},{"lineNumber":75,"author":{"gitId":"kewenlok"},"content":"    public String toString() {"},{"lineNumber":76,"author":{"gitId":"kewenlok"},"content":"        return String.format(\"[%s] %-8s %50s %8d\", getStatusIcon(), getCode(), getName(), getCredit());"},{"lineNumber":77,"author":{"gitId":"kewenlok"},"content":"    }"},{"lineNumber":78,"author":{"gitId":"kewenlok"},"content":"}"}],"authorContributionMap":{"kewenlok":78}},{"path":"src/test/java/seedu/igraduate/IGraduateTest.java","fileType":"test-code","lines":[{"lineNumber":1,"author":{"gitId":"kewenlok"},"content":"package seedu.igraduate;"},{"lineNumber":2,"author":{"gitId":"-"},"content":""},{"lineNumber":3,"author":{"gitId":"-"},"content":"import static org.junit.jupiter.api.Assertions.assertTrue;"},{"lineNumber":4,"author":{"gitId":"-"},"content":""},{"lineNumber":5,"author":{"gitId":"-"},"content":"import org.junit.jupiter.api.Test;"},{"lineNumber":6,"author":{"gitId":"-"},"content":""},{"lineNumber":7,"author":{"gitId":"kewenlok"},"content":"class IGraduateTest {"},{"lineNumber":8,"author":{"gitId":"-"},"content":"    @Test"},{"lineNumber":9,"author":{"gitId":"-"},"content":"    public void sampleTest() {"},{"lineNumber":10,"author":{"gitId":"-"},"content":"        assertTrue(true);"},{"lineNumber":11,"author":{"gitId":"-"},"content":"    }"},{"lineNumber":12,"author":{"gitId":"-"},"content":"}"}],"authorContributionMap":{"kewenlok":2,"-":10}}]
