{"authorDailyContributionsMap":{"LJ-37":[{"date":"2021-03-11","commitResults":[{"hash":"8df9ed97871e4cebe86c8bb123471eb9b29f33b3","messageTitle":"Add JUnit test to check exception for too few parameters","messageBody":"","fileTypesAndContributionMap":{"test-code":{"insertions":9,"deletions":0}}},{"hash":"9599dbfc17d7e951d43d8162797790cb20c06eb8","messageTitle":"Add JUnit test to check exception for too few parameters","messageBody":"","fileTypesAndContributionMap":{"test-code":{"insertions":1,"deletions":1}}}]},{"date":"2021-03-12","commitResults":[{"hash":"7e3d8e4aa370a071af987b8f229e5e038a003574","messageTitle":"Implement add command functionalities","messageBody":"","fileTypesAndContributionMap":{"functional-code":{"insertions":39,"deletions":4}}},{"hash":"80ac9ece10f5fdce3324ef22babf62a495f199a0","messageTitle":"Implement add command functionalities","messageBody":"","fileTypesAndContributionMap":{"functional-code":{"insertions":12,"deletions":4}}}]},{"date":"2021-03-15","commitResults":[{"hash":"8bb7cfefad19a6b1c644c0eabffcdd9b05df64fc","messageTitle":"Add logger to AddCommand","messageBody":"","fileTypesAndContributionMap":{"functional-code":{"insertions":14,"deletions":0}}},{"hash":"5ed9f9a286347e88b49deeeab390e59e226ffe82","messageTitle":"Implement loggers and assertions to AddCommand","messageBody":"","fileTypesAndContributionMap":{"functional-code":{"insertions":7,"deletions":4}}}]},{"date":"2021-03-16","commitResults":[{"hash":"233bda2ae1f356034adf24e001bb600569010c48","messageTitle":"Add failure test case for add module","messageBody":"","fileTypesAndContributionMap":{"test-code":{"insertions":27,"deletions":0}}},{"hash":"4356075facdc3f77e50c2847c779290be0b9f531","messageTitle":"Add failure test case for add module","messageBody":"","fileTypesAndContributionMap":{"test-code":{"insertions":1,"deletions":1}}},{"hash":"89a91bcf0b65fa1137f120cfb98d4a48f742d5b2","messageTitle":"Add fail test to ModuleListTest","messageBody":"","fileTypesAndContributionMap":{"test-code":{"insertions":12,"deletions":1}}}]}],"fupernova":[{"date":"2021-03-08","commitResults":[{"hash":"5fe90758ec5f0c9fc23588856cd9dec498f39fb5","messageTitle":"Add error method and border line","messageBody":"","fileTypesAndContributionMap":{"functional-code":{"insertions":28,"deletions":4}}},{"hash":"9df204879b0b3cd696659de5ceb49289f6dc5bd6","messageTitle":"Revert \"Add error method and border line\"","messageBody":"This reverts commit 5fe90758ec5f0c9fc23588856cd9dec498f39fb5.\n","fileTypesAndContributionMap":{"functional-code":{"insertions":4,"deletions":28}}},{"hash":"e9773db81fafbd2697c59613c92e64a795376170","messageTitle":"Add border line and error printing in Ui","messageBody":"","fileTypesAndContributionMap":{"functional-code":{"insertions":29,"deletions":4}}},{"hash":"bad06fe70af49a897a6f124ba90116c64c6a20b5","messageTitle":"Fix gradle errors","messageBody":"","fileTypesAndContributionMap":{"functional-code":{"insertions":7,"deletions":3}}},{"hash":"60a0da4e9241434482df3a9e14bd89fb8b4c9869","messageTitle":"Add getCommand() to parser","messageBody":"","fileTypesAndContributionMap":{"functional-code":{"insertions":6,"deletions":0}}},{"hash":"1e7f4323afa381459ba76cfaf6b88e52c9ae12b5","messageTitle":"Add methods in Parser, create Command classes","messageBody":"","fileTypesAndContributionMap":{"functional-code":{"insertions":57,"deletions":0}}},{"hash":"8d4a24dfe15f192ae0c41d27071b3d94f42d4b1b","messageTitle":"Fix gradle errors","messageBody":"","fileTypesAndContributionMap":{"functional-code":{"insertions":7,"deletions":0}}},{"hash":"c47bc9475521fdcb511a5c6da4125f3e284c67ce","messageTitle":"Remove unused javadoc tag","messageBody":"","fileTypesAndContributionMap":{"functional-code":{"insertions":1,"deletions":2}}}]},{"date":"2021-03-09","commitResults":[{"hash":"b0ef344ceb758ed464ec125e0f05b40fde5fdfd1","messageTitle":"Swap getCommand() into Ui","messageBody":"","fileTypesAndContributionMap":{"functional-code":{"insertions":20,"deletions":7}}},{"hash":"1b5db4d852f3a1003681c9459eb2f95a485a2fff","messageTitle":"Add whitespace after for","messageBody":"","fileTypesAndContributionMap":{"functional-code":{"insertions":1,"deletions":2}}}]},{"date":"2021-03-10","commitResults":[{"hash":"fe006308f4aea22e49dce7676efa82b89dcafd00","messageTitle":"Add constructors for Command classes","messageBody":"","fileTypesAndContributionMap":{"functional-code":{"insertions":41,"deletions":2}}},{"hash":"96131a6bf6afc13fce0e75116b53a20b135a708f","messageTitle":"Add more methods in Ui","messageBody":"","fileTypesAndContributionMap":{"functional-code":{"insertions":52,"deletions":14}}}]},{"date":"2021-03-11","commitResults":[{"hash":"e8887118a5166394fce02ed76d13936062650e8c","messageTitle":"Refactor parser and add variables in Command classes","messageBody":"","fileTypesAndContributionMap":{"functional-code":{"insertions":137,"deletions":22}}},{"hash":"b9b4688d6ab338d31d6a8b60b33bce9782882357","messageTitle":"Modify constructor signatures for Command classes","messageBody":"","fileTypesAndContributionMap":{"functional-code":{"insertions":24,"deletions":58}}},{"hash":"3a0e34f148a179f16b4669bc9c3f51162d9e7b5e","messageTitle":"Add constructors for command subclasses","messageBody":"","fileTypesAndContributionMap":{"functional-code":{"insertions":5,"deletions":8}}},{"hash":"76a1c0ed5b38bf66cce65f6c4ce0a24752eb49cc","messageTitle":"Fix gradle issues #1","messageBody":"","fileTypesAndContributionMap":{"functional-code":{"insertions":10,"deletions":10}}},{"hash":"0ab06a0059460ef5a4c86fcdcb2ddf51df03608d","messageTitle":"Change module credits to double, add constructor for DoneCommand","messageBody":"","fileTypesAndContributionMap":{"functional-code":{"insertions":42,"deletions":33}}},{"hash":"21a13ded035063f84c7c34774db5dfe82cbfa8f2","messageTitle":"Import classes separately","messageBody":"","fileTypesAndContributionMap":{"functional-code":{"insertions":6,"deletions":1}}},{"hash":"b924cf8aa0dc0d832b3973adaed43a1dd3337c38","messageTitle":"Import DoneCommand in Parser","messageBody":"","fileTypesAndContributionMap":{"functional-code":{"insertions":1,"deletions":0}}},{"hash":"fd9696991a255528588eb7baea8e6a3a82d490ad","messageTitle":"Add newline between methods","messageBody":"","fileTypesAndContributionMap":{"functional-code":{"insertions":1,"deletions":0}}},{"hash":"792a673476a7436d5cc42e49577342511fa1bcb6","messageTitle":"Add JUnit test to check exception for wrong parameters","messageBody":"","fileTypesAndContributionMap":{"test-code":{"insertions":12,"deletions":0}}},{"hash":"90f4ac4c21e6aaec5bf1d46732de269373bbd856","messageTitle":"Fix gradle error","messageBody":"","fileTypesAndContributionMap":{"test-code":{"insertions":1,"deletions":1}}},{"hash":"89e09efe517a5a86556c3e4c89d1a76746a0bb8b","messageTitle":"Change Parser method names from execute to create","messageBody":"","fileTypesAndContributionMap":{"functional-code":{"insertions":12,"deletions":12},"test-code":{"insertions":1,"deletions":1}}}]},{"date":"2021-03-12","commitResults":[{"hash":"51b0018dc3d03d0a6bba24b619063e824ca829c6","messageTitle":"Commit to pull","messageBody":"","fileTypesAndContributionMap":{"functional-code":{"insertions":0,"deletions":1},"test-code":{"insertions":2,"deletions":2}}},{"hash":"2860f2ba50dbd868c57727aab90fc4a8fe484014","messageTitle":"Modify the way Parser parses add, done and list commands","messageBody":"","fileTypesAndContributionMap":{"functional-code":{"insertions":19,"deletions":55},"test-code":{"insertions":11,"deletions":3}}},{"hash":"524e888273c81bd3088a08f63e9659c271ac65a8","messageTitle":"Remove print debugging statements oopsies","messageBody":"","fileTypesAndContributionMap":{"functional-code":{"insertions":0,"deletions":2}}},{"hash":"79f3f8fbfe5d0501ffab077ad7fffa7109722a59","messageTitle":"Fix most bonkers gradle error so far","messageBody":"","fileTypesAndContributionMap":{"functional-code":{"insertions":3,"deletions":3}}},{"hash":"b04c8a30bd70aad047b574598eba7c6725707496","messageTitle":"Fix gradle errors (getting nonsensical now)","messageBody":"","fileTypesAndContributionMap":{"test-code":{"insertions":1,"deletions":1}}}]},{"date":"2021-03-13","commitResults":[{"hash":"a4896b69403aa6f4220c6299791108170a37dc45","messageTitle":"Add feature to throw error when adding repeated module codes","messageBody":"","fileTypesAndContributionMap":{"functional-code":{"insertions":25,"deletions":6}}},{"hash":"2c4242e6503b27141bd5c5a7bf8e1f436d24c813","messageTitle":"Add dependencies separately instead of *","messageBody":"","fileTypesAndContributionMap":{"functional-code":{"insertions":8,"deletions":1}}},{"hash":"c88f81ed161d318d9f423c77b0201c7c04951e79","messageTitle":"ta ma de gradle","messageBody":"","fileTypesAndContributionMap":{"functional-code":{"insertions":5,"deletions":2}}},{"hash":"c47ed32d1d2faabc3ab145ce890dc27e1f8bebc9","messageTitle":"Not sure what","messageBody":"","fileTypesAndContributionMap":{"functional-code":{"insertions":1,"deletions":3}}},{"hash":"bb6fd5df6259f472a7111e0f11d79b997412f012","messageTitle":"Remove redundant exception class","messageBody":"","fileTypesAndContributionMap":{"functional-code":{"insertions":6,"deletions":15},"test-code":{"insertions":0,"deletions":1}}}]},{"date":"2021-03-14","commitResults":[{"hash":"b317253edf24b5a2c0e073f52f06d16e93b9dd90","messageTitle":"Add assertions to Parser","messageBody":"","fileTypesAndContributionMap":{"functional-code":{"insertions":28,"deletions":15}}},{"hash":"6aa4fc61ee01d116e246ffd61016544b212be1c2","messageTitle":"Add additional input checks in Parser","messageBody":"","fileTypesAndContributionMap":{"functional-code":{"insertions":14,"deletions":4}}},{"hash":"f85f0654c26911a0f201262863844b1b4034dea5","messageTitle":"Add additional input checks to Add and Done","messageBody":"","fileTypesAndContributionMap":{"functional-code":{"insertions":1,"deletions":8}}}]},{"date":"2021-03-15","commitResults":[{"hash":"94cd8e5c13d7d8136961ad39eb0800d3dff818c5","messageTitle":"Edits","messageBody":"","fileTypesAndContributionMap":{"functional-code":{"insertions":1,"deletions":1}}},{"hash":"09aab67f60009fe054c29c8f5625c5d2e17d49c8","messageTitle":"Add logging to Parser, DeleteCommand and DoneCommand","messageBody":"","fileTypesAndContributionMap":{"functional-code":{"insertions":35,"deletions":1}}},{"hash":"e5bde65effb5ae6cded78f36c1f0e5b676f7f1f2","messageTitle":"Fix gradle issues, move logging from DeleteCommand to ModuleList","messageBody":"","fileTypesAndContributionMap":{"functional-code":{"insertions":8,"deletions":5}}},{"hash":"fe1f9ba8c577fe60a2efe44af97b7ed3276512e3","messageTitle":"Fix gradle issue","messageBody":"","fileTypesAndContributionMap":{"functional-code":{"insertions":1,"deletions":0}}},{"hash":"91701fcc31374d6b59d6b24ead222b7c575af1d1","messageTitle":"Fak ni gradle","messageBody":"","fileTypesAndContributionMap":{"functional-code":{"insertions":2,"deletions":1}}},{"hash":"29933f19f86a7c64e1e785094b7e62e62193a81e","messageTitle":"Add assertions to Parser","messageBody":"","fileTypesAndContributionMap":{"functional-code":{"insertions":2,"deletions":0}}},{"hash":"2213ab17bc8d060213a3107d6131040f617c793b","messageTitle":"Add more assertions to Parser, add logs to gitignore","messageBody":"","fileTypesAndContributionMap":{"functional-code":{"insertions":18,"deletions":8}}},{"hash":"bbab9663c4a5eafcdd357a82c9ac94502d2b7d50","messageTitle":"Add additional ParserTest methods","messageBody":"","fileTypesAndContributionMap":{"functional-code":{"insertions":10,"deletions":4},"test-code":{"insertions":100,"deletions":12}}},{"hash":"d6aac199405233b94c1f59f06e2627187da96bb0","messageTitle":"Fix gradle issues","messageBody":"","fileTypesAndContributionMap":{"test-code":{"insertions":9,"deletions":7}}}]},{"date":"2021-03-16","commitResults":[{"hash":"d19742bb55f379dc1161c4285a1fd1af2cb64c54","messageTitle":"Implement DeleteCommandTest","messageBody":"","fileTypesAndContributionMap":{"functional-code":{"insertions":10,"deletions":6},"test-code":{"insertions":64,"deletions":0}}},{"hash":"c3ecdbaf91469a0d7b6b6c5cd7313be0a6ba9a9b","messageTitle":"Implement tests for DoneCommand and AddCommand","messageBody":"","fileTypesAndContributionMap":{"functional-code":{"insertions":1,"deletions":1},"test-code":{"insertions":137,"deletions":1}}},{"hash":"0c2c09d32155c451766a8c4bd833160801148825","messageTitle":"Remove unused ByteArray stream from DeleteCommand","messageBody":"","fileTypesAndContributionMap":{"functional-code":{"insertions":0,"deletions":4}}},{"hash":"f4e9859d8b4830f7e5d8bd922b66239cb8454e6c","messageTitle":"Fix gradle issues","messageBody":"","fileTypesAndContributionMap":{"test-code":{"insertions":19,"deletions":18}}},{"hash":"feb7e105ae74ca6b4ee23ef8635b54f5482660bd","messageTitle":"Change all CRLF to System.lineSeparator()","messageBody":"","fileTypesAndContributionMap":{"test-code":{"insertions":9,"deletions":6}}}]}],"kewenlok":[{"date":"2021-03-08","commitResults":[{"hash":"88988813aa4fccdc2c10fc5290c847fa57a6926c","messageTitle":"Initial commit","messageBody":"","fileTypesAndContributionMap":{"functional-code":{"insertions":48,"deletions":0}}},{"hash":"4dda1c6e2e54ea769af527d0bf45dc1209d814b6","messageTitle":"Implement greeting message","messageBody":"","fileTypesAndContributionMap":{"functional-code":{"insertions":3,"deletions":0}}},{"hash":"f35a14131aa8da8e752975d752357ae953b0da75","messageTitle":"Implement exit message","messageBody":"","fileTypesAndContributionMap":{"functional-code":{"insertions":4,"deletions":0}}},{"hash":"f6978fe0b2936515b3f558f129eee2e18add3271","messageTitle":"Initial commit","messageBody":"","fileTypesAndContributionMap":{"functional-code":{"insertions":4,"deletions":0}}},{"hash":"779ea0a415808d2dd1fc911899a3d8c852f37a2e","messageTitle":"Rename classes and packages","messageBody":"","fileTypesAndContributionMap":{"functional-code":{"insertions":18,"deletions":16},"other":{"insertions":14,"deletions":14}}},{"hash":"e2cd3d0d6ebd93ef33d6921bb8c5fcd574cf7ddb","messageTitle":"Rename main classes for files and build.gradle","messageBody":"","fileTypesAndContributionMap":{"other":{"insertions":6,"deletions":5}}},{"hash":"16bc3652478a89f43d4e00db2ed19b4cc0f30557","messageTitle":"Implement module classes","messageBody":"","fileTypesAndContributionMap":{"functional-code":{"insertions":41,"deletions":0}}},{"hash":"526836bd6e61daf7a698a1234e302d23a6a2a9bb","messageTitle":"Implement ModuleList to store module data","messageBody":"","fileTypesAndContributionMap":{"functional-code":{"insertions":73,"deletions":0}}},{"hash":"33078a7f58ca404739bd2da7a8828475962731fb","messageTitle":"ModuleList class: Fix JavaDoc violation","messageBody":"","fileTypesAndContributionMap":{"functional-code":{"insertions":1,"deletions":1}}}]},{"date":"2021-03-09","commitResults":[{"hash":"271c82051396b396a6967a9c92d9dfd3ad3bd38d","messageTitle":"Implement skeleton code for command classes","messageBody":"","fileTypesAndContributionMap":{"functional-code":{"insertions":164,"deletions":1},"other":{"insertions":1,"deletions":1}}},{"hash":"c7e1dbc2061fad2f4dc3960cb1a513736c4812b7","messageTitle":"Modify JavaDoc to follow coding standards","messageBody":"","fileTypesAndContributionMap":{"functional-code":{"insertions":5,"deletions":5}}}]},{"date":"2021-03-10","commitResults":[{"hash":"144b8aa890e7ccd4455498f880e76ef049a5840a","messageTitle":"Add new logo","messageBody":"","fileTypesAndContributionMap":{"functional-code":{"insertions":7,"deletions":2}}},{"hash":"05b9dfe6115e7f912b9879213e44c23eb3788c11","messageTitle":"Modify parseCommand method to return command object","messageBody":"","fileTypesAndContributionMap":{"functional-code":{"insertions":9,"deletions":7}}},{"hash":"c63e09427201fec16383c991a45811368f6d164b","messageTitle":"Implement skeleton code for IGraduate main code","messageBody":"","fileTypesAndContributionMap":{"functional-code":{"insertions":48,"deletions":12}}},{"hash":"7515926bc09e1ccd23883ae38150f121d0a20ad4","messageTitle":"Modify parseCommand method to return command object","messageBody":"","fileTypesAndContributionMap":{"functional-code":{"insertions":0,"deletions":2}}},{"hash":"e6cfc3d17eee23e309fee807852207126d69236f","messageTitle":"Implement skeleton code for Storage class","messageBody":"","fileTypesAndContributionMap":{"functional-code":{"insertions":34,"deletions":0}}},{"hash":"787361461996a4f7835b4247216361ef3685ddc6","messageTitle":"Initial commit","messageBody":"","fileTypesAndContributionMap":{"functional-code":{"insertions":32,"deletions":0}}},{"hash":"cb9ec7a3e57742caa930885ec9a609aeac7cf6b4","messageTitle":"Import command libraries individually","messageBody":"","fileTypesAndContributionMap":{"functional-code":{"insertions":5,"deletions":1}}},{"hash":"a4722325b005a06f20acaa2b35fb0083d5e03f12","messageTitle":"Modify code to comply with coding standards","messageBody":"","fileTypesAndContributionMap":{"functional-code":{"insertions":14,"deletions":14}}},{"hash":"a8cbbdd9ee9a1e6208f83156e14228209aa895b0","messageTitle":"Modify expected outcome and add break point in IGraduate class","messageBody":"","fileTypesAndContributionMap":{"functional-code":{"insertions":1,"deletions":0}}},{"hash":"fe9c42c7e0807090212d38d17d051014c8e36aba","messageTitle":"Modify the datatype of credit variable to double","messageBody":"","fileTypesAndContributionMap":{"functional-code":{"insertions":6,"deletions":6}}},{"hash":"f5325bfe7e359d662518fe097ad1875edb64af28","messageTitle":"Add finally clause in try catch block for run method","messageBody":"","fileTypesAndContributionMap":{"functional-code":{"insertions":3,"deletions":2}}},{"hash":"39b1c2142ea84cd38eeec414ea1694a9191627fb","messageTitle":"Remove printBorderLine method from printExitMessage()","messageBody":"","fileTypesAndContributionMap":{"functional-code":{"insertions":0,"deletions":1}}},{"hash":"461c716e592314f65ad711fda8fa70dd3f7aa194","messageTitle":"Implement getter and setter methods","messageBody":"","fileTypesAndContributionMap":{"functional-code":{"insertions":56,"deletions":0}}},{"hash":"acb701d34186286accb8930cedbf1096ee1aae94","messageTitle":"Override toString method","messageBody":"","fileTypesAndContributionMap":{"functional-code":{"insertions":20,"deletions":0}}}]},{"date":"2021-03-11","commitResults":[{"hash":"6596a948d11f8fdd76fbeea8ea1bf2a9e33b8ec6","messageTitle":"Include dependency for gson extra libraries","messageBody":"","fileTypesAndContributionMap":{"other":{"insertions":1,"deletions":0}}},{"hash":"00eeb174a6de625b87e2237c9d7b1f6585e26266","messageTitle":"Change the moduleCredits variable from integer to double","messageBody":"","fileTypesAndContributionMap":{"functional-code":{"insertions":5,"deletions":5}}},{"hash":"fbee20eb1540a9fbd0c0971eef4313914e7bf674","messageTitle":"Modify parser class methods to static methods","messageBody":"","fileTypesAndContributionMap":{"functional-code":{"insertions":7,"deletions":18}}},{"hash":"56c3070650b758dbab37890da5da16401f8b6ac0","messageTitle":"Add exception for incorrect parameter count","messageBody":"","fileTypesAndContributionMap":{"functional-code":{"insertions":11,"deletions":0}}},{"hash":"0c5a1cf388850eae1deeb7243dcc6966016db834","messageTitle":"Modify code to use incorrect parameter exception","messageBody":"","fileTypesAndContributionMap":{"functional-code":{"insertions":4,"deletions":3}}},{"hash":"3dc2270f9ba73cb3486e6ce81386de2f39b76a2a","messageTitle":"Modify incorrect parameter count exception message","messageBody":"","fileTypesAndContributionMap":{"functional-code":{"insertions":6,"deletions":3}}},{"hash":"5b5ba057ff3ae1eda3ed451f969dec724c1fa606","messageTitle":"Add invalid command error message","messageBody":"","fileTypesAndContributionMap":{"functional-code":{"insertions":6,"deletions":1}}},{"hash":"138cc84d47d9a83305058a8d869dafdf81a1bf9f","messageTitle":"Modify logo and expected output file content","messageBody":"","fileTypesAndContributionMap":{"functional-code":{"insertions":1,"deletions":1}}},{"hash":"5de304a8aabaafee24e3cb293eeffa6e41b09e32","messageTitle":"Enable assertions","messageBody":"","fileTypesAndContributionMap":{"other":{"insertions":1,"deletions":0}}},{"hash":"08b6ebf97cf289e083f78e4806bfef5781111cba","messageTitle":"Add module not found exception class","messageBody":"","fileTypesAndContributionMap":{"functional-code":{"insertions":10,"deletions":0}}},{"hash":"fb253a4fea673c3491a53ab312cf86fc04752bfa","messageTitle":"Modify get method to find module with module code","messageBody":"","fileTypesAndContributionMap":{"functional-code":{"insertions":31,"deletions":4}}},{"hash":"9100e24a4e468601f35581cdc045528ae42abbd0","messageTitle":"Add JUnit test for ModuleList class","messageBody":"","fileTypesAndContributionMap":{"test-code":{"insertions":53,"deletions":0}}},{"hash":"505385b482628afcb617beb91ec81701de45798a","messageTitle":"Modify code to comply with coding standards","messageBody":"","fileTypesAndContributionMap":{"functional-code":{"insertions":1,"deletions":1}}},{"hash":"a1af8c3dbf00df23385f49f7dacb160887df33b8","messageTitle":"Add exception for import module failure","messageBody":"","fileTypesAndContributionMap":{"functional-code":{"insertions":14,"deletions":8}}}]},{"date":"2021-03-12","commitResults":[{"hash":"d543eba57b70b59aa582d5fae61b758b2214dd49","messageTitle":"Add exception to handle save to file failure","messageBody":"","fileTypesAndContributionMap":{"functional-code":{"insertions":10,"deletions":0}}},{"hash":"82e3239cd28cbfd9f5ec7d0087fe9a4c52395526","messageTitle":"Modify execute method to throw exceptions","messageBody":"","fileTypesAndContributionMap":{"functional-code":{"insertions":4,"deletions":1}}},{"hash":"618282002da5d4760eccc670cfb31cbe89df0380","messageTitle":"Implement done command functionalities","messageBody":"","fileTypesAndContributionMap":{"functional-code":{"insertions":24,"deletions":3}}},{"hash":"de80228a258df35ee648a424afa48b95f1fd9332","messageTitle":"Add markAsTaken method","messageBody":"","fileTypesAndContributionMap":{"functional-code":{"insertions":9,"deletions":0}}},{"hash":"16becb1733a2893e1dfd8a7ca830b5d07362cbca","messageTitle":"Modify the access scope of load and store data method","messageBody":"","fileTypesAndContributionMap":{"functional-code":{"insertions":2,"deletions":2}}},{"hash":"52320343333341f23051c56e6023dda28d811ac0","messageTitle":"Add print mark as done message","messageBody":"","fileTypesAndContributionMap":{"functional-code":{"insertions":10,"deletions":13}}},{"hash":"9665fa1f80dbf4784a6ffb399bfb87b96a8d8021","messageTitle":"Modify exception handling","messageBody":"","fileTypesAndContributionMap":{"functional-code":{"insertions":5,"deletions":11}}},{"hash":"1aee077c0529807adba2e356207bffaf8b29661d","messageTitle":"Correct typos","messageBody":"","fileTypesAndContributionMap":{"functional-code":{"insertions":2,"deletions":2}}},{"hash":"0b224e2178b3ec313adcf719f45348eb4db3d60a","messageTitle":"Remove unused variable","messageBody":"","fileTypesAndContributionMap":{"functional-code":{"insertions":0,"deletions":2},"other":{"insertions":0,"deletions":0}}},{"hash":"5a37b824380ff55f7925d3690c5782f63f51f8d3","messageTitle":"Implement get module by index number method","messageBody":"","fileTypesAndContributionMap":{"functional-code":{"insertions":12,"deletions":1}}},{"hash":"7573e79ac60ab808d26ad681bcc55728574d5967","messageTitle":"Remove unused error message","messageBody":"","fileTypesAndContributionMap":{"functional-code":{"insertions":1,"deletions":9}}},{"hash":"02d758f98afc2446faf9c5d0c7685ba1cca152f3","messageTitle":"Rename exception class","messageBody":"","fileTypesAndContributionMap":{"functional-code":{"insertions":5,"deletions":5}}},{"hash":"0041bda1d465d7ba0f7fbf16fe791c0b312109bb","messageTitle":"Modify code to get module by module code","messageBody":"","fileTypesAndContributionMap":{"functional-code":{"insertions":1,"deletions":1}}},{"hash":"5b9b54afcb02fbdaf222fd3607e9e7834accd0fa","messageTitle":"Remove extra lines","messageBody":"","fileTypesAndContributionMap":{"functional-code":{"insertions":0,"deletions":1}}},{"hash":"900a4173b2261d79e2537b2311c2a92dda05ec2e","messageTitle":"Add exception to handle incorrect module type","messageBody":"","fileTypesAndContributionMap":{"functional-code":{"insertions":15,"deletions":1}}},{"hash":"19bd425fe2482df4bef91959177ea678a84912d2","messageTitle":"Refactor add command class code","messageBody":"","fileTypesAndContributionMap":{"functional-code":{"insertions":27,"deletions":15}}},{"hash":"ac2939522f0f70e25260408efc032fb12cd19b63","messageTitle":"Modify save to file methods name for better consistency","messageBody":"","fileTypesAndContributionMap":{"functional-code":{"insertions":6,"deletions":6}}},{"hash":"98e9a5945f2a1156fca47fb86d1454915f7b5fb4","messageTitle":"Change string format for toString method","messageBody":"","fileTypesAndContributionMap":{"functional-code":{"insertions":1,"deletions":1}}},{"hash":"4022b0366f8fa898c5ecdcd38655ac166f3761e8","messageTitle":"Change the parameter of print add module message","messageBody":"","fileTypesAndContributionMap":{"functional-code":{"insertions":2,"deletions":2}}},{"hash":"a032bfac55485ba5d2cba8f3615e3d318834e286","messageTitle":"Modify test to use getByCode method instead if get","messageBody":"","fileTypesAndContributionMap":{"test-code":{"insertions":2,"deletions":2}}},{"hash":"1fb4c7a22e588e9ed83ccaf1184bb79610dabeb8","messageTitle":"Add support to module name field in command class","messageBody":"","fileTypesAndContributionMap":{"functional-code":{"insertions":31,"deletions":14}}},{"hash":"92fef2274ae96d34700ef252adca67872cf144cf","messageTitle":"Modify tests based on updated parser class","messageBody":"","fileTypesAndContributionMap":{"test-code":{"insertions":2,"deletions":2}}},{"hash":"3c04b8659590f2bad2bc8af320bffde7527006f4","messageTitle":"Add module name field in AddCommand class","messageBody":"","fileTypesAndContributionMap":{"functional-code":{"insertions":7,"deletions":6}}},{"hash":"2521f2301491715e9c3e6a25950e2b0c2233f68d","messageTitle":"Implement set module grade method","messageBody":"","fileTypesAndContributionMap":{"functional-code":{"insertions":10,"deletions":0}}},{"hash":"15e6fc66d2b00ca4c856fecf398e4324454d3d4e","messageTitle":"Implement extract grade method","messageBody":"","fileTypesAndContributionMap":{"functional-code":{"insertions":21,"deletions":4}}},{"hash":"6c98bc2d29128e499b90c9aefd285dd1b5a46b7f","messageTitle":"Implement set grade functionalities","messageBody":"","fileTypesAndContributionMap":{"functional-code":{"insertions":8,"deletions":1}}}]},{"date":"2021-03-13","commitResults":[{"hash":"dba0e1ec4741dcc8408736937cb604e684629557","messageTitle":"Refactor code to comply with coding standards","messageBody":"","fileTypesAndContributionMap":{"functional-code":{"insertions":90,"deletions":115}}},{"hash":"f7b760615c0c87c4c0bcae7aa562541d86e1e6d4","messageTitle":"Incorporate test for existing module exception","messageBody":"","fileTypesAndContributionMap":{"test-code":{"insertions":4,"deletions":3}}},{"hash":"8f7bf51fffb9f6f1642add72280bcc4aace1b1b1","messageTitle":"Relocate check existing module to add module in ModuleList","messageBody":"","fileTypesAndContributionMap":{"functional-code":{"insertions":0,"deletions":10}}},{"hash":"2274080f278780fd55ffa16a73428720ce2d2387","messageTitle":"Add support to handle input not number exception","messageBody":"","fileTypesAndContributionMap":{"functional-code":{"insertions":10,"deletions":0}}},{"hash":"72057378d0bdc3834d126a231a41290420222653","messageTitle":"Modify the message for existing module exception","messageBody":"","fileTypesAndContributionMap":{"functional-code":{"insertions":1,"deletions":1}}},{"hash":"2185d92a2edf86a99555374d0dc6e2f4bf05274a","messageTitle":"Relocate the calculate mc method to ModuleList","messageBody":"","fileTypesAndContributionMap":{"functional-code":{"insertions":2,"deletions":2}}},{"hash":"0d70be0a0c3db874b3d5f0b1c48b83229df7aef1","messageTitle":"Modify toString string format","messageBody":"","fileTypesAndContributionMap":{"functional-code":{"insertions":2,"deletions":10}}},{"hash":"7420c8082c98cc4741623e8c0cc40ef905a2fd0b","messageTitle":"Refactor code to comply with coding standards","messageBody":"","fileTypesAndContributionMap":{"functional-code":{"insertions":42,"deletions":14}}},{"hash":"512fce4b74261835629544e949fa6e71d0e8fb53","messageTitle":"Remove extra space in percentageDone calculation","messageBody":"","fileTypesAndContributionMap":{"functional-code":{"insertions":1,"deletions":1}}},{"hash":"73074cb8d36ec671fc9ed5885cfd03489602150c","messageTitle":"Modify DEFAULT_INDEX variable to static variable","messageBody":"","fileTypesAndContributionMap":{"functional-code":{"insertions":5,"deletions":2}}},{"hash":"1e831f5e8a8951319f5917175637d5cdd8fbfd11","messageTitle":"Enhance exception handling for file related errors","messageBody":"","fileTypesAndContributionMap":{"functional-code":{"insertions":20,"deletions":27}}},{"hash":"9f8e8ad974b308c2bcab7edb35fda10538472749","messageTitle":"Add support for invalid module type exception handling","messageBody":"","fileTypesAndContributionMap":{"functional-code":{"insertions":16,"deletions":5}}},{"hash":"e5ff97536c47bb514e6ba249354485a5e850f54e","messageTitle":"Remove unnecessary imports","messageBody":"","fileTypesAndContributionMap":{"functional-code":{"insertions":20,"deletions":31}}}]},{"date":"2021-03-14","commitResults":[{"hash":"ed6d5d617358f4be5d09245cb5aa2051a30c9f1f","messageTitle":"Convert extracted module code to upper case","messageBody":"","fileTypesAndContributionMap":{"functional-code":{"insertions":1,"deletions":1}}},{"hash":"5c899c93b5902d03c0c5bda035c4861a88f3fdf5","messageTitle":"Modify print format for list command","messageBody":"","fileTypesAndContributionMap":{"functional-code":{"insertions":2,"deletions":2}}}]},{"date":"2021-03-15","commitResults":[{"hash":"27e3d0cc97d432dd661bf3052c586531edb38eb9","messageTitle":"Reformat the module printing format","messageBody":"","fileTypesAndContributionMap":{"functional-code":{"insertions":2,"deletions":2}}},{"hash":"b0105f92bbb2f7a2da63de18f8e0e54f894a3b79","messageTitle":"Add logging support","messageBody":"","fileTypesAndContributionMap":{"functional-code":{"insertions":24,"deletions":0}}},{"hash":"d8bde99da58a21306efcb6d9ee1cf7ee14844e58","messageTitle":"Add assertions for error checking","messageBody":"","fileTypesAndContributionMap":{"functional-code":{"insertions":3,"deletions":2}}},{"hash":"f6ab535d6f09b70b402d92342560e7510bc42f0e","messageTitle":"Remove next line from error message","messageBody":"","fileTypesAndContributionMap":{"functional-code":{"insertions":1,"deletions":1}}},{"hash":"e0dc89a69533f46ddbfb17f455d959de88bbf983","messageTitle":"Add a space after catch statement","messageBody":"","fileTypesAndContributionMap":{"functional-code":{"insertions":1,"deletions":1}}},{"hash":"d20b50e828e9973444deb2f4e6c94c58eaf8f9aa","messageTitle":"Modify assertion expressions","messageBody":"","fileTypesAndContributionMap":{"functional-code":{"insertions":3,"deletions":3}}},{"hash":"cb7e6029409de54adc5ecea26ab9ba509ed0f0ac","messageTitle":"Modify logger to log user input","messageBody":"","fileTypesAndContributionMap":{"functional-code":{"insertions":1,"deletions":1}}}]},{"date":"2021-03-16","commitResults":[{"hash":"2c26b6e5e1358a964e5b05a60c0c792ffe50b9d1","messageTitle":"Resolve merge conflict","messageBody":"","fileTypesAndContributionMap":{"functional-code":{"insertions":1,"deletions":6}}}]},{"date":"2021-03-20","commitResults":[{"hash":"9c831efeab5a3cd0b59a1f549b1d92bbdf8babca","messageTitle":"Update JUnit tests for new functionalities","messageBody":"","fileTypesAndContributionMap":{"test-code":{"insertions":22,"deletions":17}}},{"hash":"3fb67e5ea01f78bd0ce51c7403bf72b7685749a4","messageTitle":"Update JUnit test to suit new functionalities","messageBody":"","fileTypesAndContributionMap":{"test-code":{"insertions":6,"deletions":10}}},{"hash":"ab4cfc2657c36feba5560b59bc4f8e60adc92f41","messageTitle":"Add support for extracting pre-requisites module","messageBody":"","fileTypesAndContributionMap":{"functional-code":{"insertions":26,"deletions":7}}},{"hash":"1b8d18fb4c6302a273d0a7268703a8bbc3dda760","messageTitle":"Add support for pre-requisite modules functionality","messageBody":"","fileTypesAndContributionMap":{"functional-code":{"insertions":41,"deletions":3}}},{"hash":"8e63bbf920159d388b510f1a8490c96400198ff8","messageTitle":"Add support for pre-requisite and requiredByModule related method","messageBody":"","fileTypesAndContributionMap":{"functional-code":{"insertions":18,"deletions":0}}},{"hash":"f57d3de2cfb9760d3aa2f8c4cd694928ae60b05a","messageTitle":"Add exception to handle pre-requisite not found error","messageBody":"","fileTypesAndContributionMap":{"functional-code":{"insertions":24,"deletions":11}}},{"hash":"d6450c8c10169630cdd1985faa287d77e756537d","messageTitle":"Remove implicit library imports","messageBody":"","fileTypesAndContributionMap":{"functional-code":{"insertions":11,"deletions":2}}},{"hash":"0e893e9a2869cedfbb13506cb841e052b095ee61","messageTitle":"Modify code to comply with coding standards","messageBody":"","fileTypesAndContributionMap":{"functional-code":{"insertions":14,"deletions":7},"test-code":{"insertions":3,"deletions":10}}},{"hash":"f1d24a92dba85d70cd960f2797da14779fa2dcff","messageTitle":"Remove implicit library imports","messageBody":"","fileTypesAndContributionMap":{"test-code":{"insertions":29,"deletions":3}}}]}],"xseh":[{"date":"2021-03-10","commitResults":[{"hash":"b92b2d4bdbe2ff7ec187cd0e9cf223808ca5b5a9","messageTitle":"Add Parser function","messageBody":"","fileTypesAndContributionMap":{"functional-code":{"insertions":141,"deletions":48}}},{"hash":"6d1dbe08725490e6d2c406a7847ff7ea2401fc8f","messageTitle":"Update code syntax to follow standard","messageBody":"","fileTypesAndContributionMap":{"functional-code":{"insertions":36,"deletions":36}}},{"hash":"b2e82482f734d70515fa17f352092369f0ab095d","messageTitle":"Update code syntax to follow standard","messageBody":"","fileTypesAndContributionMap":{"functional-code":{"insertions":2,"deletions":1}}},{"hash":"b385951abd3ecf40e6ce973723b72d45551aa9d2","messageTitle":"Fix test case error","messageBody":"","fileTypesAndContributionMap":{"functional-code":{"insertions":4,"deletions":3}}}]},{"date":"2021-03-11","commitResults":[{"hash":"47941e7ad1f612b52ed31cb77539020ee5a648fa","messageTitle":"Add storage function","messageBody":"","fileTypesAndContributionMap":{"functional-code":{"insertions":94,"deletions":29},"other":{"insertions":1,"deletions":0},"test-code":{"insertions":0,"deletions":4}}},{"hash":"2061b9a2e5468185667b10c58ce3dba27e217139","messageTitle":"Fix gradle issues","messageBody":"","fileTypesAndContributionMap":{"functional-code":{"insertions":7,"deletions":7}}},{"hash":"2437ebad5e5b75cfb1ef05b219b2b27ff51a162b","messageTitle":"Add JUnit tests for parseCommand","messageBody":"","fileTypesAndContributionMap":{"other":{"insertions":1,"deletions":1},"test-code":{"insertions":11,"deletions":1}}},{"hash":"e8ade3d0541fc42332fba8ccba56a433e3827104","messageTitle":"Add JUnit tests","messageBody":"","fileTypesAndContributionMap":{"other":{"insertions":1,"deletions":1},"test-code":{"insertions":22,"deletions":1}}},{"hash":"cf8f1dcc0f4275e330b6592546504dff56a079b6","messageTitle":"Fix gradle issues","messageBody":"","fileTypesAndContributionMap":{"test-code":{"insertions":2,"deletions":2}}},{"hash":"3952d222285451d74fecc4e4da7464fbd0f55e67","messageTitle":"Fix gradle issues","messageBody":"","fileTypesAndContributionMap":{"test-code":{"insertions":2,"deletions":2}}}]},{"date":"2021-03-12","commitResults":[{"hash":"fc00dfd6532794a7cc94cb5514b587d996310626","messageTitle":"Modify parser to include module name","messageBody":"","fileTypesAndContributionMap":{"functional-code":{"insertions":91,"deletions":62}}},{"hash":"b5bce631d79e0a5352125461a3619e1a1516036d","messageTitle":"Fix gradle errors","messageBody":"","fileTypesAndContributionMap":{"functional-code":{"insertions":19,"deletions":16}}},{"hash":"a44386f7fa7a198554b10ce23e316ce39c9238eb","messageTitle":"Fix gradle errors","messageBody":"","fileTypesAndContributionMap":{"functional-code":{"insertions":1,"deletions":1}}}]},{"date":"2021-03-13","commitResults":[{"hash":"3515f8832291791945a6d51c20cdd7a7530588d5","messageTitle":"Update JavaDcos for Parser class","messageBody":"","fileTypesAndContributionMap":{"functional-code":{"insertions":22,"deletions":10}}},{"hash":"466df5447902eeef0df0eddffcdba651faca161e","messageTitle":"Update JavaDocs for command classes","messageBody":"","fileTypesAndContributionMap":{"functional-code":{"insertions":48,"deletions":4}}},{"hash":"729e23029de4347ce8cfd132290266ac0be55319","messageTitle":"Update JavaDocs for exception classes","messageBody":"","fileTypesAndContributionMap":{"functional-code":{"insertions":23,"deletions":2}}},{"hash":"69c0006596c22e06ca662188681bb6027e15c371","messageTitle":"Update JavaDocs for module classes","messageBody":"","fileTypesAndContributionMap":{"functional-code":{"insertions":76,"deletions":0}}},{"hash":"2a4cbe3b1154ca592f1930f81114c280584cfded","messageTitle":"Update JavaDocs for Main and Ui class","messageBody":"","fileTypesAndContributionMap":{"functional-code":{"insertions":102,"deletions":4}}},{"hash":"e142f4a2bc6d2511c4ce4198a1d015742f0b4cdb","messageTitle":"Fix gradle errors","messageBody":"","fileTypesAndContributionMap":{"functional-code":{"insertions":5,"deletions":8}}}]},{"date":"2021-03-14","commitResults":[{"hash":"ae0345d04876ede974b01a8bfbc8bc374953d6df","messageTitle":"Remove unused dependencies","messageBody":"","fileTypesAndContributionMap":{"functional-code":{"insertions":6,"deletions":13},"test-code":{"insertions":0,"deletions":2}}}]},{"date":"2021-03-15","commitResults":[{"hash":"d018cc7279a04afdb28857de563f3dee48d22b51","messageTitle":"Pull master from upstream","messageBody":"","fileTypesAndContributionMap":{"functional-code":{"insertions":131,"deletions":0},"test-code":{"insertions":1,"deletions":2}}},{"hash":"9496af4eace4720b47b230eed16a81c211fb14d5","messageTitle":"Resolve merge conflict","messageBody":"","fileTypesAndContributionMap":{"functional-code":{"insertions":45,"deletions":0}}},{"hash":"1f2e05e32abfe704347acc4e28ebfdc017fae3ea","messageTitle":"Fix parsing bugs","messageBody":"","fileTypesAndContributionMap":{"functional-code":{"insertions":43,"deletions":208}}},{"hash":"848e17e2619e98b4b564af1fea7d63f8c4c823ec","messageTitle":"Add logging","messageBody":"","fileTypesAndContributionMap":{"functional-code":{"insertions":37,"deletions":8}}},{"hash":"54c776257c7ca7b8536da4a7a9bd9b7cd3d10e86","messageTitle":"Fix gradle errors","messageBody":"","fileTypesAndContributionMap":{"functional-code":{"insertions":3,"deletions":3}}}]},{"date":"2021-03-16","commitResults":[{"hash":"a453f0b2990af21195f340735b8a4bea658fd360","messageTitle":"Fix gradle errors","messageBody":"","fileTypesAndContributionMap":{"functional-code":{"insertions":0,"deletions":8}}},{"hash":"84d233308ca84145751de8d730cca4c118dfca34","messageTitle":"Fix gradle errors","messageBody":"","fileTypesAndContributionMap":{"test-code":{"insertions":11,"deletions":12}}},{"hash":"6b2ea34514d56759956088d203c0168f320a4fbc","messageTitle":"Add Assertion to Parser","messageBody":"","fileTypesAndContributionMap":{"functional-code":{"insertions":3,"deletions":8}}}]}],"oscarlai1998":[{"date":"2021-03-12","commitResults":[{"hash":"b64eb144b728ac77569efe4df497d213dc6085c6","messageTitle":"JUnit Test done","messageBody":"","fileTypesAndContributionMap":{"test-code":{"insertions":10,"deletions":0}}},{"hash":"29966eae12e4ff3e9fce7222d776b00e2b9a2d94","messageTitle":"no message","messageBody":"","fileTypesAndContributionMap":{"functional-code":{"insertions":21,"deletions":0}}},{"hash":"4e52463d5840a951580686df05ae1b9cedb9a5b7","messageTitle":"Added Delete, List Command","messageBody":"","fileTypesAndContributionMap":{"functional-code":{"insertions":49,"deletions":11}}},{"hash":"48ff315279754f775c49a69d520660b87c79e038","messageTitle":"Fixed Gradle errors","messageBody":"","fileTypesAndContributionMap":{"functional-code":{"insertions":13,"deletions":9}}},{"hash":"696ae016f6bb5550d708c379d1e5399a83d7df37","messageTitle":"Edited Delete and List","messageBody":"","fileTypesAndContributionMap":{"functional-code":{"insertions":1,"deletions":0}}}]},{"date":"2021-03-13","commitResults":[{"hash":"882725cff0e32b9bea8daf406950cf13f7e9d84f","messageTitle":"Fixed Delete and List bugs","messageBody":"","fileTypesAndContributionMap":{"functional-code":{"insertions":30,"deletions":21}}},{"hash":"96278192524e8bebd02f3382b9d4f72d9516aa5a","messageTitle":"Added ModularCreditExceedsLimit Exception, Progress Command, Fixed Delete bug, Add JavaDocs","messageBody":"","fileTypesAndContributionMap":{"functional-code":{"insertions":78,"deletions":29}}}]},{"date":"2021-03-15","commitResults":[{"hash":"297771a048eff61224540f844aec147dec39d954","messageTitle":"Created an isDone method in Module","messageBody":"","fileTypesAndContributionMap":{"functional-code":{"insertions":11,"deletions":0}}},{"hash":"a34b9865a099ce8f25851d492dc0b31f94004b0f","messageTitle":"Assertion and Logs","messageBody":"","fileTypesAndContributionMap":{"functional-code":{"insertions":21,"deletions":1}}},{"hash":"757fac1bc85292b12d0b12da94d0ed3ae4557e54","messageTitle":"no message","messageBody":"","fileTypesAndContributionMap":{"functional-code":{"insertions":2,"deletions":2}}},{"hash":"946c4badb94d0795c0f5deebf15cc686e3e365f5","messageTitle":"no message","messageBody":"","fileTypesAndContributionMap":{"functional-code":{"insertions":1,"deletions":1}}}]},{"date":"2021-03-19","commitResults":[{"hash":"3bedaa053d7c33af01799d8c71cb4f14f19e257d","messageTitle":"Add logging","messageBody":"","fileTypesAndContributionMap":{"functional-code":{"insertions":6,"deletions":0}}}]}]},"authorFileTypeContributionMap":{"LJ-37":{"docs":0,"functional-code":41,"test-code":40},"fupernova":{"docs":0,"functional-code":260,"test-code":271},"kewenlok":{"docs":0,"functional-code":1054,"test-code":109,"other":4},"xseh":{"docs":0,"functional-code":463,"test-code":80,"other":2},"oscarlai1998":{"docs":0,"functional-code":63,"test-code":8}},"authorContributionVariance":{"LJ-37":301.1211,"fupernova":13579.25,"kewenlok":20575.188,"xseh":20687.105,"oscarlai1998":2077.2773},"authorDisplayNameMap":{"LJ-37":"CS2113T-W09-2 TAN .. JUN","fupernova":"CS2113T-W09-2 XIA ..FUXI","kewenlok":"CS2113T-W09-2 LOK .. WEN","xseh":"CS2113T-W09-2 SEH ..N RU","oscarlai1998":"CS2113T-W09-2 OSCA.. LAI"}}
