{"authorDailyContributionsMap":{"LJ-37":[{"date":"2021-03-11","commitResults":[{"hash":"8df9ed97871e4cebe86c8bb123471eb9b29f33b3","messageTitle":"Add JUnit test to check exception for too few parameters","messageBody":"","fileTypesAndContributionMap":{"test-code":{"insertions":9,"deletions":0}}},{"hash":"9599dbfc17d7e951d43d8162797790cb20c06eb8","messageTitle":"Add JUnit test to check exception for too few parameters","messageBody":"","fileTypesAndContributionMap":{"test-code":{"insertions":1,"deletions":1}}}]},{"date":"2021-03-12","commitResults":[{"hash":"7e3d8e4aa370a071af987b8f229e5e038a003574","messageTitle":"Implement add command functionalities","messageBody":"","fileTypesAndContributionMap":{"functional-code":{"insertions":39,"deletions":4}}},{"hash":"80ac9ece10f5fdce3324ef22babf62a495f199a0","messageTitle":"Implement add command functionalities","messageBody":"","fileTypesAndContributionMap":{"functional-code":{"insertions":12,"deletions":4}}}]},{"date":"2021-03-15","commitResults":[{"hash":"8bb7cfefad19a6b1c644c0eabffcdd9b05df64fc","messageTitle":"Add logger to AddCommand","messageBody":"","fileTypesAndContributionMap":{"functional-code":{"insertions":14,"deletions":0}}},{"hash":"5ed9f9a286347e88b49deeeab390e59e226ffe82","messageTitle":"Implement loggers and assertions to AddCommand","messageBody":"","fileTypesAndContributionMap":{"functional-code":{"insertions":7,"deletions":4}}}]},{"date":"2021-03-16","commitResults":[{"hash":"233bda2ae1f356034adf24e001bb600569010c48","messageTitle":"Add failure test case for add module","messageBody":"","fileTypesAndContributionMap":{"test-code":{"insertions":27,"deletions":0}}},{"hash":"4356075facdc3f77e50c2847c779290be0b9f531","messageTitle":"Add failure test case for add module","messageBody":"","fileTypesAndContributionMap":{"test-code":{"insertions":1,"deletions":1}}},{"hash":"89a91bcf0b65fa1137f120cfb98d4a48f742d5b2","messageTitle":"Add fail test to ModuleListTest","messageBody":"","fileTypesAndContributionMap":{"test-code":{"insertions":12,"deletions":1}}}]},{"date":"2021-03-20","commitResults":[{"hash":"3691faa950b19700bb09662d35d0fc3fbe525b0d","messageTitle":"Implement CAP functionalities.","messageBody":"","fileTypesAndContributionMap":{"functional-code":{"insertions":134,"deletions":10}}},{"hash":"1a5b46755cf9850dc1e7e95a369cf398ec4cebd7","messageTitle":"Implement CAP functionalities.","messageBody":"","fileTypesAndContributionMap":{"functional-code":{"insertions":9,"deletions":1},"test-code":{"insertions":30,"deletions":27}}}]},{"date":"2021-03-21","commitResults":[{"hash":"7704a2ea78113a9f9f0c720c51cd2c15b690c38e","messageTitle":"Implement logging for CAP command","messageBody":"","fileTypesAndContributionMap":{"functional-code":{"insertions":6,"deletions":0}}},{"hash":"3f4a78483590681db14f341248827b4e75d0e9b4","messageTitle":"Implement logging for CAP command","messageBody":"","fileTypesAndContributionMap":{"functional-code":{"insertions":1,"deletions":0}}},{"hash":"53b071ae994173271940db84d525384c39d7bd01","messageTitle":"Modify CAP command","messageBody":"","fileTypesAndContributionMap":{"functional-code":{"insertions":8,"deletions":1}}},{"hash":"034f09e7e7ce193d61b4221340b77be4dec0fe6a","messageTitle":"Modify CAP command","messageBody":"","fileTypesAndContributionMap":{"functional-code":{"insertions":1,"deletions":2}}},{"hash":"5f19eaa2986cfad09b655b53c34ba059fe78fe5f","messageTitle":"Modify CAP command","messageBody":"","fileTypesAndContributionMap":{"functional-code":{"insertions":2,"deletions":1}}},{"hash":"db770391ec2944c82b6d52c5e60217f838ce3e2c","messageTitle":"Modify CAP command to print degree classification.","messageBody":"","fileTypesAndContributionMap":{"functional-code":{"insertions":37,"deletions":6},"test-code":{"insertions":2,"deletions":1}}}]},{"date":"2021-03-22","commitResults":[{"hash":"d9dabee9d04f3a7969c3c3e5a7521dffae8c3091","messageTitle":"Add product scope for DG","messageBody":"","fileTypesAndContributionMap":{"docs":{"insertions":14,"deletions":5}}},{"hash":"11c54271eb5cea4cba9bf561e3a33f1e9cc620d1","messageTitle":"Modify product scope","messageBody":"","fileTypesAndContributionMap":{"docs":{"insertions":3,"deletions":7}}},{"hash":"69058d706d52572c86eb2d2895e0e15fdaa3dc8e","messageTitle":"Add non-functional requirements","messageBody":"","fileTypesAndContributionMap":{"docs":{"insertions":5,"deletions":1}}}]},{"date":"2021-03-23","commitResults":[{"hash":"480c9542b6b7ed3affd63ed3b63e5c5d72204acb","messageTitle":"Modify DG","messageBody":"","fileTypesAndContributionMap":{"docs":{"insertions":18,"deletions":0}}}]},{"date":"2021-03-24","commitResults":[{"hash":"2eae361e3bee1a16bf7fae862219b2c0afdf9759","messageTitle":"Modify DG","messageBody":"","fileTypesAndContributionMap":{"functional-code":{"insertions":1,"deletions":1},"docs":{"insertions":232,"deletions":1}}}]},{"date":"2021-03-29","commitResults":[{"hash":"c8c19472b4409843249a7bfbcd694fb0d258e21b","messageTitle":"Add CommandClassDiagram.puml","messageBody":"","fileTypesAndContributionMap":{"functional-code":{"insertions":2,"deletions":2},"docs":{"insertions":45,"deletions":0}}},{"hash":"0ace7ae5afcfdcf7cd420ca47ec7e3d2e7482c01","messageTitle":"Add Command class diagram","messageBody":"","fileTypesAndContributionMap":{"functional-code":{"insertions":2,"deletions":11},"docs":{"insertions":57,"deletions":16}}}]},{"date":"2021-03-30","commitResults":[{"hash":"c5ca8f79c3295e330063aef5ceb6c405cd7fb280","messageTitle":"Add tests for update command.","messageBody":"","fileTypesAndContributionMap":{"test-code":{"insertions":224,"deletions":0}}},{"hash":"a31c3b3305cfa76cec798072612101b29b4bab90","messageTitle":"Add tests for update command","messageBody":"","fileTypesAndContributionMap":{"test-code":{"insertions":2,"deletions":2}}},{"hash":"7ed7fdb7c6875b5ecba2ba54808f2ab00e9e4e45","messageTitle":"Add sequence diagram for delete command","messageBody":"","fileTypesAndContributionMap":{"docs":{"insertions":48,"deletions":1}}}]},{"date":"2021-04-07","commitResults":[{"hash":"42c7fccb49f199f651c7e8413cde7de137cdbec7","messageTitle":"Add PPP","messageBody":"","fileTypesAndContributionMap":{"docs":{"insertions":1,"deletions":1}}},{"hash":"8390cc4460e5d6fa766637cb42e47a6aaf287d6a","messageTitle":"Add PPP","messageBody":"","fileTypesAndContributionMap":{"docs":{"insertions":105,"deletions":0}}}]},{"date":"2021-04-08","commitResults":[{"hash":"afbf2f56355b3f3621d573e2e881960be0b12cb9","messageTitle":"Update PPP and command class diagram in DG","messageBody":"","fileTypesAndContributionMap":{"docs":{"insertions":51,"deletions":30}}}]}],"fupernova":[{"date":"2021-03-08","commitResults":[{"hash":"5fe90758ec5f0c9fc23588856cd9dec498f39fb5","messageTitle":"Add error method and border line","messageBody":"","fileTypesAndContributionMap":{"functional-code":{"insertions":28,"deletions":4}}},{"hash":"9df204879b0b3cd696659de5ceb49289f6dc5bd6","messageTitle":"Revert \"Add error method and border line\"","messageBody":"This reverts commit 5fe90758ec5f0c9fc23588856cd9dec498f39fb5.\n","fileTypesAndContributionMap":{"functional-code":{"insertions":4,"deletions":28}}},{"hash":"e9773db81fafbd2697c59613c92e64a795376170","messageTitle":"Add border line and error printing in Ui","messageBody":"","fileTypesAndContributionMap":{"functional-code":{"insertions":29,"deletions":4}}},{"hash":"bad06fe70af49a897a6f124ba90116c64c6a20b5","messageTitle":"Fix gradle errors","messageBody":"","fileTypesAndContributionMap":{"functional-code":{"insertions":7,"deletions":3}}},{"hash":"60a0da4e9241434482df3a9e14bd89fb8b4c9869","messageTitle":"Add getCommand() to parser","messageBody":"","fileTypesAndContributionMap":{"functional-code":{"insertions":6,"deletions":0}}},{"hash":"1e7f4323afa381459ba76cfaf6b88e52c9ae12b5","messageTitle":"Add methods in Parser, create Command classes","messageBody":"","fileTypesAndContributionMap":{"functional-code":{"insertions":57,"deletions":0}}},{"hash":"8d4a24dfe15f192ae0c41d27071b3d94f42d4b1b","messageTitle":"Fix gradle errors","messageBody":"","fileTypesAndContributionMap":{"functional-code":{"insertions":7,"deletions":0}}},{"hash":"c47bc9475521fdcb511a5c6da4125f3e284c67ce","messageTitle":"Remove unused javadoc tag","messageBody":"","fileTypesAndContributionMap":{"functional-code":{"insertions":1,"deletions":2}}}]},{"date":"2021-03-09","commitResults":[{"hash":"b0ef344ceb758ed464ec125e0f05b40fde5fdfd1","messageTitle":"Swap getCommand() into Ui","messageBody":"","fileTypesAndContributionMap":{"functional-code":{"insertions":20,"deletions":7}}},{"hash":"1b5db4d852f3a1003681c9459eb2f95a485a2fff","messageTitle":"Add whitespace after for","messageBody":"","fileTypesAndContributionMap":{"functional-code":{"insertions":1,"deletions":2}}}]},{"date":"2021-03-10","commitResults":[{"hash":"fe006308f4aea22e49dce7676efa82b89dcafd00","messageTitle":"Add constructors for Command classes","messageBody":"","fileTypesAndContributionMap":{"functional-code":{"insertions":41,"deletions":2}}},{"hash":"96131a6bf6afc13fce0e75116b53a20b135a708f","messageTitle":"Add more methods in Ui","messageBody":"","fileTypesAndContributionMap":{"functional-code":{"insertions":52,"deletions":14}}}]},{"date":"2021-03-11","commitResults":[{"hash":"e8887118a5166394fce02ed76d13936062650e8c","messageTitle":"Refactor parser and add variables in Command classes","messageBody":"","fileTypesAndContributionMap":{"functional-code":{"insertions":137,"deletions":22}}},{"hash":"b9b4688d6ab338d31d6a8b60b33bce9782882357","messageTitle":"Modify constructor signatures for Command classes","messageBody":"","fileTypesAndContributionMap":{"functional-code":{"insertions":24,"deletions":58}}},{"hash":"3a0e34f148a179f16b4669bc9c3f51162d9e7b5e","messageTitle":"Add constructors for command subclasses","messageBody":"","fileTypesAndContributionMap":{"functional-code":{"insertions":5,"deletions":8}}},{"hash":"76a1c0ed5b38bf66cce65f6c4ce0a24752eb49cc","messageTitle":"Fix gradle issues #1","messageBody":"","fileTypesAndContributionMap":{"functional-code":{"insertions":10,"deletions":10}}},{"hash":"0ab06a0059460ef5a4c86fcdcb2ddf51df03608d","messageTitle":"Change module credits to double, add constructor for DoneCommand","messageBody":"","fileTypesAndContributionMap":{"functional-code":{"insertions":42,"deletions":33}}},{"hash":"21a13ded035063f84c7c34774db5dfe82cbfa8f2","messageTitle":"Import classes separately","messageBody":"","fileTypesAndContributionMap":{"functional-code":{"insertions":6,"deletions":1}}},{"hash":"b924cf8aa0dc0d832b3973adaed43a1dd3337c38","messageTitle":"Import DoneCommand in Parser","messageBody":"","fileTypesAndContributionMap":{"functional-code":{"insertions":1,"deletions":0}}},{"hash":"fd9696991a255528588eb7baea8e6a3a82d490ad","messageTitle":"Add newline between methods","messageBody":"","fileTypesAndContributionMap":{"functional-code":{"insertions":1,"deletions":0}}},{"hash":"792a673476a7436d5cc42e49577342511fa1bcb6","messageTitle":"Add JUnit test to check exception for wrong parameters","messageBody":"","fileTypesAndContributionMap":{"test-code":{"insertions":12,"deletions":0}}},{"hash":"90f4ac4c21e6aaec5bf1d46732de269373bbd856","messageTitle":"Fix gradle error","messageBody":"","fileTypesAndContributionMap":{"test-code":{"insertions":1,"deletions":1}}},{"hash":"89e09efe517a5a86556c3e4c89d1a76746a0bb8b","messageTitle":"Change Parser method names from execute to create","messageBody":"","fileTypesAndContributionMap":{"functional-code":{"insertions":12,"deletions":12},"test-code":{"insertions":1,"deletions":1}}}]},{"date":"2021-03-12","commitResults":[{"hash":"51b0018dc3d03d0a6bba24b619063e824ca829c6","messageTitle":"Commit to pull","messageBody":"","fileTypesAndContributionMap":{"functional-code":{"insertions":0,"deletions":1},"test-code":{"insertions":2,"deletions":2}}},{"hash":"2860f2ba50dbd868c57727aab90fc4a8fe484014","messageTitle":"Modify the way Parser parses add, done and list commands","messageBody":"","fileTypesAndContributionMap":{"functional-code":{"insertions":19,"deletions":55},"test-code":{"insertions":11,"deletions":3}}},{"hash":"524e888273c81bd3088a08f63e9659c271ac65a8","messageTitle":"Remove print debugging statements oopsies","messageBody":"","fileTypesAndContributionMap":{"functional-code":{"insertions":0,"deletions":2}}},{"hash":"79f3f8fbfe5d0501ffab077ad7fffa7109722a59","messageTitle":"Fix most bonkers gradle error so far","messageBody":"","fileTypesAndContributionMap":{"functional-code":{"insertions":3,"deletions":3}}},{"hash":"b04c8a30bd70aad047b574598eba7c6725707496","messageTitle":"Fix gradle errors (getting nonsensical now)","messageBody":"","fileTypesAndContributionMap":{"test-code":{"insertions":1,"deletions":1}}}]},{"date":"2021-03-13","commitResults":[{"hash":"a4896b69403aa6f4220c6299791108170a37dc45","messageTitle":"Add feature to throw error when adding repeated module codes","messageBody":"","fileTypesAndContributionMap":{"functional-code":{"insertions":25,"deletions":6}}},{"hash":"2c4242e6503b27141bd5c5a7bf8e1f436d24c813","messageTitle":"Add dependencies separately instead of *","messageBody":"","fileTypesAndContributionMap":{"functional-code":{"insertions":8,"deletions":1}}},{"hash":"c88f81ed161d318d9f423c77b0201c7c04951e79","messageTitle":"ta ma de gradle","messageBody":"","fileTypesAndContributionMap":{"functional-code":{"insertions":5,"deletions":2}}},{"hash":"c47ed32d1d2faabc3ab145ce890dc27e1f8bebc9","messageTitle":"Not sure what","messageBody":"","fileTypesAndContributionMap":{"functional-code":{"insertions":1,"deletions":3}}},{"hash":"bb6fd5df6259f472a7111e0f11d79b997412f012","messageTitle":"Remove redundant exception class","messageBody":"","fileTypesAndContributionMap":{"functional-code":{"insertions":6,"deletions":15},"test-code":{"insertions":0,"deletions":1}}}]},{"date":"2021-03-14","commitResults":[{"hash":"b317253edf24b5a2c0e073f52f06d16e93b9dd90","messageTitle":"Add assertions to Parser","messageBody":"","fileTypesAndContributionMap":{"functional-code":{"insertions":28,"deletions":15}}},{"hash":"6aa4fc61ee01d116e246ffd61016544b212be1c2","messageTitle":"Add additional input checks in Parser","messageBody":"","fileTypesAndContributionMap":{"functional-code":{"insertions":14,"deletions":4}}},{"hash":"f85f0654c26911a0f201262863844b1b4034dea5","messageTitle":"Add additional input checks to Add and Done","messageBody":"","fileTypesAndContributionMap":{"functional-code":{"insertions":1,"deletions":8}}}]},{"date":"2021-03-15","commitResults":[{"hash":"94cd8e5c13d7d8136961ad39eb0800d3dff818c5","messageTitle":"Edits","messageBody":"","fileTypesAndContributionMap":{"functional-code":{"insertions":1,"deletions":1}}},{"hash":"09aab67f60009fe054c29c8f5625c5d2e17d49c8","messageTitle":"Add logging to Parser, DeleteCommand and DoneCommand","messageBody":"","fileTypesAndContributionMap":{"functional-code":{"insertions":35,"deletions":1}}},{"hash":"e5bde65effb5ae6cded78f36c1f0e5b676f7f1f2","messageTitle":"Fix gradle issues, move logging from DeleteCommand to ModuleList","messageBody":"","fileTypesAndContributionMap":{"functional-code":{"insertions":8,"deletions":5}}},{"hash":"fe1f9ba8c577fe60a2efe44af97b7ed3276512e3","messageTitle":"Fix gradle issue","messageBody":"","fileTypesAndContributionMap":{"functional-code":{"insertions":1,"deletions":0}}},{"hash":"91701fcc31374d6b59d6b24ead222b7c575af1d1","messageTitle":"Fak ni gradle","messageBody":"","fileTypesAndContributionMap":{"functional-code":{"insertions":2,"deletions":1}}},{"hash":"29933f19f86a7c64e1e785094b7e62e62193a81e","messageTitle":"Add assertions to Parser","messageBody":"","fileTypesAndContributionMap":{"functional-code":{"insertions":2,"deletions":0}}},{"hash":"2213ab17bc8d060213a3107d6131040f617c793b","messageTitle":"Add more assertions to Parser, add logs to gitignore","messageBody":"","fileTypesAndContributionMap":{"functional-code":{"insertions":18,"deletions":8}}},{"hash":"bbab9663c4a5eafcdd357a82c9ac94502d2b7d50","messageTitle":"Add additional ParserTest methods","messageBody":"","fileTypesAndContributionMap":{"functional-code":{"insertions":10,"deletions":4},"test-code":{"insertions":100,"deletions":12}}},{"hash":"d6aac199405233b94c1f59f06e2627187da96bb0","messageTitle":"Fix gradle issues","messageBody":"","fileTypesAndContributionMap":{"test-code":{"insertions":9,"deletions":7}}}]},{"date":"2021-03-16","commitResults":[{"hash":"d19742bb55f379dc1161c4285a1fd1af2cb64c54","messageTitle":"Implement DeleteCommandTest","messageBody":"","fileTypesAndContributionMap":{"functional-code":{"insertions":10,"deletions":6},"test-code":{"insertions":64,"deletions":0}}},{"hash":"c3ecdbaf91469a0d7b6b6c5cd7313be0a6ba9a9b","messageTitle":"Implement tests for DoneCommand and AddCommand","messageBody":"","fileTypesAndContributionMap":{"functional-code":{"insertions":1,"deletions":1},"test-code":{"insertions":137,"deletions":1}}},{"hash":"0c2c09d32155c451766a8c4bd833160801148825","messageTitle":"Remove unused ByteArray stream from DeleteCommand","messageBody":"","fileTypesAndContributionMap":{"functional-code":{"insertions":0,"deletions":4}}},{"hash":"f4e9859d8b4830f7e5d8bd922b66239cb8454e6c","messageTitle":"Fix gradle issues","messageBody":"","fileTypesAndContributionMap":{"test-code":{"insertions":19,"deletions":18}}},{"hash":"feb7e105ae74ca6b4ee23ef8635b54f5482660bd","messageTitle":"Change all CRLF to System.lineSeparator()","messageBody":"","fileTypesAndContributionMap":{"test-code":{"insertions":9,"deletions":6}}}]},{"date":"2021-03-20","commitResults":[{"hash":"4eb0f3d3573746e357a6c3d4c937274a540db8b7","messageTitle":"Implement list scope","messageBody":"","fileTypesAndContributionMap":{"functional-code":{"insertions":59,"deletions":31}}},{"hash":"c23e95ff7991e0df311d683cabccf464b90df35e","messageTitle":"Add ui messages for cap, add skeleton for CapCommand, Add parsing for Cap","messageBody":"","fileTypesAndContributionMap":{"functional-code":{"insertions":87,"deletions":9}}},{"hash":"f3f04fbe4e2a527d08fa516d0dea3d21f9931935","messageTitle":"Fix gradle issues","messageBody":"","fileTypesAndContributionMap":{"functional-code":{"insertions":3,"deletions":2}}},{"hash":"ca62c41ab293e5fcb8fc61fa90a83b9beed41f32","messageTitle":"Update JUnit tests for ListCommand to reflect new scope","messageBody":"","fileTypesAndContributionMap":{"test-code":{"insertions":2,"deletions":2}}},{"hash":"cf7d318401cd5630f0006dacb27857c69c623d16","messageTitle":"Fix JUnit test fail","messageBody":"","fileTypesAndContributionMap":{"functional-code":{"insertions":2,"deletions":2}}},{"hash":"72d9e25051cf086d2d64a59751573d879d12b6b7","messageTitle":"Add JUnit test for Parser methods recognising CapCommand","messageBody":"","fileTypesAndContributionMap":{"functional-code":{"insertions":16,"deletions":3},"test-code":{"insertions":35,"deletions":2}}},{"hash":"7aa404dcc54cfe97a2464b55e20261b3b89794d4","messageTitle":"Add fallthrough comment to case statements","messageBody":"","fileTypesAndContributionMap":{"functional-code":{"insertions":6,"deletions":6}}},{"hash":"94d35df5654b937febce83f218f9428b580c8950","messageTitle":"Add fallthrough comment, fix typo","messageBody":"","fileTypesAndContributionMap":{"functional-code":{"insertions":2,"deletions":4}}},{"hash":"f8d1bf2e67899d6f51896cdd43fae0f1b8a47820","messageTitle":"Add tests for CapCommand","messageBody":"","fileTypesAndContributionMap":{"functional-code":{"insertions":1,"deletions":1},"test-code":{"insertions":113,"deletions":0}}},{"hash":"8978a26769c5c9064c41942d1c6c64c4591bb3b5","messageTitle":"Fix gradle issues","messageBody":"","fileTypesAndContributionMap":{"test-code":{"insertions":10,"deletions":10}}}]},{"date":"2021-03-21","commitResults":[{"hash":"22b7647521d67ac376698d162fc2ae00b56b98e9","messageTitle":"Add method to warn incomplete prereqs when using done command","messageBody":"","fileTypesAndContributionMap":{"functional-code":{"insertions":14,"deletions":1}}},{"hash":"a8b7bc58b8cce7b52fe58aa90a8be991a8896053","messageTitle":"Remove unnecessary newline","messageBody":"","fileTypesAndContributionMap":{"functional-code":{"insertions":1,"deletions":2}}}]},{"date":"2021-03-22","commitResults":[{"hash":"77f12f0461fe9da302938c684aaba0d7e4d33e9a","messageTitle":"Shift assertion in ModuleList to prevent assertion failure","messageBody":"","fileTypesAndContributionMap":{"functional-code":{"insertions":2,"deletions":2}}},{"hash":"4c186cdf10d771f0be20ee9f352b6a09d4a0e384","messageTitle":"Change method names for List, modify prerequisiteNotMetException to print prereqs required","messageBody":"","fileTypesAndContributionMap":{"functional-code":{"insertions":34,"deletions":20}}},{"hash":"256a68173e6dd80c6887fc4380b883ba234280dc","messageTitle":"Add skeleton for DG","messageBody":"","fileTypesAndContributionMap":{"docs":{"insertions":60,"deletions":3}}},{"hash":"1bc7cee6816cb882fa6bb457a72a342fc7fc5565","messageTitle":"Add appendix and content page for user stories and product scope","messageBody":"","fileTypesAndContributionMap":{"docs":{"insertions":11,"deletions":5}}},{"hash":"cb573e08c7085f863a1ee5aa92a1d9c5b0a51ccd","messageTitle":"Add whitespace after image","messageBody":"","fileTypesAndContributionMap":{"docs":{"insertions":1,"deletions":0}}},{"hash":"c9084ce8371923bf244517a20c59a349bcad9fad","messageTitle":"Add content page for implementation details","messageBody":"","fileTypesAndContributionMap":{"docs":{"insertions":4,"deletions":0}}},{"hash":"db34bc8b8e53f2879dec61af48c088656a4c786f","messageTitle":"Add description and design of parser","messageBody":"","fileTypesAndContributionMap":{"docs":{"insertions":16,"deletions":1}}}]},{"date":"2021-03-23","commitResults":[{"hash":"eb51cd11a18b4e5cc39761108bb7cf3d2c7277ca","messageTitle":"Add instance of parser to iGraduate, do UML diagram for parser","messageBody":"","fileTypesAndContributionMap":{"functional-code":{"insertions":12,"deletions":3},"docs":{"insertions":31,"deletions":14}}},{"hash":"59f7790fb09b0e64e08d2a8f62a0bd240479e038","messageTitle":"Remove trailing quote from DG","messageBody":"","fileTypesAndContributionMap":{"docs":{"insertions":2,"deletions":2}}}]},{"date":"2021-03-24","commitResults":[{"hash":"d48f0f286a5a0c980f66492cd34fb85a12276069","messageTitle":"Implement function to update prerequisites","messageBody":"","fileTypesAndContributionMap":{"functional-code":{"insertions":79,"deletions":0}}},{"hash":"931fdf7e7f070cda7f5cec3d3fe1316d8fd96f4a","messageTitle":"Change javadoc in Parser.java","messageBody":"","fileTypesAndContributionMap":{"functional-code":{"insertions":1,"deletions":1}}},{"hash":"b567da8ff9e475732bee1d803267000dbcd2f049","messageTitle":"Fix typo in javadoc, add DG component for ModuleList class","messageBody":"","fileTypesAndContributionMap":{"functional-code":{"insertions":5,"deletions":5},"docs":{"insertions":43,"deletions":2}}},{"hash":"b1e7b44cf8e70e2c8ff7b837b38d50d4c1e666c0","messageTitle":"Remove \u003c\u003c\u003c HEAD","messageBody":"","fileTypesAndContributionMap":{"docs":{"insertions":0,"deletions":1}}}]},{"date":"2021-03-25","commitResults":[{"hash":"4767ed0af081c30a1abf80db4e4b78cdc9293127","messageTitle":"Add class diagram for ModuleList to DG","messageBody":"","fileTypesAndContributionMap":{"docs":{"insertions":16,"deletions":0}}},{"hash":"307fb82377d057159bf3bc0be772b58bbc3fd118","messageTitle":"Fix caption for Parser UML, add caption for ModuleList UML","messageBody":"","fileTypesAndContributionMap":{"docs":{"insertions":3,"deletions":0}}},{"hash":"da6bc3c3b6260656780b4006655acc8ee837496e","messageTitle":"Fix formatting of ModuleList UML","messageBody":"","fileTypesAndContributionMap":{"docs":{"insertions":1,"deletions":0}}},{"hash":"d64f746bb3873f5d124a50a52901a59144ee51bd","messageTitle":"Add sequence diagram for Parser class","messageBody":"","fileTypesAndContributionMap":{"docs":{"insertions":53,"deletions":0}}},{"hash":"d72136d18a58408ae5db52bbe07946a1f2cf2369","messageTitle":"Add content page for Implementation in DG, add template for UG","messageBody":"","fileTypesAndContributionMap":{"docs":{"insertions":184,"deletions":23}}}]},{"date":"2021-03-26","commitResults":[{"hash":"cb80d736c34cee318a27514df5a7bae064c3d4ac","messageTitle":"Fix typo in sample input for update","messageBody":"","fileTypesAndContributionMap":{"docs":{"insertions":1,"deletions":1}}}]},{"date":"2021-03-28","commitResults":[{"hash":"49a39f08fcf713c600b55975ce49526079a7ecc9","messageTitle":"Fix typos in DG, remove circle from UML","messageBody":"","fileTypesAndContributionMap":{"docs":{"insertions":12,"deletions":10}}},{"hash":"bc8c114e2645a8ab21816e95fd5fc8e3d2fe8c77","messageTitle":"Fix self prerequisite bug in UpdateCommand","messageBody":"","fileTypesAndContributionMap":{"functional-code":{"insertions":44,"deletions":38}}},{"hash":"6af34cd3915769c2c8b2a5ef126575171a136414","messageTitle":"Add dependencies individually instead of using *","messageBody":"","fileTypesAndContributionMap":{"functional-code":{"insertions":14,"deletions":1}}},{"hash":"6acb87cf73ba71b5c2bf79ed89121baec73fca1c","messageTitle":"Add dependencies individually instead of using * (part 2)","messageBody":"","fileTypesAndContributionMap":{"functional-code":{"insertions":8,"deletions":1}}},{"hash":"19ecad37e9b4719a6d6baa30e644af2f0b20a52e","messageTitle":"Fix gradle error","messageBody":"","fileTypesAndContributionMap":{"test-code":{"insertions":8,"deletions":5}}},{"hash":"dfbd5f14d8d29f0cc5221b50ca80c5d18e2c36c9","messageTitle":"Fix gradle error","messageBody":"","fileTypesAndContributionMap":{"test-code":{"insertions":33,"deletions":29}}},{"hash":"96cde59e972d7b5aa37e62dd54312c24a3642815","messageTitle":"Remove redundant test in CapCommandTest","messageBody":"","fileTypesAndContributionMap":{"functional-code":{"insertions":1,"deletions":3},"test-code":{"insertions":9,"deletions":31}}},{"hash":"7483202e4a05ec56fe9dddf16cc61bd18ae58351","messageTitle":"Separated unit tests from integration tests in AddCommandTest","messageBody":"","fileTypesAndContributionMap":{"test-code":{"insertions":26,"deletions":7}}},{"hash":"a3048c384fb68058b307c2a6512a3eb59e1d7f6c","messageTitle":"Fix gradle error","messageBody":"","fileTypesAndContributionMap":{"test-code":{"insertions":1,"deletions":1}}}]},{"date":"2021-03-29","commitResults":[{"hash":"af2f151314473a1e53c110c2c2fcd122114788ed","messageTitle":"Separate DeleteCommandTest into unit and integration test classes","messageBody":"","fileTypesAndContributionMap":{"other":{"insertions":15,"deletions":13},"test-code":{"insertions":82,"deletions":1}}},{"hash":"70c8f884b0ccdb2cafc25c877ed1e9823ce0e971","messageTitle":"Fix indentation of lambda function","messageBody":"","fileTypesAndContributionMap":{"test-code":{"insertions":3,"deletions":3}}},{"hash":"720c49d0876b157c2c0a0699a0b950f54b7f9a06","messageTitle":"Fix gradle error","messageBody":"","fileTypesAndContributionMap":{"test-code":{"insertions":2,"deletions":2}}},{"hash":"ebb2803c65686e87e83af932962ff11aa329981f","messageTitle":"Fix index checking for extractModuleCode method in Parser","messageBody":"","fileTypesAndContributionMap":{"functional-code":{"insertions":4,"deletions":5},"test-code":{"insertions":1,"deletions":1}}},{"hash":"8b63eb65fe1c511eff354d937bbc6e3752a36b85","messageTitle":"Fix condition in Parser","messageBody":"","fileTypesAndContributionMap":{"functional-code":{"insertions":1,"deletions":1}}}]},{"date":"2021-03-30","commitResults":[{"hash":"900813aae986e3e8da64e44821298710b77f4a43","messageTitle":"Fix grammar error in intro","messageBody":"","fileTypesAndContributionMap":{"docs":{"insertions":2,"deletions":2}}},{"hash":"574aca25cf1ed4d7d673e47ddda7ed616474862f","messageTitle":"Add to implementation details of Command package","messageBody":"","fileTypesAndContributionMap":{"docs":{"insertions":58,"deletions":2}}},{"hash":"12762899fc40c2817c2f18a90e1bc8cc9f571a31","messageTitle":"Add sequence diagram for DoneCommand in DG","messageBody":"","fileTypesAndContributionMap":{"docs":{"insertions":51,"deletions":4}}},{"hash":"9477922626ed7b285c24595cea22552536dc4333","messageTitle":"Polish UG","messageBody":"","fileTypesAndContributionMap":{"docs":{"insertions":27,"deletions":19}}},{"hash":"8b8ebcb9e9ba95654f08e2f0c2a1802d5df25549","messageTitle":"Add sequence diagram for UpdateCommand, fix bugs in other sequence diagrams","messageBody":"","fileTypesAndContributionMap":{"docs":{"insertions":78,"deletions":5}}},{"hash":"276de5e5498845995c88829f3869a0746446fd8b","messageTitle":"Add destroy icon to sequence diagram","messageBody":"","fileTypesAndContributionMap":{"docs":{"insertions":1,"deletions":0}}},{"hash":"30b52528966c03f72c0738de87d17e657f24a125","messageTitle":"Fix bug with unicode","messageBody":"","fileTypesAndContributionMap":{"functional-code":{"insertions":2,"deletions":2}}}]},{"date":"2021-03-31","commitResults":[{"hash":"03ef689734ad9cf76aab08f00182a0312b3a3b37","messageTitle":"Fix case sensitive file name in DG","messageBody":"","fileTypesAndContributionMap":{"functional-code":{"insertions":2,"deletions":2},"docs":{"insertions":7,"deletions":7}}}]},{"date":"2021-04-03","commitResults":[{"hash":"2120f4dd3746433eceb382000afeaa8235f4e31e","messageTitle":"Modify sequence diagrams and captions of DG","messageBody":"","fileTypesAndContributionMap":{"docs":{"insertions":81,"deletions":64}}}]},{"date":"2021-04-04","commitResults":[{"hash":"0a2ee6a5e48b33aed76e0e69c66eded0e2d6d40f","messageTitle":"Patch bug where same module can be marked as done multiple times","messageBody":"","fileTypesAndContributionMap":{"functional-code":{"insertions":33,"deletions":13}}},{"hash":"e181bec2a51530a6cbd38476e6ecd67947bc9c8c","messageTitle":"Fix indentation","messageBody":"","fileTypesAndContributionMap":{"functional-code":{"insertions":8,"deletions":9}}},{"hash":"1ea1585e2719925e181011e1bbc2d7ce1d9f0ffb","messageTitle":"Fix gradle issue","messageBody":"","fileTypesAndContributionMap":{"test-code":{"insertions":2,"deletions":17}}},{"hash":"18494830e5efec263be0d1fe487ff7c4946f7b84","messageTitle":"Fix gradle issue","messageBody":"","fileTypesAndContributionMap":{"test-code":{"insertions":17,"deletions":1}}},{"hash":"46c789bcbc7f849e7c3de2d94b1a8ec22d7aa27c","messageTitle":"Fix gradle issue","messageBody":"","fileTypesAndContributionMap":{"test-code":{"insertions":36,"deletions":17}}},{"hash":"0697508224154de0a98f405cc9b67507527055c2","messageTitle":"Fix gradle issue","messageBody":"","fileTypesAndContributionMap":{"test-code":{"insertions":23,"deletions":15}}},{"hash":"e9dc0658b1c479f0261ef082efe0f6ef0a223fe7","messageTitle":"Add ceiling for max MC per module, add extra clarification in UG","messageBody":"","fileTypesAndContributionMap":{"functional-code":{"insertions":13,"deletions":1},"docs":{"insertions":13,"deletions":0}}},{"hash":"2b1628173d1feea20cc647f3d45dfb0c8aff98b2","messageTitle":"Add function to display help messages","messageBody":"","fileTypesAndContributionMap":{"functional-code":{"insertions":162,"deletions":17}}},{"hash":"72c552dc267c399f91a89f99708de426cc4b54f4","messageTitle":"Add check for duplicate word","messageBody":"","fileTypesAndContributionMap":{"functional-code":{"insertions":2,"deletions":2}}},{"hash":"4ba8cfcb31a26f6015622421d9b0e50b204c8ffd","messageTitle":"Fix gradle error pre-emptively","messageBody":"","fileTypesAndContributionMap":{"functional-code":{"insertions":10,"deletions":1}}},{"hash":"049629117169e6e5b64e57206def0cd8115d454d","messageTitle":"Fix gradle error","messageBody":"","fileTypesAndContributionMap":{"test-code":{"insertions":3,"deletions":3}}},{"hash":"7d65e132bf7b2700f4982c13f8d8a4aa3bd8c790","messageTitle":"Add details of HelpCommand into UG and DG","messageBody":"","fileTypesAndContributionMap":{"docs":{"insertions":96,"deletions":0}}}]},{"date":"2021-04-05","commitResults":[{"hash":"2984bdc72698adbcda334d29bea4dc7e85a3df40","messageTitle":"Add template for PPP","messageBody":"","fileTypesAndContributionMap":{"docs":{"insertions":24,"deletions":0}}},{"hash":"be5eadb61a0397e371833af51adacdc4d77433e1","messageTitle":"Add PPP","messageBody":"","fileTypesAndContributionMap":{"docs":{"insertions":91,"deletions":12}}}]}],"kewenlok":[{"date":"2021-03-08","commitResults":[{"hash":"88988813aa4fccdc2c10fc5290c847fa57a6926c","messageTitle":"Initial commit","messageBody":"","fileTypesAndContributionMap":{"functional-code":{"insertions":48,"deletions":0}}},{"hash":"4dda1c6e2e54ea769af527d0bf45dc1209d814b6","messageTitle":"Implement greeting message","messageBody":"","fileTypesAndContributionMap":{"functional-code":{"insertions":3,"deletions":0}}},{"hash":"f35a14131aa8da8e752975d752357ae953b0da75","messageTitle":"Implement exit message","messageBody":"","fileTypesAndContributionMap":{"functional-code":{"insertions":4,"deletions":0}}},{"hash":"f6978fe0b2936515b3f558f129eee2e18add3271","messageTitle":"Initial commit","messageBody":"","fileTypesAndContributionMap":{"functional-code":{"insertions":4,"deletions":0}}},{"hash":"779ea0a415808d2dd1fc911899a3d8c852f37a2e","messageTitle":"Rename classes and packages","messageBody":"","fileTypesAndContributionMap":{"functional-code":{"insertions":18,"deletions":16},"other":{"insertions":14,"deletions":14}}},{"hash":"e2cd3d0d6ebd93ef33d6921bb8c5fcd574cf7ddb","messageTitle":"Rename main classes for files and build.gradle","messageBody":"","fileTypesAndContributionMap":{"other":{"insertions":6,"deletions":5}}},{"hash":"16bc3652478a89f43d4e00db2ed19b4cc0f30557","messageTitle":"Implement module classes","messageBody":"","fileTypesAndContributionMap":{"functional-code":{"insertions":41,"deletions":0}}},{"hash":"526836bd6e61daf7a698a1234e302d23a6a2a9bb","messageTitle":"Implement ModuleList to store module data","messageBody":"","fileTypesAndContributionMap":{"functional-code":{"insertions":73,"deletions":0}}},{"hash":"33078a7f58ca404739bd2da7a8828475962731fb","messageTitle":"ModuleList class: Fix JavaDoc violation","messageBody":"","fileTypesAndContributionMap":{"functional-code":{"insertions":1,"deletions":1}}}]},{"date":"2021-03-09","commitResults":[{"hash":"271c82051396b396a6967a9c92d9dfd3ad3bd38d","messageTitle":"Implement skeleton code for command classes","messageBody":"","fileTypesAndContributionMap":{"functional-code":{"insertions":164,"deletions":1},"other":{"insertions":1,"deletions":1}}},{"hash":"c7e1dbc2061fad2f4dc3960cb1a513736c4812b7","messageTitle":"Modify JavaDoc to follow coding standards","messageBody":"","fileTypesAndContributionMap":{"functional-code":{"insertions":5,"deletions":5}}}]},{"date":"2021-03-10","commitResults":[{"hash":"144b8aa890e7ccd4455498f880e76ef049a5840a","messageTitle":"Add new logo","messageBody":"","fileTypesAndContributionMap":{"functional-code":{"insertions":7,"deletions":2}}},{"hash":"05b9dfe6115e7f912b9879213e44c23eb3788c11","messageTitle":"Modify parseCommand method to return command object","messageBody":"","fileTypesAndContributionMap":{"functional-code":{"insertions":9,"deletions":7}}},{"hash":"c63e09427201fec16383c991a45811368f6d164b","messageTitle":"Implement skeleton code for IGraduate main code","messageBody":"","fileTypesAndContributionMap":{"functional-code":{"insertions":48,"deletions":12}}},{"hash":"7515926bc09e1ccd23883ae38150f121d0a20ad4","messageTitle":"Modify parseCommand method to return command object","messageBody":"","fileTypesAndContributionMap":{"functional-code":{"insertions":0,"deletions":2}}},{"hash":"e6cfc3d17eee23e309fee807852207126d69236f","messageTitle":"Implement skeleton code for Storage class","messageBody":"","fileTypesAndContributionMap":{"functional-code":{"insertions":34,"deletions":0}}},{"hash":"787361461996a4f7835b4247216361ef3685ddc6","messageTitle":"Initial commit","messageBody":"","fileTypesAndContributionMap":{"functional-code":{"insertions":32,"deletions":0}}},{"hash":"cb9ec7a3e57742caa930885ec9a609aeac7cf6b4","messageTitle":"Import command libraries individually","messageBody":"","fileTypesAndContributionMap":{"functional-code":{"insertions":5,"deletions":1}}},{"hash":"a4722325b005a06f20acaa2b35fb0083d5e03f12","messageTitle":"Modify code to comply with coding standards","messageBody":"","fileTypesAndContributionMap":{"functional-code":{"insertions":14,"deletions":14}}},{"hash":"a8cbbdd9ee9a1e6208f83156e14228209aa895b0","messageTitle":"Modify expected outcome and add break point in IGraduate class","messageBody":"","fileTypesAndContributionMap":{"functional-code":{"insertions":1,"deletions":0}}},{"hash":"fe9c42c7e0807090212d38d17d051014c8e36aba","messageTitle":"Modify the datatype of credit variable to double","messageBody":"","fileTypesAndContributionMap":{"functional-code":{"insertions":6,"deletions":6}}},{"hash":"f5325bfe7e359d662518fe097ad1875edb64af28","messageTitle":"Add finally clause in try catch block for run method","messageBody":"","fileTypesAndContributionMap":{"functional-code":{"insertions":3,"deletions":2}}},{"hash":"39b1c2142ea84cd38eeec414ea1694a9191627fb","messageTitle":"Remove printBorderLine method from printExitMessage()","messageBody":"","fileTypesAndContributionMap":{"functional-code":{"insertions":0,"deletions":1}}},{"hash":"461c716e592314f65ad711fda8fa70dd3f7aa194","messageTitle":"Implement getter and setter methods","messageBody":"","fileTypesAndContributionMap":{"functional-code":{"insertions":56,"deletions":0}}},{"hash":"acb701d34186286accb8930cedbf1096ee1aae94","messageTitle":"Override toString method","messageBody":"","fileTypesAndContributionMap":{"functional-code":{"insertions":20,"deletions":0}}}]},{"date":"2021-03-11","commitResults":[{"hash":"6596a948d11f8fdd76fbeea8ea1bf2a9e33b8ec6","messageTitle":"Include dependency for gson extra libraries","messageBody":"","fileTypesAndContributionMap":{"other":{"insertions":1,"deletions":0}}},{"hash":"00eeb174a6de625b87e2237c9d7b1f6585e26266","messageTitle":"Change the moduleCredits variable from integer to double","messageBody":"","fileTypesAndContributionMap":{"functional-code":{"insertions":5,"deletions":5}}},{"hash":"fbee20eb1540a9fbd0c0971eef4313914e7bf674","messageTitle":"Modify parser class methods to static methods","messageBody":"","fileTypesAndContributionMap":{"functional-code":{"insertions":7,"deletions":18}}},{"hash":"56c3070650b758dbab37890da5da16401f8b6ac0","messageTitle":"Add exception for incorrect parameter count","messageBody":"","fileTypesAndContributionMap":{"functional-code":{"insertions":11,"deletions":0}}},{"hash":"0c5a1cf388850eae1deeb7243dcc6966016db834","messageTitle":"Modify code to use incorrect parameter exception","messageBody":"","fileTypesAndContributionMap":{"functional-code":{"insertions":4,"deletions":3}}},{"hash":"3dc2270f9ba73cb3486e6ce81386de2f39b76a2a","messageTitle":"Modify incorrect parameter count exception message","messageBody":"","fileTypesAndContributionMap":{"functional-code":{"insertions":6,"deletions":3}}},{"hash":"5b5ba057ff3ae1eda3ed451f969dec724c1fa606","messageTitle":"Add invalid command error message","messageBody":"","fileTypesAndContributionMap":{"functional-code":{"insertions":6,"deletions":1}}},{"hash":"138cc84d47d9a83305058a8d869dafdf81a1bf9f","messageTitle":"Modify logo and expected output file content","messageBody":"","fileTypesAndContributionMap":{"functional-code":{"insertions":1,"deletions":1}}},{"hash":"5de304a8aabaafee24e3cb293eeffa6e41b09e32","messageTitle":"Enable assertions","messageBody":"","fileTypesAndContributionMap":{"other":{"insertions":1,"deletions":0}}},{"hash":"08b6ebf97cf289e083f78e4806bfef5781111cba","messageTitle":"Add module not found exception class","messageBody":"","fileTypesAndContributionMap":{"functional-code":{"insertions":10,"deletions":0}}},{"hash":"fb253a4fea673c3491a53ab312cf86fc04752bfa","messageTitle":"Modify get method to find module with module code","messageBody":"","fileTypesAndContributionMap":{"functional-code":{"insertions":31,"deletions":4}}},{"hash":"9100e24a4e468601f35581cdc045528ae42abbd0","messageTitle":"Add JUnit test for ModuleList class","messageBody":"","fileTypesAndContributionMap":{"test-code":{"insertions":53,"deletions":0}}},{"hash":"505385b482628afcb617beb91ec81701de45798a","messageTitle":"Modify code to comply with coding standards","messageBody":"","fileTypesAndContributionMap":{"functional-code":{"insertions":1,"deletions":1}}},{"hash":"a1af8c3dbf00df23385f49f7dacb160887df33b8","messageTitle":"Add exception for import module failure","messageBody":"","fileTypesAndContributionMap":{"functional-code":{"insertions":14,"deletions":8}}}]},{"date":"2021-03-12","commitResults":[{"hash":"d543eba57b70b59aa582d5fae61b758b2214dd49","messageTitle":"Add exception to handle save to file failure","messageBody":"","fileTypesAndContributionMap":{"functional-code":{"insertions":10,"deletions":0}}},{"hash":"82e3239cd28cbfd9f5ec7d0087fe9a4c52395526","messageTitle":"Modify execute method to throw exceptions","messageBody":"","fileTypesAndContributionMap":{"functional-code":{"insertions":4,"deletions":1}}},{"hash":"618282002da5d4760eccc670cfb31cbe89df0380","messageTitle":"Implement done command functionalities","messageBody":"","fileTypesAndContributionMap":{"functional-code":{"insertions":24,"deletions":3}}},{"hash":"de80228a258df35ee648a424afa48b95f1fd9332","messageTitle":"Add markAsTaken method","messageBody":"","fileTypesAndContributionMap":{"functional-code":{"insertions":9,"deletions":0}}},{"hash":"16becb1733a2893e1dfd8a7ca830b5d07362cbca","messageTitle":"Modify the access scope of load and store data method","messageBody":"","fileTypesAndContributionMap":{"functional-code":{"insertions":2,"deletions":2}}},{"hash":"52320343333341f23051c56e6023dda28d811ac0","messageTitle":"Add print mark as done message","messageBody":"","fileTypesAndContributionMap":{"functional-code":{"insertions":10,"deletions":13}}},{"hash":"9665fa1f80dbf4784a6ffb399bfb87b96a8d8021","messageTitle":"Modify exception handling","messageBody":"","fileTypesAndContributionMap":{"functional-code":{"insertions":5,"deletions":11}}},{"hash":"1aee077c0529807adba2e356207bffaf8b29661d","messageTitle":"Correct typos","messageBody":"","fileTypesAndContributionMap":{"functional-code":{"insertions":2,"deletions":2}}},{"hash":"0b224e2178b3ec313adcf719f45348eb4db3d60a","messageTitle":"Remove unused variable","messageBody":"","fileTypesAndContributionMap":{"functional-code":{"insertions":0,"deletions":2},"other":{"insertions":0,"deletions":0}}},{"hash":"5a37b824380ff55f7925d3690c5782f63f51f8d3","messageTitle":"Implement get module by index number method","messageBody":"","fileTypesAndContributionMap":{"functional-code":{"insertions":12,"deletions":1}}},{"hash":"7573e79ac60ab808d26ad681bcc55728574d5967","messageTitle":"Remove unused error message","messageBody":"","fileTypesAndContributionMap":{"functional-code":{"insertions":1,"deletions":9}}},{"hash":"02d758f98afc2446faf9c5d0c7685ba1cca152f3","messageTitle":"Rename exception class","messageBody":"","fileTypesAndContributionMap":{"functional-code":{"insertions":5,"deletions":5}}},{"hash":"0041bda1d465d7ba0f7fbf16fe791c0b312109bb","messageTitle":"Modify code to get module by module code","messageBody":"","fileTypesAndContributionMap":{"functional-code":{"insertions":1,"deletions":1}}},{"hash":"5b9b54afcb02fbdaf222fd3607e9e7834accd0fa","messageTitle":"Remove extra lines","messageBody":"","fileTypesAndContributionMap":{"functional-code":{"insertions":0,"deletions":1}}},{"hash":"900a4173b2261d79e2537b2311c2a92dda05ec2e","messageTitle":"Add exception to handle incorrect module type","messageBody":"","fileTypesAndContributionMap":{"functional-code":{"insertions":15,"deletions":1}}},{"hash":"19bd425fe2482df4bef91959177ea678a84912d2","messageTitle":"Refactor add command class code","messageBody":"","fileTypesAndContributionMap":{"functional-code":{"insertions":27,"deletions":15}}},{"hash":"ac2939522f0f70e25260408efc032fb12cd19b63","messageTitle":"Modify save to file methods name for better consistency","messageBody":"","fileTypesAndContributionMap":{"functional-code":{"insertions":6,"deletions":6}}},{"hash":"98e9a5945f2a1156fca47fb86d1454915f7b5fb4","messageTitle":"Change string format for toString method","messageBody":"","fileTypesAndContributionMap":{"functional-code":{"insertions":1,"deletions":1}}},{"hash":"4022b0366f8fa898c5ecdcd38655ac166f3761e8","messageTitle":"Change the parameter of print add module message","messageBody":"","fileTypesAndContributionMap":{"functional-code":{"insertions":2,"deletions":2}}},{"hash":"a032bfac55485ba5d2cba8f3615e3d318834e286","messageTitle":"Modify test to use getByCode method instead if get","messageBody":"","fileTypesAndContributionMap":{"test-code":{"insertions":2,"deletions":2}}},{"hash":"1fb4c7a22e588e9ed83ccaf1184bb79610dabeb8","messageTitle":"Add support to module name field in command class","messageBody":"","fileTypesAndContributionMap":{"functional-code":{"insertions":31,"deletions":14}}},{"hash":"92fef2274ae96d34700ef252adca67872cf144cf","messageTitle":"Modify tests based on updated parser class","messageBody":"","fileTypesAndContributionMap":{"test-code":{"insertions":2,"deletions":2}}},{"hash":"3c04b8659590f2bad2bc8af320bffde7527006f4","messageTitle":"Add module name field in AddCommand class","messageBody":"","fileTypesAndContributionMap":{"functional-code":{"insertions":7,"deletions":6}}},{"hash":"2521f2301491715e9c3e6a25950e2b0c2233f68d","messageTitle":"Implement set module grade method","messageBody":"","fileTypesAndContributionMap":{"functional-code":{"insertions":10,"deletions":0}}},{"hash":"15e6fc66d2b00ca4c856fecf398e4324454d3d4e","messageTitle":"Implement extract grade method","messageBody":"","fileTypesAndContributionMap":{"functional-code":{"insertions":21,"deletions":4}}},{"hash":"6c98bc2d29128e499b90c9aefd285dd1b5a46b7f","messageTitle":"Implement set grade functionalities","messageBody":"","fileTypesAndContributionMap":{"functional-code":{"insertions":8,"deletions":1}}}]},{"date":"2021-03-13","commitResults":[{"hash":"dba0e1ec4741dcc8408736937cb604e684629557","messageTitle":"Refactor code to comply with coding standards","messageBody":"","fileTypesAndContributionMap":{"functional-code":{"insertions":90,"deletions":115}}},{"hash":"f7b760615c0c87c4c0bcae7aa562541d86e1e6d4","messageTitle":"Incorporate test for existing module exception","messageBody":"","fileTypesAndContributionMap":{"test-code":{"insertions":4,"deletions":3}}},{"hash":"8f7bf51fffb9f6f1642add72280bcc4aace1b1b1","messageTitle":"Relocate check existing module to add module in ModuleList","messageBody":"","fileTypesAndContributionMap":{"functional-code":{"insertions":0,"deletions":10}}},{"hash":"2274080f278780fd55ffa16a73428720ce2d2387","messageTitle":"Add support to handle input not number exception","messageBody":"","fileTypesAndContributionMap":{"functional-code":{"insertions":10,"deletions":0}}},{"hash":"72057378d0bdc3834d126a231a41290420222653","messageTitle":"Modify the message for existing module exception","messageBody":"","fileTypesAndContributionMap":{"functional-code":{"insertions":1,"deletions":1}}},{"hash":"2185d92a2edf86a99555374d0dc6e2f4bf05274a","messageTitle":"Relocate the calculate mc method to ModuleList","messageBody":"","fileTypesAndContributionMap":{"functional-code":{"insertions":2,"deletions":2}}},{"hash":"0d70be0a0c3db874b3d5f0b1c48b83229df7aef1","messageTitle":"Modify toString string format","messageBody":"","fileTypesAndContributionMap":{"functional-code":{"insertions":2,"deletions":10}}},{"hash":"7420c8082c98cc4741623e8c0cc40ef905a2fd0b","messageTitle":"Refactor code to comply with coding standards","messageBody":"","fileTypesAndContributionMap":{"functional-code":{"insertions":42,"deletions":14}}},{"hash":"512fce4b74261835629544e949fa6e71d0e8fb53","messageTitle":"Remove extra space in percentageDone calculation","messageBody":"","fileTypesAndContributionMap":{"functional-code":{"insertions":1,"deletions":1}}},{"hash":"73074cb8d36ec671fc9ed5885cfd03489602150c","messageTitle":"Modify DEFAULT_INDEX variable to static variable","messageBody":"","fileTypesAndContributionMap":{"functional-code":{"insertions":5,"deletions":2}}},{"hash":"1e831f5e8a8951319f5917175637d5cdd8fbfd11","messageTitle":"Enhance exception handling for file related errors","messageBody":"","fileTypesAndContributionMap":{"functional-code":{"insertions":20,"deletions":27}}},{"hash":"9f8e8ad974b308c2bcab7edb35fda10538472749","messageTitle":"Add support for invalid module type exception handling","messageBody":"","fileTypesAndContributionMap":{"functional-code":{"insertions":16,"deletions":5}}},{"hash":"e5ff97536c47bb514e6ba249354485a5e850f54e","messageTitle":"Remove unnecessary imports","messageBody":"","fileTypesAndContributionMap":{"functional-code":{"insertions":20,"deletions":31}}}]},{"date":"2021-03-14","commitResults":[{"hash":"ed6d5d617358f4be5d09245cb5aa2051a30c9f1f","messageTitle":"Convert extracted module code to upper case","messageBody":"","fileTypesAndContributionMap":{"functional-code":{"insertions":1,"deletions":1}}},{"hash":"5c899c93b5902d03c0c5bda035c4861a88f3fdf5","messageTitle":"Modify print format for list command","messageBody":"","fileTypesAndContributionMap":{"functional-code":{"insertions":2,"deletions":2}}}]},{"date":"2021-03-15","commitResults":[{"hash":"27e3d0cc97d432dd661bf3052c586531edb38eb9","messageTitle":"Reformat the module printing format","messageBody":"","fileTypesAndContributionMap":{"functional-code":{"insertions":2,"deletions":2}}},{"hash":"b0105f92bbb2f7a2da63de18f8e0e54f894a3b79","messageTitle":"Add logging support","messageBody":"","fileTypesAndContributionMap":{"functional-code":{"insertions":24,"deletions":0}}},{"hash":"d8bde99da58a21306efcb6d9ee1cf7ee14844e58","messageTitle":"Add assertions for error checking","messageBody":"","fileTypesAndContributionMap":{"functional-code":{"insertions":3,"deletions":2}}},{"hash":"f6ab535d6f09b70b402d92342560e7510bc42f0e","messageTitle":"Remove next line from error message","messageBody":"","fileTypesAndContributionMap":{"functional-code":{"insertions":1,"deletions":1}}},{"hash":"e0dc89a69533f46ddbfb17f455d959de88bbf983","messageTitle":"Add a space after catch statement","messageBody":"","fileTypesAndContributionMap":{"functional-code":{"insertions":1,"deletions":1}}},{"hash":"d20b50e828e9973444deb2f4e6c94c58eaf8f9aa","messageTitle":"Modify assertion expressions","messageBody":"","fileTypesAndContributionMap":{"functional-code":{"insertions":3,"deletions":3}}},{"hash":"cb7e6029409de54adc5ecea26ab9ba509ed0f0ac","messageTitle":"Modify logger to log user input","messageBody":"","fileTypesAndContributionMap":{"functional-code":{"insertions":1,"deletions":1}}}]},{"date":"2021-03-16","commitResults":[{"hash":"2c26b6e5e1358a964e5b05a60c0c792ffe50b9d1","messageTitle":"Resolve merge conflict","messageBody":"","fileTypesAndContributionMap":{"functional-code":{"insertions":1,"deletions":6}}}]},{"date":"2021-03-20","commitResults":[{"hash":"9c831efeab5a3cd0b59a1f549b1d92bbdf8babca","messageTitle":"Update JUnit tests for new functionalities","messageBody":"","fileTypesAndContributionMap":{"test-code":{"insertions":22,"deletions":17}}},{"hash":"3fb67e5ea01f78bd0ce51c7403bf72b7685749a4","messageTitle":"Update JUnit test to suit new functionalities","messageBody":"","fileTypesAndContributionMap":{"test-code":{"insertions":6,"deletions":10}}},{"hash":"ab4cfc2657c36feba5560b59bc4f8e60adc92f41","messageTitle":"Add support for extracting pre-requisites module","messageBody":"","fileTypesAndContributionMap":{"functional-code":{"insertions":26,"deletions":7}}},{"hash":"1b8d18fb4c6302a273d0a7268703a8bbc3dda760","messageTitle":"Add support for pre-requisite modules functionality","messageBody":"","fileTypesAndContributionMap":{"functional-code":{"insertions":41,"deletions":3}}},{"hash":"8e63bbf920159d388b510f1a8490c96400198ff8","messageTitle":"Add support for pre-requisite and requiredByModule related method","messageBody":"","fileTypesAndContributionMap":{"functional-code":{"insertions":18,"deletions":0}}},{"hash":"f57d3de2cfb9760d3aa2f8c4cd694928ae60b05a","messageTitle":"Add exception to handle pre-requisite not found error","messageBody":"","fileTypesAndContributionMap":{"functional-code":{"insertions":24,"deletions":11}}},{"hash":"d6450c8c10169630cdd1985faa287d77e756537d","messageTitle":"Remove implicit library imports","messageBody":"","fileTypesAndContributionMap":{"functional-code":{"insertions":11,"deletions":2}}},{"hash":"0e893e9a2869cedfbb13506cb841e052b095ee61","messageTitle":"Modify code to comply with coding standards","messageBody":"","fileTypesAndContributionMap":{"functional-code":{"insertions":14,"deletions":7},"test-code":{"insertions":3,"deletions":10}}},{"hash":"f1d24a92dba85d70cd960f2797da14779fa2dcff","messageTitle":"Remove implicit library imports","messageBody":"","fileTypesAndContributionMap":{"test-code":{"insertions":29,"deletions":3}}},{"hash":"a1a1cbd5b9a5f43d18f2f42b7c21d20d601a0383","messageTitle":"Add JavaDoc for new method","messageBody":"","fileTypesAndContributionMap":{"functional-code":{"insertions":12,"deletions":4}}},{"hash":"7cd36b5121d9d1ed2a182fcbafb5b1989932158f","messageTitle":"Update JavaDoc","messageBody":"","fileTypesAndContributionMap":{"functional-code":{"insertions":33,"deletions":5}}},{"hash":"e121f18d547979dbf2e0e2ac4e5252d7ad762c79","messageTitle":"Modify code to cover edge case for pre-requisite feature","messageBody":"","fileTypesAndContributionMap":{"functional-code":{"insertions":149,"deletions":44},"test-code":{"insertions":28,"deletions":39}}},{"hash":"bb6e5076fc52f0cebfe558c95f36fc88fcbec5a6","messageTitle":"Modify code to comply with coding standards","messageBody":"","fileTypesAndContributionMap":{"functional-code":{"insertions":2,"deletions":2}}},{"hash":"346fb12f4acbd92dec500af8fece4e2325bbd932","messageTitle":"Remove implicit library imports","messageBody":"","fileTypesAndContributionMap":{"test-code":{"insertions":30,"deletions":3}}}]},{"date":"2021-03-23","commitResults":[{"hash":"11ffae8860484aa87479d78d5a0f374390a0dbca","messageTitle":"Reorganize ModuleList class into list package","messageBody":"","fileTypesAndContributionMap":{"other":{"insertions":1,"deletions":1}}},{"hash":"07df0b940575841d2cef3185e7abdbc827d79bc7","messageTitle":"Reorganize ModuleList into package","messageBody":"","fileTypesAndContributionMap":{"functional-code":{"insertions":11,"deletions":11},"test-code":{"insertions":5,"deletions":5}}},{"hash":"1bbc223b3f65c50a2ee4056c41d8c4291db7452f","messageTitle":"Add module package for model component in DG","messageBody":"","fileTypesAndContributionMap":{"docs":{"insertions":127,"deletions":2}}}]},{"date":"2021-03-24","commitResults":[{"hash":"2a9567069bb0c2eee8c05b79a80f9a0db4be3ba0","messageTitle":"Update Developer Guide","messageBody":"","fileTypesAndContributionMap":{"docs":{"insertions":20,"deletions":13}}}]},{"date":"2021-03-25","commitResults":[{"hash":"6f07bdeaa6c303749f1455bcdd940092ec201fbb","messageTitle":"Add JavaDoc to addModuleRequiredBy method","messageBody":"","fileTypesAndContributionMap":{"functional-code":{"insertions":9,"deletions":5}}},{"hash":"2993cdc44ea268fd8ff6edc9913fb8ac49897c47","messageTitle":"Update Developer Guide","messageBody":"","fileTypesAndContributionMap":{"docs":{"insertions":97,"deletions":6}}},{"hash":"aa5f4430579283aa15e6e531fabcab1130c1606c","messageTitle":"Update developer guide","messageBody":"","fileTypesAndContributionMap":{"docs":{"insertions":0,"deletions":3}}}]},{"date":"2021-03-26","commitResults":[{"hash":"993302254ac868eddc45b023ed9e62d1be4bf49b","messageTitle":"Update Developer Guide","messageBody":"","fileTypesAndContributionMap":{"docs":{"insertions":1,"deletions":0}}},{"hash":"1bc05c56390bcac51cd5581e87283d154c73c193","messageTitle":"Update user guide","messageBody":"","fileTypesAndContributionMap":{"docs":{"insertions":43,"deletions":16}}}]},{"date":"2021-03-28","commitResults":[{"hash":"bff7f3789c30884bf05659ed7659092525765069","messageTitle":"Add tests for exit command","messageBody":"","fileTypesAndContributionMap":{"test-code":{"insertions":41,"deletions":0}}},{"hash":"441ac0e26f48ffe533366c70bceea73849d02ed8","messageTitle":"Modify scope of constant strings to public","messageBody":"","fileTypesAndContributionMap":{"functional-code":{"insertions":4,"deletions":4}}}]},{"date":"2021-03-29","commitResults":[{"hash":"07f65f0bb184c7d57086dd9d95c8e017926ecc8e","messageTitle":"Add test case for deleting pre-requisite module","messageBody":"","fileTypesAndContributionMap":{"test-code":{"insertions":41,"deletions":9}}},{"hash":"84c8a49ed8c21f8e0bd188e161ef37b93285c2b5","messageTitle":"Modify style to be consistent","messageBody":"","fileTypesAndContributionMap":{"docs":{"insertions":2,"deletions":2}}},{"hash":"385b8d80ae5362755f849a4b8b55d96a7bfeeedb","messageTitle":"Add available option for list command","messageBody":"","fileTypesAndContributionMap":{"functional-code":{"insertions":58,"deletions":1}}},{"hash":"3c106e010b8fc1f3f1cd5022e249c2689d0a3497","messageTitle":"Fix gradle issues","messageBody":"","fileTypesAndContributionMap":{"functional-code":{"insertions":1,"deletions":1}}},{"hash":"884e28ddaf469992c8135c12223694b1748308c6","messageTitle":"Fix gradle issues","messageBody":"","fileTypesAndContributionMap":{"test-code":{"insertions":2,"deletions":2}}}]},{"date":"2021-03-30","commitResults":[{"hash":"f3cbd05627a1f79238e434559b46b325ca847e55","messageTitle":"Reorganize tests into packages","messageBody":"","fileTypesAndContributionMap":{"other":{"insertions":17,"deletions":8}}},{"hash":"f079769b9282f07a78093d87331855e1986418bf","messageTitle":"Modify the file storage path","messageBody":"","fileTypesAndContributionMap":{"other":{"insertions":0,"deletions":0},"test-code":{"insertions":21,"deletions":13}}},{"hash":"adcde588cc13ad474617d38b0931b1ef15249138","messageTitle":"Add tests for list command","messageBody":"","fileTypesAndContributionMap":{"test-code":{"insertions":258,"deletions":0}}},{"hash":"568d6a4be4fcd80645de509aedd4438733a0723e","messageTitle":"Refactor code for better optimization","messageBody":"","fileTypesAndContributionMap":{"functional-code":{"insertions":29,"deletions":47}}},{"hash":"989c1a6004a372913e88e7c825cf2963ae1dea3a","messageTitle":"Refactor code for better optimization","messageBody":"","fileTypesAndContributionMap":{"functional-code":{"insertions":1,"deletions":15}}},{"hash":"73c6e83859823c67ebf7de481c0be5cb42a7cf60","messageTitle":"Reorganize class into package","messageBody":"","fileTypesAndContributionMap":{"functional-code":{"insertions":1,"deletions":1}}},{"hash":"fb8ea8cbf4f40a39bd75846730ae497c34516151","messageTitle":"Modify importation of refactored parser class","messageBody":"","fileTypesAndContributionMap":{"test-code":{"insertions":3,"deletions":2}}},{"hash":"0c9b8416929abf5fea31f9c07349f6812c26a04d","messageTitle":"Resolve gradle error","messageBody":"","fileTypesAndContributionMap":{"functional-code":{"insertions":2,"deletions":1}}},{"hash":"ba48c1d6c91c79b52badb061902f189942d748bb","messageTitle":"Modify remove required by module to case insensitive","messageBody":"","fileTypesAndContributionMap":{"functional-code":{"insertions":1,"deletions":1}}},{"hash":"2335d0dbbe3f6a394b9babd2af04b0b65c21b96d","messageTitle":"Modify folder name to match java coding standard","messageBody":"","fileTypesAndContributionMap":{"other":{"insertions":7,"deletions":7}}},{"hash":"4ebd0658663fa1587edcd16035d5ab8aab37fed1","messageTitle":"Modify layout to ensure consistency","messageBody":"","fileTypesAndContributionMap":{"docs":{"insertions":67,"deletions":33}}},{"hash":"71d8f7159b8d2711bf59db4b7121b1e60b363874","messageTitle":"Add sequence diagram for add command execution","messageBody":"","fileTypesAndContributionMap":{"docs":{"insertions":34,"deletions":0}}},{"hash":"8f7449b962f135ea288a5a4b8def64f441756255","messageTitle":"Add sequence diagram for add command","messageBody":"","fileTypesAndContributionMap":{"docs":{"insertions":7,"deletions":2}}},{"hash":"9d98e8296a0d1e170c0deb4cc8c34152f56fb6be","messageTitle":"Refactor code to comply with Java standards","messageBody":"","fileTypesAndContributionMap":{"functional-code":{"insertions":35,"deletions":34},"test-code":{"insertions":48,"deletions":37}}},{"hash":"57ee65d937810453392bcf0297ddafd902faa561","messageTitle":"Remove implicit imports","messageBody":"","fileTypesAndContributionMap":{"test-code":{"insertions":7,"deletions":1}}}]},{"date":"2021-04-03","commitResults":[{"hash":"d637c59512f7b563d940610be021bed491d495b5","messageTitle":"Fix issue where command won\u0027t work with whitespace at front","messageBody":"","fileTypesAndContributionMap":{"functional-code":{"insertions":3,"deletions":1}}},{"hash":"8ae4954feea52b008d7ca2e4c4dc7405f1790482","messageTitle":"Implement support for modular credits more than 160","messageBody":"","fileTypesAndContributionMap":{"functional-code":{"insertions":21,"deletions":29},"other":{"insertions":15,"deletions":19},"test-code":{"insertions":44,"deletions":69}}},{"hash":"4cd44ce09698c6ffa29ee36b24a48d5470677d87","messageTitle":"Fix add command link and formatting issues","messageBody":"","fileTypesAndContributionMap":{"docs":{"insertions":3,"deletions":2}}}]},{"date":"2021-04-04","commitResults":[{"hash":"0547929213ab359b75e2cf9ac6ae98ae309670eb","messageTitle":"Handle file not found exception in specific way","messageBody":"","fileTypesAndContributionMap":{"functional-code":{"insertions":19,"deletions":3}}},{"hash":"40660929d10033bc2c2c8d3e2e67e1bac503188b","messageTitle":"Add a new question to FAQ","messageBody":"","fileTypesAndContributionMap":{"docs":{"insertions":5,"deletions":0}}},{"hash":"f9f73799d987c004aafef5e164118e9471ac97b6","messageTitle":"Add a new question to FAQ","messageBody":"","fileTypesAndContributionMap":{"docs":{"insertions":7,"deletions":2}}},{"hash":"211974bf53835b8155f5d778b6cd7da74745cc68","messageTitle":"Fix print message inconsistency issue","messageBody":"","fileTypesAndContributionMap":{"functional-code":{"insertions":4,"deletions":3}}},{"hash":"54e3a9c4ffc9119e5c368b6ccce7c96cf57b4189","messageTitle":"Fix test based on new UI changes to add command","messageBody":"","fileTypesAndContributionMap":{"test-code":{"insertions":1,"deletions":1}}},{"hash":"1108f21b974d435d8e511235c6c65e55fe05430d","messageTitle":"Modify the status icon to fix encoding issues","messageBody":"","fileTypesAndContributionMap":{"functional-code":{"insertions":4,"deletions":3},"docs":{"insertions":13,"deletions":13},"test-code":{"insertions":2,"deletions":2}}}]},{"date":"2021-04-05","commitResults":[{"hash":"9376ee944b937d9bacb0fd85e9dd15549993bc91","messageTitle":"Initial commit for Project Portfolio Page","messageBody":"","fileTypesAndContributionMap":{"docs":{"insertions":13,"deletions":0}}},{"hash":"08d9e473a89b0b792fdba1c92353d856b94c52d6","messageTitle":"Add logging message","messageBody":"","fileTypesAndContributionMap":{"functional-code":{"insertions":14,"deletions":0}}},{"hash":"2b322099bfd2d57126cef478a37d15752dce8ab1","messageTitle":"Add list based on module type options","messageBody":"","fileTypesAndContributionMap":{"functional-code":{"insertions":201,"deletions":1}}},{"hash":"49820161d0fdf91059313e87a70c72902ac292bf","messageTitle":"Add test case to cover latest option","messageBody":"","fileTypesAndContributionMap":{"functional-code":{"insertions":1,"deletions":1},"test-code":{"insertions":165,"deletions":0}}},{"hash":"4e3e505a1104eaef40dc8986e17b4bf8a4d13475","messageTitle":"Add new options to list command help message","messageBody":"","fileTypesAndContributionMap":{"functional-code":{"insertions":10,"deletions":3}}},{"hash":"1149fd9948cd34cfb5436c9220faf34f25d197c3","messageTitle":"Update user guide for new list options","messageBody":"","fileTypesAndContributionMap":{"docs":{"insertions":74,"deletions":11}}},{"hash":"444c246a06ab583c62218a90c6b8775351670d75","messageTitle":"Modify formatting of constant string","messageBody":"","fileTypesAndContributionMap":{"functional-code":{"insertions":2,"deletions":2}}},{"hash":"4ff4a7d3b03e6b93d4493f9aea2d44198e2ad8ee","messageTitle":"Fix formatting issue for introduction header","messageBody":"","fileTypesAndContributionMap":{"docs":{"insertions":5,"deletions":1}}},{"hash":"881ca837719f4d69009585f9101208ee3052c989","messageTitle":"Add skeleton for project portfolio page","messageBody":"","fileTypesAndContributionMap":{"docs":{"insertions":14,"deletions":2}}},{"hash":"71f9b84eb57f91234cfd3fa1f59a92d422daf3bc","messageTitle":"Update logger information","messageBody":"","fileTypesAndContributionMap":{"functional-code":{"insertions":4,"deletions":4}}},{"hash":"d6f02459680ff493d94279c760fdf332127e8208","messageTitle":"Modify getStatusIcon method to be case insensitive","messageBody":"","fileTypesAndContributionMap":{"functional-code":{"insertions":2,"deletions":2}}},{"hash":"6206eb62ae37053423ee6708704666ba546c2841","messageTitle":"Implement support for info command","messageBody":"","fileTypesAndContributionMap":{"functional-code":{"insertions":145,"deletions":2},"docs":{"insertions":77,"deletions":22}}},{"hash":"ab92b6fde6e67cada3260b21f0e30069a0a2dc97","messageTitle":"Fix gradle issues","messageBody":"","fileTypesAndContributionMap":{"functional-code":{"insertions":7,"deletions":7}}},{"hash":"45a46b7b9fc0638e4e12951021100b31a32d17e5","messageTitle":"Add test cases for info command","messageBody":"","fileTypesAndContributionMap":{"test-code":{"insertions":105,"deletions":0}}},{"hash":"43558d79b59573d247e30949aea447b2d5919f67","messageTitle":"Remove unnecessary exceptions","messageBody":"","fileTypesAndContributionMap":{"test-code":{"insertions":3,"deletions":6}}},{"hash":"c08ce47db84de2dd72d4d99a429db42ca3f1a644","messageTitle":"Fix gradle issues","messageBody":"","fileTypesAndContributionMap":{"test-code":{"insertions":2,"deletions":2}}}]},{"date":"2021-04-06","commitResults":[{"hash":"6023e1edfd374d2a1ac377ba1625fffe5ca9b230","messageTitle":"Add logging and documentation section","messageBody":"","fileTypesAndContributionMap":{"docs":{"insertions":36,"deletions":0}}},{"hash":"a14db0392bea3d7ef423068425aac27d4debc6b9","messageTitle":"Add support for module code with 2 letters at the back","messageBody":"","fileTypesAndContributionMap":{"functional-code":{"insertions":3,"deletions":3}}}]},{"date":"2021-04-08","commitResults":[{"hash":"9f52f80c11159e2fbb0055e660a1c373c77c3c52","messageTitle":"Add Project Portfolio Page","messageBody":"","fileTypesAndContributionMap":{"docs":{"insertions":103,"deletions":10}}},{"hash":"2a993d0cbab37b8271919363cb8206d34b264f64","messageTitle":"Update documentation with latest feature","messageBody":"","fileTypesAndContributionMap":{"docs":{"insertions":7,"deletions":4}}},{"hash":"3d82fdf311416066c9e0739fe1cdfb3330018f8e","messageTitle":"Modify test case for update command","messageBody":"","fileTypesAndContributionMap":{"test-code":{"insertions":2,"deletions":2}}}]}],"xseh":[{"date":"2021-03-10","commitResults":[{"hash":"b92b2d4bdbe2ff7ec187cd0e9cf223808ca5b5a9","messageTitle":"Add Parser function","messageBody":"","fileTypesAndContributionMap":{"functional-code":{"insertions":141,"deletions":48}}},{"hash":"6d1dbe08725490e6d2c406a7847ff7ea2401fc8f","messageTitle":"Update code syntax to follow standard","messageBody":"","fileTypesAndContributionMap":{"functional-code":{"insertions":36,"deletions":36}}},{"hash":"b2e82482f734d70515fa17f352092369f0ab095d","messageTitle":"Update code syntax to follow standard","messageBody":"","fileTypesAndContributionMap":{"functional-code":{"insertions":2,"deletions":1}}},{"hash":"b385951abd3ecf40e6ce973723b72d45551aa9d2","messageTitle":"Fix test case error","messageBody":"","fileTypesAndContributionMap":{"functional-code":{"insertions":4,"deletions":3}}}]},{"date":"2021-03-11","commitResults":[{"hash":"47941e7ad1f612b52ed31cb77539020ee5a648fa","messageTitle":"Add storage function","messageBody":"","fileTypesAndContributionMap":{"functional-code":{"insertions":94,"deletions":29},"other":{"insertions":1,"deletions":0},"test-code":{"insertions":0,"deletions":4}}},{"hash":"2061b9a2e5468185667b10c58ce3dba27e217139","messageTitle":"Fix gradle issues","messageBody":"","fileTypesAndContributionMap":{"functional-code":{"insertions":7,"deletions":7}}},{"hash":"2437ebad5e5b75cfb1ef05b219b2b27ff51a162b","messageTitle":"Add JUnit tests for parseCommand","messageBody":"","fileTypesAndContributionMap":{"other":{"insertions":1,"deletions":1},"test-code":{"insertions":11,"deletions":1}}},{"hash":"e8ade3d0541fc42332fba8ccba56a433e3827104","messageTitle":"Add JUnit tests","messageBody":"","fileTypesAndContributionMap":{"other":{"insertions":1,"deletions":1},"test-code":{"insertions":22,"deletions":1}}},{"hash":"cf8f1dcc0f4275e330b6592546504dff56a079b6","messageTitle":"Fix gradle issues","messageBody":"","fileTypesAndContributionMap":{"test-code":{"insertions":2,"deletions":2}}},{"hash":"3952d222285451d74fecc4e4da7464fbd0f55e67","messageTitle":"Fix gradle issues","messageBody":"","fileTypesAndContributionMap":{"test-code":{"insertions":2,"deletions":2}}}]},{"date":"2021-03-12","commitResults":[{"hash":"fc00dfd6532794a7cc94cb5514b587d996310626","messageTitle":"Modify parser to include module name","messageBody":"","fileTypesAndContributionMap":{"functional-code":{"insertions":91,"deletions":62}}},{"hash":"b5bce631d79e0a5352125461a3619e1a1516036d","messageTitle":"Fix gradle errors","messageBody":"","fileTypesAndContributionMap":{"functional-code":{"insertions":19,"deletions":16}}},{"hash":"a44386f7fa7a198554b10ce23e316ce39c9238eb","messageTitle":"Fix gradle errors","messageBody":"","fileTypesAndContributionMap":{"functional-code":{"insertions":1,"deletions":1}}}]},{"date":"2021-03-13","commitResults":[{"hash":"3515f8832291791945a6d51c20cdd7a7530588d5","messageTitle":"Update JavaDcos for Parser class","messageBody":"","fileTypesAndContributionMap":{"functional-code":{"insertions":22,"deletions":10}}},{"hash":"466df5447902eeef0df0eddffcdba651faca161e","messageTitle":"Update JavaDocs for command classes","messageBody":"","fileTypesAndContributionMap":{"functional-code":{"insertions":48,"deletions":4}}},{"hash":"729e23029de4347ce8cfd132290266ac0be55319","messageTitle":"Update JavaDocs for exception classes","messageBody":"","fileTypesAndContributionMap":{"functional-code":{"insertions":23,"deletions":2}}},{"hash":"69c0006596c22e06ca662188681bb6027e15c371","messageTitle":"Update JavaDocs for module classes","messageBody":"","fileTypesAndContributionMap":{"functional-code":{"insertions":76,"deletions":0}}},{"hash":"2a4cbe3b1154ca592f1930f81114c280584cfded","messageTitle":"Update JavaDocs for Main and Ui class","messageBody":"","fileTypesAndContributionMap":{"functional-code":{"insertions":102,"deletions":4}}},{"hash":"e142f4a2bc6d2511c4ce4198a1d015742f0b4cdb","messageTitle":"Fix gradle errors","messageBody":"","fileTypesAndContributionMap":{"functional-code":{"insertions":5,"deletions":8}}}]},{"date":"2021-03-14","commitResults":[{"hash":"ae0345d04876ede974b01a8bfbc8bc374953d6df","messageTitle":"Remove unused dependencies","messageBody":"","fileTypesAndContributionMap":{"functional-code":{"insertions":6,"deletions":13},"test-code":{"insertions":0,"deletions":2}}}]},{"date":"2021-03-15","commitResults":[{"hash":"d018cc7279a04afdb28857de563f3dee48d22b51","messageTitle":"Pull master from upstream","messageBody":"","fileTypesAndContributionMap":{"functional-code":{"insertions":131,"deletions":0},"test-code":{"insertions":1,"deletions":2}}},{"hash":"9496af4eace4720b47b230eed16a81c211fb14d5","messageTitle":"Resolve merge conflict","messageBody":"","fileTypesAndContributionMap":{"functional-code":{"insertions":45,"deletions":0}}},{"hash":"1f2e05e32abfe704347acc4e28ebfdc017fae3ea","messageTitle":"Fix parsing bugs","messageBody":"","fileTypesAndContributionMap":{"functional-code":{"insertions":43,"deletions":208}}},{"hash":"08f80275b2491ecd605ca9e33998b146bcbc7838","messageTitle":"Refractor code","messageBody":"","fileTypesAndContributionMap":{"functional-code":{"insertions":14,"deletions":4}}},{"hash":"848e17e2619e98b4b564af1fea7d63f8c4c823ec","messageTitle":"Add logging","messageBody":"","fileTypesAndContributionMap":{"functional-code":{"insertions":37,"deletions":8}}},{"hash":"54c776257c7ca7b8536da4a7a9bd9b7cd3d10e86","messageTitle":"Fix gradle errors","messageBody":"","fileTypesAndContributionMap":{"functional-code":{"insertions":3,"deletions":3}}}]},{"date":"2021-03-16","commitResults":[{"hash":"a453f0b2990af21195f340735b8a4bea658fd360","messageTitle":"Fix gradle errors","messageBody":"","fileTypesAndContributionMap":{"functional-code":{"insertions":0,"deletions":8}}},{"hash":"84d233308ca84145751de8d730cca4c118dfca34","messageTitle":"Fix gradle errors","messageBody":"","fileTypesAndContributionMap":{"test-code":{"insertions":11,"deletions":12}}},{"hash":"6b2ea34514d56759956088d203c0168f320a4fbc","messageTitle":"Add Assertion to Parser","messageBody":"","fileTypesAndContributionMap":{"functional-code":{"insertions":3,"deletions":8}}}]},{"date":"2021-03-20","commitResults":[{"hash":"43576588db26bb8029a1084436dd66e66bd69ecb","messageTitle":"Update Storage as Singleton","messageBody":"","fileTypesAndContributionMap":{"functional-code":{"insertions":21,"deletions":3},"test-code":{"insertions":3,"deletions":3}}},{"hash":"acecf74fb0489d514773a4deed8d0400a77d5100","messageTitle":"Fix gradle error","messageBody":"","fileTypesAndContributionMap":{"functional-code":{"insertions":1,"deletions":1}}},{"hash":"91eb0d6f8199d57721cd387d435f3c0f188a58ea","messageTitle":"Add update function","messageBody":"","fileTypesAndContributionMap":{"functional-code":{"insertions":202,"deletions":26},"test-code":{"insertions":6,"deletions":5}}},{"hash":"f5083d8294d5ca983cb642e1da47aa9ddec214c1","messageTitle":"Fix Gradle errors","messageBody":"","fileTypesAndContributionMap":{"functional-code":{"insertions":27,"deletions":32}}},{"hash":"6c22fc2da9429305328a8884b7059b75e9d64916","messageTitle":"Add JavaDocs for UpdateCommand and Parser","messageBody":"","fileTypesAndContributionMap":{"functional-code":{"insertions":66,"deletions":2}}},{"hash":"40d09591261ce3b3d7cb8ebc3aa78ee6e5ad9a57","messageTitle":"Fix Gradle error","messageBody":"","fileTypesAndContributionMap":{"functional-code":{"insertions":1,"deletions":1}}}]},{"date":"2021-03-21","commitResults":[{"hash":"50649d89a4b7b3d2f42a231c9909de795f3cc7c2","messageTitle":"Fix issue #100 on unsaved information","messageBody":"","fileTypesAndContributionMap":{"functional-code":{"insertions":15,"deletions":8}}},{"hash":"8b5a1ced94e902dd0a25d94e7e7c2a064329475f","messageTitle":"Update user stories for v1.0 and v2.0","messageBody":"","fileTypesAndContributionMap":{"docs":{"insertions":21,"deletions":2}}}]},{"date":"2021-03-22","commitResults":[{"hash":"d0090c84bf8bf52d86938a08b6e25c5215e91c6a","messageTitle":"Fix display for user stories","messageBody":"","fileTypesAndContributionMap":{"docs":{"insertions":0,"deletions":1}}},{"hash":"e1813c2cd22533f0351152c8cf12c02940e295ec","messageTitle":"Add about and update value proposition","messageBody":"","fileTypesAndContributionMap":{"docs":{"insertions":4,"deletions":1}}},{"hash":"fb67e71f0fcbfe969b2e63891ad407a65a549b92","messageTitle":"Update structure for DG","messageBody":"","fileTypesAndContributionMap":{"docs":{"insertions":30,"deletions":6}}},{"hash":"5992bb4a709c56e1ebd8cd5190e3bf1bafd1faac","messageTitle":"Update DG headers and structure","messageBody":"","fileTypesAndContributionMap":{"docs":{"insertions":1,"deletions":1}}},{"hash":"bb680fcc61027371af1d787bab392998bcc5f13c","messageTitle":"Add Implementation for Storage","messageBody":"","fileTypesAndContributionMap":{"docs":{"insertions":34,"deletions":0}}}]},{"date":"2021-03-23","commitResults":[{"hash":"df68215697caeabe949f9a3c20738402a834fca4","messageTitle":"Update visibility of Storage functions","messageBody":"","fileTypesAndContributionMap":{"functional-code":{"insertions":2,"deletions":2}}},{"hash":"caf7abeeedb8a116b01a4180a1f088632484c702","messageTitle":"Add UML diagrams for Storage sections in DG","messageBody":"","fileTypesAndContributionMap":{"docs":{"insertions":9,"deletions":1}}},{"hash":"6fdc665d68674f83dd1d83065791b367a41e0a42","messageTitle":"Fix diagram bug","messageBody":"","fileTypesAndContributionMap":{"docs":{"insertions":4,"deletions":0}}}]},{"date":"2021-03-26","commitResults":[{"hash":"04c4331ebc1648d7c4192e471f49214e8b07b311","messageTitle":"Update user guide","messageBody":"","fileTypesAndContributionMap":{"functional-code":{"insertions":6,"deletions":9},"other":{"insertions":10,"deletions":0},"docs":{"insertions":185,"deletions":101}}}]},{"date":"2021-03-28","commitResults":[{"hash":"2e1853b7acfdceaf8d6805fe2515b9ccadf4fd69","messageTitle":"Update Developers\u0027 Guide","messageBody":"","fileTypesAndContributionMap":{"functional-code":{"insertions":2,"deletions":1},"docs":{"insertions":16,"deletions":1}}},{"hash":"0e480c7de7d48004771fda80b018a65a29795e1f","messageTitle":"Add unit tests and stubs for Parser","messageBody":"","fileTypesAndContributionMap":{"functional-code":{"insertions":5,"deletions":6},"test-code":{"insertions":232,"deletions":56}}},{"hash":"2dabd62114e6e6e99b8cbc7ee75681114ec07227","messageTitle":"Update unit tests and stubs for Parser","messageBody":"","fileTypesAndContributionMap":{"test-code":{"insertions":70,"deletions":18}}},{"hash":"2503619bb120611c6375835d130ef2dd41aabb04","messageTitle":"Fix gradle issues","messageBody":"","fileTypesAndContributionMap":{"test-code":{"insertions":71,"deletions":65}}},{"hash":"3808739722bdec722b03ee26cc2fbb82f4a6daae","messageTitle":"Fix gradle issues","messageBody":"","fileTypesAndContributionMap":{"test-code":{"insertions":6,"deletions":6}}},{"hash":"6d5e9749ba1388bb5f664f32400b837b872ce8c2","messageTitle":"Fix gradle issues","messageBody":"","fileTypesAndContributionMap":{"test-code":{"insertions":2,"deletions":3}}},{"hash":"0c58f3f45a9ee31e782c17782b89190c3c4cce02","messageTitle":"Pull from master","messageBody":"","fileTypesAndContributionMap":{"test-code":{"insertions":7,"deletions":18}}}]},{"date":"2021-03-29","commitResults":[{"hash":"c3e7667896b36ae2dd17b7bee01f95a6249c6e78","messageTitle":"Change array to arrayList in Parser","messageBody":"","fileTypesAndContributionMap":{"functional-code":{"insertions":132,"deletions":139},"test-code":{"insertions":43,"deletions":39}}},{"hash":"97b2eba0d65d10d90db05fdf42c190dcfe187afa","messageTitle":"Refactor Parser code","messageBody":"","fileTypesAndContributionMap":{"functional-code":{"insertions":59,"deletions":68},"test-code":{"insertions":2,"deletions":2}}},{"hash":"2ab025ad44c58610cf4ccb90e8a095744440fef3","messageTitle":"Resolve merge conflicts","messageBody":"","fileTypesAndContributionMap":{"functional-code":{"insertions":0,"deletions":5}}},{"hash":"8a6b68da9a56abfb401069f77d0d5cb0b7b778b7","messageTitle":"Fix gradle errors","messageBody":"","fileTypesAndContributionMap":{"functional-code":{"insertions":2,"deletions":1}}}]},{"date":"2021-03-30","commitResults":[{"hash":"8d4257c389b3693dd451ee4637e859c50ea4580b","messageTitle":"Update descriptions for each command in UG","messageBody":"","fileTypesAndContributionMap":{"docs":{"insertions":116,"deletions":47}}}]},{"date":"2021-04-04","commitResults":[{"hash":"016376eb9453ad6b7b3fb34dc9580cb277148f61","messageTitle":"Fix #209 with update of regex check","messageBody":"","fileTypesAndContributionMap":{"functional-code":{"insertions":20,"deletions":10}}},{"hash":"34e82f40f5960a4b7f5a48cdd944215dd3a56de4","messageTitle":"Fix documentation bug on update","messageBody":"","fileTypesAndContributionMap":{"docs":{"insertions":3,"deletions":0}}},{"hash":"a397be0ddeac4d6ffe462941c7c4122974263d62","messageTitle":"Add documentation of prerequisite in add command","messageBody":"","fileTypesAndContributionMap":{"docs":{"insertions":16,"deletions":2}}},{"hash":"4f7994529777f130ab063c6eca31d14a4f657bc2","messageTitle":"Update UG on module codes","messageBody":"","fileTypesAndContributionMap":{"docs":{"insertions":1,"deletions":1}}},{"hash":"ee4ed596bbf60bf5f72e6e832e3295e9bf6d2ec6","messageTitle":"Add check in update to ensure prereq is completed before updating the prereq of a completed module","messageBody":"","fileTypesAndContributionMap":{"functional-code":{"insertions":80,"deletions":44},"test-code":{"insertions":184,"deletions":176}}},{"hash":"e51d20c78767f1079dd90b62b1df74760b7b601e","messageTitle":"Replace PrerequisiteIncompleteException to PrerequisiteNotMetException","messageBody":"","fileTypesAndContributionMap":{"functional-code":{"insertions":12,"deletions":28},"test-code":{"insertions":24,"deletions":33}}},{"hash":"d0f0c4413587ba320cee44900ab72270b949033a","messageTitle":"Fix Gradle issues","messageBody":"","fileTypesAndContributionMap":{"functional-code":{"insertions":1,"deletions":1}}},{"hash":"82f497816a735a41e8bc47baa127c2339493f9dd","messageTitle":"Fix Gradle issues","messageBody":"","fileTypesAndContributionMap":{"test-code":{"insertions":62,"deletions":63}}},{"hash":"d59b4a308ab3bf2fc4af6a3b0ffbf938ac9299e4","messageTitle":"Fix Gradle issues","messageBody":"","fileTypesAndContributionMap":{"functional-code":{"insertions":16,"deletions":13},"test-code":{"insertions":531,"deletions":538}}},{"hash":"9b3c8689556f7b21171522565ad2c49656cd3da4","messageTitle":"Fix Gradle issues","messageBody":"","fileTypesAndContributionMap":{"test-code":{"insertions":9,"deletions":9}}},{"hash":"133141904ca921c9bb164adc7a51febfc61895ee","messageTitle":"Fix Gradle issues","messageBody":"","fileTypesAndContributionMap":{"test-code":{"insertions":1,"deletions":1}}},{"hash":"7c9b2e9fb3910afbe0dbe788c8eba279ca41f50a","messageTitle":"Fix bug with module name parsing","messageBody":"","fileTypesAndContributionMap":{"functional-code":{"insertions":12,"deletions":6}}},{"hash":"509012abf02248c90488c72b49ddb2420023fa11","messageTitle":"Update UG to include case-sensitivity","messageBody":"","fileTypesAndContributionMap":{"docs":{"insertions":30,"deletions":24}}},{"hash":"70407265683eb19e6d013121175bf0e9052d0472","messageTitle":"Add removal of duplicate modules when loaded from storage","messageBody":"","fileTypesAndContributionMap":{"functional-code":{"insertions":80,"deletions":52}}},{"hash":"30718967942d7367c2cc97d620ec2eaaa32c9c41","messageTitle":"Add new exception to illegal paramrters in update command","messageBody":"","fileTypesAndContributionMap":{"functional-code":{"insertions":24,"deletions":7},"test-code":{"insertions":72,"deletions":61}}},{"hash":"b4df53f56a356babdc0e9bf42c19ea2b33cbb441","messageTitle":"Fix gradle issues","messageBody":"","fileTypesAndContributionMap":{"functional-code":{"insertions":6,"deletions":1}}},{"hash":"cf63b7b4a49e73863864795933b5e733ed0cb99f","messageTitle":"Fix gradle issues","messageBody":"","fileTypesAndContributionMap":{"test-code":{"insertions":8,"deletions":8}}},{"hash":"8f8425cfa04b4bb78e285ec4ddc5aac7b6749603","messageTitle":"Fix gradle issues","messageBody":"","fileTypesAndContributionMap":{"test-code":{"insertions":2,"deletions":1}}}]},{"date":"2021-04-05","commitResults":[{"hash":"4ebfbece4d8ea928406ce65dabd10cbf918f6acd","messageTitle":"Add checking of module validity from storage","messageBody":"","fileTypesAndContributionMap":{"functional-code":{"insertions":33,"deletions":3}}},{"hash":"9d5c99702f371681593cef20467fe2713e8647bf","messageTitle":"Fix Gradle issues","messageBody":"","fileTypesAndContributionMap":{"functional-code":{"insertions":11,"deletions":7}}},{"hash":"9df61e5dfd34c9307822fffb2eae5fcb2d5ca8ef","messageTitle":"Add Project Portfolio page","messageBody":"","fileTypesAndContributionMap":{"functional-code":{"insertions":2,"deletions":1},"docs":{"insertions":91,"deletions":8}}}]},{"date":"2021-04-06","commitResults":[{"hash":"5adc3f29098f9bb29c9523f89eaaade6116b3406","messageTitle":"update team documentation","messageBody":"","fileTypesAndContributionMap":{"docs":{"insertions":1,"deletions":1}}}]}],"oscarlai1998":[{"date":"2021-03-12","commitResults":[{"hash":"b64eb144b728ac77569efe4df497d213dc6085c6","messageTitle":"JUnit Test done","messageBody":"","fileTypesAndContributionMap":{"test-code":{"insertions":10,"deletions":0}}},{"hash":"29966eae12e4ff3e9fce7222d776b00e2b9a2d94","messageTitle":"no message","messageBody":"","fileTypesAndContributionMap":{"functional-code":{"insertions":21,"deletions":0}}},{"hash":"4e52463d5840a951580686df05ae1b9cedb9a5b7","messageTitle":"Added Delete, List Command","messageBody":"","fileTypesAndContributionMap":{"functional-code":{"insertions":49,"deletions":11}}},{"hash":"48ff315279754f775c49a69d520660b87c79e038","messageTitle":"Fixed Gradle errors","messageBody":"","fileTypesAndContributionMap":{"functional-code":{"insertions":13,"deletions":9}}},{"hash":"696ae016f6bb5550d708c379d1e5399a83d7df37","messageTitle":"Edited Delete and List","messageBody":"","fileTypesAndContributionMap":{"functional-code":{"insertions":1,"deletions":0}}}]},{"date":"2021-03-13","commitResults":[{"hash":"882725cff0e32b9bea8daf406950cf13f7e9d84f","messageTitle":"Fixed Delete and List bugs","messageBody":"","fileTypesAndContributionMap":{"functional-code":{"insertions":30,"deletions":21}}},{"hash":"96278192524e8bebd02f3382b9d4f72d9516aa5a","messageTitle":"Added ModularCreditExceedsLimit Exception, Progress Command, Fixed Delete bug, Add JavaDocs","messageBody":"","fileTypesAndContributionMap":{"functional-code":{"insertions":78,"deletions":29}}}]},{"date":"2021-03-15","commitResults":[{"hash":"297771a048eff61224540f844aec147dec39d954","messageTitle":"Created an isDone method in Module","messageBody":"","fileTypesAndContributionMap":{"functional-code":{"insertions":11,"deletions":0}}},{"hash":"a34b9865a099ce8f25851d492dc0b31f94004b0f","messageTitle":"Assertion and Logs","messageBody":"","fileTypesAndContributionMap":{"functional-code":{"insertions":21,"deletions":1}}},{"hash":"757fac1bc85292b12d0b12da94d0ed3ae4557e54","messageTitle":"no message","messageBody":"","fileTypesAndContributionMap":{"functional-code":{"insertions":2,"deletions":2}}},{"hash":"946c4badb94d0795c0f5deebf15cc686e3e365f5","messageTitle":"no message","messageBody":"","fileTypesAndContributionMap":{"functional-code":{"insertions":1,"deletions":1}}}]},{"date":"2021-03-19","commitResults":[{"hash":"3bedaa053d7c33af01799d8c71cb4f14f19e257d","messageTitle":"Add logging","messageBody":"","fileTypesAndContributionMap":{"functional-code":{"insertions":6,"deletions":0}}}]},{"date":"2021-03-21","commitResults":[{"hash":"1f1ee18f64a735c03788d5d93b87a54efc934e42","messageTitle":"Added List All, List Incomplete and List Complete","messageBody":"","fileTypesAndContributionMap":{"functional-code":{"insertions":32,"deletions":16}}},{"hash":"97960cb2a3b2852e2527722d2aab017389d6180d","messageTitle":"Fixed Gradle Errors","messageBody":"","fileTypesAndContributionMap":{"functional-code":{"insertions":25,"deletions":14}}},{"hash":"b485e5ac6094a4e5fde34fe3e3a1940463e0c989","messageTitle":"Fixed Gradle Error Attempt #2","messageBody":"","fileTypesAndContributionMap":{"functional-code":{"insertions":5,"deletions":1}}},{"hash":"9c215ab82a776f99f686254176fa459e1eb49798","messageTitle":"Attempt #3..","messageBody":"","fileTypesAndContributionMap":{"functional-code":{"insertions":1,"deletions":1},"test-code":{"insertions":17,"deletions":20}}},{"hash":"35f555a5de2edfda15d5b3b747e24ce57903def8","messageTitle":"fixed gradle attempt #ilostcount","messageBody":"","fileTypesAndContributionMap":{"test-code":{"insertions":44,"deletions":88}}},{"hash":"bd45d8b9f2d02618dac239efd3d40d3727e2d282","messageTitle":"no message","messageBody":"","fileTypesAndContributionMap":{"test-code":{"insertions":5,"deletions":1}}},{"hash":"6ca2747a2cf257ee6bf27b276b584e873d976032","messageTitle":"asdfasdf","messageBody":"","fileTypesAndContributionMap":{"functional-code":{"insertions":4,"deletions":14}}},{"hash":"ab81f61bb07a516431b079b870fa301b8faca62d","messageTitle":"this better work this time or im gonna kick some ass","messageBody":"","fileTypesAndContributionMap":{"functional-code":{"insertions":15,"deletions":3}}},{"hash":"54261da74f7dbae5ff06ba991c66043255402350","messageTitle":"asdfadsfasdf","messageBody":"","fileTypesAndContributionMap":{"test-code":{"insertions":66,"deletions":12}}},{"hash":"bcf5a02e2b4404121470bff616dcc4267ee0aa93","messageTitle":"ben dover","messageBody":"","fileTypesAndContributionMap":{"functional-code":{"insertions":1,"deletions":1},"test-code":{"insertions":4,"deletions":4}}},{"hash":"45c385a744ae2bae49593ab20a38e36dbe1d3e98","messageTitle":"moe lester","messageBody":"","fileTypesAndContributionMap":{"test-code":{"insertions":2,"deletions":2}}},{"hash":"7cc7c4ade89df46202227b14035bb76ee219cbfb","messageTitle":"Updated List so that if there are no incomplete or complete modules, message is displayed","messageBody":"","fileTypesAndContributionMap":{"functional-code":{"insertions":59,"deletions":3}}},{"hash":"294d76161aada0038b2bae37a7f6e68759c452ea","messageTitle":"no message","messageBody":"","fileTypesAndContributionMap":{"functional-code":{"insertions":6,"deletions":6}}}]},{"date":"2021-03-22","commitResults":[{"hash":"11f54001dc094b61157ad099c37551b8162c3494","messageTitle":"Updated Done and Update to check for valid grade inputs and if prereq checks are met","messageBody":"","fileTypesAndContributionMap":{"functional-code":{"insertions":126,"deletions":23},"test-code":{"insertions":21,"deletions":20}}},{"hash":"bbf27e2a2e3fc942503c77c215956243348cb394","messageTitle":"Gradle Attempt #1","messageBody":"","fileTypesAndContributionMap":{"functional-code":{"insertions":13,"deletions":4}}},{"hash":"62f83433d11fbda92624cfaa435b646746bbd59f","messageTitle":"gradle attempt 2","messageBody":"","fileTypesAndContributionMap":{"functional-code":{"insertions":1,"deletions":1},"test-code":{"insertions":2,"deletions":4}}},{"hash":"362fab582a2293331ba23f7446e64c38c83f1dd4","messageTitle":"Repackaged Code to include Logic [command, parser] and model [modules and modulelist]","messageBody":"","fileTypesAndContributionMap":{"functional-code":{"insertions":5,"deletions":1},"other":{"insertions":99,"deletions":100},"test-code":{"insertions":10,"deletions":7}}},{"hash":"d8d02e1f430f1bf3844b240e8625d2b207ce1a2d","messageTitle":"Added UI and Common in DG","messageBody":"","fileTypesAndContributionMap":{"docs":{"insertions":16,"deletions":2}}}]},{"date":"2021-03-28","commitResults":[{"hash":"fb4caea37740cac31b89de2b7d5c0c7092f7aa31","messageTitle":"Updated UI/Exceptions in DG, and added Note in UG","messageBody":"","fileTypesAndContributionMap":{"functional-code":{"insertions":3,"deletions":0},"docs":{"insertions":33,"deletions":0}}}]},{"date":"2021-03-29","commitResults":[{"hash":"98d1393057ae4fbd1cb2d504f2cab13f5790161e","messageTitle":"no message","messageBody":"","fileTypesAndContributionMap":{"functional-code":{"insertions":0,"deletions":1},"docs":{"insertions":2,"deletions":0}}},{"hash":"4def70e037684bd29d60bcca4d1ed465b916bbb4","messageTitle":"Added Puml and refactored parsertest","messageBody":"","fileTypesAndContributionMap":{"other":{"insertions":1,"deletions":1},"docs":{"insertions":45,"deletions":0}}},{"hash":"03d3133de9e34d4227f4d649ff55780dcbf1eeb6","messageTitle":"Fixed negative mc bug","messageBody":"","fileTypesAndContributionMap":{"functional-code":{"insertions":28,"deletions":21},"test-code":{"insertions":29,"deletions":21}}},{"hash":"76a1121063aad96f80682928f756ecba38b74681","messageTitle":"Gradle errors","messageBody":"","fileTypesAndContributionMap":{"functional-code":{"insertions":14,"deletions":1}}},{"hash":"abf456c73b0103d04a1c80f92d8509c2e1f75b65","messageTitle":"Gradle error","messageBody":"","fileTypesAndContributionMap":{"functional-code":{"insertions":2,"deletions":2}}}]},{"date":"2021-03-30","commitResults":[{"hash":"ecd60246974f42ecc70f538c3d53e6fb31785520","messageTitle":"Added ProgressCommandTest","messageBody":"","fileTypesAndContributionMap":{"test-code":{"insertions":118,"deletions":0}}},{"hash":"7107f4d154c77d9274dcdc7182f5e6b2f1c296b5","messageTitle":"fixed Gradle errors","messageBody":"","fileTypesAndContributionMap":{"test-code":{"insertions":0,"deletions":2}}},{"hash":"d3ed578eca8f8158b96e0e9f01a2457e9e56432b","messageTitle":"Added Progress and Cap Sequence Diagram","messageBody":"","fileTypesAndContributionMap":{"docs":{"insertions":85,"deletions":2}}}]},{"date":"2021-03-31","commitResults":[{"hash":"5e24768e5c46325cecf24c138773efeb9e300619","messageTitle":"Updated UG and fixed DG bugs","messageBody":"","fileTypesAndContributionMap":{"docs":{"insertions":21,"deletions":7}}}]},{"date":"2021-04-07","commitResults":[{"hash":"2bcf754aac837441002731dc8586eadf782452c6","messageTitle":"Added ppp","messageBody":"","fileTypesAndContributionMap":{"docs":{"insertions":139,"deletions":7}}}]}]},"authorFileTypeContributionMap":{"LJ-37":{"docs":511,"functional-code":199,"test-code":214},"fupernova":{"docs":742,"functional-code":657,"test-code":365},"kewenlok":{"docs":666,"functional-code":1584,"test-code":709,"other":4},"xseh":{"docs":465,"functional-code":920,"test-code":528,"other":10},"oscarlai1998":{"docs":302,"functional-code":295,"test-code":181}},"authorContributionVariance":{"LJ-37":5036.8765,"fupernova":18555.387,"kewenlok":47958.52,"xseh":157529.25,"oscarlai1998":13377.62},"authorDisplayNameMap":{"LJ-37":"CS2113T-W09-2 TAN .. JUN","fupernova":"CS2113T-W09-2 XIA ..FUXI","kewenlok":"CS2113T-W09-2 LOK .. WEN","xseh":"CS2113T-W09-2 SEH ..N RU","oscarlai1998":"CS2113T-W09-2 OSCA.. LAI"}}
