{"authorDailyContributionsMap":{"LJ-37":[],"fupernova":[{"date":"2021-03-08","commitResults":[{"hash":"5fe90758ec5f0c9fc23588856cd9dec498f39fb5","messageTitle":"Add error method and border line","messageBody":"","fileTypesAndContributionMap":{"functional-code":{"insertions":28,"deletions":4}}},{"hash":"9df204879b0b3cd696659de5ceb49289f6dc5bd6","messageTitle":"Revert \"Add error method and border line\"","messageBody":"This reverts commit 5fe90758ec5f0c9fc23588856cd9dec498f39fb5.\n","fileTypesAndContributionMap":{"functional-code":{"insertions":4,"deletions":28}}},{"hash":"e9773db81fafbd2697c59613c92e64a795376170","messageTitle":"Add border line and error printing in Ui","messageBody":"","fileTypesAndContributionMap":{"functional-code":{"insertions":29,"deletions":4}}},{"hash":"bad06fe70af49a897a6f124ba90116c64c6a20b5","messageTitle":"Fix gradle errors","messageBody":"","fileTypesAndContributionMap":{"functional-code":{"insertions":7,"deletions":3}}},{"hash":"60a0da4e9241434482df3a9e14bd89fb8b4c9869","messageTitle":"Add getCommand() to parser","messageBody":"","fileTypesAndContributionMap":{"functional-code":{"insertions":6,"deletions":0}}},{"hash":"1e7f4323afa381459ba76cfaf6b88e52c9ae12b5","messageTitle":"Add methods in Parser, create Command classes","messageBody":"","fileTypesAndContributionMap":{"functional-code":{"insertions":57,"deletions":0}}},{"hash":"8d4a24dfe15f192ae0c41d27071b3d94f42d4b1b","messageTitle":"Fix gradle errors","messageBody":"","fileTypesAndContributionMap":{"functional-code":{"insertions":7,"deletions":0}}},{"hash":"c47bc9475521fdcb511a5c6da4125f3e284c67ce","messageTitle":"Remove unused javadoc tag","messageBody":"","fileTypesAndContributionMap":{"functional-code":{"insertions":1,"deletions":2}}}]},{"date":"2021-03-09","commitResults":[{"hash":"b0ef344ceb758ed464ec125e0f05b40fde5fdfd1","messageTitle":"Swap getCommand() into Ui","messageBody":"","fileTypesAndContributionMap":{"functional-code":{"insertions":20,"deletions":7}}},{"hash":"1b5db4d852f3a1003681c9459eb2f95a485a2fff","messageTitle":"Add whitespace after for","messageBody":"","fileTypesAndContributionMap":{"functional-code":{"insertions":1,"deletions":2}}}]}],"kewenlok":[{"date":"2021-03-08","commitResults":[{"hash":"88988813aa4fccdc2c10fc5290c847fa57a6926c","messageTitle":"Initial commit","messageBody":"","fileTypesAndContributionMap":{"functional-code":{"insertions":48,"deletions":0}}},{"hash":"4dda1c6e2e54ea769af527d0bf45dc1209d814b6","messageTitle":"Implement greeting message","messageBody":"","fileTypesAndContributionMap":{"functional-code":{"insertions":3,"deletions":0}}},{"hash":"f35a14131aa8da8e752975d752357ae953b0da75","messageTitle":"Implement exit message","messageBody":"","fileTypesAndContributionMap":{"functional-code":{"insertions":4,"deletions":0}}},{"hash":"f6978fe0b2936515b3f558f129eee2e18add3271","messageTitle":"Initial commit","messageBody":"","fileTypesAndContributionMap":{"functional-code":{"insertions":4,"deletions":0}}},{"hash":"779ea0a415808d2dd1fc911899a3d8c852f37a2e","messageTitle":"Rename classes and packages","messageBody":"","fileTypesAndContributionMap":{"functional-code":{"insertions":18,"deletions":16},"other":{"insertions":14,"deletions":14}}},{"hash":"e2cd3d0d6ebd93ef33d6921bb8c5fcd574cf7ddb","messageTitle":"Rename main classes for files and build.gradle","messageBody":"","fileTypesAndContributionMap":{"other":{"insertions":6,"deletions":5}}},{"hash":"16bc3652478a89f43d4e00db2ed19b4cc0f30557","messageTitle":"Implement module classes","messageBody":"","fileTypesAndContributionMap":{"functional-code":{"insertions":41,"deletions":0}}},{"hash":"526836bd6e61daf7a698a1234e302d23a6a2a9bb","messageTitle":"Implement ModuleList to store module data","messageBody":"","fileTypesAndContributionMap":{"functional-code":{"insertions":73,"deletions":0}}},{"hash":"33078a7f58ca404739bd2da7a8828475962731fb","messageTitle":"ModuleList class: Fix JavaDoc violation","messageBody":"","fileTypesAndContributionMap":{"functional-code":{"insertions":1,"deletions":1}}}]},{"date":"2021-03-09","commitResults":[{"hash":"271c82051396b396a6967a9c92d9dfd3ad3bd38d","messageTitle":"Implement skeleton code for command classes","messageBody":"","fileTypesAndContributionMap":{"functional-code":{"insertions":164,"deletions":1},"other":{"insertions":1,"deletions":1}}},{"hash":"c7e1dbc2061fad2f4dc3960cb1a513736c4812b7","messageTitle":"Modify JavaDoc to follow coding standards","messageBody":"","fileTypesAndContributionMap":{"functional-code":{"insertions":5,"deletions":5}}}]},{"date":"2021-03-10","commitResults":[{"hash":"144b8aa890e7ccd4455498f880e76ef049a5840a","messageTitle":"Add new logo","messageBody":"","fileTypesAndContributionMap":{"functional-code":{"insertions":7,"deletions":2}}},{"hash":"05b9dfe6115e7f912b9879213e44c23eb3788c11","messageTitle":"Modify parseCommand method to return command object","messageBody":"","fileTypesAndContributionMap":{"functional-code":{"insertions":9,"deletions":7}}},{"hash":"c63e09427201fec16383c991a45811368f6d164b","messageTitle":"Implement skeleton code for IGraduate main code","messageBody":"","fileTypesAndContributionMap":{"functional-code":{"insertions":48,"deletions":12}}},{"hash":"7515926bc09e1ccd23883ae38150f121d0a20ad4","messageTitle":"Modify parseCommand method to return command object","messageBody":"","fileTypesAndContributionMap":{"functional-code":{"insertions":0,"deletions":2}}},{"hash":"e6cfc3d17eee23e309fee807852207126d69236f","messageTitle":"Implement skeleton code for Storage class","messageBody":"","fileTypesAndContributionMap":{"functional-code":{"insertions":34,"deletions":0}}},{"hash":"787361461996a4f7835b4247216361ef3685ddc6","messageTitle":"Initial commit","messageBody":"","fileTypesAndContributionMap":{"functional-code":{"insertions":32,"deletions":0}}},{"hash":"cb9ec7a3e57742caa930885ec9a609aeac7cf6b4","messageTitle":"Import command libraries individually","messageBody":"","fileTypesAndContributionMap":{"functional-code":{"insertions":5,"deletions":1}}},{"hash":"a4722325b005a06f20acaa2b35fb0083d5e03f12","messageTitle":"Modify code to comply with coding standards","messageBody":"","fileTypesAndContributionMap":{"functional-code":{"insertions":14,"deletions":14}}},{"hash":"a8cbbdd9ee9a1e6208f83156e14228209aa895b0","messageTitle":"Modify expected outcome and add break point in IGraduate class","messageBody":"","fileTypesAndContributionMap":{"functional-code":{"insertions":1,"deletions":0}}},{"hash":"fe9c42c7e0807090212d38d17d051014c8e36aba","messageTitle":"Modify the datatype of credit variable to double","messageBody":"","fileTypesAndContributionMap":{"functional-code":{"insertions":6,"deletions":6}}},{"hash":"f5325bfe7e359d662518fe097ad1875edb64af28","messageTitle":"Add finally clause in try catch block for run method","messageBody":"","fileTypesAndContributionMap":{"functional-code":{"insertions":3,"deletions":2}}},{"hash":"39b1c2142ea84cd38eeec414ea1694a9191627fb","messageTitle":"Remove printBorderLine method from printExitMessage()","messageBody":"","fileTypesAndContributionMap":{"functional-code":{"insertions":0,"deletions":1}}},{"hash":"461c716e592314f65ad711fda8fa70dd3f7aa194","messageTitle":"Implement getter and setter methods","messageBody":"","fileTypesAndContributionMap":{"functional-code":{"insertions":56,"deletions":0}}},{"hash":"acb701d34186286accb8930cedbf1096ee1aae94","messageTitle":"Override toString method","messageBody":"","fileTypesAndContributionMap":{"functional-code":{"insertions":20,"deletions":0}}}]}],"xseh":[{"date":"2021-03-10","commitResults":[{"hash":"b92b2d4bdbe2ff7ec187cd0e9cf223808ca5b5a9","messageTitle":"Add Parser function","messageBody":"","fileTypesAndContributionMap":{"functional-code":{"insertions":141,"deletions":48}}},{"hash":"6d1dbe08725490e6d2c406a7847ff7ea2401fc8f","messageTitle":"Update code syntax to follow standard","messageBody":"","fileTypesAndContributionMap":{"functional-code":{"insertions":36,"deletions":36}}},{"hash":"b2e82482f734d70515fa17f352092369f0ab095d","messageTitle":"Update code syntax to follow standard","messageBody":"","fileTypesAndContributionMap":{"functional-code":{"insertions":2,"deletions":1}}},{"hash":"b385951abd3ecf40e6ce973723b72d45551aa9d2","messageTitle":"Fix test case error","messageBody":"","fileTypesAndContributionMap":{"functional-code":{"insertions":4,"deletions":3}}}]}],"oscarlai1998":[]},"authorFileTypeContributionMap":{"LJ-37":{"docs":0,"functional-code":0,"test-code":0},"fupernova":{"docs":0,"functional-code":71,"test-code":0},"kewenlok":{"docs":0,"functional-code":529,"test-code":2,"other":3},"xseh":{"docs":0,"functional-code":149,"test-code":0},"oscarlai1998":{"docs":0,"functional-code":0,"test-code":0}},"authorContributionVariance":{"LJ-37":0.0,"fupernova":4325.0,"kewenlok":14841.472,"xseh":10200.139,"oscarlai1998":0.0},"authorDisplayNameMap":{"LJ-37":"CS2113T-W09-2 TAN .. JUN","fupernova":"CS2113T-W09-2 XIA ..FUXI","kewenlok":"CS2113T-W09-2 LOK .. WEN","xseh":"CS2113T-W09-2 SEH ..N RU","oscarlai1998":"CS2113T-W09-2 OSCA.. LAI"}}
