[{"path":"docs/AboutUs.md","fileType":"docs","lines":[{"lineNumber":1,"author":{"gitId":"-"},"content":"# About us"},{"lineNumber":2,"author":{"gitId":"-"},"content":""},{"lineNumber":3,"author":{"gitId":"-"},"content":"Display | Name | Github Profile | Portfolio "},{"lineNumber":4,"author":{"gitId":"-"},"content":"--------|:----:|:--------------:|:---------:"},{"lineNumber":5,"author":{"gitId":"BlubberMonster"},"content":"![](https://via.placeholder.com/100.png?text\u003dPhoto) | See Yong Han | [Github](https://github.com/) | [Portfolio](docs/team/johndoe.md)"},{"lineNumber":6,"author":{"gitId":"hazelhedmine"},"content":"![](https://via.placeholder.com/100.png?text\u003dPhoto) | Hazel Hedmine Tan | [Github](https://github.com/hazelhedmine) | [Portfolio](docs/team/johndoe.md)"},{"lineNumber":7,"author":{"gitId":"-"},"content":"![](https://via.placeholder.com/100.png?text\u003dPhoto) | Ron John | [Github](https://github.com/) | [Portfolio](docs/team/johndoe.md)"},{"lineNumber":8,"author":{"gitId":"nivikcivik"},"content":"![](https://via.placeholder.com/100.png?text\u003dPhoto) | Ravikumar Nikhila | [Github](https://github.com/) | [Portfolio](docs/team/johndoe.md)"},{"lineNumber":9,"author":{"gitId":"-"},"content":"![](https://via.placeholder.com/100.png?text\u003dPhoto) | Don Roe | [Github](https://github.com/) | [Portfolio](docs/team/johndoe.md)"}],"authorContributionMap":{"BlubberMonster":1,"nivikcivik":1,"hazelhedmine":1,"-":6}}]
