[{"path":"docs/AboutUs.md","fileType":"docs","lines":[{"lineNumber":1,"author":{"gitId":"-"},"content":"# About us"},{"lineNumber":2,"author":{"gitId":"-"},"content":""},{"lineNumber":3,"author":{"gitId":"-"},"content":"Display | Name | Github Profile | Portfolio "},{"lineNumber":4,"author":{"gitId":"-"},"content":"--------|:----:|:--------------:|:---------:"},{"lineNumber":5,"author":{"gitId":"liping-eng"},"content":"![](https://via.placeholder.com/100.png?text\u003dPhoto) | Wong Li Ping | [Github](https://github.com/) | [Portfolio](docs/team/johndoe.md)"},{"lineNumber":6,"author":{"gitId":"BlubberMonster"},"content":"![](https://via.placeholder.com/100.png?text\u003dPhoto) | See Yong Han | [Github](https://github.com/) | [Portfolio](docs/team/johndoe.md)"},{"lineNumber":7,"author":{"gitId":"hazelhedmine"},"content":"![](https://via.placeholder.com/100.png?text\u003dPhoto) | Hazel Hedmine Tan | [Github](https://github.com/hazelhedmine) | [Portfolio](docs/team/johndoe.md)"},{"lineNumber":8,"author":{"gitId":"nivikcivik"},"content":"![](https://via.placeholder.com/100.png?text\u003dPhoto) | Ravikumar Nikhila | [Github](https://github.com/) | [Portfolio](docs/team/johndoe.md)"}],"authorContributionMap":{"BlubberMonster":1,"nivikcivik":1,"liping-eng":1,"hazelhedmine":1,"-":4}},{"path":"src/main/java/seedu/duke/Assignment.java","fileType":"functional-code","lines":[{"lineNumber":1,"author":{"gitId":"hazelhedmine"},"content":"package seedu.duke;"},{"lineNumber":2,"author":{"gitId":"hazelhedmine"},"content":""},{"lineNumber":3,"author":{"gitId":"hazelhedmine"},"content":"public class Assignment extends Task{"},{"lineNumber":4,"author":{"gitId":"hazelhedmine"},"content":"    protected String by;"},{"lineNumber":5,"author":{"gitId":"hazelhedmine"},"content":""},{"lineNumber":6,"author":{"gitId":"hazelhedmine"},"content":"    public Assignment(String module, String description, String by) {"},{"lineNumber":7,"author":{"gitId":"hazelhedmine"},"content":"        super(module, description);"},{"lineNumber":8,"author":{"gitId":"hazelhedmine"},"content":"        this.by \u003d by;"},{"lineNumber":9,"author":{"gitId":"hazelhedmine"},"content":"    }"},{"lineNumber":10,"author":{"gitId":"hazelhedmine"},"content":""},{"lineNumber":11,"author":{"gitId":"hazelhedmine"},"content":"    @Override"},{"lineNumber":12,"author":{"gitId":"hazelhedmine"},"content":"    public String toString() {"},{"lineNumber":13,"author":{"gitId":"hazelhedmine"},"content":"        return super.toString() + \" (by: \" + by + \")\";"},{"lineNumber":14,"author":{"gitId":"hazelhedmine"},"content":"    }"},{"lineNumber":15,"author":{"gitId":"hazelhedmine"},"content":""},{"lineNumber":16,"author":{"gitId":"hazelhedmine"},"content":"}"}],"authorContributionMap":{"hazelhedmine":16}},{"path":"src/main/java/seedu/duke/ExternalLinks.java","fileType":"functional-code","lines":[{"lineNumber":1,"author":{"gitId":"nivikcivik"},"content":"package seedu.duke;"},{"lineNumber":2,"author":{"gitId":"nivikcivik"},"content":""},{"lineNumber":3,"author":{"gitId":"BlubberMonster"},"content":"public class ExternalLinks extends Links {"},{"lineNumber":4,"author":{"gitId":"BlubberMonster"},"content":""},{"lineNumber":5,"author":{"gitId":"BlubberMonster"},"content":"    public ExternalLinks(int linkIndex) {"},{"lineNumber":6,"author":{"gitId":"BlubberMonster"},"content":"        super(linkIndex);"},{"lineNumber":7,"author":{"gitId":"BlubberMonster"},"content":"    }"},{"lineNumber":8,"author":{"gitId":"nivikcivik"},"content":"}"}],"authorContributionMap":{"nivikcivik":3,"BlubberMonster":5}},{"path":"src/main/java/seedu/duke/Final.java","fileType":"functional-code","lines":[{"lineNumber":1,"author":{"gitId":"hazelhedmine"},"content":"package seedu.duke;"},{"lineNumber":2,"author":{"gitId":"hazelhedmine"},"content":""},{"lineNumber":3,"author":{"gitId":"hazelhedmine"},"content":"public class Final extends Task {"},{"lineNumber":4,"author":{"gitId":"hazelhedmine"},"content":"    protected String on;"},{"lineNumber":5,"author":{"gitId":"hazelhedmine"},"content":""},{"lineNumber":6,"author":{"gitId":"hazelhedmine"},"content":"    public Final(String module, String description, String on) {"},{"lineNumber":7,"author":{"gitId":"hazelhedmine"},"content":"        super(module, description);"},{"lineNumber":8,"author":{"gitId":"hazelhedmine"},"content":"        this.on \u003d on;"},{"lineNumber":9,"author":{"gitId":"hazelhedmine"},"content":"    }"},{"lineNumber":10,"author":{"gitId":"hazelhedmine"},"content":""},{"lineNumber":11,"author":{"gitId":"hazelhedmine"},"content":"    @Override"},{"lineNumber":12,"author":{"gitId":"hazelhedmine"},"content":"    public String toString() {"},{"lineNumber":13,"author":{"gitId":"hazelhedmine"},"content":"        return super.toString() + \" (on: \" + on + \")\";"},{"lineNumber":14,"author":{"gitId":"hazelhedmine"},"content":"    }"},{"lineNumber":15,"author":{"gitId":"hazelhedmine"},"content":"}"}],"authorContributionMap":{"hazelhedmine":15}},{"path":"src/main/java/seedu/duke/HelpGraduation.java","fileType":"functional-code","lines":[{"lineNumber":1,"author":{"gitId":"nivikcivik"},"content":"package seedu.duke;"},{"lineNumber":2,"author":{"gitId":"nivikcivik"},"content":""},{"lineNumber":3,"author":{"gitId":"nivikcivik"},"content":"public class HelpGraduation {"},{"lineNumber":4,"author":{"gitId":"nivikcivik"},"content":"}"}],"authorContributionMap":{"nivikcivik":4}},{"path":"src/main/java/seedu/duke/Links.java","fileType":"functional-code","lines":[{"lineNumber":1,"author":{"gitId":"BlubberMonster"},"content":"package seedu.duke;"},{"lineNumber":2,"author":{"gitId":"BlubberMonster"},"content":""},{"lineNumber":3,"author":{"gitId":"BlubberMonster"},"content":"public class Links {"},{"lineNumber":4,"author":{"gitId":"BlubberMonster"},"content":""},{"lineNumber":5,"author":{"gitId":"BlubberMonster"},"content":"    protected int linkIndex;"},{"lineNumber":6,"author":{"gitId":"BlubberMonster"},"content":""},{"lineNumber":7,"author":{"gitId":"BlubberMonster"},"content":"    public Links(int linkIndex) {"},{"lineNumber":8,"author":{"gitId":"BlubberMonster"},"content":"        this.linkIndex \u003d linkIndex;"},{"lineNumber":9,"author":{"gitId":"BlubberMonster"},"content":"    }"},{"lineNumber":10,"author":{"gitId":"BlubberMonster"},"content":""},{"lineNumber":11,"author":{"gitId":"BlubberMonster"},"content":"    public void execute() {"},{"lineNumber":12,"author":{"gitId":"BlubberMonster"},"content":"        while (true) {"},{"lineNumber":13,"author":{"gitId":"BlubberMonster"},"content":"            switch (linkIndex) {"},{"lineNumber":14,"author":{"gitId":"BlubberMonster"},"content":"            case 1:"},{"lineNumber":15,"author":{"gitId":"BlubberMonster"},"content":"                //external links menu"},{"lineNumber":16,"author":{"gitId":"BlubberMonster"},"content":"                int externalLinksCommand \u003d Integer.parseInt(Ui.readCommand());"},{"lineNumber":17,"author":{"gitId":"BlubberMonster"},"content":"                ExternalLinks externalLinks \u003d new ExternalLinks(externalLinksCommand);"},{"lineNumber":18,"author":{"gitId":"BlubberMonster"},"content":"                break;"},{"lineNumber":19,"author":{"gitId":"BlubberMonster"},"content":"            case 2:"},{"lineNumber":20,"author":{"gitId":"BlubberMonster"},"content":"                // zoom menu"},{"lineNumber":21,"author":{"gitId":"BlubberMonster"},"content":"                break;"},{"lineNumber":22,"author":{"gitId":"BlubberMonster"},"content":"            case 3:"},{"lineNumber":23,"author":{"gitId":"BlubberMonster"},"content":"                //exit"},{"lineNumber":24,"author":{"gitId":"BlubberMonster"},"content":"            }"},{"lineNumber":25,"author":{"gitId":"BlubberMonster"},"content":"        }"},{"lineNumber":26,"author":{"gitId":"BlubberMonster"},"content":"    }"},{"lineNumber":27,"author":{"gitId":"BlubberMonster"},"content":"}"}],"authorContributionMap":{"BlubberMonster":27}},{"path":"src/main/java/seedu/duke/Midterm.java","fileType":"functional-code","lines":[{"lineNumber":1,"author":{"gitId":"hazelhedmine"},"content":"package seedu.duke;"},{"lineNumber":2,"author":{"gitId":"hazelhedmine"},"content":""},{"lineNumber":3,"author":{"gitId":"hazelhedmine"},"content":"public class Midterm extends Task {"},{"lineNumber":4,"author":{"gitId":"hazelhedmine"},"content":"    protected String on;"},{"lineNumber":5,"author":{"gitId":"hazelhedmine"},"content":""},{"lineNumber":6,"author":{"gitId":"hazelhedmine"},"content":"    public Midterm(String module, String description, String on) {"},{"lineNumber":7,"author":{"gitId":"hazelhedmine"},"content":"        super(module, description);"},{"lineNumber":8,"author":{"gitId":"hazelhedmine"},"content":"        this.on \u003d on;"},{"lineNumber":9,"author":{"gitId":"hazelhedmine"},"content":"    }"},{"lineNumber":10,"author":{"gitId":"hazelhedmine"},"content":""},{"lineNumber":11,"author":{"gitId":"hazelhedmine"},"content":"    @Override"},{"lineNumber":12,"author":{"gitId":"hazelhedmine"},"content":"    public String toString() {"},{"lineNumber":13,"author":{"gitId":"hazelhedmine"},"content":"        return super.toString() + \" (on: \" + on + \")\";"},{"lineNumber":14,"author":{"gitId":"hazelhedmine"},"content":"    }"},{"lineNumber":15,"author":{"gitId":"hazelhedmine"},"content":"}"}],"authorContributionMap":{"hazelhedmine":15}},{"path":"src/main/java/seedu/duke/ModuleInfo.java","fileType":"functional-code","lines":[{"lineNumber":1,"author":{"gitId":"nivikcivik"},"content":"package seedu.duke;"},{"lineNumber":2,"author":{"gitId":"nivikcivik"},"content":""},{"lineNumber":3,"author":{"gitId":"nivikcivik"},"content":"import java.util.Scanner;"},{"lineNumber":4,"author":{"gitId":"nivikcivik"},"content":""},{"lineNumber":5,"author":{"gitId":"nivikcivik"},"content":"public class ModuleInfo {"},{"lineNumber":6,"author":{"gitId":"nivikcivik"},"content":"    public ModuleInfo() {"},{"lineNumber":7,"author":{"gitId":"nivikcivik"},"content":"    }"},{"lineNumber":8,"author":{"gitId":"nivikcivik"},"content":""},{"lineNumber":9,"author":{"gitId":"nivikcivik"},"content":"    public static void moduleInfoMenu() {"},{"lineNumber":10,"author":{"gitId":"nivikcivik"},"content":"        Scanner input \u003d new Scanner(System.in);"},{"lineNumber":11,"author":{"gitId":"nivikcivik"},"content":"        while (true) {"},{"lineNumber":12,"author":{"gitId":"nivikcivik"},"content":"            String command \u003d input.nextLine();"},{"lineNumber":13,"author":{"gitId":"nivikcivik"},"content":"            try {"},{"lineNumber":14,"author":{"gitId":"nivikcivik"},"content":"                int taskNumber \u003d Integer.parseInt(command);"},{"lineNumber":15,"author":{"gitId":"nivikcivik"},"content":"                if (taskNumber \u003d\u003d 1) {"},{"lineNumber":16,"author":{"gitId":"nivikcivik"},"content":"                    break;"},{"lineNumber":17,"author":{"gitId":"nivikcivik"},"content":"                }"},{"lineNumber":18,"author":{"gitId":"nivikcivik"},"content":"                switch (taskNumber) {"},{"lineNumber":19,"author":{"gitId":"nivikcivik"},"content":"                case 1:"},{"lineNumber":20,"author":{"gitId":"nivikcivik"},"content":"                    getModuleDescriptions();"},{"lineNumber":21,"author":{"gitId":"nivikcivik"},"content":"                    break;"},{"lineNumber":22,"author":{"gitId":"nivikcivik"},"content":"                case 2:"},{"lineNumber":23,"author":{"gitId":"nivikcivik"},"content":"                    getComponents();"},{"lineNumber":24,"author":{"gitId":"nivikcivik"},"content":"                    break;"},{"lineNumber":25,"author":{"gitId":"nivikcivik"},"content":"                case 3:"},{"lineNumber":26,"author":{"gitId":"nivikcivik"},"content":"                    addZoomLinks();"},{"lineNumber":27,"author":{"gitId":"nivikcivik"},"content":"                    break;"},{"lineNumber":28,"author":{"gitId":"nivikcivik"},"content":"                case 4:"},{"lineNumber":29,"author":{"gitId":"nivikcivik"},"content":"                    addNewTask();"},{"lineNumber":30,"author":{"gitId":"nivikcivik"},"content":"                    break;"},{"lineNumber":31,"author":{"gitId":"nivikcivik"},"content":"                case 5:"},{"lineNumber":32,"author":{"gitId":"nivikcivik"},"content":"                    addReview();"},{"lineNumber":33,"author":{"gitId":"nivikcivik"},"content":"                    break;"},{"lineNumber":34,"author":{"gitId":"nivikcivik"},"content":"                case 6:"},{"lineNumber":35,"author":{"gitId":"nivikcivik"},"content":"                    viewAllReviews();"},{"lineNumber":36,"author":{"gitId":"nivikcivik"},"content":"                    break;"},{"lineNumber":37,"author":{"gitId":"nivikcivik"},"content":"                case 7:"},{"lineNumber":38,"author":{"gitId":"nivikcivik"},"content":"                    deleteModule();"},{"lineNumber":39,"author":{"gitId":"nivikcivik"},"content":"                    break;"},{"lineNumber":40,"author":{"gitId":"nivikcivik"},"content":"                case 8:"},{"lineNumber":41,"author":{"gitId":"nivikcivik"},"content":"                    deleteTask();"},{"lineNumber":42,"author":{"gitId":"nivikcivik"},"content":"                    break;"},{"lineNumber":43,"author":{"gitId":"nivikcivik"},"content":"                case 9:"},{"lineNumber":44,"author":{"gitId":"nivikcivik"},"content":"                    break;"},{"lineNumber":45,"author":{"gitId":"nivikcivik"},"content":"                default:"},{"lineNumber":46,"author":{"gitId":"nivikcivik"},"content":"                    System.out.println(\"Please enter a valid integer from the list.\");"},{"lineNumber":47,"author":{"gitId":"nivikcivik"},"content":"                }"},{"lineNumber":48,"author":{"gitId":"nivikcivik"},"content":"            } catch (NumberFormatException n) {"},{"lineNumber":49,"author":{"gitId":"nivikcivik"},"content":"                System.out.println(\"Error! Enter an integer.\");"},{"lineNumber":50,"author":{"gitId":"nivikcivik"},"content":"            }"},{"lineNumber":51,"author":{"gitId":"nivikcivik"},"content":"        }"},{"lineNumber":52,"author":{"gitId":"nivikcivik"},"content":""},{"lineNumber":53,"author":{"gitId":"nivikcivik"},"content":"    }"},{"lineNumber":54,"author":{"gitId":"nivikcivik"},"content":""},{"lineNumber":55,"author":{"gitId":"nivikcivik"},"content":"    private static void deleteTask() {"},{"lineNumber":56,"author":{"gitId":"nivikcivik"},"content":"    }"},{"lineNumber":57,"author":{"gitId":"nivikcivik"},"content":""},{"lineNumber":58,"author":{"gitId":"nivikcivik"},"content":"    private static void deleteModule() {"},{"lineNumber":59,"author":{"gitId":"nivikcivik"},"content":"    }"},{"lineNumber":60,"author":{"gitId":"nivikcivik"},"content":""},{"lineNumber":61,"author":{"gitId":"nivikcivik"},"content":"    private static void viewAllReviews() {"},{"lineNumber":62,"author":{"gitId":"nivikcivik"},"content":"    }"},{"lineNumber":63,"author":{"gitId":"nivikcivik"},"content":""},{"lineNumber":64,"author":{"gitId":"nivikcivik"},"content":"    private static void addReview() {"},{"lineNumber":65,"author":{"gitId":"nivikcivik"},"content":""},{"lineNumber":66,"author":{"gitId":"nivikcivik"},"content":""},{"lineNumber":67,"author":{"gitId":"nivikcivik"},"content":"    }"},{"lineNumber":68,"author":{"gitId":"nivikcivik"},"content":""},{"lineNumber":69,"author":{"gitId":"nivikcivik"},"content":"    private static void addNewTask() {"},{"lineNumber":70,"author":{"gitId":"nivikcivik"},"content":"    }"},{"lineNumber":71,"author":{"gitId":"nivikcivik"},"content":""},{"lineNumber":72,"author":{"gitId":"nivikcivik"},"content":"    private static void addZoomLinks() {"},{"lineNumber":73,"author":{"gitId":"nivikcivik"},"content":"    }"},{"lineNumber":74,"author":{"gitId":"nivikcivik"},"content":""},{"lineNumber":75,"author":{"gitId":"nivikcivik"},"content":"    private static void getComponents() {"},{"lineNumber":76,"author":{"gitId":"nivikcivik"},"content":"    }"},{"lineNumber":77,"author":{"gitId":"nivikcivik"},"content":""},{"lineNumber":78,"author":{"gitId":"nivikcivik"},"content":"    private static void getModuleDescriptions() {"},{"lineNumber":79,"author":{"gitId":"nivikcivik"},"content":"    }"},{"lineNumber":80,"author":{"gitId":"nivikcivik"},"content":""},{"lineNumber":81,"author":{"gitId":"nivikcivik"},"content":"}"}],"authorContributionMap":{"nivikcivik":81}},{"path":"src/main/java/seedu/duke/Task.java","fileType":"functional-code","lines":[{"lineNumber":1,"author":{"gitId":"hazelhedmine"},"content":"package seedu.duke;"},{"lineNumber":2,"author":{"gitId":"hazelhedmine"},"content":""},{"lineNumber":3,"author":{"gitId":"-"},"content":"//@@author hazelhedmine-reused"},{"lineNumber":4,"author":{"gitId":"-"},"content":"//Reused from https://github.com/hazelhedmine/ip/blob/master/src/main/java/duke/task/Task.java"},{"lineNumber":5,"author":{"gitId":"-"},"content":"//with modifications"},{"lineNumber":6,"author":{"gitId":"-"},"content":"public class Task {"},{"lineNumber":7,"author":{"gitId":"-"},"content":"    protected String description;"},{"lineNumber":8,"author":{"gitId":"-"},"content":"    protected String module;"},{"lineNumber":9,"author":{"gitId":"-"},"content":""},{"lineNumber":10,"author":{"gitId":"-"},"content":"    public Task(String module, String description) {"},{"lineNumber":11,"author":{"gitId":"-"},"content":"        this.description \u003d description;"},{"lineNumber":12,"author":{"gitId":"-"},"content":"        this.module \u003d module;"},{"lineNumber":13,"author":{"gitId":"-"},"content":"    }"},{"lineNumber":14,"author":{"gitId":"-"},"content":""},{"lineNumber":15,"author":{"gitId":"-"},"content":"    public String getDescription() {"},{"lineNumber":16,"author":{"gitId":"-"},"content":"        return description;"},{"lineNumber":17,"author":{"gitId":"-"},"content":"    }"},{"lineNumber":18,"author":{"gitId":"-"},"content":""},{"lineNumber":19,"author":{"gitId":"-"},"content":"    public String getModule() {"},{"lineNumber":20,"author":{"gitId":"-"},"content":"        return module;"},{"lineNumber":21,"author":{"gitId":"-"},"content":"    }"},{"lineNumber":22,"author":{"gitId":"-"},"content":""},{"lineNumber":23,"author":{"gitId":"-"},"content":"    @Override"},{"lineNumber":24,"author":{"gitId":"-"},"content":"    public String toString() {"},{"lineNumber":25,"author":{"gitId":"-"},"content":"        return \"[\" + this.getModule() + \"] \" + description;"},{"lineNumber":26,"author":{"gitId":"-"},"content":"    }"},{"lineNumber":27,"author":{"gitId":"-"},"content":""},{"lineNumber":28,"author":{"gitId":"-"},"content":"}"}],"authorContributionMap":{"hazelhedmine":2,"-":26}},{"path":"src/main/java/seedu/duke/TaskManager.java","fileType":"functional-code","lines":[{"lineNumber":1,"author":{"gitId":"nivikcivik"},"content":"package seedu.duke;"},{"lineNumber":2,"author":{"gitId":"nivikcivik"},"content":""},{"lineNumber":3,"author":{"gitId":"nivikcivik"},"content":"public class TaskManager {"},{"lineNumber":4,"author":{"gitId":"nivikcivik"},"content":"}"}],"authorContributionMap":{"nivikcivik":4}},{"path":"src/main/java/seedu/duke/Ui.java","fileType":"functional-code","lines":[{"lineNumber":1,"author":{"gitId":"BlubberMonster"},"content":"package seedu.duke;"},{"lineNumber":2,"author":{"gitId":"BlubberMonster"},"content":""},{"lineNumber":3,"author":{"gitId":"BlubberMonster"},"content":"import java.util.Scanner;"},{"lineNumber":4,"author":{"gitId":"BlubberMonster"},"content":""},{"lineNumber":5,"author":{"gitId":"BlubberMonster"},"content":"/**"},{"lineNumber":6,"author":{"gitId":"BlubberMonster"},"content":" * Deals with all interactions with the user."},{"lineNumber":7,"author":{"gitId":"BlubberMonster"},"content":" */"},{"lineNumber":8,"author":{"gitId":"BlubberMonster"},"content":"public class Ui {"},{"lineNumber":9,"author":{"gitId":"BlubberMonster"},"content":""},{"lineNumber":10,"author":{"gitId":"BlubberMonster"},"content":"    public static void printWelcomeMessage() {"},{"lineNumber":11,"author":{"gitId":"BlubberMonster"},"content":"        System.out.println(\"Hello from\\n\" + \" ____        _        \\n\""},{"lineNumber":12,"author":{"gitId":"BlubberMonster"},"content":"            + \"|  _ \\\\ _   _| | _____ \\n\""},{"lineNumber":13,"author":{"gitId":"BlubberMonster"},"content":"            + \"| | | | | | | |/ / _ \\\\\\n\""},{"lineNumber":14,"author":{"gitId":"BlubberMonster"},"content":"            + \"| |_| | |_| |   \u003c  __/\\n\""},{"lineNumber":15,"author":{"gitId":"BlubberMonster"},"content":"            + \"|____/ \\\\__,_|_|\\\\_\\\\___|\\n\");"},{"lineNumber":16,"author":{"gitId":"BlubberMonster"},"content":""},{"lineNumber":17,"author":{"gitId":"BlubberMonster"},"content":"    }"},{"lineNumber":18,"author":{"gitId":"BlubberMonster"},"content":""},{"lineNumber":19,"author":{"gitId":"BlubberMonster"},"content":"    public static void printMainMenu() {"},{"lineNumber":20,"author":{"gitId":"BlubberMonster"},"content":"        System.out.println(\"Main Menu:\\n\""},{"lineNumber":21,"author":{"gitId":"BlubberMonster"},"content":"            + \"[1] Module Information\\n\""},{"lineNumber":22,"author":{"gitId":"BlubberMonster"},"content":"            + \"[2] CAP Simulator/Calculator\\n\""},{"lineNumber":23,"author":{"gitId":"BlubberMonster"},"content":"            + \"[3] Task Manager\\n\""},{"lineNumber":24,"author":{"gitId":"BlubberMonster"},"content":"            + \"[4] External Links\");"},{"lineNumber":25,"author":{"gitId":"BlubberMonster"},"content":"    }"},{"lineNumber":26,"author":{"gitId":"BlubberMonster"},"content":""},{"lineNumber":27,"author":{"gitId":"BlubberMonster"},"content":"    public static void printLinksMessage() {"},{"lineNumber":28,"author":{"gitId":"BlubberMonster"},"content":"        System.out.println(\"Welcome to the links menu ^~^\\n\""},{"lineNumber":29,"author":{"gitId":"BlubberMonster"},"content":"            + \"Please choose which action you would like to do and enter the number:\\n\""},{"lineNumber":30,"author":{"gitId":"BlubberMonster"},"content":"            + \"[1] --- External links menu\\n\""},{"lineNumber":31,"author":{"gitId":"BlubberMonster"},"content":"            + \"[3] --- View Zoom links\\n\""},{"lineNumber":32,"author":{"gitId":"BlubberMonster"},"content":"            + \"[4] --- Exit to main menu\\n\");"},{"lineNumber":33,"author":{"gitId":"BlubberMonster"},"content":"    }"},{"lineNumber":34,"author":{"gitId":"BlubberMonster"},"content":""},{"lineNumber":35,"author":{"gitId":"BlubberMonster"},"content":"    public static void printInvalidIntegerMessage() {"},{"lineNumber":36,"author":{"gitId":"BlubberMonster"},"content":"        System.out.println(\"Please enter a valid integer from the menu.\");"},{"lineNumber":37,"author":{"gitId":"BlubberMonster"},"content":"    }"},{"lineNumber":38,"author":{"gitId":"BlubberMonster"},"content":""},{"lineNumber":39,"author":{"gitId":"BlubberMonster"},"content":"    public static String readCommand() {"},{"lineNumber":40,"author":{"gitId":"BlubberMonster"},"content":"        String command;"},{"lineNumber":41,"author":{"gitId":"BlubberMonster"},"content":"        Scanner input \u003d new Scanner(System.in);"},{"lineNumber":42,"author":{"gitId":"BlubberMonster"},"content":"        command \u003d input.nextLine();"},{"lineNumber":43,"author":{"gitId":"BlubberMonster"},"content":"        return command;"},{"lineNumber":44,"author":{"gitId":"BlubberMonster"},"content":"    }"},{"lineNumber":45,"author":{"gitId":"BlubberMonster"},"content":""},{"lineNumber":46,"author":{"gitId":"BlubberMonster"},"content":"}"}],"authorContributionMap":{"BlubberMonster":46}},{"path":"src/main/java/seedu/duke/UniTracker.java","fileType":"functional-code","lines":[{"lineNumber":1,"author":{"gitId":"nivikcivik"},"content":"package seedu.duke;"},{"lineNumber":2,"author":{"gitId":"nivikcivik"},"content":""},{"lineNumber":3,"author":{"gitId":"nivikcivik"},"content":"public class UniTracker {"},{"lineNumber":4,"author":{"gitId":"nivikcivik"},"content":"    /**"},{"lineNumber":5,"author":{"gitId":"nivikcivik"},"content":"     * Main entry-point for the java.duke.Duke application."},{"lineNumber":6,"author":{"gitId":"nivikcivik"},"content":"     */"},{"lineNumber":7,"author":{"gitId":"nivikcivik"},"content":"    public static void main(String[] args) {"},{"lineNumber":8,"author":{"gitId":"BlubberMonster"},"content":"        Ui.printWelcomeMessage();"},{"lineNumber":9,"author":{"gitId":"nivikcivik"},"content":"        runMainMenu();"},{"lineNumber":10,"author":{"gitId":"nivikcivik"},"content":"    }"},{"lineNumber":11,"author":{"gitId":"nivikcivik"},"content":""},{"lineNumber":12,"author":{"gitId":"nivikcivik"},"content":"    public static void runMainMenu() {"},{"lineNumber":13,"author":{"gitId":"nivikcivik"},"content":"        while (true) {"},{"lineNumber":14,"author":{"gitId":"BlubberMonster"},"content":"            Ui.printMainMenu();"},{"lineNumber":15,"author":{"gitId":"BlubberMonster"},"content":"            String command \u003d Ui.readCommand();"},{"lineNumber":16,"author":{"gitId":"nivikcivik"},"content":"            try {"},{"lineNumber":17,"author":{"gitId":"nivikcivik"},"content":"                int commandInt \u003d Integer.parseInt(command);"},{"lineNumber":18,"author":{"gitId":"nivikcivik"},"content":""},{"lineNumber":19,"author":{"gitId":"nivikcivik"},"content":"                if (commandInt \u003d\u003d 5) {"},{"lineNumber":20,"author":{"gitId":"nivikcivik"},"content":"                    break;"},{"lineNumber":21,"author":{"gitId":"nivikcivik"},"content":"                }"},{"lineNumber":22,"author":{"gitId":"nivikcivik"},"content":""},{"lineNumber":23,"author":{"gitId":"nivikcivik"},"content":"                switch (commandInt) {"},{"lineNumber":24,"author":{"gitId":"nivikcivik"},"content":"                case 1:"},{"lineNumber":25,"author":{"gitId":"nivikcivik"},"content":"                    //moduleInfo"},{"lineNumber":26,"author":{"gitId":"nivikcivik"},"content":"                    break;"},{"lineNumber":27,"author":{"gitId":"nivikcivik"},"content":"                case 2:"},{"lineNumber":28,"author":{"gitId":"nivikcivik"},"content":"                    //helpGraduation"},{"lineNumber":29,"author":{"gitId":"nivikcivik"},"content":"                    break;"},{"lineNumber":30,"author":{"gitId":"nivikcivik"},"content":"                case 3:"},{"lineNumber":31,"author":{"gitId":"nivikcivik"},"content":"                    //manageTask"},{"lineNumber":32,"author":{"gitId":"nivikcivik"},"content":"                    break;"},{"lineNumber":33,"author":{"gitId":"nivikcivik"},"content":"                case 4:"},{"lineNumber":34,"author":{"gitId":"nivikcivik"},"content":"                    //externalLinks"},{"lineNumber":35,"author":{"gitId":"BlubberMonster"},"content":"                    Ui.printLinksMessage();"},{"lineNumber":36,"author":{"gitId":"BlubberMonster"},"content":"                    int linkCommand \u003d Integer.parseInt(Ui.readCommand());"},{"lineNumber":37,"author":{"gitId":"BlubberMonster"},"content":"                    Links link \u003d new Links(linkCommand);"},{"lineNumber":38,"author":{"gitId":"BlubberMonster"},"content":"                    link.execute();"},{"lineNumber":39,"author":{"gitId":"nivikcivik"},"content":"                    break;"},{"lineNumber":40,"author":{"gitId":"nivikcivik"},"content":"                default:"},{"lineNumber":41,"author":{"gitId":"BlubberMonster"},"content":"                    Ui.printInvalidIntegerMessage();"},{"lineNumber":42,"author":{"gitId":"nivikcivik"},"content":"                }"},{"lineNumber":43,"author":{"gitId":"nivikcivik"},"content":""},{"lineNumber":44,"author":{"gitId":"nivikcivik"},"content":"            } catch (NumberFormatException n) {"},{"lineNumber":45,"author":{"gitId":"BlubberMonster"},"content":"                Ui.printInvalidIntegerMessage();"},{"lineNumber":46,"author":{"gitId":"nivikcivik"},"content":"            }"},{"lineNumber":47,"author":{"gitId":"nivikcivik"},"content":"        }"},{"lineNumber":48,"author":{"gitId":"nivikcivik"},"content":"    }"},{"lineNumber":49,"author":{"gitId":"nivikcivik"},"content":"}"}],"authorContributionMap":{"nivikcivik":40,"BlubberMonster":9}}]
