{"authorDailyContributionsMap":{"BlubberMonster":[{"date":"2021-03-05","commitResults":[{"hash":"51f46ac4fef77d152d43103445d4947f94950ff2","messageTitle":"Add changes to README","messageBody":"","fileTypesAndContributionMap":{"docs":{"insertions":1,"deletions":1}}}]},{"date":"2021-03-07","commitResults":[{"hash":"ae4ec3582996c6a06533a9f2089c278825842430","messageTitle":"Add Ui class","messageBody":"","fileTypesAndContributionMap":{"functional-code":{"insertions":2,"deletions":0}}},{"hash":"b3760b4493c70d6f6caebad10f51647d6c76dd44","messageTitle":"Add scanner method to ui class","messageBody":"","fileTypesAndContributionMap":{"functional-code":{"insertions":86,"deletions":27}}}]},{"date":"2021-03-08","commitResults":[{"hash":"3a17ec68c5f18e1638126ee860590bffdf21f155","messageTitle":"add external links functionalities","messageBody":"","fileTypesAndContributionMap":{"functional-code":{"insertions":124,"deletions":6},"other":{"insertions":1,"deletions":0}}}]},{"date":"2021-03-09","commitResults":[{"hash":"d8210f18c3279cd631d67bd58c72b0b68c9a5d99","messageTitle":"add links and external links","messageBody":"","fileTypesAndContributionMap":{"functional-code":{"insertions":38,"deletions":11}}}]},{"date":"2021-03-11","commitResults":[{"hash":"31682cc892a8dd0a6be5000d8fb40b8175cec46c","messageTitle":"Add fixes to bugs in link package","messageBody":"","fileTypesAndContributionMap":{"functional-code":{"insertions":20,"deletions":18},"other":{"insertions":34,"deletions":21},"test-code":{"insertions":14,"deletions":0}}},{"hash":"51794a60557ade2a901facddaa7e2253f80b3d96","messageTitle":"Add fixes to bugs in link package #3","messageBody":"","fileTypesAndContributionMap":{"functional-code":{"insertions":2,"deletions":1}}},{"hash":"d518e810953309391cb2ae6d505a8c45e79132b3","messageTitle":"Add more test to JUnit","messageBody":"","fileTypesAndContributionMap":{"test-code":{"insertions":9,"deletions":0}}}]},{"date":"2021-03-13","commitResults":[{"hash":"c868e635776a90ab9bf88590823e5d93d4dbe691","messageTitle":"Add zoom links function","messageBody":"","fileTypesAndContributionMap":{"functional-code":{"insertions":56,"deletions":3},"other":{"insertions":0,"deletions":1}}},{"hash":"a2916165e3d372cccac88abd244f0feab73e10e7","messageTitle":"Add zoom link function","messageBody":"","fileTypesAndContributionMap":{"functional-code":{"insertions":3,"deletions":3}}}]},{"date":"2021-03-14","commitResults":[{"hash":"2e8737147b4fc54c78f209cf49f4dfaa916b154f","messageTitle":"Add on zoom functionalities and also enabled assertions","messageBody":"","fileTypesAndContributionMap":{"functional-code":{"insertions":101,"deletions":65},"other":{"insertions":4,"deletions":0}}},{"hash":"a8628e76cbc78285a922f6bc30a917bcb9377024","messageTitle":"Add morer features to UG","messageBody":"","fileTypesAndContributionMap":{"functional-code":{"insertions":7,"deletions":5},"docs":{"insertions":233,"deletions":38}}}]},{"date":"2021-03-15","commitResults":[{"hash":"49236f3f94b0f443732189d6fa59cb48f2db058f","messageTitle":"Add changes to the UG","messageBody":"","fileTypesAndContributionMap":{"docs":{"insertions":17,"deletions":2}}}]},{"date":"2021-03-18","commitResults":[{"hash":"7ac7e2ec88b41decab1aec819a0f698532919038","messageTitle":"Add formatting changes and UG updates","messageBody":"","fileTypesAndContributionMap":{"functional-code":{"insertions":28,"deletions":20},"docs":{"insertions":71,"deletions":25}}}]},{"date":"2021-03-21","commitResults":[{"hash":"ff9066d9b5646fe7b8886962f6d06675c0f3e173","messageTitle":"Add integration for Links menu to Module Info","messageBody":"","fileTypesAndContributionMap":{"functional-code":{"insertions":65,"deletions":8}}},{"hash":"a36751a9f2aeee179463f9fbc062afba8fffb95f","messageTitle":"Fix checkstyle error","messageBody":"","fileTypesAndContributionMap":{"functional-code":{"insertions":8,"deletions":7}}},{"hash":"42adbc15bf1b765b0102656452dfffe31be7c11e","messageTitle":"Add diagrams and other changes to DG","messageBody":"","fileTypesAndContributionMap":{"functional-code":{"insertions":17,"deletions":1},"docs":{"insertions":71,"deletions":1}}}]}],"nivikcivik":[{"date":"2021-03-05","commitResults":[{"hash":"d4d8a2520f11c5ac02c222141c1c2e5ae640b6bc","messageTitle":"Added my name (Nikhila)","messageBody":"","fileTypesAndContributionMap":{"docs":{"insertions":1,"deletions":1}}}]},{"date":"2021-03-06","commitResults":[{"hash":"bb97915b2f220e2fe097634ea47970c2255027a1","messageTitle":"updated permission for runtest.sh","messageBody":"","fileTypesAndContributionMap":{"other":{"insertions":0,"deletions":0}}},{"hash":"51282e50818a3fb793b5b150486a5ab4314dc620","messageTitle":"added new classes","messageBody":"","fileTypesAndContributionMap":{"functional-code":{"insertions":16,"deletions":0}}}]},{"date":"2021-03-07","commitResults":[{"hash":"174ec53d6afd9bbecaa0037239d20bc74a50a16b","messageTitle":"created moduleInfo menu","messageBody":"with case statements and blank methods\n","fileTypesAndContributionMap":{"functional-code":{"insertions":77,"deletions":0}}},{"hash":"f291f09818c0f194efa5c56c567981aa1344b4ab","messageTitle":"made main menu","messageBody":"","fileTypesAndContributionMap":{"functional-code":{"insertions":65,"deletions":21}}}]},{"date":"2021-03-09","commitResults":[{"hash":"2648a28dad5a3fdb14a314fe8c3c33fd3be6f9df","messageTitle":"Fixed checkstyle error","messageBody":"","fileTypesAndContributionMap":{"functional-code":{"insertions":7,"deletions":7}}},{"hash":"86d9019b785bb3d126a8e5f7de07959902f59f5c","messageTitle":"Created a Module class","messageBody":"Attributes are description and review\n","fileTypesAndContributionMap":{"functional-code":{"insertions":33,"deletions":15}}},{"hash":"5d39117bbfab09fec10bbf1a8e5c6fc28d8f017f","messageTitle":"Set up ModuleInfo class \u0026 UI message","messageBody":"","fileTypesAndContributionMap":{"functional-code":{"insertions":18,"deletions":0}}},{"hash":"00aad6958718e0b593080fbf456c535db5242592","messageTitle":"Created deleteModule method in ModuleInfo class","messageBody":"","fileTypesAndContributionMap":{"functional-code":{"insertions":9,"deletions":0}}}]},{"date":"2021-03-11","commitResults":[{"hash":"20197d2ba3c8ae3150b13d205dde4a8b156327d7","messageTitle":"Made deleteModule more consistent with others","messageBody":"","fileTypesAndContributionMap":{"functional-code":{"insertions":28,"deletions":8}}},{"hash":"e64ca207c3526623888c844e98e5c18334ae6d55","messageTitle":"checkStyle edits","messageBody":"","fileTypesAndContributionMap":{"functional-code":{"insertions":26,"deletions":22}}},{"hash":"54db9c0d504758aed519b09f894d97dc85f4b5e0","messageTitle":"created JUnit tests for (and edited) deleteModule","messageBody":"","fileTypesAndContributionMap":{"functional-code":{"insertions":8,"deletions":4},"test-code":{"insertions":22,"deletions":0}}}]},{"date":"2021-03-14","commitResults":[{"hash":"8acdbd347fa903d80c12c7ad65b2f1c9493fa4e3","messageTitle":"ViewAllModules and Reviews implemented","messageBody":"","fileTypesAndContributionMap":{"functional-code":{"insertions":180,"deletions":67},"test-code":{"insertions":5,"deletions":4}}},{"hash":"2d53f2caef602e45dafb0856c813e1f56981efdb","messageTitle":"Added exit option to printMainMenu method in Ui class","messageBody":"","fileTypesAndContributionMap":{"functional-code":{"insertions":2,"deletions":1}}},{"hash":"146a3de1d31717373c3952bdf50961251e6e0ebd","messageTitle":"minor Ui edits for printAllReviews","messageBody":"horizontal lines to split between modules\u0027 reviews\n","fileTypesAndContributionMap":{"functional-code":{"insertions":2,"deletions":1}}},{"hash":"38e34bece8b31d5563923d950dfcbcd56dacba01","messageTitle":"UserGuide intro and moduleInfo features 3,4,5,6 updated","messageBody":"","fileTypesAndContributionMap":{"docs":{"insertions":124,"deletions":1}}},{"hash":"92fd8931ead28deb6043646ce114887a7153c9b2","messageTitle":"made review methods\u0027 messages consistent","messageBody":"","fileTypesAndContributionMap":{"functional-code":{"insertions":7,"deletions":1}}}]},{"date":"2021-03-18","commitResults":[{"hash":"e1dce5afd92f4e097e55473ec9d61a5f1c72af6d","messageTitle":"Implemented logger(inside mod info)","messageBody":"for reviews and deleteModule methods\n","fileTypesAndContributionMap":{"functional-code":{"insertions":40,"deletions":17},"docs":{"insertions":1,"deletions":1}}},{"hash":"614d058879b5566fb292d1787b1a3301de73dc19","messageTitle":"CheckStyle fixes","messageBody":"","fileTypesAndContributionMap":{"functional-code":{"insertions":1,"deletions":0},"test-code":{"insertions":6,"deletions":16}}},{"hash":"395ab6dbfaa2167f5a601bd4a9d280f1d9b4668d","messageTitle":"minor edits - removed try catch block","messageBody":"","fileTypesAndContributionMap":{"functional-code":{"insertions":5,"deletions":9}}},{"hash":"bafd89db2b24753d0ce6022fad677fac2ad5430f","messageTitle":"added assert statement + minor changes","messageBody":"","fileTypesAndContributionMap":{"functional-code":{"insertions":38,"deletions":32}}},{"hash":"bbb6eba67bcc15a61a07e444a4c2b3d4b300a4f6","messageTitle":"checkstyle fix","messageBody":"","fileTypesAndContributionMap":{"functional-code":{"insertions":1,"deletions":0}}}]},{"date":"2021-03-21","commitResults":[{"hash":"d5c2c365475cab560a3e14d50ec337efa929d648","messageTitle":"implemented moduleInfo main menu","messageBody":"organised moduleInfo code a bit\n","fileTypesAndContributionMap":{"functional-code":{"insertions":183,"deletions":169},"test-code":{"insertions":2,"deletions":2}}},{"hash":"1914a90fc76fa12aaede6fcc68765a016e370803","messageTitle":"made reviews and deleteModule parts more readable/consistent","messageBody":"removed some small bugs\n","fileTypesAndContributionMap":{"functional-code":{"insertions":24,"deletions":18}}},{"hash":"724976ec253a1204caf1eb0a078e2d6c8df52502","messageTitle":"fixed ModuleInfoTest error","messageBody":"","fileTypesAndContributionMap":{"test-code":{"insertions":1,"deletions":1}}},{"hash":"731d3371dd76f5f12994793ca94cba5b98b3fe82","messageTitle":"Created StorageModuleInfo class to save name, desc and review","messageBody":"","fileTypesAndContributionMap":{"functional-code":{"insertions":100,"deletions":2}}},{"hash":"2244b24422fe16f31f677c5c79244c1477eb613b","messageTitle":"checkStyle fix","messageBody":"","fileTypesAndContributionMap":{"functional-code":{"insertions":12,"deletions":12}}},{"hash":"d1918d2c82a43a75da63f1edb3a82239d409a8e3","messageTitle":"Implemented deleteReview method in moduleInfo class","messageBody":"","fileTypesAndContributionMap":{"functional-code":{"insertions":63,"deletions":9}}}]}],"hazelhedmine":[{"date":"2021-03-05","commitResults":[{"hash":"7eb8a5f3fe3b0f9e263a2823d1347d9cfc02faab","messageTitle":"added details to aboutus","messageBody":"","fileTypesAndContributionMap":{"docs":{"insertions":1,"deletions":1}}}]},{"date":"2021-03-08","commitResults":[{"hash":"119fa605f6fd065a511aafb3dbe595f20b16b3b3","messageTitle":"Fixes #27","messageBody":"","fileTypesAndContributionMap":{"functional-code":{"insertions":74,"deletions":0}}}]},{"date":"2021-03-09","commitResults":[{"hash":"b6912bfe343ee8c8477a85a396c2bdb1093e8e43","messageTitle":"added TaskList class and implemented Add tasks","messageBody":"","fileTypesAndContributionMap":{"functional-code":{"insertions":219,"deletions":1},"other":{"insertions":2,"deletions":2}}},{"hash":"025cdc37c030c7bda2d9c1e2f056dede0875fd24","messageTitle":"renamed class to Duke","messageBody":"","fileTypesAndContributionMap":{"other":{"insertions":3,"deletions":1}}}]},{"date":"2021-03-10","commitResults":[{"hash":"07fe4a05d7d5ededd4dc8790459d684aac4c999b","messageTitle":"implemented delete task and message for completing task","messageBody":"","fileTypesAndContributionMap":{"functional-code":{"insertions":195,"deletions":29}}},{"hash":"ec0bbddfbe755c1bbde10babdbf2d35ac6633cdf","messageTitle":"implemented TaskListTest","messageBody":"","fileTypesAndContributionMap":{"functional-code":{"insertions":21,"deletions":18},"test-code":{"insertions":34,"deletions":0}}}]},{"date":"2021-03-13","commitResults":[{"hash":"c49c61f289d79a2a5877f9fafea30deafa81a54b","messageTitle":"Implemented TaskManager class by refactoring methods","messageBody":"","fileTypesAndContributionMap":{"functional-code":{"insertions":118,"deletions":76},"other":{"insertions":7,"deletions":5},"test-code":{"insertions":1,"deletions":0}}},{"hash":"277a19e76fe8120ba29e2ee98c785bfe86c8d5dc","messageTitle":"Edited to pass checkStyle tests","messageBody":"","fileTypesAndContributionMap":{"functional-code":{"insertions":2,"deletions":2}}},{"hash":"14115fd8951d35bd312902fdd18946bda48d81c4","messageTitle":"Implemented viewAllTasks method","messageBody":"","fileTypesAndContributionMap":{"functional-code":{"insertions":29,"deletions":14}}}]},{"date":"2021-03-14","commitResults":[{"hash":"eaf6313a34a4f03ba249126cf784522449374ab5","messageTitle":"implemented pinTask method","messageBody":"","fileTypesAndContributionMap":{"functional-code":{"insertions":171,"deletions":63}}},{"hash":"a8f1606c17367f6484a14a979f8d06f6cc32dd10","messageTitle":"updated Ui","messageBody":"","fileTypesAndContributionMap":{"functional-code":{"insertions":7,"deletions":1}}},{"hash":"485ac0ecb76e428fd9105d08146b48e8dcf283fd","messageTitle":"improved code quality","messageBody":"","fileTypesAndContributionMap":{"functional-code":{"insertions":80,"deletions":47}}},{"hash":"a8cf7a361c1e021692c99fa59f2e813e672755a4","messageTitle":"updated code to pass checkStyle","messageBody":"","fileTypesAndContributionMap":{"functional-code":{"insertions":6,"deletions":2}}},{"hash":"8e5c74dded9c9b10093ef9f50f39d28522ce3f18","messageTitle":"updated user guide","messageBody":"","fileTypesAndContributionMap":{"docs":{"insertions":208,"deletions":28}}},{"hash":"5df9444c23236f0252b21b829b75609379c0d70c","messageTitle":"fixed delete task bug","messageBody":"","fileTypesAndContributionMap":{"functional-code":{"insertions":13,"deletions":5}}},{"hash":"07acdf37db17b4e4a59eaf91cc5292e4c18b34fa","messageTitle":"added assertions for taskList","messageBody":"","fileTypesAndContributionMap":{"functional-code":{"insertions":3,"deletions":0}}},{"hash":"8c978b780989e9c45426d85071aee27484a4734f","messageTitle":"updated to pass checkstyle test","messageBody":"","fileTypesAndContributionMap":{"functional-code":{"insertions":2,"deletions":2}}}]},{"date":"2021-03-21","commitResults":[{"hash":"e810e535b16badd1f18fb1c8867a228ba824c5f7","messageTitle":"added table of contents and basic descriptions of some parts","messageBody":"","fileTypesAndContributionMap":{"docs":{"insertions":114,"deletions":10}}},{"hash":"5461fd84acb309c34a135c4e45299ed2d3e1a583","messageTitle":"added Mark/Unmark as done method","messageBody":"","fileTypesAndContributionMap":{"functional-code":{"insertions":212,"deletions":9}}},{"hash":"d5f9d35b863819892445f28c647347e5d2206ee6","messageTitle":"changed duke to UniTasker in welcome message","messageBody":"","fileTypesAndContributionMap":{"functional-code":{"insertions":8,"deletions":6}}},{"hash":"7adfd1377e7ad0ac313ff728fd0f49e702c09953","messageTitle":"fixed text-ui-test to pass","messageBody":"","fileTypesAndContributionMap":{"functional-code":{"insertions":3,"deletions":3}}}]},{"date":"2021-03-22","commitResults":[{"hash":"174576c2d7fb51940068c5585b137af4a3dbf4bf","messageTitle":"added add and delete task to module info","messageBody":"","fileTypesAndContributionMap":{"functional-code":{"insertions":34,"deletions":7}}},{"hash":"57be5f5c2bbc2bacfb85af45e85a281538138eac","messageTitle":"fixed error in developer guide","messageBody":"","fileTypesAndContributionMap":{"docs":{"insertions":1,"deletions":1}}},{"hash":"23ca2fde21a5819b5245c7b1f6cfd48f92ea2480","messageTitle":"enhanced add task method to only add task if module exists","messageBody":"","fileTypesAndContributionMap":{"functional-code":{"insertions":25,"deletions":5}}}]}],"liping-eng":[{"date":"2021-03-06","commitResults":[{"hash":"0625a0f99df8d08005b9b1277ec35c2326b2f9db","messageTitle":"Add aboutUs for Li Ping.","messageBody":"","fileTypesAndContributionMap":{"docs":{"insertions":1,"deletions":1}}}]},{"date":"2021-03-12","commitResults":[{"hash":"8d701aafe03c5ec309f870e71c0eb133e82c28fd","messageTitle":"Add module description in new Module object created. Prints module description if Module object exists.","messageBody":"","fileTypesAndContributionMap":{"functional-code":{"insertions":75,"deletions":0}}}]},{"date":"2021-03-13","commitResults":[{"hash":"e4f2740046b113a3e76e1a3f53e37ed94e2c2e55","messageTitle":"Add component class.","messageBody":"","fileTypesAndContributionMap":{"functional-code":{"insertions":90,"deletions":0}}},{"hash":"5504d938df651f3d40c9eb10043e49eafbab33e5","messageTitle":"Pass checkstyleMain","messageBody":"","fileTypesAndContributionMap":{"functional-code":{"insertions":17,"deletions":16}}}]},{"date":"2021-03-17","commitResults":[{"hash":"3555c813dd312f995b8b1cf653038769da5264ef","messageTitle":"Add CAP simulator functionalities and add/view current CAP + MCs taken.","messageBody":"","fileTypesAndContributionMap":{"functional-code":{"insertions":246,"deletions":1}}},{"hash":"42bbdf67aa6693eed38e06cef70c039277c72a63","messageTitle":"Modify introduction in UG.","messageBody":"","fileTypesAndContributionMap":{"docs":{"insertions":5,"deletions":3}}},{"hash":"74ca1bc12e883ca9f04baf1894a9ebaf95a00d9e","messageTitle":"Add CAP simulator/calculator guide.","messageBody":"","fileTypesAndContributionMap":{"docs":{"insertions":89,"deletions":5}}}]},{"date":"2021-03-18","commitResults":[{"hash":"70217ea396e0b4668ca36c57bf38d1a672cf2708","messageTitle":"Add JUnit for capCalculator.","messageBody":"","fileTypesAndContributionMap":{"functional-code":{"insertions":3,"deletions":2},"test-code":{"insertions":26,"deletions":0}}},{"hash":"cea173a307985c5faadc7c1bd48d9881adbdbe6a","messageTitle":"Add assertion for CAP to lie between 0 and 5.","messageBody":"","fileTypesAndContributionMap":{"functional-code":{"insertions":8,"deletions":1}}},{"hash":"fa8fca818bb29b690459736ef31167fc907d9a21","messageTitle":"Add hyperlinks, module component, module description examples and minor edits to UserGuide. Minor adjustments to include Object Component in Module and minor adjustments to Component and Ui.","messageBody":"","fileTypesAndContributionMap":{"functional-code":{"insertions":25,"deletions":5},"docs":{"insertions":141,"deletions":6}}},{"hash":"b4581307c3747707a3252bfda415927cc81ac8c6","messageTitle":"v1.0 UserGuide","messageBody":"","fileTypesAndContributionMap":{"docs":{"insertions":42,"deletions":41}}},{"hash":"65501861966d30d39da65c9de34005a7ea9356f6","messageTitle":"no message","messageBody":"","fileTypesAndContributionMap":{"docs":{"insertions":1,"deletions":1}}},{"hash":"3b894061d291f7bbca3c3c2cbb133c38dbadeb38","messageTitle":"Add spaces before \":\".","messageBody":"","fileTypesAndContributionMap":{"functional-code":{"insertions":2,"deletions":2}}}]}]},"authorFileTypeContributionMap":{"BlubberMonster":{"docs":332,"functional-code":399,"test-code":23,"other":4},"nivikcivik":{"docs":123,"functional-code":418,"test-code":13},"hazelhedmine":{"docs":309,"functional-code":486,"test-code":35},"liping-eng":{"docs":223,"functional-code":438,"test-code":26}},"authorContributionVariance":{"BlubberMonster":12157.988,"nivikcivik":25392.445,"hazelhedmine":30479.646,"liping-eng":10865.694},"authorDisplayNameMap":{"BlubberMonster":"CS2113T-F08-4 SEE .. HAN","nivikcivik":"CS2113T-F08-4 RAVI..HILA","hazelhedmine":"CS2113T-F08-4 HAZE.. TAN","liping-eng":"CS2113T-F08-4 WONG..PING"}}
