{"authorDailyContributionsMap":{"BlubberMonster":[{"date":"2021-03-05","commitResults":[{"hash":"51f46ac4fef77d152d43103445d4947f94950ff2","messageTitle":"Add changes to README","messageBody":"","fileTypesAndContributionMap":{"docs":{"insertions":1,"deletions":1}}}]}],"nivikcivik":[{"date":"2021-03-05","commitResults":[{"hash":"d4d8a2520f11c5ac02c222141c1c2e5ae640b6bc","messageTitle":"Added my name (Nikhila)","messageBody":"","fileTypesAndContributionMap":{"docs":{"insertions":1,"deletions":1}}}]},{"date":"2021-03-06","commitResults":[{"hash":"bb97915b2f220e2fe097634ea47970c2255027a1","messageTitle":"updated permission for runtest.sh","messageBody":"","fileTypesAndContributionMap":{"other":{"insertions":0,"deletions":0}}},{"hash":"51282e50818a3fb793b5b150486a5ab4314dc620","messageTitle":"added new classes","messageBody":"","fileTypesAndContributionMap":{"functional-code":{"insertions":16,"deletions":0}}}]}],"hazelhedmine":[{"date":"2021-03-05","commitResults":[{"hash":"7eb8a5f3fe3b0f9e263a2823d1347d9cfc02faab","messageTitle":"added details to aboutus","messageBody":"","fileTypesAndContributionMap":{"docs":{"insertions":1,"deletions":1}}}]}],"liping-eng":[{"date":"2021-03-06","commitResults":[{"hash":"0625a0f99df8d08005b9b1277ec35c2326b2f9db","messageTitle":"Add aboutUs for Li Ping.","messageBody":"","fileTypesAndContributionMap":{"docs":{"insertions":1,"deletions":1}}}]}]},"authorFileTypeContributionMap":{"BlubberMonster":{"docs":1,"functional-code":0,"test-code":0},"nivikcivik":{"docs":1,"functional-code":16,"test-code":0},"hazelhedmine":{"docs":1,"functional-code":0,"test-code":0},"liping-eng":{"docs":1,"functional-code":0,"test-code":0}},"authorContributionVariance":{"BlubberMonster":1.0,"nivikcivik":49.0,"hazelhedmine":1.0,"liping-eng":1.0},"authorDisplayNameMap":{"BlubberMonster":"CS2113T-F08-4 SEE .. HAN","nivikcivik":"CS2113T-F08-4 RAVI..HILA","hazelhedmine":"CS2113T-F08-4 HAZE.. TAN","liping-eng":"CS2113T-F08-4 WONG..PING"}}
