{"authorDailyContributionsMap":{"Tyuanyuan":[{"date":"2021-03-17","commitResults":[{"hash":"072bd710915368820fdfd8bf025ce88df4136988","messageTitle":"basic classes","messageBody":"","fileTypesAndContributionMap":{"functional-code":{"insertions":1072,"deletions":21},"other":{"insertions":1,"deletions":1}}},{"hash":"f4d4e1d58aef1492ff403e497fa23734562116a8","messageTitle":"fix Serialization","messageBody":"","fileTypesAndContributionMap":{"functional-code":{"insertions":7,"deletions":2}}}]},{"date":"2021-03-31","commitResults":[{"hash":"4229831f4388c24eeb4904547f0165cc97ad513f","messageTitle":"update test cases","messageBody":"","fileTypesAndContributionMap":{"test-code":{"insertions":210,"deletions":0}}},{"hash":"9c970acf6552fa2348e44a95e636b7fa322cda3c","messageTitle":"Update MovieFilterTest.java","messageBody":"","fileTypesAndContributionMap":{"test-code":{"insertions":1,"deletions":83}}},{"hash":"e73dea6dd04d078e09d58f342e69a460b7f89a7b","messageTitle":"Update DeveloperGuide.md","messageBody":"","fileTypesAndContributionMap":{"docs":{"insertions":1,"deletions":3}}},{"hash":"16bd76a27d67c47530b0d696222fe5f0a8aa43cd","messageTitle":"Update DeveloperGuide.md","messageBody":"","fileTypesAndContributionMap":{"docs":{"insertions":2,"deletions":1}}}]}],"violinyap":[{"date":"2021-03-24","commitResults":[{"hash":"2d9b74b75b5d64fac6166fd4300031f47b8d0c08","messageTitle":"user guide","messageBody":"","fileTypesAndContributionMap":{"other":{"insertions":9,"deletions":0},"docs":{"insertions":16,"deletions":5}}}]},{"date":"2021-03-25","commitResults":[{"hash":"9d5e138f18898081a9e174f949767e5c69a48472","messageTitle":"Update go back and UI","messageBody":"","fileTypesAndContributionMap":{"functional-code":{"insertions":67,"deletions":38},"docs":{"insertions":2,"deletions":1}}}]},{"date":"2021-03-30","commitResults":[{"hash":"ffe35936107854422a5de8e93ce7409b523ff3ca","messageTitle":"no message","messageBody":"","fileTypesAndContributionMap":{"docs":{"insertions":14,"deletions":8},"test-code":{"insertions":1,"deletions":0}}}]},{"date":"2021-04-01","commitResults":[{"hash":"fa26a9c07854ec50fe7dcecfb60592679cbbc291","messageTitle":"add add movie function","messageBody":"","fileTypesAndContributionMap":{"functional-code":{"insertions":117,"deletions":1}}}]}],"L-Irvin":[{"date":"2021-03-24","commitResults":[{"hash":"1dd2a0b5b326faea84b47a673bca2882322d8912","messageTitle":"feat: app logo","messageBody":"","fileTypesAndContributionMap":{"functional-code":{"insertions":15,"deletions":3}}},{"hash":"1bf7a2bfea29e23733d1db57d8b5111b8fd78f28","messageTitle":"fix: refactor code to OOP style","messageBody":"","fileTypesAndContributionMap":{"other":{"insertions":52,"deletions":29}}},{"hash":"ddb72491f7f8435f0128a0b4f5e983ad19d25bab","messageTitle":"fix: half refactor (got problem)","messageBody":"","fileTypesAndContributionMap":{"functional-code":{"insertions":9,"deletions":10},"other":{"insertions":5,"deletions":11}}},{"hash":"016ca76f9d7295e8e850b0afc2f34ee4dc35daa8","messageTitle":"fix: back to main menu logic, number listing","messageBody":"","fileTypesAndContributionMap":{"functional-code":{"insertions":5,"deletions":2}}},{"hash":"da236bf9f3b012d4b4698f980fa4296f0d1531e8","messageTitle":"feat: edit movie function","messageBody":"","fileTypesAndContributionMap":{"functional-code":{"insertions":99,"deletions":8}}},{"hash":"3906746c16387a056f3acdbe28117c5ea1d3ddbf","messageTitle":"fix: missing commit","messageBody":"","fileTypesAndContributionMap":{"functional-code":{"insertions":2,"deletions":0}}}]},{"date":"2021-03-31","commitResults":[{"hash":"37179f2c37b365a3975b7c240e641dee62d51617","messageTitle":"Update aboutus and self profile","messageBody":"","fileTypesAndContributionMap":{"docs":{"insertions":10,"deletions":7}}},{"hash":"beee6f8c06b5fe52d43d827448ae2b6ff279136e","messageTitle":"fix: refactor UG","messageBody":"","fileTypesAndContributionMap":{"docs":{"insertions":0,"deletions":1}}},{"hash":"61f370e31df0a6a0032681af19c7980b4c59d9f3","messageTitle":"feat: updated GD","messageBody":"","fileTypesAndContributionMap":{"docs":{"insertions":27,"deletions":9}}},{"hash":"f95761cfe3403fa943a64fabb9abc95040105438","messageTitle":"feat: user database and quit option in login feature","messageBody":"","fileTypesAndContributionMap":{"functional-code":{"insertions":31,"deletions":5}}},{"hash":"eba5aea97239543f9a749e811d31d920a3ea1e45","messageTitle":"feat: hash password","messageBody":"","fileTypesAndContributionMap":{"functional-code":{"insertions":36,"deletions":40},"test-code":{"insertions":2,"deletions":2}}},{"hash":"91d04c96d386dd1f4483be02863cf91f13a7e537","messageTitle":"fix: minor edit on DG","messageBody":"","fileTypesAndContributionMap":{"docs":{"insertions":5,"deletions":5}}},{"hash":"f65e61e38ff656ca900d9167b18efcef8d8fab8c","messageTitle":"fix: minor edit on DG","messageBody":"","tags":["v2.0"],"fileTypesAndContributionMap":{"docs":{"insertions":13,"deletions":13}}}]},{"date":"2021-04-01","commitResults":[{"hash":"e71fb03059a979c65176784dc81b60c48af5e9e5","messageTitle":"fix: testing guide on DG","messageBody":"","fileTypesAndContributionMap":{"docs":{"insertions":1,"deletions":1}}},{"hash":"1daf648d218f49f023833ba49dd47723a5fc211b","messageTitle":"feat: ReviewTest","messageBody":"","fileTypesAndContributionMap":{"test-code":{"insertions":20,"deletions":0}}},{"hash":"d3729df7d2adfc4f7f5019206bf13cbee431dfdf","messageTitle":"feat: showtimes test","messageBody":"","fileTypesAndContributionMap":{"test-code":{"insertions":72,"deletions":0}}}]}],"boonjuey":[{"date":"2021-03-19","commitResults":[{"hash":"67e86994031ddef0eeee3c3c7f6d54c6bcd6b640","messageTitle":"Added deleteMovie() function. Added Ui, Database classes. Refactor some portions of code.","messageBody":"","fileTypesAndContributionMap":{"functional-code":{"insertions":168,"deletions":100}}}]},{"date":"2021-03-31","commitResults":[{"hash":"c92bcba6ddad30326a992ffd109d35b98a9c8a2b","messageTitle":"Add Boon Juey to AboutUs","messageBody":"","fileTypesAndContributionMap":{"docs":{"insertions":1,"deletions":1}}},{"hash":"1c15f217e6cc8819bb19525ee102761a2318ef16","messageTitle":"For handling msising files","messageBody":"","fileTypesAndContributionMap":{"functional-code":{"insertions":57,"deletions":12}}},{"hash":"6d0b5b293b447be47e90e4e50ffcefd5d37b4081","messageTitle":"Update Delete Functionality","messageBody":"","fileTypesAndContributionMap":{"functional-code":{"insertions":28,"deletions":26},"test-code":{"insertions":1,"deletions":1}}},{"hash":"a3736e44359cb520e42967b1255d8b30a40ff087","messageTitle":"Update edit functionality","messageBody":"","fileTypesAndContributionMap":{"functional-code":{"insertions":70,"deletions":66}}},{"hash":"c38ee846db718444970b2ed96ccd4113d00da0d2","messageTitle":"Update developer guide","messageBody":"","fileTypesAndContributionMap":{"docs":{"insertions":24,"deletions":2}}}]},{"date":"2021-04-01","commitResults":[{"hash":"dbaa5054c18d7ab842377f6ca69dcfdf1ba939a2","messageTitle":"Add Movie and Seat test cases","messageBody":"","fileTypesAndContributionMap":{"functional-code":{"insertions":0,"deletions":1},"test-code":{"insertions":168,"deletions":0}}},{"hash":"989a76666bce2bf8cfcaa78a2166ae8c2122d385","messageTitle":"no message","messageBody":"","fileTypesAndContributionMap":{"functional-code":{"insertions":1,"deletions":1}}},{"hash":"2707f4fd299d20baf157e58cdf62f803ce23a871","messageTitle":"Fix bug with editMovie() function","messageBody":"","fileTypesAndContributionMap":{"functional-code":{"insertions":7,"deletions":7}}}]}],"Zufiqqar":[{"date":"2021-03-17","commitResults":[{"hash":"e6c5b2123fe8370d92ccb81fec2d0d3c12a3cbba","messageTitle":"Working Serialization with hardcoded UID v1","messageBody":"","tags":["v1.0"],"fileTypesAndContributionMap":{"functional-code":{"insertions":6,"deletions":10}}}]},{"date":"2021-03-26","commitResults":[{"hash":"2e3f6a0d2e8c0f9b1bb6e1ade24dcbf44b97980a","messageTitle":"Improve Code Quality v1","messageBody":"","fileTypesAndContributionMap":{"functional-code":{"insertions":31,"deletions":37}}},{"hash":"072a69189fa99af15b892c78b7312c4f1946ae88","messageTitle":"Improve Code Quality","messageBody":"","fileTypesAndContributionMap":{"functional-code":{"insertions":156,"deletions":120}}}]},{"date":"2021-03-27","commitResults":[{"hash":"042de06e79614180001b56e30af77615607a6059","messageTitle":"Add login function","messageBody":"","fileTypesAndContributionMap":{"functional-code":{"insertions":435,"deletions":104}}},{"hash":"1890a708bfd71a4348f8dd623efe153a26a63f75","messageTitle":"Add Booking class and function","messageBody":"","fileTypesAndContributionMap":{"functional-code":{"insertions":65,"deletions":47}}}]},{"date":"2021-03-30","commitResults":[{"hash":"d4474693a5d2d3ee966db33b99fd9c8b023a86f6","messageTitle":"Update build.gradle v1","messageBody":"","fileTypesAndContributionMap":{"other":{"insertions":3,"deletions":10}}}]},{"date":"2021-03-31","commitResults":[{"hash":"4fce22540948ca846b9f04bf871e90b64b195307","messageTitle":"Add test cases for UI folder v1","messageBody":"","fileTypesAndContributionMap":{"functional-code":{"insertions":10,"deletions":10},"test-code":{"insertions":100,"deletions":0}}},{"hash":"af2008e332f928d917a83ea2402061dfdb304ed3","messageTitle":"Add test cases for UI folder v1","messageBody":"","fileTypesAndContributionMap":{"docs":{"insertions":4,"deletions":2}}},{"hash":"749648506f886e7349f463cceaaee3812045be56","messageTitle":"Update UG v1","messageBody":"","fileTypesAndContributionMap":{"docs":{"insertions":0,"deletions":3}}},{"hash":"d007ae30d0399d7369cfa9a3b74546e9ae50eebc","messageTitle":"Fix bugs in View Movie Details function","messageBody":"","fileTypesAndContributionMap":{"functional-code":{"insertions":5,"deletions":5}}},{"hash":"1d0b6126e298f75e66f0ec91c01ad3c287683de1","messageTitle":"Add more sequence diagrams","messageBody":"","fileTypesAndContributionMap":{"docs":{"insertions":29,"deletions":6}}},{"hash":"8271d3dbf48ec1fd16cc7bef8cd90e9125d98036","messageTitle":"Update zul-AboutUs.md","messageBody":"","fileTypesAndContributionMap":{"docs":{"insertions":11,"deletions":1}}},{"hash":"7d75db7c1ee3a1d848b766e6164481c62c290680","messageTitle":"Update DeveloperGuide.md","messageBody":"","fileTypesAndContributionMap":{"docs":{"insertions":6,"deletions":4}}},{"hash":"d6bab23acc675688a9bc9cfdc61caaef299d1fd0","messageTitle":"Update DeveloperGuide.md","messageBody":"","fileTypesAndContributionMap":{"docs":{"insertions":1,"deletions":0}}},{"hash":"6313bcd44c3481e29c56f2b5b82071ddc0238286","messageTitle":"Update UserGuide.md","messageBody":"","fileTypesAndContributionMap":{"docs":{"insertions":1,"deletions":1}}},{"hash":"64e54657a35406884aeb05a3a23cdc9c1fb4800b","messageTitle":"Update muhammadzufiqqar.md","messageBody":"","fileTypesAndContributionMap":{"docs":{"insertions":1,"deletions":0}}},{"hash":"d93b245abc1f9664ae2bf038829ebb664cccc874","messageTitle":"Update Booking for admin","messageBody":"","fileTypesAndContributionMap":{"functional-code":{"insertions":18,"deletions":1}}},{"hash":"e53b9696bad537ae000255077642a67e2e062f2e","messageTitle":"Update Booking class","messageBody":"","fileTypesAndContributionMap":{"functional-code":{"insertions":2,"deletions":2},"test-code":{"insertions":3,"deletions":3}}},{"hash":"40da12aee175fa23a0b75f5e6b81cabb4d0caaa5","messageTitle":"Update LoginTest","messageBody":"","fileTypesAndContributionMap":{"test-code":{"insertions":3,"deletions":2}}},{"hash":"f65d30157227aca45130f469af3b9c0cdf07b18f","messageTitle":"Update DG with iterative approach","messageBody":"","fileTypesAndContributionMap":{"docs":{"insertions":1,"deletions":1}}}]},{"date":"2021-04-01","commitResults":[{"hash":"52fbd72d0129106230051999f471464492f31662","messageTitle":"Update LoginTest","messageBody":"","fileTypesAndContributionMap":{"docs":{"insertions":6,"deletions":6},"test-code":{"insertions":0,"deletions":1}}},{"hash":"7850f092359e955e8c8d8cc2811c537ebf2a6538","messageTitle":"Update README.md v1","messageBody":"","fileTypesAndContributionMap":{"docs":{"insertions":2,"deletions":2}}}]}]},"authorFileTypeContributionMap":{"Tyuanyuan":{"docs":8,"functional-code":858,"test-code":129},"violinyap":{"docs":455,"functional-code":148,"test-code":1,"other":1},"L-Irvin":{"docs":46,"functional-code":130,"test-code":94},"boonjuey":{"docs":24,"functional-code":157,"test-code":169},"Zufiqqar":{"docs":35,"functional-code":540,"test-code":97,"other":3}},"authorContributionVariance":{"Tyuanyuan":44246.996,"violinyap":865.6059,"L-Irvin":3677.4446,"boonjuey":6068.107,"Zufiqqar":19296.668},"authorDisplayNameMap":{"Tyuanyuan":"CS2113-T10-3 TAO ..YUAN","violinyap":"CS2113-T10-3 VIOL..UTRI","L-Irvin":"CS2113-T10-3 LEON..TAMA","boonjuey":"CS2113-T10-3 KOH ..JUEY","Zufiqqar":"CS2113-T10-3 MUHA..AMAL"}}
