{"authorDailyContributionsMap":{"Tyuanyuan":[{"date":"2021-03-17","commitResults":[{"hash":"072bd710915368820fdfd8bf025ce88df4136988","messageTitle":"basic classes","messageBody":"","fileTypesAndContributionMap":{"functional-code":{"insertions":1072,"deletions":21},"other":{"insertions":1,"deletions":1}}},{"hash":"f4d4e1d58aef1492ff403e497fa23734562116a8","messageTitle":"fix Serialization","messageBody":"","fileTypesAndContributionMap":{"functional-code":{"insertions":7,"deletions":2}}}]}],"violinyap":[{"date":"2021-03-24","commitResults":[{"hash":"2d9b74b75b5d64fac6166fd4300031f47b8d0c08","messageTitle":"user guide","messageBody":"","fileTypesAndContributionMap":{"other":{"insertions":9,"deletions":0},"docs":{"insertions":16,"deletions":5}}}]},{"date":"2021-03-25","commitResults":[{"hash":"9d5e138f18898081a9e174f949767e5c69a48472","messageTitle":"Update go back and UI","messageBody":"","fileTypesAndContributionMap":{"functional-code":{"insertions":67,"deletions":38},"docs":{"insertions":2,"deletions":1}}}]}],"L-Irvin":[{"date":"2021-03-24","commitResults":[{"hash":"1dd2a0b5b326faea84b47a673bca2882322d8912","messageTitle":"feat: app logo","messageBody":"","fileTypesAndContributionMap":{"functional-code":{"insertions":15,"deletions":3}}},{"hash":"1bf7a2bfea29e23733d1db57d8b5111b8fd78f28","messageTitle":"fix: refactor code to OOP style","messageBody":"","fileTypesAndContributionMap":{"other":{"insertions":52,"deletions":29}}},{"hash":"ddb72491f7f8435f0128a0b4f5e983ad19d25bab","messageTitle":"fix: half refactor (got problem)","messageBody":"","fileTypesAndContributionMap":{"functional-code":{"insertions":9,"deletions":10},"other":{"insertions":5,"deletions":11}}},{"hash":"016ca76f9d7295e8e850b0afc2f34ee4dc35daa8","messageTitle":"fix: back to main menu logic, number listing","messageBody":"","fileTypesAndContributionMap":{"functional-code":{"insertions":5,"deletions":2}}},{"hash":"da236bf9f3b012d4b4698f980fa4296f0d1531e8","messageTitle":"feat: edit movie function","messageBody":"","fileTypesAndContributionMap":{"functional-code":{"insertions":99,"deletions":8}}},{"hash":"3906746c16387a056f3acdbe28117c5ea1d3ddbf","messageTitle":"fix: missing commit","messageBody":"","fileTypesAndContributionMap":{"functional-code":{"insertions":2,"deletions":0}}}]}],"boonjuey":[{"date":"2021-03-19","commitResults":[{"hash":"67e86994031ddef0eeee3c3c7f6d54c6bcd6b640","messageTitle":"Added deleteMovie() function. Added Ui, Database classes. Refactor some portions of code.","messageBody":"","fileTypesAndContributionMap":{"functional-code":{"insertions":168,"deletions":100}}}]}],"Zufiqqar":[{"date":"2021-03-17","commitResults":[{"hash":"e6c5b2123fe8370d92ccb81fec2d0d3c12a3cbba","messageTitle":"Working Serialization with hardcoded UID v1","messageBody":"","tags":["v1.0"],"fileTypesAndContributionMap":{"functional-code":{"insertions":6,"deletions":10}}}]},{"date":"2021-03-26","commitResults":[{"hash":"2e3f6a0d2e8c0f9b1bb6e1ade24dcbf44b97980a","messageTitle":"Improve Code Quality v1","messageBody":"","fileTypesAndContributionMap":{"functional-code":{"insertions":31,"deletions":37}}},{"hash":"072a69189fa99af15b892c78b7312c4f1946ae88","messageTitle":"Improve Code Quality","messageBody":"","fileTypesAndContributionMap":{"functional-code":{"insertions":156,"deletions":120}}}]},{"date":"2021-03-27","commitResults":[{"hash":"042de06e79614180001b56e30af77615607a6059","messageTitle":"Add login function","messageBody":"","fileTypesAndContributionMap":{"functional-code":{"insertions":435,"deletions":104}}},{"hash":"1890a708bfd71a4348f8dd623efe153a26a63f75","messageTitle":"Add Booking class and function","messageBody":"","fileTypesAndContributionMap":{"functional-code":{"insertions":65,"deletions":47}}}]},{"date":"2021-03-30","commitResults":[{"hash":"d4474693a5d2d3ee966db33b99fd9c8b023a86f6","messageTitle":"Update build.gradle v1","messageBody":"","fileTypesAndContributionMap":{"other":{"insertions":3,"deletions":10}}}]}]},"authorFileTypeContributionMap":{"Tyuanyuan":{"docs":0,"functional-code":864,"test-code":1},"violinyap":{"docs":17,"functional-code":31,"test-code":0,"other":1},"L-Irvin":{"docs":0,"functional-code":119,"test-code":0},"boonjuey":{"docs":0,"functional-code":93,"test-code":0},"Zufiqqar":{"docs":0,"functional-code":566,"test-code":0,"other":3}},"authorContributionVariance":{"Tyuanyuan":45074.562,"violinyap":455.0592,"L-Irvin":2311.3909,"boonjuey":2656.2139,"Zufiqqar":19316.621},"authorDisplayNameMap":{"Tyuanyuan":"CS2113-T10-3 TAO ..YUAN","violinyap":"CS2113-T10-3 VIOL..UTRI","L-Irvin":"CS2113-T10-3 LEON..TAMA","boonjuey":"CS2113-T10-3 KOH ..JUEY","Zufiqqar":"CS2113-T10-3 MUHA..AMAL"}}
